user_id,sage_001,sage_002,sage_003,sage_004,sage_005,sage_006,sage_007,sage_008,sage_009,sage_010,sage_011,sage_012,sage_013,sage_014,sage_015,sage_016,sage_017,sage_018,sage_019,sage_020,sage_021,sage_022,sage_023,sage_024,sage_025,sage_026,sage_027,sage_028,sage_029,sage_030,sage_031,sage_032,sage_033,sage_034,sage_035,sage_036,sage_037,sage_038,sage_039,sage_040,sage_041,sage_042,sage_043,sage_044,sage_045,sage_046,sage_047,sage_048,sage_049,sage_050,sage_051,sage_052,sage_053,sage_054,sage_055,sage_056,sage_057,sage_058,sage_059,sage_060,sage_061,sage_062,sage_063,sage_064
U00001,0.0,1.2268355,0.0,0.0,0.0,0.5782651,0.0,0.0,0.0,2.1045637,1.7574427,0.0,0.088420615,0.0,0.0,0.0,0.0,0.8432268,0.0,0.8806505,0.0,0.4430949,0.0,0.0,1.7921758,0.0,0.697883,0.0,2.4458284,0.0,0.0,0.3193308,1.803129,0.0,0.0,0.0,0.8246583,0.0,0.0,0.58320105,0.59747356,0.0,0.0,0.0,0.09627342,0.0,0.0,0.0,1.1046209,0.0,0.0,0.8915782,0.0,0.0,0.0,0.0,0.0,0.14889693,0.0,0.0,0.0,0.74239457,0.3913577,0.4608196
U00002,0.506135,1.2880943,0.48168302,0.42483577,0.0,0.0,0.5192294,0.26353773,0.30942082,1.2715832,0.0,0.0280862,0.20129625,1.8112977,1.5586721,0.5224441,0.0,2.5632553,0.33339083,2.3691585,2.3441725,0.0,0.0,0.0780347,0.0,0.2699397,1.4725305,1.8850553,0.0,0.12386897,0.27181655,0.0,0.0,0.40557668,1.3499967,1.312809,0.0,0.26670024,0.23897418,1.9732395,0.0,0.0,0.0,0.009233236,1.4508725,0.86279285,0.0,0.0,1.3834,0.30306208,0.31312963,0.0,0.20810476,0.0,0.0,0.39646196,0.35876745,1.5841068,0.059801817,0.07659857,1.1913459,0.0,0.22359532,0.0
U00003,1.4497372,0.85010433,1.3236305,1.599045,0.74334705,0.0,1.6651572,1.1075251,1.4016037,1.1360731,0.0,0.70318264,0.95959425,1.470755,0.73613364,1.4087483,0.0,2.0941985,1.441634,1.9887811,1.3722994,0.0,0.0,0.0,0.0,1.2111347,1.1236792,1.3192216,0.0,1.1357692,1.2001691,0.0,0.0,1.5201225,0.76627886,2.171462,0.0,1.4121068,0.0,1.2917573,0.0,0.0,0.0,0.0,0.9420035,0.46740055,0.0,0.0,1.0120356,1.347232,1.2227196,0.0,1.1072599,0.0,0.0,1.495923,1.2718482,0.9845696,0.8002322,0.0,0.7761325,0.0,0.5302748,0.0
U00004,0.0,0.3898828,0.0,0.0,0.0,0.7072562,0.0,0.0,0.0,0.37192822,0.08624606,0.0,0.0,0.72396886,1.5844793,0.0,2.017126,0.0,0.0,0.0,1.3438523,0.76147795,0.56637233,0.32935843,0.28819835,0.0,0.30577648,1.2730521,0.33409345,0.0,0.0,0.27229118,0.4333666,0.0,1.1328328,0.0,0.78796256,0.0,1.3324919,1.0408757,0.0,0.15658253,0.504872,1.7027369,0.29214108,0.6234019,0.3529982,0.49543664,0.71725845,0.0,0.0,0.7049122,0.0,0.06540799,0.99166024,0.0,0.0,0.47114307,0.0,0.0,0.0,0.0,0.0,0.055935502
U00005,0.042766273,0.57027066,0.0,0.00038909912,0.0,0.0,0.0,0.0,0.0,0.84795624,0.12378967,0.0,0.0,1.3622265,1.4255351,0.0,0.22003704,2.1146443,0.0,2.2087793,1.6478585,0.06453627,0.0,0.3510378,0.16862905,0.0,0.9706706,1.0331502,0.13704866,0.0,0.0,0.16835147,0.06214276,0.0,0.97691715,0.46654278,0.042228743,0.0,0.1090392,1.3827579,0.2520315,0.27173853,0.3971183,0.47418356,1.6385714,1.126186,0.45396286,0.5314182,0.870308,0.0,0.0,0.0,0.0,0.039312005,0.0,0.0,0.0,1.5500346,0.0,0.23413187,0.9921217,0.0,0.21126929,0.0
U00006,0.0,0.0,0.0,0.0,0.0,0.5774238,0.0,0.0,0.0,0.7865759,1.180218,0.0,0.0,0.3032328,0.0,0.0,0.0,1.9067233,0.0,1.7338452,0.0,0.481046,0.0,0.0,1.0067892,0.0,0.0,0.0,1.3750257,0.0,0.0,0.8620881,1.4009498,0.0,0.0,0.0,0.82568383,0.0,0.0,0.176988,0.698887,0.5885655,0.08317724,0.0,1.0839006,0.25101775,1.3131748,1.1703438,0.31812763,0.0,0.0,0.52505183,0.0,0.0,0.0,0.0,0.0,0.3547235,0.0,0.0,0.52445614,0.8467338,0.502449,0.7640712
U00007,7.021427e-05,0.39753038,0.29198754,0.099004805,0.48871607,0.0,0.2861246,0.53753865,0.3358223,0.0,0.0,0.7780386,0.35080397,2.4778461,1.9645925,0.31224075,1.0845422,0.0,0.0,0.0,2.5484009,0.0,0.0,1.2179528,0.0,0.35961393,0.832782,1.3339784,0.0,0.49147153,0.29667994,0.0,0.0,0.14014077,1.976961,0.0,0.0,0.25428277,2.0847137,0.9893319,0.0,0.0,0.533097,1.6799016,0.0,0.36311108,0.97636354,0.0,0.42315698,0.22763562,0.16847081,0.0,0.8270206,0.0,2.1569624,0.119250655,0.44977152,1.1289783,0.26737738,0.0,0.030594349,0.0,0.0,0.0
U00008,0.0,0.0,0.0,0.0,0.0,1.4518481,0.0,0.0,0.0,0.0,1.1145582,0.0,0.0,0.0,0.9436672,0.0,0.0,0.51505184,0.0,0.84295726,0.0,0.6354165,1.5933194,0.28573364,1.4226377,0.0,0.4544629,0.0,1.2731271,0.0,0.0,1.0288225,1.5031217,0.0,0.0,0.0,0.43995863,0.0,1.170103,0.0,1.2052639,1.1278416,1.0605911,0.0,0.0,0.23472553,1.9112831,1.645252,0.0,0.0,0.0,0.4204792,0.0,0.0,0.42249417,0.0,0.0,0.0,0.0,0.0,0.0047523975,1.5255607,0.0,1.3249817
U00009,0.0,0.45994526,0.0,0.0,0.0,0.81229055,0.0,0.0,0.0,0.6936062,0.71804,0.0,0.0,0.91793793,0.42960703,0.0,1.5373244,1.1895596,0.0,0.93079937,0.7173378,1.1108313,0.0,0.5131808,0.47031558,0.0,0.3391639,0.7455765,0.7728887,0.0,0.0,0.7393038,0.9287357,0.0,0.7117963,0.014147162,1.0572973,0.0,0.36742848,1.1426357,0.27460876,0.5576744,0.7770901,0.9231614,0.9992673,0.6436405,1.2116873,0.97082865,0.6965232,0.0,0.0,0.84456766,0.0,0.056144744,0.7511791,0.0,0.0,0.81577843,0.0,0.09872153,0.4449847,0.8675573,0.52951527,0.1146611
U00010,1.1694206,0.96562785,1.0983516,1.2905834,0.45614547,0.0,1.2571967,0.78223276,1.0732288,1.6092618,0.0,0.43235296,0.62107265,1.883599,0.54319984,1.1527225,0.0,2.9749687,1.0932676,2.6931062,1.4504983,0.0,0.0,0.0,0.0,0.8871954,1.4127214,1.4804457,0.0,0.9412137,0.96533835,0.0,0.0,1.2872509,0.68295264,1.9407718,0.0,1.1058075,0.0,1.486305,0.0,0.0,0.0,0.0,1.1937782,0.4324736,0.0,0.0,1.190713,0.978462,0.8787203,0.0,0.8527776,0.0,0.0,1.0880865,1.0264591,1.1858001,0.5337765,0.0,0.95893216,0.0,0.5806499,0.0
U00011,0.0,0.0,0.00055378675,0.0,0.4673646,1.1842738,0.20197356,0.23693165,0.63641,0.0,1.0223006,0.06571589,0.0,0.35317242,0.0,0.0,0.0,2.0560694,0.3107264,1.1773818,0.0,0.39382806,1.1596735,0.0,0.70525396,0.0,0.0,0.0,0.29242754,0.0,0.00030997396,2.2040281,1.1890692,0.0,0.0,0.0,1.2055563,0.15635344,0.0,0.0,0.8715109,1.3244824,0.92530024,0.0,0.12116766,0.0,2.9661188,2.5212727,0.0,0.0,0.0,0.39431727,0.0,0.0,2.0508704,0.25205123,0.0,0.0,0.0,0.0,0.0,2.2696347,0.7295816,2.1143208
U00012,0.0,0.64378184,0.0,0.0,0.0,0.35268477,0.0,0.0,0.0,0.9282444,0.2358923,0.0,0.0,0.9784228,1.5710305,0.0,0.466644,1.1433744,0.0,0.104259014,1.3535671,0.4899043,0.44982165,0.7996434,0.0,0.0,1.8252485,0.96673626,0.0,0.0,0.0,0.0,0.12181516,0.0,0.7778893,0.0,0.456935,0.0,1.26198,0.9132024,0.0,0.26203334,0.79429436,0.8253492,0.0,0.27827364,1.3483675,0.61731493,0.4608987,0.0,0.0,0.16427252,0.0,0.0,0.5161345,0.0,0.0,0.62511015,0.0,0.0,0.34199205,1.4280195,0.0,0.0
U00013,0.0,0.54751337,0.0,0.0,0.054926977,0.8758694,0.0,0.0,0.0,0.5674023,1.5561881,0.0,0.0,1.0941164,0.0,0.0,0.0,0.48137474,0.0,1.0850049,0.0,1.2539117,1.6020999,0.0,1.7866311,0.0,0.021078467,0.0,0.85271835,0.0,0.0,0.46753693,1.0130453,0.0,0.0,0.0,0.4548691,0.0,1.4116997,0.0,0.34672803,0.68015057,0.0,0.0,0.8046552,0.0,1.2922516,0.8256588,0.09292388,0.0,0.0,0.19109298,0.0,0.0,0.54659283,0.0,0.0,0.0,0.0,0.0,0.3159793,1.3229902,0.6106827,1.4384234
U00014,0.0,0.1953662,0.0,0.0,0.0,0.80238986,0.0,0.0,0.0,0.5566081,0.3653315,0.0,0.0,0.43698734,0.9326098,0.0,1.3597554,0.9290904,0.0,0.7397487,0.71838874,0.83360523,0.72975093,0.38342142,0.72704136,0.0,0.5655048,0.5636327,1.110155,0.0,0.0,0.7659998,1.0732416,0.0,0.51249003,0.0,0.8696183,0.0,1.3725237,0.0,0.29941583,0.96431375,0.85031796,1.1439135,0.5901597,0.8492131,0.7012148,0.55819535,0.37612253,0.0,0.0,0.76985705,0.0,0.02013734,1.2274655,0.0,0.0,0.0,0.0,0.13447401,0.00198704,0.8718004,0.427823,0.81236863
U00015,0.0,0.16714984,0.0,0.0,0.0,0.7787713,0.0,0.0,0.0,0.118861556,0.025173008,0.0,0.0,1.5408746,1.3112328,0.0,0.6977129,1.6088192,0.0,1.356973,1.1936089,0.46475652,0.15050668,0.7881689,0.23618692,0.0,0.7278783,0.37638462,0.20145178,0.0,0.0,0.69456065,0.27869087,0.0,1.1276088,0.0,0.083031386,0.0,0.29515302,1.1929986,0.58779615,0.31075513,0.9148265,0.40914327,1.040195,0.99799216,1.7132624,0.9055916,0.23832858,0.0,0.0,0.089556545,0.0,0.0,0.0,0.0,0.0,1.2428339,0.0,0.11691363,0.49714392,0.0,0.0,0.1593045
U00016,0.07880944,0.16205353,0.47874346,0.3195545,0.0,0.0,0.5575777,0.56194675,0.36405408,0.012571335,0.0,0.29008138,0.12298705,0.77651066,1.5346105,0.24831882,1.1274767,0.0,0.023457974,0.0,0.8568963,1.106276,1.3579323,1.026076,0.0,0.18208672,0.64491343,0.566321,0.0,0.1845274,0.42621487,0.0,0.0099603385,0.5306392,0.25304013,0.15477943,0.0,0.26138178,2.437071,0.0,0.0,0.32894927,0.3795832,0.69843316,0.0,0.03145194,1.2939134,0.12788329,0.0,0.1913864,0.0,0.0,0.28229532,0.0,2.3800464,0.17027017,0.112769604,0.0,0.4370203,0.0,0.0,3.3040903,0.0,0.0
U00017,0.0,0.36762172,0.0,0.0,0.0,0.7396593,0.0,0.0,0.0,0.0,0.0,0.0,0.0,1.6630436,1.7852769,0.0,1.801178,0.0,0.0,0.0,1.0379863,0.7342322,1.4487381,1.74934,0.31849837,0.0,0.58426917,0.20035648,0.0,0.0,0.0,0.46394372,0.0,0.0,1.1089165,0.0,0.0,0.0,2.1030548,0.7259958,0.11788049,0.569778,1.3688325,1.0846212,0.63680327,0.9158238,2.0998902,1.3782105,0.0,0.0,0.0,0.095520765,0.0,0.3075445,1.7482284,0.0,0.0,0.8076256,0.0,0.16739768,0.5067373,0.5130581,0.0,0.36873794
U00018,0.0,0.0,0.0,0.0,0.0,1.4415948,0.0,0.0,0.0,0.036473513,1.7366425,0.0,0.0,0.3287722,0.0,0.0,0.0,1.1946335,0.0,0.90846074,0.0,0.8418412,1.3204417,0.036698543,1.4637227,0.0,0.0,0.0,1.5926265,0.0,0.0,1.485836,1.5298909,0.0,0.0,0.0,0.7885102,0.0,0.1768459,0.0,1.0597153,1.3408995,0.4369192,0.0,0.44644237,0.08006096,2.2108417,1.9910928,0.0,0.0,0.0,0.49764666,0.0,0.0,0.3557515,0.0,0.0,0.0,0.0,0.06112804,0.39528456,1.177638,0.12352854,1.737684
U00019,0.0,0.79583263,0.0,0.0,0.0,0.20095399,0.0,0.0,0.0,0.50194657,0.22433317,0.0,0.0,0.0,0.5452358,0.0,1.7482367,0.27085042,0.0,0.6926429,0.38774168,0.7469733,0.7747509,0.14762965,0.7350801,0.0,0.40122485,0.4891894,1.1620349,0.0,0.0,0.4373231,1.1576318,0.0,0.06375098,0.051101804,0.3429152,0.0,1.5493748,0.47524035,0.39413607,0.58349997,0.5379143,0.6837199,0.82052094,0.8322208,0.53084254,0.5975363,0.39821494,0.0,0.0,0.40702525,0.0,0.0,1.2382346,0.0,0.0,0.12713146,0.0,0.0,0.097278595,0.35993356,0.63342625,0.015037119
U00020,0.0,1.0594482,0.0,0.0,0.0,0.07580869,0.0,0.0,0.0,1.8638241,1.008251,0.0,0.0,1.0121437,0.0,0.0,0.0,2.737664,0.0,1.7102115,0.38137805,0.0,0.0,0.0,0.63411105,0.0,1.6342092,0.44364977,1.5784531,0.0,0.0,0.0,0.9461556,0.0,0.0,0.0,0.07012354,0.0,0.0,1.1012816,0.39771247,0.0,0.0,0.0,0.53380764,0.0,0.0,0.10730258,1.0381765,0.0,0.0,0.45288777,0.0,0.0,0.0,0.0,0.0,0.8952239,0.0,0.0,0.5640729,1.268906,0.0,0.0
U00021,0.0,0.100812435,0.0,0.0,0.42846936,0.8547349,0.0,0.0,0.0,2.2887719,2.0025725,0.0,0.32758617,0.0,0.0,0.0,0.0,0.0,0.0,1.2689914,0.0,1.4522204,0.2647279,0.0,2.1964037,0.0,0.0,0.0,2.5142932,0.0,0.0,0.27706426,2.198266,0.0,0.0,0.0,1.3908294,0.0,0.0,0.1545366,0.0,0.0,0.0,0.0,0.064041734,0.0,0.0,0.0,1.0036559,0.0,0.0,1.3305361,0.0,0.0,0.0,0.0,0.0,0.0,0.023277491,0.0,0.0,0.0,0.925377,1.2250602
U00022,0.0,2.116496,0.0,0.0,0.0,0.0,0.0,0.0,0.0,2.3752432,0.0,0.0,0.0,1.1346011,0.65015996,0.0,0.0,0.0,0.0,0.5752977,1.8857824,0.0,0.0,0.0,0.0,0.0,1.8239413,2.6655207,0.0,0.0,0.0,0.0,0.0,0.0,0.70386595,0.050307512,0.5173043,0.0,0.0,1.6448317,0.0,0.0,0.0,0.31038153,0.0,0.0,0.0,0.0,2.0105934,0.0,0.0,0.026618443,0.0,0.0,0.0,0.0,0.0,1.7279692,0.0,0.0,0.044751227,0.0,0.0,0.0
U00023,0.0,0.44523704,0.0,0.0,0.0,1.1061139,0.0,0.0,0.0,1.2207823,0.46350083,0.0,0.0,0.0,1.0834793,0.0,0.22256374,0.031239033,0.0,0.42560506,1.2125026,0.35823303,0.0,0.0,0.37376714,0.0,1.4270983,1.3175049,0.9118747,0.0,0.0,0.12875032,0.06157063,0.0,1.305824,0.0,0.88962126,0.0,0.0,1.6610891,0.0,0.0,0.4538949,1.1822054,0.0,0.0,0.0,0.0,1.2083089,0.0,0.0,1.0026613,0.0,0.0,0.0,0.0,0.0,0.0,0.0,0.19738738,0.0,0.0,0.0,0.0
U00024,0.0,1.4953569,0.09192839,0.1157136,0.0,0.0,0.0,0.0,0.0,3.0407135,0.8932233,0.0,0.0,2.7748818,0.0,0.0,0.0,4.0435348,0.0,3.686622,1.1450939,0.0,0.0,0.0,0.0,0.0,1.4880768,1.6036915,0.88963103,0.16374207,0.022455066,0.0,0.0,0.0,0.058885813,1.0922614,0.33941883,0.0,0.0,2.0508363,0.0,0.0,0.0,0.0,1.9247304,0.0,0.0,0.0,2.1358767,0.0,0.25063244,0.0,0.041819617,0.0,0.0,0.0,0.045982778,1.4947648,0.0,0.0,1.3968786,0.98402226,0.9284286,0.0
U00025,0.0,0.5231076,0.0,0.0,0.0,0.44728062,0.0,0.0,0.0,0.58893746,0.0,0.0,0.0,0.97063875,1.5765997,0.0,1.1834933,0.353539,0.0,0.45359445,1.7462053,0.33394343,0.1330998,0.2894342,0.0541386,0.0,1.3112191,0.99166983,0.5491438,0.0,0.0,0.26180643,0.23828478,0.0,1.2126257,0.0,0.2188549,0.0,1.4291729,1.3946619,0.0,0.0,0.6118839,1.3613522,0.3397708,0.6186755,0.69723636,0.0,0.71088386,0.0,0.0,0.42490688,0.0,0.0,0.56278634,0.0,0.0,1.0072789,0.0,0.065500915,0.0,0.0,0.0,0.0
U00026,0.32770845,0.0,0.13703425,0.36698467,0.21416382,0.20074034,0.49323514,0.36352104,0.13579108,0.0,0.0,0.4103924,0.0,2.1507916,1.1123012,0.21359885,2.1322355,0.0,0.275856,0.0,0.9728415,0.24644558,0.020431578,1.7429633,0.0,0.139979,0.0,0.86793387,0.0,0.35707378,0.27281925,0.7313117,0.0,0.4382921,1.6293564,0.37780434,0.17399175,0.38379622,0.8926178,0.422099,0.0,0.35554802,1.4254574,1.7226877,0.098912,0.90135545,2.1280003,0.55628717,0.0,0.29894158,0.11529549,0.0,0.4494235,0.0,2.6362777,0.21475375,0.21733832,0.51459193,0.2382051,0.0,0.0,0.6977519,0.4317103,0.05967015
U00027,0.0,1.1089435,0.0,0.0,0.0,0.0,0.0,0.0,0.028358296,0.69400066,0.0,0.0,0.050106727,1.6089005,2.122056,0.0,0.14646405,0.41293764,0.011575848,0.0,2.460336,0.0,0.0,1.528311,0.0,0.0,2.162649,1.4904226,0.0,0.0,0.0,0.0,0.0,0.0,1.575775,0.29950035,0.0,0.0,0.742072,1.7973272,0.0,0.0,1.0660863,1.0493839,0.0,0.74764085,0.9637283,0.4354079,0.9779092,0.025382102,0.0,0.0,0.0,0.0,0.11991608,0.0,0.0,1.3658649,0.0,0.004885508,1.1004345,0.0,0.0,0.0
U00028,0.0,0.0,0.0,0.0,0.0,1.3324562,0.0,0.0,0.0,0.0,0.0,0.0,0.0,1.7398125,2.1278982,0.0,0.17788398,0.0,0.0,0.0,1.6415503,0.060358196,1.2446871,2.3234313,0.3141163,0.0,1.036634,1.3114074,0.0,0.0,0.0,1.0277416,0.0,0.0,2.0142603,0.0,0.4344504,0.0,2.6638632,0.0,0.37309653,1.6737177,2.0336332,2.8037593,0.0,1.2430618,2.001474,0.11874932,0.16308749,0.0,0.0,0.049222693,0.0,0.75516665,2.8427796,0.0,0.0,0.0,0.0,0.5459769,0.066814065,1.461455,0.0,1.533473
U00029,0.0,0.0,0.3503818,0.06755626,0.21571808,0.43793473,0.0,0.0,0.0,0.0,0.0,0.79112345,2.068969,0.27139115,1.1761223,0.0,1.4287158,0.0,0.0,0.0,1.1852562,2.3503027,2.608808,2.7928224,0.0,0.51605576,0.017156601,0.0,0.0,0.03454534,0.17297554,0.0,0.0,0.14281759,0.05838567,0.0,0.0,0.0,5.8610997,0.0,0.0,0.9997425,1.963124,1.3938003,0.0,0.50694466,1.8593708,0.0,0.0,0.0,0.6666422,0.0,0.30578774,0.0,5.6703434,0.0,0.5522662,0.71947736,0.98040205,0.0,0.0,4.127611,0.0,0.0
U00030,0.0,0.0,0.0,0.0,0.0,1.3397777,0.0,0.0,0.0,0.0,1.0104747,0.0,0.0,1.7435552,0.9952938,0.0,1.127014,0.7450912,0.0,0.40126634,0.11035764,1.0648224,1.4092813,1.3554158,0.6949965,0.0,0.0,0.0,0.0863173,0.0,0.0,1.0578898,0.5790123,0.0,0.37226313,0.009657025,0.31399316,0.0,0.70361936,0.14423513,0.7928019,1.0412421,1.1383326,0.37014621,0.9414776,0.82709324,2.6461787,2.1235557,0.0,0.0,0.0,0.33074763,0.0,0.071338,0.9194497,0.0,0.0,0.49074435,0.0,0.087663084,0.79207325,1.4864126,0.0,0.89281356
U00031,0.0,2.0914493,0.0,0.0,0.0,0.0,0.0,0.0,0.0,2.4389238,0.34607643,0.0,0.0,1.0456122,0.0,0.0,0.0,1.6683986,0.0,1.0734662,1.7702103,0.0,0.0,0.0,0.0,0.0,2.1300635,2.0341294,0.41809708,0.0,0.0,0.0,0.0,0.0,1.0490637,0.23669863,0.59390974,0.0,0.0,2.2213376,0.0,0.0,0.0,0.0,0.6680541,0.0,0.0,0.0,2.2040954,0.0,0.0,0.24654827,0.0,0.0,0.0,0.0,0.0,1.6054664,0.0,0.0,0.4563087,0.24704723,0.03409922,0.0
U00032,0.0,0.7263025,0.0,0.0,0.0,0.086534545,0.0,0.0,0.0,1.0869014,0.4413099,0.0,0.0,0.57451004,0.86534315,0.0,0.0,1.6755339,0.0,0.0,1.5883058,0.0,0.21978354,0.3601336,0.2972914,0.0,2.9447794,0.9750403,0.98578066,0.0,0.0,0.015585065,0.59920347,0.0,0.2592889,0.0,0.0,0.0,2.341373,0.7912555,0.6181764,0.40166777,0.87969804,0.0099951625,0.0,0.45070863,1.321235,0.9272438,0.4484167,0.0,0.0,0.0,0.0,0.0,1.0053962,0.0,0.0,1.2284098,0.0,0.0,0.60307884,1.9827722,0.0,0.19526756
U00033,0.0,0.14512914,0.0,0.0,0.0,0.88291204,0.0,0.0,0.0,0.043004155,0.28093803,0.0,0.0,0.48776764,0.81811637,0.0,0.78378403,1.8218873,0.0,1.0413868,0.9136666,0.5145875,0.8743568,0.22933254,0.6742383,0.0,1.0822587,0.27913427,1.2292188,0.0,0.0,0.645942,1.0630836,0.0,0.57212305,0.0,0.0,0.0,1.8097829,0.56244683,0.8725888,0.6153533,0.9033611,0.5793403,1.2593346,1.1078372,1.0212238,0.38805166,0.0,0.0,0.0,0.0,0.0,0.0,0.37236547,0.0,0.0,0.947317,0.0,0.0,0.19177878,0.26978323,0.0,0.18968415
U00034,0.0,0.04909265,0.0033459365,0.0,0.3174395,0.8040376,0.0,0.0,0.0,1.87407,1.9248612,0.0,0.022717088,0.0,0.0,0.0,0.0,1.5919733,0.0,2.2324266,0.0,0.83194506,0.0,0.0,1.4122586,0.0,0.0,0.35378242,2.2847733,0.17099774,0.0,0.040238976,1.7950882,0.0,0.0,0.31110156,1.532202,0.054210216,0.0,0.9278866,0.2850517,0.0,0.0,0.0,1.543308,0.0,0.0,0.0,1.2493069,0.0,0.24814604,1.1778114,0.0,0.0,0.0,0.0,0.0,0.075552225,0.0,0.0,0.0,0.0,0.17063591,0.3535626
U00035,0.0,1.5916462,0.4377155,0.0,0.0,0.0,0.20982742,0.2959169,0.0,0.0,0.0,0.2623238,0.4170977,0.0,2.232359,0.048500717,0.0,0.0,0.0,0.0,1.3592892,0.25065672,1.6470864,1.1176509,0.016505837,0.0,2.2471917,0.8022926,0.0,0.06790111,0.0,0.0,0.0,0.0,0.46922204,0.0,0.0,0.0,2.517896,0.033213377,0.0,0.041230053,0.5873138,0.0,0.0,0.242984,0.7080238,1.2003282,0.031653285,0.0,0.0,0.0,0.0,0.0,1.0167893,0.0,0.0,1.5246375,0.0339894,0.0,1.2362409,0.060942046,0.0,0.0
U00036,0.0,0.0,0.0,0.0,0.0,0.7408763,0.0,0.0,0.0,0.0,0.08899589,0.0,0.0,1.0395663,0.6754515,0.0,1.1099571,0.0,0.0,0.0,0.50297725,0.8835597,1.3718636,0.91984457,0.4094569,0.0,0.0,0.0,0.0628472,0.0,0.0,1.3177387,0.22883615,0.0,0.5058109,0.0,0.0,0.0,2.4583116,0.0,0.5762051,1.3605689,1.0867198,0.16409205,1.4440677,0.82332337,2.7519317,1.6269226,0.0,0.0,0.0,0.0,0.0,0.0,2.420802,0.0,0.0,0.7097693,0.0,0.0,0.6763216,0.71875,0.035442233,0.7416749
U00037,0.0,1.7560802,0.0,0.0,0.0,0.0,0.0,0.0,0.0,1.6245433,0.17217441,0.0,0.0,1.3715924,0.6303741,0.0,0.0,2.509037,0.0,1.2551801,1.936872,0.0,0.0,0.1815322,0.0,0.0,2.5858126,1.6652759,0.5147368,0.0,0.0,0.0,0.156022,0.0,0.9846345,0.0,0.25228915,0.0,0.0,1.7922627,0.23304975,0.0,0.42875555,0.48044932,0.86020744,0.75129235,0.08884595,0.12094888,1.4768503,0.0,0.0,0.00026978925,0.0,0.0,0.0,0.0,0.0,2.3189006,0.0,0.21557042,1.0292168,0.45708138,0.0,0.0
U00038,0.0,0.0,0.0,0.0,0.0,1.4548594,0.0,0.0,0.0,0.0,0.17874135,0.0,0.0,0.8852065,0.845506,0.0,1.5917175,0.0,0.0,0.0,0.0,1.8745954,1.831795,1.3140838,0.6557683,0.0,0.0,0.0,0.0,0.0,0.0,1.5072889,0.47172713,0.0,0.44106615,0.0,0.5212166,0.0,2.6705017,0.0,0.44346058,1.7982113,1.1683725,1.539005,0.0,0.7709943,2.187127,0.8778899,0.0,0.0,0.0,0.58867896,0.0,0.0,2.9588308,0.0,0.0,0.0,0.0,0.0,0.0,2.259686,0.13606077,1.2032218
U00039,0.0,1.8611944,0.0,0.0,0.0,0.0,0.0,0.0,0.0,1.1871178,0.27892834,0.0,0.0,0.0,1.256631,0.0,0.0,0.8503754,0.0,0.7055888,1.3715469,0.43848184,0.31335312,0.22633305,0.360758,0.0,2.1346889,0.91710633,0.89474714,0.0,0.0,0.0,0.8072181,0.0,0.5332482,0.0,0.116611615,0.0,2.0986395,1.3068247,0.26838344,0.00810501,0.50254357,0.0075514615,0.5943973,0.60722834,0.546813,0.31328297,0.73598146,0.0,0.0,0.19470647,0.0,0.0,0.37991774,0.0,0.0,1.2630515,0.0,0.088088654,0.90808666,0.5285149,0.040893376,0.0
U00040,0.0,0.0,0.0,0.0,0.03997092,1.4843156,0.0,0.0,0.0,0.0,0.565972,0.0,0.0,0.6017188,0.5046486,0.0,0.0,0.0,0.0,0.0,0.0,0.68377936,2.7456784,1.2860223,1.085114,0.0,0.0,0.0,0.23532206,0.0,0.0,1.3555934,0.3833518,0.0,0.0,0.0,0.0,0.0,1.8108405,0.0,1.0667744,1.9450378,1.2140322,0.0,0.0,0.19392323,3.1927433,2.018084,0.0,0.0,0.0,0.0,0.0,0.0061600804,1.9244055,0.0,0.0,0.0,0.0,0.031058641,0.0,1.6264887,0.0,2.1735296
U00041,0.014297068,1.2967904,0.0,0.0,0.0,0.0,0.0,0.015727445,0.0,1.6572464,0.2855861,0.0,0.058415316,0.0,0.679742,0.0,0.0,1.2313149,0.0071798265,1.6528337,1.3793106,0.23033294,0.0,0.0,0.021486282,0.0,1.7121819,1.2086407,0.9653284,0.0,0.0,0.0,0.48557562,0.0,0.72417784,0.0,0.3187021,0.21867032,0.0,2.0027199,0.37296468,0.0,0.15548228,0.0,0.6362169,0.2714848,0.0,0.0,1.3229951,0.0,0.048765287,0.04521689,0.0,0.0,0.0,0.0,0.0,1.5305238,0.0,0.0,0.16487038,0.0,0.0,0.0
U00042,0.0,0.164383,0.0,0.0,0.0,0.73741555,0.0,0.0,0.0,0.52825105,1.1352519,0.0,0.0,1.5958791,0.0,0.0,0.0,2.218,0.0,1.570928,0.0,0.5940241,0.67312557,0.28932655,0.79860866,0.0,0.0,0.0,0.8391773,0.0,0.0,0.79230773,0.5157325,0.0,0.0,0.0,0.4659252,0.0,0.0,0.516639,0.7636207,0.52559143,0.15951535,0.0,1.9593391,0.6636688,1.5805984,1.1406013,0.4156875,0.0,0.0,0.26766905,0.0,0.0,0.0,0.0,0.0,0.22743905,0.0,0.052168723,1.1814764,1.1192178,0.34629735,0.76163113
U00043,0.034751475,0.0,0.04867369,0.2523689,0.07352136,1.2908443,0.32445413,0.0,0.18882021,1.286152,1.8997506,0.0,0.18073802,0.0,0.0,0.0,0.19213444,0.12750602,0.065292895,0.9071989,0.0,1.542125,0.42369193,0.0,1.9794574,0.068791956,0.0,0.0,3.0734167,0.031814124,0.018674001,0.8357409,2.6428497,0.0,0.0,0.16262639,1.0601796,0.013267815,0.0,0.0,0.5856925,0.5420574,0.0,0.0,0.0,0.0,0.0,0.35962626,0.17073584,0.115352094,0.0,1.5114534,0.18580396,0.0,0.0013014078,0.26132512,0.28669143,0.0,0.0,0.0,0.0,0.12393755,0.72148407,1.0913382
U00044,0.0,0.5333334,0.0,0.0,0.0,0.75083303,0.0,0.0,0.0,0.8929273,0.30523708,0.0,0.0,0.25152957,0.37869614,0.0,1.7255663,0.0,0.0,0.33706355,0.60419506,1.2372737,0.8232313,0.0,0.6213863,0.0,0.24093294,0.818153,1.5074328,0.0,0.0,0.582572,1.2125257,0.0,0.6693878,0.0,0.74752593,0.0,1.3448222,0.7650492,0.0,0.3013292,0.0,0.7578859,0.673969,0.15258425,0.0,0.0,0.5866393,0.0,0.0,1.2545539,0.0,0.0,0.86683,0.0,0.0,0.30420506,0.0,0.0,0.0,0.0,0.2782112,0.18096387
U00045,0.0,0.7303214,0.0,0.0,0.0,1.2054865,0.0,0.0,0.0,0.8867936,1.4635358,0.0,0.0,0.0,0.0,0.0,0.0,0.5704926,0.0,1.0295126,0.0,0.7496737,0.15693295,0.0,1.6391413,0.0,0.37766862,0.0,2.1457381,0.0,0.0,0.7526201,2.1145976,0.0,0.0,0.0,0.7121457,0.0,0.0,1.1099417,1.156066,0.07174906,0.28657773,0.0,0.0,0.0,0.82384026,1.0465934,0.3491407,0.021862209,0.0,1.1041142,0.0,0.0,0.0,0.0,0.0,0.0,0.0,0.0,0.0,0.33775806,0.0,0.42639744
U00046,0.0,1.2366513,0.0,0.0,0.0,0.015499756,0.0,0.0,0.0,0.55045503,0.0,0.0,0.0,1.4086163,2.0715263,0.0,1.1541431,0.0,0.0,0.0,1.6799934,0.4591442,0.68463796,0.08603537,0.0,0.0,1.4780253,1.6154723,0.0,0.0,0.0,0.0,0.37745392,0.0,0.7098908,0.0,0.34406132,0.0,2.2454166,1.1555758,0.0,0.0,0.43095767,1.3523016,0.01903963,0.54138994,0.6309963,0.60291886,0.75193644,0.0,0.0,0.35372806,0.0,0.035655797,1.2900399,0.0,0.0,1.3391986,0.0,0.0,0.0,0.0,0.0,0.0
U00047,4.3960733,0.0,3.912341,4.7663093,2.9767778,0.0,4.4911885,3.0022392,4.059213,0.0,0.0,2.9426022,3.0403266,0.0,0.0,3.7602031,0.0,0.0,4.544335,0.0,0.0,0.0,0.0,0.0,0.0,4.267041,0.0,0.0,0.0,3.7578268,3.9475331,0.0,0.0,4.3336644,0.0,4.26875,0.0,4.3854446,0.0,0.0,0.0,0.0,0.0,0.0,0.0,0.0,0.0,0.0,0.0,4.365585,3.952848,0.0,3.7273924,0.0,0.38336945,4.4229374,4.0400534,0.0,3.1429198,0.0,0.0,1.6574643,1.5090792,0.0
U00048,0.0,0.0,0.0,0.0,0.0,1.2874868,0.0,0.0,0.0,0.0,0.1847676,0.004047554,0.0,1.632471,1.1940787,0.0,1.0544053,0.13564444,0.0,0.0,0.19336724,0.6214287,1.2166648,1.7182883,0.19051611,0.0,0.0,0.0,0.0,0.07906441,0.0,1.4960454,0.0,0.0,1.1275755,0.0,0.20020844,0.0,0.33593413,0.37327206,1.0033028,1.2776304,1.5730556,0.13297641,1.3568057,1.196043,3.1356654,2.414069,0.0,0.0,0.0,0.0,0.0,0.21854702,0.69832337,0.0,0.0,0.4818226,0.0,0.16074044,0.9189175,0.0,0.0,0.8587934
U00049,0.50834596,0.0,0.4778049,0.57999134,0.3207363,1.123599,0.69881386,0.0,0.524268,0.6227405,1.6286412,0.40060383,0.24296157,0.0,0.0,0.33269906,2.4016018,0.0,0.6310261,0.58399045,0.0,1.9955499,1.4409556,0.0,1.8306978,0.31221372,0.0,0.0,2.9169683,0.35129154,0.2788052,0.8050207,2.6956084,0.48769334,0.0,0.34876037,0.8038757,0.71140146,0.4930014,0.0,0.14953795,0.6563827,0.0,0.6188756,0.5136255,0.0,0.0,0.0,0.09829509,0.30382016,0.3381316,1.7594526,0.62992984,0.0,0.59438384,0.4037419,0.6096988,0.0,0.08013147,0.0,0.0,0.0,1.2341943,0.46584988
U00050,0.5702909,1.1152232,0.5966318,0.4788987,0.0,0.0,0.63366884,0.30499312,0.47765827,0.8850959,0.0,0.1574149,0.36271942,1.6644542,2.0274694,0.6182375,0.0,2.0890183,0.45868322,1.8861101,2.5935702,0.0,0.0,0.2503692,0.0,0.28169647,1.408545,1.6826336,0.0,0.2571742,0.31068572,0.0,0.0,0.38281846,1.4072367,1.2912946,0.0,0.29171234,0.80055714,1.8484473,0.0,0.0,0.0,0.32575515,1.2536216,1.0486915,0.0,0.0,1.1850736,0.35865963,0.3806812,0.0,0.37649623,0.0,0.0,0.447281,0.48263937,1.5988716,0.21611813,0.034513824,1.196888,0.0,0.0020543933,0.0
U00051,0.13341129,1.6711493,0.09010622,0.0,0.0,0.0,0.0,0.0,0.0,2.1905332,0.38591254,0.0,0.3037809,1.3723403,0.0,0.31613505,0.0,2.938355,0.0,2.9717216,1.4591097,0.0,0.0,0.0,0.0,0.18704581,0.9574884,1.8233923,0.71698713,0.0,0.14564174,0.0,0.0,0.13861382,1.0411987,1.0884057,0.32844877,0.03126359,0.0,2.1208413,0.0,0.0,0.0,0.0,1.9587712,0.040893555,0.0,0.0,1.9112337,0.0688248,0.200761,0.0,0.0,0.0,0.0,0.0,0.0,1.4818549,0.0,0.0,0.91270804,0.0,0.9015169,0.0
U00052,0.8240067,0.0,0.42257622,0.47144985,0.70202285,0.76438415,0.5843442,0.2466196,0.488262,0.0,1.318864,0.03612413,0.0,0.0,0.0,0.5976923,0.96024144,0.0,0.810758,1.3147689,0.0,0.31937522,1.1605728,0.0,1.9581025,0.76284045,0.0,0.0,2.178804,0.76682985,0.33991134,2.0623705,2.3490405,0.5778612,0.0,0.0,0.51008445,1.1079607,0.37113658,0.0,1.8256352,0.51952934,0.0,0.0,2.0998995,0.036106467,0.4760672,1.6040317,0.0,0.18647152,0.7247443,0.0,0.38171905,0.0,0.64949,0.68483627,0.6600308,0.0,0.0,0.0,0.13858753,0.0,0.06329042,0.49911618
U00053,0.0,0.71913594,0.0,0.0,0.0,0.46823946,0.0,0.0,0.0,0.34018135,0.7741082,0.0,0.0,0.0,0.2696948,0.0,0.7120404,0.6065284,0.0,0.39894366,0.27549016,0.84577656,1.1389198,0.0,1.1769229,0.0,0.81312567,0.12359035,1.5446637,0.0,0.0,0.80320525,1.3621634,0.0,0.08875257,0.0,0.08231622,0.0,2.1903784,0.47572243,0.812457,0.6602372,0.6494088,0.006184697,1.0490903,0.8587433,0.98506474,0.82227015,0.050494313,0.0,0.0,0.36410743,0.0,0.0,1.3312298,0.0,0.0,0.79166543,0.0,0.03488355,0.51875937,0.22585265,0.06104529,0.34123373
U00054,4.237302,0.0,3.7704508,4.590106,2.853314,0.0,4.347188,2.9074445,3.9128978,0.0,0.0,2.8103077,2.9387443,0.0,0.0,3.6307178,0.0,0.0,4.3784556,0.0,0.0,0.0,0.0,0.0,0.0,4.085943,0.0,0.0,0.0,3.6026058,3.7814693,0.0,0.0,4.175054,0.0,4.145476,0.0,4.2121916,0.0,0.0,0.0,0.0,0.0,0.0,0.0,0.0,0.0,0.0,0.0,4.2041316,3.7902145,0.0,3.586881,0.0,0.27950442,4.276596,3.894736,0.0,3.0022962,0.0,0.0,1.4052622,1.4227991,0.0
U00055,0.0,0.34566486,0.0,0.0,0.0,0.91374385,0.0,0.0,0.0,2.1452515,1.6998609,0.0,0.0,1.1663383,0.0,0.0,0.0,1.9860793,0.0,1.4804803,0.11848831,0.62103206,0.0,0.0,0.9033786,0.0,0.45001507,0.4968381,2.0741324,0.0,0.0,0.13646573,1.0923332,0.0,0.0,0.0,1.4526391,0.0,0.0,0.6875175,0.0,0.111397326,0.0,0.0,0.25648093,0.0,0.0,0.14051709,1.1779318,0.0,0.0,1.1026086,0.0,0.0,0.0,0.0,0.0,0.0,0.0,0.0,0.097669125,0.5229574,0.17570338,0.7499951
U00056,1.0593381,0.0,1.1967351,1.2807009,1.1731266,0.0,0.97462034,1.3092321,1.279929,0.0,0.0,1.2338035,1.2679818,1.4239266,1.6243235,1.0014884,0.7401619,0.06434107,1.1873531,0.0,1.0739553,0.0,0.46178228,0.9375797,0.0,0.7915961,1.0742759,0.0,0.0,1.1205782,0.9659178,0.0,0.0,0.9806807,0.9303593,0.40428632,0.0,1.311961,1.7636173,0.0,0.0,0.0,0.4586536,1.1535807,0.0,0.21839327,0.8408414,0.0,0.0,1.2255164,1.05461,0.0,1.457944,0.0,1.5660228,0.8194052,1.2194915,0.20739973,1.175267,0.0,0.0,1.447718,0.0,0.0
U00057,0.23787534,0.0,0.39978915,0.32086322,0.5980725,1.2430165,0.64556175,0.0,0.67842263,0.2900406,2.3228965,0.111346886,0.107460186,0.0,0.0,0.059806705,0.7290447,0.0,0.38005576,0.9394176,0.0,1.425431,1.6604803,0.0,2.6081538,0.21976243,0.0,0.0,3.738183,0.33912468,0.10087219,1.7479305,3.4916577,0.06538156,0.0,0.0,1.0625205,0.590264,0.0,0.0,1.3157756,1.0185179,0.0,0.0,0.18390441,0.0,0.0,0.8766557,0.0,0.14858635,0.031347424,1.2463523,0.30243063,0.0,0.49194384,0.45900813,0.5200504,0.0,0.0647925,0.0,0.0,0.0,0.6729625,1.4620049
U00058,0.03072548,0.18970186,0.0,0.0,0.0,0.617115,0.0,0.11071609,0.0,0.0,0.07871395,0.0,0.0,1.1377709,1.4601353,0.0,1.4182808,0.0,0.0,0.06560445,0.72021365,0.8978029,1.8962133,0.51160854,0.8156514,0.0,0.0,0.11970627,0.0893715,0.0,0.0,0.8733113,0.0,0.0,0.6856142,0.0,0.0,0.0,2.557864,0.0,0.35094732,0.9766786,0.5888396,0.22224133,1.8157744,0.7748434,1.5320574,0.97568893,0.0,0.033801973,0.0,0.0,0.0,0.051456362,1.2059525,0.0,0.0,0.63160276,0.0,0.09286821,0.6062917,0.0,0.0,0.64853394
U00059,0.0,1.1238194,0.0,0.0,0.0,0.31007046,0.0,0.0,0.0,2.2942975,0.955745,0.0,0.0,0.56919396,0.15905815,0.0,0.35594064,0.7777457,0.0,0.9238143,0.6378099,0.71812737,0.22325838,0.0,0.5331508,0.0,1.7849047,0.78070426,1.4989922,0.0,0.0,0.0,0.7403876,0.0,0.036318958,0.0,0.5910417,0.0,0.36909035,1.4325082,0.0,0.0,0.0,0.0,0.21813619,0.0,0.0,0.0,1.3808706,0.0,0.0,0.6997112,0.0,0.0,0.06271911,0.0,0.0,0.4693998,0.0,0.0,0.0,1.6134491,0.0,0.0
U00060,0.0,0.32327044,0.0,0.0,0.0,1.3091565,0.0,0.0,0.0,0.0,0.7191479,0.0,0.0,0.0,1.2137603,0.0,2.930274,0.0,0.0,0.0,0.0,1.569994,3.0381732,0.27231473,1.7856188,0.0,0.34872985,0.0,0.9684649,0.0,0.0,0.6588129,1.1533461,0.0,0.0,0.0,0.10617322,0.0,3.069912,0.0,0.1832149,0.89008915,0.3195603,1.6375165,0.21907091,0.5899973,0.0,0.0,0.0,0.0,0.0,1.261254,0.0,0.10427967,3.2524228,0.0,0.0,0.0,0.0,0.0,0.0,2.6272953,0.0,1.061795
U00061,0.0,0.0,0.0,0.0,0.0,1.2109399,0.0,0.0,0.0,0.0,0.0,0.0,0.0,1.6006922,1.248719,0.0,0.03277111,0.0,0.0,0.0,0.55702376,0.0,1.0145779,2.1188798,0.0,0.0,0.0,0.5814463,0.0,0.0,0.0,1.861073,0.0,0.0,0.88892823,0.0,0.62501717,0.0,1.4605242,0.0,0.5881658,1.9130781,2.2133152,1.063561,0.0,1.1601866,3.4051046,2.2350657,0.0,0.0,0.0,0.0,0.0,0.6431469,2.8968306,0.0,0.0,0.0,0.0,0.5405011,0.22970283,0.85091877,0.12985253,1.9906518
U00062,0.0,0.95783937,0.0,0.0,0.0,0.7971163,0.0,0.0,0.0,0.6329642,0.93450844,0.0,0.0,0.0,1.1388853,0.0,1.3797963,0.0,0.0,0.29628253,0.40028584,1.2523189,1.2646983,0.45679188,1.1047742,0.079283595,0.86083895,0.37385416,0.68131113,0.028551545,0.018863648,0.0,0.93980134,0.0,0.24485767,0.23391986,0.64108384,0.0,1.130053,1.3064575,0.0,0.0,0.0621029,0.5813004,0.26600218,0.0,0.44900548,0.8078978,0.5569082,0.016621381,0.0,0.7244791,0.0,0.13430676,0.11891675,0.0,0.0,0.21101499,0.0,0.08443433,0.049927592,0.20324995,0.123693705,0.0
U00063,0.0,0.0,0.0,0.09061265,0.14334218,1.6415608,0.002558589,0.0,0.0,1.3303157,2.3077943,0.0,0.12957413,0.0,0.0,0.0,0.0,0.48017073,0.0,1.3922929,0.0,1.4939716,0.8722567,0.0,2.2325833,0.0,0.0,0.0,2.8517408,0.032513365,0.0,0.73919845,2.634632,0.0,0.0,0.10798764,1.1591126,0.0,0.0,0.0,0.7395497,0.326124,0.0,0.0,0.0,0.0,0.0,0.4997479,0.092325926,0.0,0.0,1.346229,0.0,0.0,0.0,0.0,0.0,0.0,0.095044374,0.0,0.0,0.34146276,0.3270688,1.300957
U00064,0.0,2.2089171,0.0,0.0,0.0,0.0,0.0,0.0,0.0,1.8678148,0.0,0.0,0.0,2.5701122,0.0,0.0,0.0,1.9905367,0.0,1.2985897,2.046624,0.0,0.0,0.026261196,0.0,0.0,0.9715336,2.9961896,0.0,0.0,0.0,0.0,0.0,0.0,1.8265383,0.15826523,0.77376294,0.0,0.0,2.3675227,0.0,0.0,0.0,0.27374017,1.3012935,0.0,0.0,0.0,2.122001,0.33509535,0.0,0.28370693,0.0,0.020287246,0.0,0.0,0.0,1.9107563,0.0,0.0,0.97662234,0.0,0.5103248,0.0
U00065,0.0,0.0,0.0,0.0,0.0,1.3907198,0.0,0.0,0.0,0.0,1.0105186,0.0,0.0,1.6923004,0.4709087,0.0,0.0,1.2922888,0.0,1.2475275,0.0,0.64965606,1.1067038,0.4954242,0.90723646,0.0,0.0,0.0,0.36746013,0.0,0.0,1.943358,0.7701176,0.0,0.15920341,0.0,0.70311797,0.0,0.0,0.0,1.4578452,1.083882,0.32890558,0.0,2.28477,0.7121968,2.5242195,1.8669568,0.0,0.0,0.0,0.039472736,0.0,0.0,0.0,0.0,0.0,0.7718999,0.0,0.07177678,0.641021,0.0,0.0,1.1234474
U00066,0.0,0.43224496,0.08562769,0.0082345605,0.0,0.03125079,0.0,0.0,0.12053788,0.0,0.0,0.078140154,0.32934505,1.8414015,2.361015,0.0,0.2669347,1.1671103,0.03586185,0.49671984,1.8873997,0.0,0.0,1.5573294,0.0,0.0,1.4471953,0.68024963,0.0,0.07041288,0.0,0.09365535,0.0,0.0,1.513778,0.34924543,0.0,0.04691577,1.1416414,1.0350254,0.20041639,0.33808935,1.589095,0.9858852,0.6643924,1.5091286,1.1205027,1.1678793,0.047105312,0.0,0.17047007,0.0,0.38317543,0.0,0.0,0.0,0.0,1.6361506,0.0,0.188901,0.8984793,0.0,0.0,0.0
U00067,0.0,0.30445248,0.0,0.0,0.0,0.26332802,0.0,0.08831911,0.20605195,0.0,0.0,0.09940558,0.086026594,2.3530188,2.1440277,0.0,1.6323576,0.0,0.0,0.0,1.7545056,0.2647069,0.77056533,1.5461766,0.0,0.0,0.6034097,0.5070714,0.0,0.018178362,0.0,0.29618412,0.0,0.0,1.8308468,0.0,0.0,0.0,1.6499631,0.9209132,0.0,0.21870399,0.97618616,1.0438868,1.1242528,0.97531146,1.5916343,0.64134455,0.20924711,0.0,0.0,0.0,0.20950612,0.07692525,0.9231452,0.0,0.0,1.1066309,0.0,0.08631371,0.53706944,0.0,0.0,0.047014534
U00068,0.0,1.5352213,0.0,0.0,0.0,0.0,0.0,0.0,0.0,0.6216768,0.0,0.0,0.0,1.7309526,2.5050902,0.0,0.17855865,0.0,0.0,0.41023707,2.526204,0.0,0.34521574,0.6753645,0.0,0.0,1.6008532,1.8448919,0.0,0.0,0.0,0.0,0.0,0.0,0.7634622,0.0,0.0,0.0,2.5082548,1.0696211,0.0,0.2827087,0.7546432,0.0,0.8788469,0.68174314,0.45864236,0.0,1.2385342,0.0,0.0,0.0,0.0,0.53050065,1.2189296,0.0,0.0,2.2141595,0.0,0.24584338,0.3211137,0.0,0.0,0.0
U00069,0.0,0.64262795,0.0,0.0,0.0,0.41856477,0.00054240227,0.019298553,0.0,0.0,0.0,0.14683059,0.0,1.2583504,1.6242592,0.0,2.081421,0.0,0.0,0.0,1.4284964,0.8731436,1.0743847,0.7311265,0.08220041,0.046930045,0.49970293,0.70431054,0.0,0.03999749,0.08505571,0.12554258,0.0,0.0021489859,1.2185833,0.0,0.0,0.0,1.9618089,0.99391794,0.0,0.0,0.38569444,1.0658562,0.78590107,0.6548015,0.95958495,0.24977285,0.2716446,0.0,0.0,0.2362149,0.19111507,0.0,1.2318286,0.0,0.086382985,0.8993374,0.0,0.0,0.0,0.0,0.0,0.0
U00070,0.0,0.0,0.0,0.0,0.0,0.6969439,0.0,0.0,0.0,0.0,0.0,0.02275183,0.0,1.5405059,2.5114532,0.0,2.559445,0.0,0.0,0.0,0.81074035,0.5658782,1.3351405,1.804416,0.0,0.0,0.0,0.15033245,0.0,0.0,0.07319188,0.50740385,0.0,0.0,0.64077365,0.30131412,0.65082216,0.0,1.8593842,0.0,0.0,0.7244222,1.4248769,1.7520304,0.0,0.36830902,2.3654494,1.9235178,0.0,0.0,0.0,0.0,0.0,0.0,2.9877682,0.0,0.0,0.0,0.0,0.0,0.0,2.354101,0.009709954,1.2925234
U00071,0.0,0.8339619,0.0,0.12201184,0.0,0.6298444,0.0,0.0,0.0,1.2920021,0.6344383,0.0,0.0,0.5934053,0.0,0.0,1.4239936,0.8716748,0.09568924,0.99496746,0.46855104,0.99678767,0.0,0.0,0.1438458,0.0,0.3597157,1.1577113,1.2474118,0.0,0.0,0.48025298,1.081158,0.0,0.7209709,0.08481538,0.75997776,0.0,0.0,1.2320871,0.0,0.0783627,0.025503129,0.69334877,0.8132062,0.054047465,0.07095805,0.0,1.0599393,0.016432911,0.0,1.1028132,0.0,0.0,0.18127143,0.0,0.0,0.68765384,0.0,0.0,0.0,0.17710377,0.7207122,0.0
U00072,0.0,0.06300783,0.0,0.0,0.025647387,0.20078933,0.0,0.0,0.0,0.0,0.0,0.0,0.0,0.9925389,1.2440579,0.0,0.1608811,0.43626904,0.0,0.3564601,1.1300167,0.23503412,0.97331804,0.70227486,0.33806032,0.0,0.0,0.042207003,0.0,0.0,0.0,1.0935317,0.21714327,0.0,0.4412908,0.0,0.0,0.0,2.2983737,0.0,0.9910007,1.0001526,0.9390547,0.0,1.895949,1.3754692,2.134163,1.6953421,0.0,0.0,0.0,0.0,0.0,0.06843555,0.87156546,0.0,0.0,1.5498263,0.0,0.0,1.1556318,0.0,0.0,0.3455311
U00073,0.0,1.9304025,0.0,0.0,0.07745333,0.0,0.0,0.16341668,0.0,1.8174106,0.0,0.218453,0.4514706,2.258172,1.5113103,0.0,0.0,0.0,0.0,0.0,2.1339025,0.4145156,0.0,0.0,0.0,0.0,2.123965,2.4390278,0.0,0.023211973,0.0,0.0,0.0,0.0,0.794165,0.0,0.0,0.0,1.1744405,0.82699084,0.0,0.0,0.0,0.45155102,0.0,0.0,0.0,0.0,2.0164394,0.0,0.0,0.0,0.0,0.0,0.29149127,0.0,0.0,1.1980952,0.0,0.0,0.0,0.0,0.0,0.0
U00074,0.0,0.83589095,0.0,0.0,0.0,0.50131345,0.0,0.0,0.0,1.9499557,1.3354886,0.0,0.0,0.0,0.0,0.0,1.6955968,1.489937,0.0,1.881367,0.0,0.0,0.0,0.0,0.10799044,0.0,0.0,1.1938294,1.145746,0.0,0.0,0.6024972,0.816258,0.0,0.3303206,0.0,1.3804893,0.0,0.0,0.6598035,0.0,0.0,0.2022938,0.29418677,0.001062274,0.0,0.0,0.0,1.5245175,0.0,0.0,1.8448192,0.0,0.37843475,0.5256069,0.0,0.0,0.0,0.0,0.0,0.0,0.79065764,1.8477657,0.08970392
U00075,0.0,1.9087858,0.0,0.0,0.0,0.0,0.0,0.0,0.0,2.1096842,0.0,0.0,0.0,1.7842684,1.0590248,0.0,0.0,0.8912709,0.0,0.8222064,2.2692375,0.0,0.0,0.19777064,0.0,0.0,1.9840076,2.6559324,0.0,0.0,0.0,0.0,0.0,0.0,0.96147954,0.0,0.44220448,0.0,0.0,1.4442723,0.0,0.0,0.0,1.0111272,0.0,0.0,0.0,0.0,1.8588277,0.0,0.0,0.027955178,0.0,0.0,0.05991721,0.0,0.0,1.5663579,0.0,0.0,0.55081,0.8755708,0.0,0.0
U00076,0.0,0.0,0.0,0.0,0.0,1.7593144,0.0,0.0,0.0,1.3266716,2.1949193,0.0,0.0,0.0,0.0,0.0,0.26502228,0.0,0.0,0.0,0.0,1.8595932,0.8473341,0.0,1.9473116,0.0,0.0,0.0,3.1861153,0.0,0.0,1.5583832,2.9344215,0.0,0.0,0.0,1.3691032,0.0,0.563614,0.0,0.6947086,2.2059264,0.0,0.5598602,0.0,0.0,0.0,0.0,0.22994012,0.0,0.0,2.2339504,0.0,0.0,0.9230653,0.0,0.0,0.0,0.0,0.0,0.0,0.0,0.8365529,1.1918058
U00077,0.4137411,1.2932026,0.4058484,0.30727363,0.0,0.0,0.35363495,0.14096996,0.16799009,1.3419404,0.0,0.0,0.11331166,1.7592152,1.5479537,0.46475998,0.0,2.7136345,0.2476617,2.5089061,2.4230838,0.0,0.0,0.0,0.0,0.2030552,1.4476687,1.9085423,0.0,0.0058107777,0.19450971,0.0,0.0,0.3135032,1.327668,1.192757,0.0,0.17434463,0.28569618,2.053539,0.0,0.0,0.0,0.05622801,1.5479622,0.89952886,0.0,0.0,1.4358082,0.17757037,0.18298034,0.0,0.11445633,0.0,0.0,0.282194,0.2773107,1.6876426,0.0,0.08952671,1.2113796,0.0,0.26473862,0.0
U00078,0.36396417,0.0,0.0,0.0,0.0,0.20360813,0.25359637,0.37970173,0.014340833,0.0,0.0,0.23241408,0.0,0.9340084,0.5261558,0.0,3.222673,0.0,0.28420755,0.0,0.0,0.41024348,0.5497417,0.9355669,0.029875457,0.0,0.0,0.0,0.0,0.0,0.029936686,1.5321577,0.06360246,0.1109561,0.5943234,0.1353674,0.6461152,0.2858528,1.24312,0.0,0.353648,1.0472794,1.0867707,1.1436183,1.2741485,0.9764194,2.313232,1.7138765,0.0,0.33811736,0.12513885,0.07832733,0.06572977,0.1937314,3.2240133,0.052666962,0.0,0.0,0.0,0.0,0.0,0.60889864,1.0890322,0.53367686
U00079,0.0,0.0,0.2231379,0.0,0.0,1.2950777,0.0,0.0,0.0,0.0,0.70934856,0.0,0.0,0.0,0.3423974,0.0,0.0,0.0,0.0,0.0,0.0,0.0,2.2751536,0.93076515,1.1078175,0.0,0.0,0.0,0.046530902,0.19289204,0.0,1.6648796,0.6530974,0.0,0.0,0.0,0.0,0.0,1.2020743,0.0,2.0132809,1.8854308,1.874712,0.0,0.32303774,1.0891048,3.6031842,2.5908375,0.0,0.0,0.0,0.0,0.0,0.18717286,0.8640393,0.0,0.0,0.0,0.0,0.0,0.77601707,0.85436165,0.0185166,1.0792348
U00080,4.831034,0.0,4.3010554,5.2490225,3.3150122,0.0,4.885687,3.2619302,4.460046,0.0,0.0,3.3050244,3.3186133,0.0,0.0,4.114934,0.0,0.0,4.9987655,0.0,0.0,0.0,0.0,0.0,0.0,4.7631636,0.0,0.0,0.0,4.18306,4.4024696,0.0,0.0,4.7681828,0.0,4.606463,0.0,4.860078,0.0,0.0,0.0,0.0,0.0,0.0,0.0,0.0,0.0,0.0,0.0,4.8078895,4.3983874,0.0,4.1123295,0.0,0.66791165,4.823843,4.4381557,0.0,3.5281622,0.0,0.0,2.3483799,1.7454466,0.0
U00081,0.2655456,0.0,0.51618457,0.6264247,0.08780007,0.9877821,0.18369013,0.0,0.3742295,0.20612025,0.82833254,0.6001222,0.0,0.0,0.0,0.30864152,3.4010057,0.0,0.47104844,0.0,0.0,1.8991725,1.3168685,0.039825387,1.1277062,0.44439393,0.0,0.0,1.2331107,0.5518545,0.70829135,0.8400928,1.7046604,0.5078953,0.0,0.0984925,1.0508268,0.21269213,1.1251241,0.0,0.0,0.41791767,0.0,1.0500679,0.0,0.0,0.6212792,0.79531085,0.0,0.35549173,0.34764028,1.4026506,0.5032395,0.0,2.403462,0.24919957,0.6448818,0.0,0.21039513,0.0,0.0,0.0,0.6383292,0.37538075
U00082,0.0,0.0,0.0,0.0,0.0,1.0070323,0.057400346,0.0,0.0,1.1334593,1.5914413,0.0,0.0,0.0,0.0,0.0,0.85025436,0.0,0.004911095,0.221977,0.0,1.6750844,0.753972,0.0,1.3787471,0.0,0.0,0.0,2.5962648,0.0,0.0,0.78269744,2.463955,0.0,0.0,0.0,1.1270456,0.0,0.43522415,0.0,0.28052717,1.3376315,0.0,0.62592494,0.0,0.0,0.0,0.0,0.39350694,0.0,0.0,1.3931233,0.0,0.0,0.4454311,0.0,0.0,0.0,0.0,0.0,0.0,0.0,0.32012844,0.76596725
U00083,0.07092011,0.43279076,0.24768691,0.13011354,0.4029765,0.0,0.23365504,0.3607256,0.27609593,0.0,0.0,0.59136933,0.4292224,1.8035756,2.2354364,0.18223855,0.45164132,0.0,0.11108014,0.0,2.4736352,0.0,0.15308392,0.81005806,0.0,0.103574246,1.3975277,0.96224755,0.0,0.39502603,0.29870683,0.0,0.0,0.1168201,1.4090842,0.0,0.0,0.041597277,2.8061242,0.7907071,0.0,0.0,0.7466125,1.2307639,0.0,0.8320373,0.8298883,0.0,0.04909575,0.19032712,0.37084675,0.0,0.5947511,0.0,1.6596678,0.15149704,0.40362144,1.1557496,0.36758363,0.0,0.24430126,0.0,0.0,0.0
U00084,0.0,0.7768569,0.0,0.0,0.0,0.19743839,0.0,0.048986375,0.0,1.4371367,0.6540849,0.0,0.0,0.9958192,0.69404024,0.0,0.28206336,1.2947435,0.0,1.7557018,0.8413545,0.73338985,0.061048627,0.0,0.5866052,0.0,0.78905106,0.6742364,1.0545224,0.0,0.0,0.0,0.8895254,0.0,0.2986815,0.21832299,0.65638226,0.0,0.5739541,0.89385295,0.0,0.0,0.0,0.0,1.1923518,0.20320886,0.327282,0.37631223,0.86615217,0.0,0.0,0.3458948,0.0,0.0,0.0,0.0,0.0,0.85508037,0.0,0.0,0.69518906,0.6979611,0.4046308,0.16468692
U00085,0.11186075,0.0,0.17605215,0.098462105,0.0,0.8223152,0.0075691342,0.0,0.0,0.0,0.0,0.09208667,0.0,1.1664565,1.0366338,0.0,2.7388191,0.0,0.0050806403,0.0,0.52830565,1.1946189,1.1085479,0.69731045,0.3476513,0.0,0.0,0.51056504,0.0,0.0,0.031654596,1.0025353,0.0,0.026568145,1.1569602,0.19360018,0.47219083,0.06845388,1.6830479,0.47427797,0.0,0.59036684,0.7795948,1.5715473,0.9367839,0.9192958,1.0315793,0.70246136,0.0059952736,0.0,0.12629335,0.5667889,0.022497565,0.0,2.1135006,0.0,0.0043201447,0.42185545,0.0,0.0,0.0,0.0,0.68526244,0.26162243
U00086,0.0,1.2231058,0.0,0.0,0.0,0.06321235,0.0,0.0,0.0,0.77791554,0.0,0.0,0.0,1.5967739,1.7961352,0.0,0.61329615,0.05655408,0.0,0.4874208,1.6089321,0.4534036,0.8769836,0.53173345,0.40275508,0.0,1.5765299,1.0533079,0.0,0.0,0.0,0.0,0.0,0.0,1.1563183,0.0,0.0579284,0.0,1.5856868,1.1433675,0.0,0.0,0.30425873,0.38960204,0.8380073,0.4747637,0.7008614,0.0,0.97186935,0.0,0.0,0.06516839,0.0,0.26881692,0.51003194,0.0,0.0,0.9661752,0.0,0.27987304,0.3011635,0.0,0.0,0.19273794
U00087,0.0,1.2146307,0.0,0.0,0.0,0.0,0.0,0.0,0.0,1.3204943,0.21041495,0.0,0.0,0.22560775,1.0751474,0.0,0.0,0.53654313,0.0,0.5387113,0.76841325,0.12252402,0.71701497,0.0,0.2720132,0.0,2.4301755,0.81995463,0.624267,0.0,0.0,0.0,0.6727874,0.0,0.0,0.0,0.0,0.0,1.4835618,1.2457823,0.22128278,0.0,0.5012296,0.0,0.0,0.7242787,0.65245026,0.047817364,0.60192525,0.0,0.0,0.0,0.0,0.0,0.18048882,0.0,0.0,1.338494,0.0,0.0,0.5916196,0.9830365,0.0,0.0
U00088,0.25142175,0.0,0.16039214,0.06884664,0.060558528,1.131218,0.4634229,0.0,0.11732026,0.9770077,1.7335984,0.19360249,0.0,0.0,0.0,0.0,1.673234,0.0,0.40794906,1.1658081,0.0,1.6543181,0.61817783,0.0,1.8269527,0.0937286,0.0,0.0,3.0467725,0.08584536,0.18231364,1.2564806,2.6883476,0.08438298,0.0,0.5305659,1.4993914,0.47245497,0.021230033,0.2298814,0.41050655,0.70724237,0.0,0.52529836,1.2513638,0.0,0.0,0.005076021,0.4061848,0.0069057643,0.07711624,1.6212372,0.18084446,0.0,0.0,0.06496942,0.17011404,0.0,0.0,0.0,0.0,0.0,1.3000102,0.58750165
U00089,0.11689979,0.13027,0.0,0.31070963,0.0,0.12247653,0.078873575,0.5020973,0.32997447,0.0,0.0,0.10358147,0.13880423,1.7412803,1.7966297,0.13210505,1.6894295,0.0,0.0,0.0,1.1064045,0.5112753,1.6365879,1.245122,0.0,0.10511035,0.008848071,0.0,0.0,0.08311186,0.07797104,0.34152585,0.0,0.020331502,0.867944,0.20761704,0.0,0.067460775,2.792074,0.0,0.102469355,0.5852233,0.83836365,0.52520806,1.1069213,0.86906785,1.881754,0.7452879,0.0,0.31362408,0.13955551,0.0,0.31860742,0.08726102,1.9723262,0.11364156,0.19448626,0.55672896,0.0,0.0,0.29261607,0.0,0.039749682,0.37530136
U00090,0.0,1.2528082,0.0,0.0,0.0,0.0,0.0,0.0,0.0,1.3982127,0.8528131,0.0,0.0,0.5750288,0.65777826,0.0,0.0,2.6027045,0.0,1.0314995,0.8256797,0.0,0.12930256,0.0,0.7250445,0.0,2.9122102,0.42912233,1.1902355,0.0,0.0,0.0,0.840911,0.0,0.0,0.0,0.0,0.0,0.7563243,1.1511195,0.87220865,0.0,0.3195773,0.0,0.94104254,0.9736936,0.0,0.31808147,0.8012837,0.0,0.0,0.0,0.0,0.0,0.0,0.0,0.0,1.7634162,0.0,0.0,1.3740153,2.0645804,0.0,0.0
U00091,0.399279,1.287557,0.38149637,0.27608675,0.0,0.0,0.3520714,0.13029039,0.16953726,1.2793521,0.0,0.0,0.11897832,1.7420352,1.636836,0.45677018,0.0,2.6478975,0.24717288,2.4677405,2.470643,0.0,0.0,0.012484834,0.0,0.19420032,1.4323272,1.9039937,0.0,0.0,0.18898268,0.0,0.0,0.2818586,1.3603954,1.1694397,0.0,0.16968146,0.35883632,2.0532906,0.0,0.0,0.0,0.110603884,1.5584258,0.9307879,0.0,0.0,1.4250251,0.16341938,0.16544254,0.0,0.11110379,0.0,0.0,0.27530316,0.25265917,1.6930953,0.0,0.10405947,1.209585,0.0,0.24726036,0.0
U00092,0.0,0.9303726,0.10596143,0.0,0.11080204,0.0,0.0,0.5080154,0.40720582,0.6928883,0.0,0.43446457,0.26085782,1.1194276,2.0335648,0.0,0.18229365,0.0,0.0,0.0,1.6555917,0.5130377,1.3845999,0.5621723,0.0,0.028643548,2.6124706,0.87306994,0.0,0.014036739,0.42027855,0.0,0.0,0.0,0.72076005,0.0,0.0,0.0,3.342146,0.6142632,0.0,0.0,0.060124815,0.0,0.0,0.0,0.5032255,0.0,0.9737103,0.0,0.0,0.0,0.0,0.0,1.7362515,0.0,0.050589472,0.92951244,0.21237612,0.0,0.0,1.8248396,0.0,0.0
U00093,0.0,1.808325,0.0,0.0,0.0,0.0,0.0,0.0064904243,0.0,0.6355829,0.0,0.0,0.25002164,0.39123476,2.1283574,0.0,0.47651273,0.0,0.0,0.0,1.4370292,0.078217834,0.8227419,0.8946909,0.1261115,0.0,2.1700025,0.44988763,0.0,0.0,0.0,0.0,0.0,0.0,0.70605516,0.0,0.0,0.0,1.7524407,1.158287,0.0,0.0,1.0795524,0.6437262,0.0,0.7242646,0.46552467,0.54670537,0.53233457,0.0,0.0,0.0,0.0,0.0,0.68142045,0.0,0.0,1.2760669,0.0,0.051819593,0.8192748,0.5677787,0.0,0.0
U00094,0.0,1.2702527,0.0,0.0,0.0,0.0,0.0,0.0,0.0,0.087841034,0.0,0.033350058,0.0,1.2027091,1.8918267,0.0,1.6244738,0.0,0.0,0.0,2.3837385,0.0,0.19255406,1.1692535,0.0,0.0,1.5082914,1.2784065,0.0,0.0,0.0,0.30070686,0.0,0.0,1.6793046,0.0,0.0,0.0,1.3534452,1.514868,0.055651516,0.0,0.85185623,1.2397089,0.6223756,1.0624347,1.2411225,0.75115037,0.6480855,0.0,0.0,0.0,0.0,0.19680884,1.3152174,0.0,0.0,1.532594,0.0,0.07067226,0.9243238,0.0,0.0,0.0
U00095,0.0,1.6811434,0.07160652,0.0,0.0013793707,0.0,0.0,0.0,0.0,3.552709,1.6197166,0.0,0.18418837,2.0168386,0.0,0.012772381,0.0,3.7631998,0.0,3.6710322,0.44976175,0.0,0.0,0.0,0.43787098,0.0,0.72517294,1.4792713,1.4169813,0.17467722,0.0,0.0,0.0,0.0,0.0,1.136291,0.7999842,0.0,0.0,1.9939494,0.0,0.0,0.0,0.0,1.8076389,0.0,0.0,0.0,2.467688,0.0,0.5164021,0.43056205,0.0,0.0,0.0,0.0,0.0,0.9421016,0.0,0.0,0.83416134,0.07912186,1.2831342,0.0
U00096,0.73472935,0.8830922,0.69576883,0.7195749,0.2560765,0.0,0.8993004,0.6099229,0.9415785,0.0,0.0,0.44142902,0.70443225,1.9347689,2.2248025,0.7779157,0.0,1.0823478,0.644943,0.8931401,2.4796057,0.0,0.0,0.6423436,0.0,0.59582055,1.3416636,1.4806315,0.0,0.62270886,0.58799434,0.0,0.0,0.57484347,1.6234598,1.5512277,0.0,0.5322725,1.0985552,1.535592,0.0,0.0,0.26265857,0.25758266,1.0621883,1.1181705,0.0,0.0,0.8542878,0.69507027,0.7710264,0.0,0.79589295,0.0,0.0,0.6926821,0.6336973,1.4343207,0.35846227,0.0,1.0752136,0.0,0.0,0.0
U00097,0.0,0.2792654,0.0,0.0,0.0,0.38875577,0.0,0.0,0.0,0.4313109,0.0,0.0,0.0,1.7413367,1.7247252,0.0,0.6818341,1.7949183,0.0,0.5342846,1.8896134,0.12346879,0.0,1.2862073,0.0,0.0,1.4460211,0.8623317,0.0,0.0,0.0,0.61730456,0.0,0.0,1.1349806,0.0,0.0,0.0,1.2348882,1.3465359,0.4279437,0.7695123,1.1945893,1.0665023,1.1146182,1.1777085,1.6907786,0.9404751,0.5410455,0.0,0.0,0.0,0.0,0.0,0.4704398,0.0,0.0,1.4699963,0.0,0.2347307,1.1383467,0.4282349,0.0,0.0
U00098,0.3168833,0.0,0.47866338,0.28226587,0.37768435,1.5420138,0.30273342,0.0,0.4438709,0.0,1.8397094,0.2513891,0.0,0.0,0.0,0.08920336,1.572213,0.0,0.36350572,0.07020354,0.0,2.2525263,2.659646,0.0,2.881584,0.37047988,0.0,0.0,2.8585339,0.274064,0.3287211,2.5536165,2.7887733,0.30228716,0.0,0.0,0.6270875,0.5008203,1.6895201,0.0,1.2345695,1.9118063,0.0,0.06548694,1.26781,0.0,0.022258505,1.3040738,0.0,0.4855581,0.38593945,0.89397573,0.398317,0.0,2.1806836,0.23159125,0.6812781,0.0,0.0,0.0,0.0,0.0,1.1029848,1.9048243
U00099,0.36920512,0.0,0.6359795,0.3879099,0.35836673,1.2424511,0.534951,0.7228604,0.50308836,0.0,0.04833915,0.571614,0.30703062,0.0,0.54090714,0.44124848,0.0,0.0,0.7349848,0.0,0.0,0.0,2.484305,1.2171819,0.15969092,0.79064965,0.0,0.0,0.0,0.53376573,0.5582417,2.0346034,0.0,0.21580756,0.0,0.4196697,0.0,0.5474598,1.9915545,0.0,1.5462825,1.93764,1.9559681,0.0,0.2739395,0.63571423,4.342294,3.4243102,0.0,0.72972035,0.50362825,0.0,0.15098792,0.0,2.452001,0.51157796,0.36766472,0.0,0.1582408,0.0,0.8090716,1.3052509,0.19630486,1.927948
U00100,0.0,0.0,0.0,0.0,0.0,1.7502221,0.0,0.0,0.0,0.0,1.9381213,0.0,0.0,0.6418782,0.0,0.0,0.0,0.5285046,0.0,0.23744607,0.0,1.1389629,2.378021,0.3894285,1.8739285,0.0,0.0,0.0,0.96475977,0.0,0.0,1.3192706,1.5126796,0.0,0.0,0.0,0.548821,0.0,0.71350145,0.0,1.4501147,1.8196485,0.55913126,0.0,0.777216,0.0,2.9410605,2.7371635,0.0,0.0,0.0,0.0029895268,0.0,0.0,0.94769156,0.0,0.0,0.0,0.0,0.0,0.20197713,2.252511,0.0,2.2860184
U00101,0.0,0.0,0.030547202,0.0,0.0,0.68712735,0.0,0.0,0.0,0.0,0.0,0.0,0.0,1.2361968,1.3408257,0.0,1.2134862,0.0,0.0,0.0,0.7539891,1.1957581,1.5605779,1.1773924,0.0,0.0,0.014751911,0.67100936,0.0,0.0,0.07300313,0.4681183,0.0,0.0,0.8277292,0.14276135,0.10129729,0.0,3.0951133,0.0,0.0,0.9007058,0.8474188,1.3353274,0.0,0.79766846,1.4747744,0.0,0.0,0.0,0.0,0.1042234,0.0105661005,0.0,2.6621737,0.0,0.0,0.0,0.009369373,0.0,0.0,2.1440856,0.32440692,0.2489394
U00102,0.0,0.0,0.0,0.0,0.0,0.5903946,0.0,0.08816153,0.0,0.0,0.019208677,0.0,0.0,1.1939937,1.4353595,0.0,0.2528972,0.0,0.0,0.0,0.7369395,0.5785181,1.2614894,1.0329074,0.4597274,0.0,0.0,0.0,0.0,0.0886776,0.0,1.335488,0.0,0.0,0.8262364,0.0,0.0,0.0,1.7243689,0.035840154,1.1635909,1.0854641,0.9874388,0.0,2.1983309,1.1594664,2.586822,1.852085,0.0,0.044984043,0.0,0.0,0.0,0.07682663,0.557446,0.0,0.0,1.2470798,0.0,0.029644057,1.0171579,0.0,0.0,0.5441252
U00103,0.0,1.3008047,0.0,0.0,0.0,0.0,0.0,0.0859116,0.0,1.7357723,0.0,0.0,0.08788489,0.80461097,1.4552476,0.043696284,0.39505148,1.0433444,0.0,0.1525867,1.9219311,0.0,0.0,0.2642215,0.0,0.0,2.7207892,1.1596804,0.0,0.0,0.0,0.0,0.0,0.0,0.83106333,0.0,0.0,0.0,0.30453032,1.6590548,0.0,0.0,0.047864765,0.6615202,0.0,0.2414552,0.0,0.0,1.301843,0.0,0.0,0.0,0.0,0.0,0.0,0.0,0.062882006,1.5009255,0.055687904,0.0,0.40858123,0.99076664,0.0,0.0
U00104,0.0,0.0,0.0,0.0,0.0,4.2075486,0.0,0.0,0.0,0.0,0.0,0.0,0.0,0.9468267,1.9064438,0.0,0.0,2.3007123,0.0,3.3599582,3.726163,0.0,1.3936102,0.42767996,3.6852627,0.0,0.29270887,6.0585427,0.0,1.6060505,0.7672954,3.9628625,0.0,0.0,1.73189,0.0,0.0,0.0,1.8380631,1.4991121,0.0,0.0,2.109372,0.0,0.0,0.0,0.0,4.01529,2.4877906,0.0,0.36524698,1.005571,0.0,1.0623627,0.10230327,0.0,0.0,0.30698144,0.0,0.0,0.0,0.0,0.0,4.183182
U00105,0.0,2.2423577,0.0,0.0,0.0,0.0,0.0,0.0,0.0,4.2198615,1.4220626,0.0,0.0,3.1056688,0.0,0.0,0.0,3.7004523,0.0,2.2699735,0.613333,0.0,0.0,0.0,0.44537115,0.0,2.5433836,1.5890088,0.7336064,0.2827055,0.0,0.0,0.0,0.0,0.0,0.0,0.0,0.0,0.0,1.5083612,0.0,0.0,0.0,0.0,0.0,0.0,0.0,0.0,2.5550606,0.0,0.5419252,0.10023001,0.0,0.0,0.0,0.0,0.0,1.351345,0.0,0.0,0.7242465,3.5317605,0.0,0.0
U00106,0.5471011,0.0,0.69727576,0.3259671,0.5225218,0.71370614,0.5306555,0.5601412,0.35864198,0.0,0.0,0.54588854,0.01802779,0.09214723,0.0,0.17728549,0.0,0.0,0.79155564,0.0,0.0,0.5194535,2.2847097,0.8452274,0.15571469,0.85701233,0.0,0.0,0.0,0.53479266,0.47967318,1.5302353,0.0,0.37027952,0.0,0.5848049,0.0,0.46364224,3.112963,0.0,1.2719843,1.8402619,1.2103342,0.0,0.6966497,0.45870024,3.7767215,2.565951,0.0,0.89764416,0.6918614,0.0,0.18344589,0.0,3.6047416,0.7022685,0.8536817,0.0,0.0,0.0,0.22986698,1.3989315,0.3794575,1.5111496
U00107,0.0,0.0,0.0,0.0,0.0,1.4117018,0.0,0.0,0.0,1.4637609,1.2916915,0.0,0.0,0.0,0.0,0.0,0.43722534,1.254301,0.0,0.94676447,0.3492757,0.6953201,0.0,0.0,0.8512751,0.0,0.06183052,0.9191187,1.6872377,0.0,0.0,1.2442386,1.2221682,0.0,0.76101226,0.0,1.8012059,0.0,0.0,1.6796303,0.7383766,0.1722579,0.18381304,0.79572845,0.6221698,0.020291686,0.3668458,0.61055017,1.2065753,0.0,0.0,1.528986,0.0,0.012622714,0.0,0.0,0.0,0.25334775,0.0,0.1307211,0.10157287,0.0,0.0,0.39905334
U00108,0.0,0.0,0.0,0.0,0.0,1.1933858,0.0,0.0,0.0,0.0,0.33798358,0.0,0.0,0.7402773,1.6372883,0.0,0.4051224,1.3814234,0.0,1.581162,0.5283593,0.22499636,0.53808063,0.40046412,0.87121975,0.0,0.16231024,0.0,0.30542988,0.0,0.0,0.99295914,0.437831,0.0,0.997225,0.0,0.03843227,0.0,0.40416414,0.0,0.78695613,1.1855751,0.76229584,1.0990888,0.61347616,0.6349516,1.3236241,0.7254404,0.0,0.0,0.0,0.0,0.0,0.0,0.0,0.0,0.0,0.15137863,0.0,0.0,0.00079107285,0.015230924,0.0,0.87061965
U00109,0.0,0.9513298,0.0,0.0,0.0,0.7403381,0.0,0.0,0.0,0.58959043,0.56140876,0.0,0.0,1.1092918,1.14967,0.0,1.010907,0.9560541,0.0,0.8428974,0.65161675,0.5890328,0.78596586,0.9946138,0.7563356,0.0,1.1931272,0.46334124,0.5653064,0.0,0.0,0.50070703,0.54901326,0.0,0.6412846,0.0,0.36427522,0.0,1.0408599,0.9457705,0.54308844,0.39839154,0.8215586,0.46889395,1.0679194,1.1641574,1.1431081,0.8180183,0.540355,0.0,0.0,0.5204061,0.0,0.31023046,0.67705214,0.0,0.0,0.70874,0.0,0.5291319,0.77016795,0.94048,0.07467651,0.4298563
U00110,0.0,0.0,0.0,0.0,0.0,1.115714,0.0,0.0,0.0,0.0,0.5077969,0.0,0.0,1.1901472,1.0407305,0.0,0.53986335,1.2628366,0.0,0.48250008,0.5199393,0.6568256,0.7408344,0.81127816,0.3374862,0.0,0.0,0.056503415,0.054909527,0.0,0.0,1.2500784,0.5516841,0.0,0.4720726,0.0,0.8114054,0.0,0.66388464,0.0,0.8647062,1.2442017,0.9912741,0.35278234,0.4653461,0.5781248,2.769382,2.0816371,0.0,0.0,0.0,0.14656958,0.0,0.0,0.8771442,0.0,0.0,0.2656343,0.0,0.04482206,0.45783845,0.84159136,0.0,1.091322
U00111,0.0,0.7669168,0.0,0.0,0.0,0.07496831,0.0,0.0,0.0,0.0,0.0,0.0,0.0,1.191583,1.9358304,0.0,0.8133657,0.0,0.0,0.0,1.428824,0.015019089,0.9780169,1.3217837,0.024987817,0.0,1.4892316,0.80259585,0.0,0.0,0.0,0.07752746,0.0,0.0,1.058058,0.20403028,0.0,0.0,2.420272,0.5612018,0.019511819,0.337209,1.3516517,0.86257535,0.2770064,1.3736131,1.349921,0.99849343,0.0,0.0,0.0,0.0,0.0,0.021822989,1.39409,0.0,0.0,1.0392282,0.0,0.16603407,0.8844879,0.0,0.0,0.15159833
U00112,0.0,0.88694537,0.0,0.0,0.0,0.06706917,0.0,0.0,0.0,0.13526893,0.099103525,0.0,0.0,0.6594962,1.6487005,0.0,0.49277014,0.7528502,0.0,0.8679743,1.351469,0.119767055,0.6606446,0.14419037,0.2684667,0.0,1.5052894,0.6922258,0.42293417,0.0,0.0,0.17793912,0.36547047,0.0,0.74074453,0.0,0.0,0.0,2.0957801,0.98101854,0.45275468,0.017999262,0.6294123,0.0,1.4049182,0.9626596,0.99381983,0.6505332,0.12759244,0.0,0.0,0.0,0.0,0.0,0.18703997,0.0,0.0,1.5053179,0.0,0.0,0.88241845,0.0,0.0,0.0
U00113,0.0,0.6035385,0.0,0.0,0.0,0.6024983,0.0,0.0,0.0,1.0315616,1.0216649,0.0,0.0,0.46731144,0.29585922,0.0,0.55466825,2.0389097,0.0,0.9601276,0.46561098,0.34201974,0.35336906,0.47074288,0.5133649,0.0,1.108752,0.46325946,1.1122923,0.0,0.0,0.6649648,0.9567292,0.0,0.32962608,0.0,0.38070214,0.0,0.28573495,1.0311153,0.8657922,0.9200405,0.56491506,0.0,0.5948759,0.81874347,1.4379131,1.0738317,0.5360544,0.0,0.0,0.47842124,0.0,0.16521004,0.19828367,0.0,0.0,0.3723197,0.0,0.1612605,0.9517797,1.8309752,0.28421834,0.21580613
U00114,0.0,1.1166043,0.0,0.0,0.0,0.048511177,0.0,0.0,0.0,1.4059954,0.74409187,0.0,0.0,0.0,0.66805696,0.0,1.5618464,1.5672686,0.0,0.7715368,0.8885728,0.067837,0.61843866,0.57780147,0.24549544,0.0,1.7844934,0.7642842,0.8735934,0.0,0.0,0.5290121,0.7391527,0.0,0.37621278,0.0,0.0,0.0,0.5390754,1.4979855,0.83953243,0.56952053,0.39910805,0.5461508,0.7646972,1.1911633,0.44567674,0.12726489,0.9473268,0.0,0.0,0.17728901,0.0,0.004306227,0.22078288,0.0,0.0,0.78580904,0.0,0.0,0.97751564,1.584217,0.22753784,0.0
U00115,0.0,1.4721932,0.0,0.0,0.0,0.0,0.0,0.0,0.0,1.4531659,0.39459023,0.0,0.0,1.5987267,0.8870278,0.0,0.0,1.7579911,0.0,1.7477112,1.4787421,0.36219954,0.0,0.0,0.31879485,0.0,1.4078323,1.0478997,0.9222968,0.0,0.0,0.0,0.556615,0.0,0.35107762,0.0,0.024960786,0.0,0.99075484,1.3572304,0.0,0.0,0.0,0.0,1.3936014,0.30111432,0.08832407,0.07377237,1.1076733,0.0,0.0,0.02109423,0.0,0.0,0.0,0.0,0.0,1.61276,0.0,0.0,0.96335405,0.12651348,0.0,0.0
U00116,0.0,1.0451823,0.0,0.0,0.0,0.3748773,0.0,0.0,0.0,1.6988077,1.4466199,0.0,0.0,1.1855695,0.0,0.0,0.0,1.785056,0.0,0.5425556,0.577106,0.20557342,0.0,0.0,1.3159796,0.0,1.538976,0.026193142,1.8395061,0.0,0.0,0.038463175,1.1841404,0.0,0.0,0.0,0.4084406,0.0,1.0081908,0.6546011,0.50828904,0.11656356,0.0,0.0,0.36559582,0.0,0.7735142,0.85053754,0.7912828,0.0,0.0,0.6468257,0.0,0.05366355,0.8608905,0.0,0.0,0.82003224,0.0,0.08347598,0.88716274,2.6469088,0.0,0.8964088
U00117,0.0,0.97466993,0.0,0.0,0.0,0.71847,0.0,0.0,0.0,1.1011989,0.58224416,0.0,0.0,0.92306685,1.0580552,0.0,0.26379693,1.2236543,0.0,0.3041234,1.5383241,0.36506394,0.0,0.8916031,0.02397412,0.0,1.6563427,1.4086336,0.17727745,0.0,0.0,0.18803239,0.1016368,0.0,1.0849435,0.0,1.0804986,0.0,0.47471216,1.4741446,0.0,0.14265567,0.973073,0.8064431,0.0,0.19302493,1.1493485,0.80484486,1.0334284,0.0,0.0,0.61249006,0.0,0.18179312,0.3710116,0.0,0.0,0.74740064,0.0,0.20549443,0.4487625,1.1879753,0.0,0.109603405
U00118,0.227103,0.0,0.25759256,0.58358276,0.27294517,1.6612153,0.57536185,0.0,0.33961728,0.8675932,2.4221723,0.0,0.16904539,0.0,0.0,0.19672829,1.289133,0.0,0.2903257,0.9905621,0.0,1.8758492,1.0247741,0.0,2.4461505,0.3902514,0.0,0.0,3.4915648,0.368577,0.0745351,1.2899616,3.1558602,0.06454554,0.0,0.34750092,1.4190727,0.50301033,0.0,0.0,0.82355005,0.65101427,0.0,0.13128118,0.59194624,0.0,0.0,0.43224272,0.049733758,0.2862231,0.3372545,1.8023156,0.34793144,0.0,0.0,0.37082207,0.45497316,0.0,0.0,0.0,0.0,0.0,0.88690704,0.85711384
U00119,0.39839736,0.7321643,0.4662178,0.44640613,0.1058528,0.0,0.4991464,0.37102482,0.85728186,0.0,0.0,0.37695545,0.71368957,2.3467176,2.8988013,0.54022926,0.0,0.6134553,0.2871153,0.20965815,2.8859258,0.0,0.0,1.0653126,0.0,0.41809738,1.4640896,1.4391443,0.0,0.52691984,0.37890464,0.0,0.0,0.23319879,1.9554739,1.3156023,0.0,0.120842665,1.7544917,1.524107,0.0,0.0,0.5493835,0.5797174,1.0053906,1.4134771,0.0,0.0,0.67492723,0.46781135,0.6549748,0.0,0.8415418,0.0,0.0,0.31489068,0.41808012,1.6406126,0.20144847,0.11504708,1.2974474,0.0,0.0,0.0
U00120,0.08412689,1.395318,0.0,0.2126359,0.28772986,0.0,0.12952334,0.080357134,0.16315787,1.4936969,0.0,0.0,0.0,2.2467268,0.9506994,0.0840843,0.0,1.7182899,0.08271927,0.035809755,2.3006272,0.0,0.0,0.7903773,0.0,0.087301165,2.2307513,2.349234,0.0,0.105488285,0.0,0.0,0.0,0.07659355,1.6534281,0.5290676,0.0,0.4051833,0.0,1.7804216,0.0,0.0,0.055791244,0.48368624,0.3020754,0.32971275,0.0,0.0,1.4758666,0.22341807,0.0,0.0,0.08970347,0.0,0.0,0.15381312,0.14497052,1.1137581,0.13539249,0.0,0.9702728,0.0,0.015691876,0.0
U00121,0.0,0.0,0.0,0.0,0.0,1.5921531,0.0,0.0,0.0,1.3819194,1.6222697,0.0,0.0,0.0,0.0,0.0,0.0,0.78704274,0.0,0.7833009,0.0,0.7687777,0.04895699,0.0,1.5619972,0.0,0.0,0.0,2.1156998,0.0,0.0,1.0498475,1.7972256,0.0,0.0,0.0,1.7082798,0.0,0.0,0.0,0.38508588,0.76699936,0.017277628,0.48566487,0.0,0.0,0.0,0.0,0.7543051,0.0,0.0,1.8673974,0.0,0.0,0.3981458,0.0,0.0,0.0,0.0,0.0,0.0,0.8920709,0.7633993,1.3306096
U00122,0.0,0.09535831,0.0,0.0,0.0,0.62023365,0.0,0.0,0.0,0.0901463,0.87318695,0.0,0.0,0.0,0.359874,0.0,0.0,1.6837521,0.0,1.1075498,0.28372574,0.0,0.6580003,0.084039,1.21117,0.0,0.81835955,0.0,1.490408,0.0,0.0,1.0667344,1.4895054,0.0,0.0,0.0,0.0,0.0,0.8786814,0.0,1.2750049,0.7377273,0.97103524,0.0,0.9579158,1.2885392,1.6082312,1.4099407,0.0,0.0,0.0,0.13468395,0.0,0.101174176,0.51373565,0.0,0.0,0.6327651,0.0,0.23861322,0.98394936,0.25606474,0.0,0.82596266
U00123,0.0,0.3626275,0.0,0.0,0.0,0.75598466,0.0,0.0,0.0,0.0,0.0,0.0,0.0,1.1478531,1.7414665,0.0,1.893858,0.0,0.0,0.0,1.0956886,0.7555735,1.6685972,1.2343894,0.814363,0.0,0.58561456,0.04100883,0.0,0.0,0.0,0.7119819,0.0,0.0,0.98895705,0.0,0.0,0.0,2.9846685,0.05885303,0.33816153,0.6652897,1.0677365,1.0840952,0.6697146,0.8180727,1.8595785,1.1099392,0.0,0.0,0.0,0.021197747,0.0,0.27432343,1.9396545,0.0,0.0,0.6267839,0.0,0.06375392,0.18457347,0.0,0.0,0.6359035
U00124,0.0,0.0,0.0,0.0,0.0,1.3978472,0.0,0.0,0.0,0.0,0.6041821,0.0,0.0,1.2581383,1.644643,0.0,1.7748859,0.0,0.0,0.0,0.22108424,1.2201467,1.9076111,1.6516334,0.77769744,0.0,0.0,0.0,0.0,0.0,0.0,0.9429239,0.09957735,0.0,0.5688737,0.0,0.4852578,0.0,1.7984059,0.05725181,0.37174028,1.4183381,1.3697336,1.0827922,0.57459676,0.88774145,2.3758793,1.6230592,0.0,0.0,0.0,0.46786034,0.0,0.35479578,1.6847905,0.0,0.0,0.0,0.0,0.17762794,0.26662308,1.4243938,0.12776971,0.9387318
U00125,0.0,1.3197503,0.0,0.0,0.0,0.0,0.0,0.0,0.0,2.551231,0.68896174,0.0,0.0,2.5184197,0.0,0.0,0.0,2.899705,0.0,1.7089831,1.7946174,0.0,0.0,0.0,0.0,0.0,0.909654,2.5225663,0.41354167,0.0,0.0,0.2434203,0.0,0.0,1.2370698,0.0,1.3082225,0.0,0.0,2.4459171,0.0,0.0,0.0,0.09650381,0.7591978,0.0,0.0,0.0,2.2897391,0.0,0.0,0.92683244,0.0,0.17790845,0.0,0.0,0.0,1.7573762,0.0,0.0,1.0041764,0.0,0.3824196,0.0
U00126,0.0,0.0,0.0,0.0,0.26789457,1.2079388,0.0,0.13474996,0.35203087,0.0,0.0,0.053278886,0.0,0.62748754,1.6584407,0.0,0.91056234,0.18443227,0.19137552,0.37926602,0.18528008,0.47848493,1.5986257,0.8934811,0.48441744,0.0,0.0,0.0,0.0,0.0,0.0,1.3032558,0.2332889,0.0,0.5887853,0.06646335,0.31918633,0.051351666,1.4094533,0.0,0.98841184,1.3502352,1.0730457,0.47906262,0.5449624,0.54427963,2.625424,1.9265717,0.0,0.013552368,0.0,0.0,0.16074327,0.0,1.1309139,0.15265879,0.0,0.0,0.0,0.0,0.0,0.22485751,0.0,1.437907
U00127,0.0,0.1012643,0.0,0.0,0.0,0.6422024,0.0,0.0,0.0,0.0,0.0,0.0,0.0,1.6046556,2.2383375,0.0,1.4294949,0.29442167,0.0,0.0,1.6865387,0.31161457,0.78723806,1.9148871,0.0,0.0,1.1493577,0.93665165,0.0,0.0,0.0,0.49934065,0.0,0.0,1.3121076,0.16843915,0.39882606,0.0,1.8614331,0.4844271,0.0690414,0.85368884,1.5267813,1.583019,0.0,1.0922359,2.012127,1.1353046,0.16434157,0.0,0.0,0.0,0.0,0.14176276,1.6664382,0.0,0.0,0.34425575,0.0,0.15298599,0.61518955,1.635357,0.0,0.45025504
U00128,0.0,0.0,0.0,0.0,0.0,0.27879122,0.0,0.0,0.0,0.0,0.0,0.0,0.0,2.4727013,2.2721457,0.0,1.269495,0.0,0.0,0.0,1.836339,0.055883676,1.300163,1.7088,0.0,0.0,0.15629244,0.58793044,0.0,0.0,0.0,0.61125803,0.0,0.0,1.7307684,0.0,0.0,0.0,3.2726233,0.45444238,0.057212234,0.5404535,1.259445,1.0444194,0.82582587,1.1274008,2.1145043,1.1489357,0.0,0.0,0.0,0.0,0.0,0.41609702,2.4214015,0.0,0.0,1.0218934,0.0,0.096720815,0.678115,0.0,0.0,0.6812087
U00129,0.18488598,1.4721355,0.22668324,0.13822633,0.0,0.0,0.0,0.0,0.0,2.0123017,0.0827257,0.0,0.0,1.6986055,0.279953,0.26395643,0.0,3.0819962,0.024457008,2.9538867,1.8417128,0.0,0.0,0.0,0.0,0.11433256,1.2299665,1.8568292,0.49158302,0.0,0.10468851,0.0,0.0,0.16628173,1.1104759,1.0797684,0.13961972,0.0,0.0,2.2024436,0.0,0.0,0.0,0.0,1.8245718,0.47093755,0.0,0.0,1.7799294,0.013132393,0.034160554,0.0,0.019190699,0.0,0.0,0.03380871,0.07899323,1.7189653,0.0,0.00321932,1.1970974,0.0,0.7449058,0.0
U00130,0.0,0.052976847,0.0,0.0,0.0,0.7868756,0.0,0.0,0.0,0.42078257,1.1382533,0.0,0.0,0.9198971,0.5854247,0.0,0.06876516,1.893007,0.0,1.2544184,0.17335379,0.7134011,0.63300186,0.17565703,0.94588315,0.0,0.49734205,0.0,1.1456966,0.0,0.0,0.76110137,1.3219249,0.0,0.0,0.0,0.5979358,0.0,0.4575632,0.007214427,0.8896232,0.59333706,0.45100546,0.0,0.9175216,0.6044876,1.6693075,1.6415529,0.0,0.0,0.0,0.45721442,0.0,0.0,0.3332442,0.0,0.0,0.44950855,0.0,0.022804089,0.72571427,1.6572245,0.056806147,0.8308114
U00131,0.0,1.8496103,0.0,0.0,0.0,0.14921755,0.0,0.0,0.0,2.2041593,0.64686227,0.0,0.05075731,0.0,0.0,0.0,0.0,0.81738365,0.0,1.5656235,0.8862859,0.0,0.0,0.0,0.24833995,0.0131191015,0.93183774,1.6936712,1.4243983,0.0,0.0,0.0,0.75339645,0.0,0.7014593,0.120069265,1.0497456,0.0,0.0,2.2496893,0.0,0.0,0.0,0.0,0.2829349,0.0,0.0,0.0,1.8845263,0.0,0.0,0.8807744,0.0,0.0,0.0,0.0,0.0,1.0758743,0.0,0.0,0.0,0.0,0.23360887,0.0
U00132,1.0356077,1.4040179,0.79611087,1.0930383,1.6660422,0.0,1.0163362,0.9374056,1.1431795,1.2203469,0.0,1.2234832,1.1413674,1.7060905,1.7502661,1.3262396,0.0,0.0021967888,1.0205195,0.0,3.251339,0.0,0.0,0.0,0.0,0.81470025,2.279385,2.535423,0.0,1.1528603,0.8222888,0.0,0.0,0.805972,1.4215224,0.2550527,0.0,1.080703,0.0,1.5470579,0.0,0.0,0.0,0.7561391,0.0,0.0,0.0,0.0,1.1071774,1.3182133,1.228028,0.0,1.6994299,0.0,0.0,1.025597,1.3857346,1.8008503,1.3020716,0.0,0.20298362,0.0,0.0,0.0
U00133,0.0,1.0944158,0.0,0.0,0.0,0.0,0.0,0.0,0.0,1.9992232,0.34594774,0.0,0.0,1.1217247,0.2808591,0.0,0.0,1.3063864,0.0,0.5700042,1.2661738,0.07125807,0.0,0.0,0.0,0.0,2.5982423,0.83558077,0.8233924,0.0,0.26142204,0.0,0.18934874,0.0,0.0,0.0,0.0,0.0,1.2620704,0.9264935,0.0,0.0,0.0,0.0,0.25054097,0.0,0.060339913,0.0,1.2143382,0.0,0.0,0.0,0.0,0.0,0.261778,0.0,0.0,1.202008,0.0,0.0,0.54589856,3.127196,0.0,0.0
U00134,0.7384084,1.118185,0.66143286,0.71416736,0.1890405,0.0,0.9141992,0.56735826,0.75919354,0.800407,0.0,0.28660828,0.5195128,1.8425648,1.6710622,0.751752,0.0,1.938644,0.661983,1.8641733,2.197411,0.0,0.0,0.26356936,0.0,0.5492842,1.4042121,1.6938397,0.0,0.4875502,0.54501444,0.0,0.0,0.6670848,1.4108928,1.5856426,0.0,0.59878504,0.35537606,1.7212856,0.0,0.0,0.0,0.0,1.2242324,0.88234216,0.0,0.0,1.1706637,0.6437763,0.66100967,0.0,0.5391054,0.0,0.0,0.7172303,0.557956,1.3866655,0.28493002,0.0,1.0722648,0.0,0.15318376,0.0
U00135,0.0,0.29043996,0.0,0.0,0.0,0.6704776,0.0,0.0,0.0,0.0,0.5254531,0.0,0.0,0.0,0.83012146,0.0,1.5743662,0.0,0.0,0.0,0.0,1.465435,2.6758468,0.29872352,1.6572883,0.0,0.0,0.0,0.6933054,0.0,0.0,0.8449962,0.8847385,0.0,0.0,0.0,0.0,0.0,3.7527351,0.0,0.5999555,0.84134936,0.42706972,0.15420862,1.1063365,0.47328162,1.0497459,1.0906256,0.0,0.0,0.0,0.10289459,0.0,0.12750211,2.5624309,0.0,0.0,0.24937141,0.0,0.0,0.0,0.0,0.2671516,0.7355995
U00136,0.0,0.0,0.0,0.0,0.0,1.6150905,0.0,0.0,0.0,0.0,1.2175207,0.0,0.0,0.0,0.1494922,0.0,1.5223184,0.0,0.0,0.22622299,0.0,1.7253976,2.5834067,0.33972818,2.204133,0.0,0.0,0.0,1.6474081,0.0,0.0,1.1701272,1.7601314,0.0,0.0,0.0,0.46333906,0.0,1.6321113,0.0,0.95859176,1.2518433,0.31500623,0.51779246,0.4031787,0.17035854,1.002087,0.72570205,0.0,0.0,0.0,0.7889855,0.0,0.11708948,1.2792689,0.0,0.0,0.0,0.0,0.009050135,0.0,0.9388063,0.05719757,1.3450749
U00137,0.0,0.83728015,0.0,0.0,0.0,0.15514272,0.0,0.0,0.0,0.039096475,0.0,0.0,0.0,0.43739426,1.0609365,0.0,2.2345457,0.0,0.0,0.0,0.8019817,0.2710123,1.2447798,1.0306817,0.29432827,0.0,0.8229811,0.41534746,0.302908,0.0,0.0,0.6758226,0.25257093,0.0,0.9830266,0.0,0.0,0.0,1.6369573,0.7675282,0.7215624,0.79599214,0.88633704,1.0984352,1.0008298,1.5537264,0.99779856,0.07208055,0.261491,0.0,0.0,0.32639414,0.0,0.27488032,1.612557,0.0,0.0,0.54831624,0.0,0.28138593,0.36728072,0.8786521,0.5003694,0.0
U00138,0.0,0.0,0.0,0.0,0.0,0.66858745,0.0,0.0,0.0,0.0,0.8620633,0.0,0.0,0.0,0.23451996,0.0,0.0,0.5417204,0.022098124,0.329113,0.0,0.0,0.7731958,0.0,1.0930682,0.0,0.029062152,0.0,1.1996917,0.0,0.0,1.4280374,1.4679966,0.0,0.0,0.0,0.0,0.0,0.803718,0.0,1.4801786,1.5117595,1.2228057,0.0,0.18623233,0.5959655,2.1153092,1.6809436,0.0,0.0,0.0,0.0,0.0,0.0,0.7106153,0.0,0.0,0.10518861,0.0,0.0,0.7333044,1.4970073,0.0,0.8685049
U00139,0.4091055,1.3935975,0.2965222,0.23578718,0.0,0.0,0.4433872,0.22605386,0.27219737,1.1655843,0.0,0.045105033,0.19379842,1.8378737,1.5356615,0.42036963,0.0,2.3879783,0.25920355,2.3547564,2.2291644,0.0,0.0,0.15185493,0.0,0.29010466,1.4380091,1.9771397,0.0,0.05688608,0.24417582,0.0,0.0,0.3280161,1.5024136,1.2801332,0.0,0.26014572,0.09823916,1.9932876,0.0,0.0,0.0,0.0,1.5730633,0.83737695,0.0,0.0,1.4901494,0.29032797,0.29830915,0.0,0.13209039,0.0,0.0,0.35390708,0.12494311,1.5171069,0.0,0.18642761,1.1856285,0.0,0.24254483,0.0
U00140,0.0,0.0,0.0,0.0,0.0,1.4319875,0.0,0.0,0.0,0.0,0.57135534,0.0,0.0,0.8194603,0.25371504,0.0,0.64574707,0.32471895,0.0,0.0,0.0,1.1891215,1.4859147,1.005112,0.57281625,0.0,0.0,0.0,0.5181844,0.0,0.0,1.4496241,0.7993561,0.0,0.0,0.0,0.5808943,0.0,2.04608,0.0,0.5283363,1.7686231,1.2875905,0.5987633,0.0,0.35318488,2.8369646,1.6710072,0.0,0.0,0.0,0.6473472,0.0,0.0,2.8157682,0.0,0.0,0.0,0.0,0.0,0.0,2.2365088,0.27861217,1.4079337
U00141,0.0,2.4580894,0.19019514,0.0,0.19071998,0.0,0.0,0.0,0.0,3.1855378,0.0,0.43609482,0.46610427,1.3236898,0.0,0.38021964,0.0,0.9349662,0.036272764,0.0,2.9828253,0.0,0.0,0.0,0.0,0.16359343,2.8245695,2.2439687,0.0,0.0,0.0,0.0,0.0,0.060814828,1.1852573,0.0,0.0,0.0,0.0,2.7265015,0.0,0.0,0.0,0.0,0.0,0.0,0.0,0.0,2.076984,0.0,0.0,0.0,0.074980855,0.0,0.0,0.04452592,0.6595006,2.8844519,0.4385404,0.0,0.55012643,0.0,0.0,0.0
U00142,0.0,1.5749809,0.0,0.0,0.0,0.0,0.0,0.0,0.0,1.4444971,0.0,0.0,0.0,1.6550533,1.449933,0.0,0.18720633,1.6504128,0.0,1.1018515,1.5947437,0.0,0.119235516,0.49789453,0.0,0.0,2.584498,1.1659968,0.30055815,0.0,0.0,0.0,0.0,0.0,0.6866684,0.023275018,0.0,0.0,1.1219386,1.1254311,0.0,0.0,0.15386944,0.1760146,0.3014431,0.50050575,0.0,0.0,0.98690146,0.0,0.0,0.0,0.0,0.0,0.26062155,0.0,0.0,1.3271453,0.0,0.0,0.84167516,1.11973,0.0,0.0
U00143,0.23185992,1.1657132,0.0,0.17784351,0.0,0.0,0.43324578,0.34683746,0.09028772,0.0,0.0,0.22320832,0.15763487,0.8635869,1.6466498,0.093470335,1.6559637,0.0,0.10769707,0.0,1.1723788,0.0,1.0662699,0.98279804,0.0,0.049061745,1.1818445,0.69292617,0.0,0.036434066,0.19030243,0.0,0.0,0.14972645,0.7343167,0.3249365,0.0,0.10598755,2.3083622,0.4681629,0.038921595,0.29026467,0.94490206,1.0614555,0.18641937,1.5120103,0.98398924,0.05846186,0.23333347,0.1787891,0.023329545,0.0,0.3547057,0.0,2.2528152,0.3691544,0.2629012,0.76065904,0.5802753,0.0,0.5769546,1.1950896,0.4169377,0.0
U00144,0.0,0.0,0.0,0.0,0.0,0.8280184,0.0,0.0,0.0,0.0,1.0621172,0.0,0.0,0.0,0.0,0.0,0.0,1.050558,0.0,1.0164291,0.0,0.17944643,1.1302834,0.0,1.5482619,0.0,0.0,0.0,1.6996164,0.0,0.0,1.241034,1.91118,0.0,0.0,0.0,0.0,0.0,1.0398394,0.0,1.3857832,0.8299062,0.62732,0.0,0.6352641,0.6682271,1.8881816,1.642227,0.0,0.0,0.0,0.0,0.0,0.0,0.7516295,0.0,0.0,0.29410744,0.0,0.0,0.39077908,0.4287302,0.0,0.9550761
U00145,0.0,0.059636354,0.0,0.0,0.0,0.23177096,0.0,0.0,0.0,0.73552215,0.0,0.0,0.0,2.343628,0.91609544,0.0,0.0,2.4336054,0.0,0.12300682,1.9121037,0.0,0.0,0.6784193,0.0,0.0,1.3395888,1.1488147,0.3104266,0.0,0.0,0.4435891,0.0,0.0,1.086034,0.0,0.29237887,0.0,1.2183559,0.6699784,0.1133011,1.0069929,0.49237818,0.15268296,0.0,0.14388824,1.9945854,0.96018803,0.49012786,0.0,0.0,0.0,0.0,0.078885674,1.0621756,0.0,0.0,0.6817982,0.0,0.02076018,0.9570926,0.73436236,0.0,0.45729113
U00146,0.70190734,0.0,0.78595483,1.2241862,0.36571813,1.783245,0.7745804,0.0,0.601025,1.4336841,2.5919437,0.17265679,0.021509938,0.0,0.0,0.74624324,1.6798527,0.0,0.8557384,1.5102932,0.0,1.9779696,0.50528055,0.0,2.1529062,0.8072983,0.0,0.0,3.3525572,0.74038404,0.87223023,0.8828285,3.363852,0.71462077,0.0,1.282578,2.0846016,0.32146645,0.0,0.0,0.30278265,0.28867376,0.0,0.05641064,0.0,0.0,0.0,0.7947358,0.04444444,0.71613324,0.5638019,2.216348,0.5727406,0.0,0.0,0.8009178,0.7891779,0.0,0.32806256,0.0,0.0,0.0,1.2570872,1.0640254
U00147,0.0,0.0,0.0061626732,0.0,0.38209343,0.9073976,0.0,0.0,0.0,2.3380854,1.7315841,0.0,0.119243845,0.0,0.0,0.16646686,0.068477035,0.37614155,0.0,1.544801,0.0,0.5666996,0.0,0.0,1.323295,0.0,0.0,0.0,2.678218,0.0,0.0,0.8282378,2.0375328,0.0,0.0,0.15964162,1.6839368,0.0,0.0,0.88845575,0.0,0.0,0.0,0.0,0.30649054,0.0,0.0,0.0,1.1945038,0.0,0.12076474,1.8553718,0.0,0.0,0.0,0.0,0.0,0.0,0.013194039,0.0,0.0,0.0,1.1157562,0.57922745
U00148,0.0,1.1001068,0.0,0.0,0.0,0.0,0.0,0.47254157,0.089646205,0.24552262,0.0,0.0,0.07949461,1.815495,2.6351027,0.0,1.595453,0.0,0.0,0.0,1.4927664,0.41568786,1.4780853,0.8153967,0.2777056,0.0,1.6827836,0.32627952,0.0,0.0,0.0,0.0,0.0,0.0,1.0509293,0.0,0.0183492,0.0,2.8385139,0.0,0.0,0.0,0.2479415,1.0967224,0.0,0.0,0.7199058,0.0,0.43101394,0.0,0.0,0.0,0.0,0.0,1.3909544,0.0,0.0,0.16894495,7.4997544e-05,0.0,0.0,0.48694238,0.0,0.6347389
U00149,0.0,0.0,0.0,0.0,0.0,1.617237,0.0,0.0,0.0,0.9401911,0.90399957,0.0,0.0,0.3943419,0.0,0.0,0.5718387,0.8509021,0.0,0.33894062,0.17388916,1.2563794,0.37621695,0.0,0.9838847,0.0,0.14491606,0.8115537,1.5989034,0.0,0.0,1.362979,1.4956068,0.0,0.97421867,0.0,1.4640098,0.0,1.0485021,0.0,0.27349702,1.3017104,0.24775106,0.939959,0.42708695,0.0,0.23797548,0.0,0.5360454,0.0,0.0,1.7749932,0.0,0.242538,0.89223635,0.0,0.0,0.0,0.0,0.0,0.0,0.0,0.5554528,0.8962661
U00150,0.39839736,0.7321643,0.4662178,0.44640613,0.1058528,0.0,0.4991464,0.37102482,0.85728186,0.0,0.0,0.37695545,0.71368957,2.3467176,2.8988013,0.54022926,0.0,0.6134553,0.2871153,0.20965815,2.8859258,0.0,0.0,1.0653126,0.0,0.41809738,1.4640896,1.4391443,0.0,0.52691984,0.37890464,0.0,0.0,0.23319879,1.9554739,1.3156023,0.0,0.120842665,1.7544917,1.524107,0.0,0.0,0.5493835,0.5797174,1.0053906,1.4134771,0.0,0.0,0.67492723,0.46781135,0.6549748,0.0,0.8415418,0.0,0.0,0.31489068,0.41808012,1.6406126,0.20144847,0.11504708,1.2974474,0.0,0.0,0.0
U00151,0.0,0.0,0.0,0.0,0.0,0.9984678,0.0,0.0,0.0,0.0,1.5058613,0.0,0.0,0.0,0.3711487,0.0,0.0025151968,0.43760347,0.0,0.36863613,0.0,0.8566744,1.8951366,0.15354893,1.4515266,0.0,0.28956592,0.0,1.210342,0.0,0.0,0.53580034,1.4302671,0.0,0.0,0.0,0.0,0.0,1.4628069,0.0,0.9376245,0.9041554,0.80944216,0.0,0.9455423,0.39789492,1.6065598,1.3931361,0.0,0.0,0.0,0.27006623,0.0,0.0,0.60847294,0.0,0.0,0.21820378,0.0,0.0,0.58912545,1.8838099,0.0,0.8645592
U00152,0.26337212,0.0,0.4870041,0.39296982,0.059666812,1.4418993,0.2891971,0.0,0.16388306,0.24005938,1.5291314,0.24088381,0.0,0.0,0.0,0.16553685,2.945184,0.0,0.41431037,0.11324477,0.0,2.1991756,1.2365294,0.0,2.0683315,0.2833994,0.0,0.0,2.5426729,0.2087263,0.35513252,1.6326287,2.4831116,0.2951904,0.0,0.06938219,1.3472149,0.40063432,0.20520446,0.0,0.18397379,1.0257704,0.0,0.76208735,0.7464953,0.0,0.0,0.42237607,0.0,0.20254663,0.3588441,1.8090781,0.35550064,0.0,1.31876,0.2033638,0.4248783,0.0,0.0,0.0,0.0,0.0,1.1801155,0.8494617
U00153,0.0,1.016307,0.0,0.0,0.0,0.16650242,0.0,0.0,0.0,0.9109059,0.17322168,0.0,0.0,0.92026997,1.4115099,0.0,0.6733866,0.6344857,0.0,0.079087496,1.681846,0.21796227,0.0,0.65134674,0.0,0.0,1.3098614,1.496084,0.0,0.0,0.0,0.035594523,0.0,0.0,1.124301,0.0,0.5760819,0.0,0.0,1.640781,0.0,0.0,0.60584366,1.0274411,0.12826025,0.3215748,0.6792555,0.74311996,0.9828329,0.0,0.0,0.12649523,0.0,0.0,0.0,0.0,0.0,1.2318792,0.0,0.0,0.7676446,0.0,0.0,0.0
U00154,0.38426846,1.5618922,0.21753022,0.15473449,0.0,0.0,0.24774611,0.07068376,0.11664029,1.5363387,0.0,0.0,0.106731564,1.685003,0.9694627,0.36963874,0.0,2.6819816,0.18955049,2.6923084,1.9047294,0.0,0.0,0.0,0.0,0.29392973,1.3487984,2.082714,0.12657213,0.0,0.21513282,0.0,0.0,0.368532,1.3413702,1.238983,0.0269202,0.22818367,0.0,2.071343,0.0,0.0,0.0,0.0,1.7865182,0.6395158,0.0,0.0,1.6788017,0.22401905,0.23196046,0.0,0.0,0.0,0.0,0.25819865,0.02879864,1.4877287,0.0,0.15472302,1.116432,0.0,0.53756744,0.0
U00155,0.0,0.0,0.0,0.0,0.0,0.6061177,0.0,0.0,0.0,0.0,1.460905,0.0,0.0,0.0,0.0,0.0,0.0,1.7567668,0.0,0.47714806,0.0,0.0,0.44501168,0.0,1.8536644,0.0,1.125038,0.0,2.3148425,0.0,0.062336355,1.4357145,2.483341,0.0,0.0,0.0,0.0,0.0,0.89961684,0.0,2.6974032,0.84586024,1.0972887,0.0,0.48859394,0.689864,1.8319558,1.9454609,0.0,0.0,0.0,0.0,0.0,0.0,0.0,0.0,0.0,1.060302,0.0,0.0,0.3161779,0.9031149,0.0,0.7124914
U00156,0.0,1.0316688,0.0,0.0,0.0,0.23670149,0.0,0.0,0.0,0.6053224,0.0,0.0,0.0,0.0,0.97493,0.0,1.2067444,0.9955627,0.0,0.73852766,0.80840707,0.0,0.87543875,0.50539273,0.2332924,0.0,1.4484444,0.22543633,0.7874938,0.0,0.0,0.5171175,0.7385104,0.0,0.45129257,0.0,0.0,0.0,1.1713088,1.0997691,1.2637119,0.55810136,0.9929862,0.446546,1.1857202,1.511373,1.3850634,0.39486095,0.17348826,0.0,0.0,0.20171352,0.0,0.15830559,1.034232,0.0,0.0,0.58532256,0.0,0.10723741,0.49860865,0.8770882,0.054807782,0.0
U00157,0.0,0.36331618,0.0,0.0,0.0,0.16457123,0.0,0.0,0.0,1.5185548,1.6204675,0.0,0.0,1.5588276,0.0,0.0,0.0,3.1005373,0.0,2.11276,0.0,0.0,0.0,0.0,1.129797,0.0,1.166657,0.0,1.6829365,0.0,0.0,0.07560074,1.341393,0.0,0.0,0.0,0.14310427,0.0,0.0,0.44369745,0.86972123,0.0,0.0,0.0,1.0890926,0.0,0.39305294,1.0851159,0.46037215,0.0,0.0,0.281039,0.0,0.0,0.0,0.0,0.0,1.0337052,0.0,0.0,1.1290407,1.836892,0.0,0.45916522
U00158,0.0,0.45088208,0.0,0.0,0.0,0.9380226,0.0,0.0,0.0,1.1346847,0.6142098,0.0,0.0,0.06146586,0.0,0.0,1.4240315,0.5236149,0.0,0.670913,0.20592117,1.305821,0.38408738,0.0,0.5218996,0.0,0.0928669,0.65185463,1.8038982,0.0,0.0,0.6547451,1.5469322,0.0,0.49279866,0.0,0.787357,0.0,0.27840555,0.5867313,0.0,0.2639541,0.0,0.4195707,0.39528966,0.0,0.0,0.0,0.51003,0.0,0.0,1.3270316,0.0,0.0,0.27880883,0.0,0.0,0.081834435,0.0,0.0,0.0,0.0,0.2027672,0.24682415
U00159,0.0,0.0,0.37304533,0.0,1.1241887,1.3355465,0.0,0.0,0.5310942,0.0,2.0741653,0.0024319645,0.0,0.0,0.0,0.0,0.0,2.4441655,0.0,1.6339087,0.0,0.0,0.00012153387,0.0,2.3590524,0.0,0.0,0.0,3.1852112,0.69911385,0.009012476,2.3678923,3.1208818,0.0,0.0,0.0,0.14625624,0.61266875,0.0,0.0,1.9173815,1.1614033,0.0,0.0,0.074094534,0.0,1.1352382,1.4157741,0.0,0.0,0.0015933886,0.0,0.0,0.0,0.0,0.0,0.0,0.0,0.07973093,0.0,0.0,0.0,0.0,1.7699203
U00160,0.0,1.4228717,0.0,0.0,0.0,0.53260064,0.0,0.0,0.0,1.7948117,0.9869261,0.0,0.0,0.0,0.2719571,0.0,0.6094061,0.0,0.0,0.61640465,0.37244153,1.2048604,0.03857875,0.0,0.9059466,0.0,1.0407581,1.0448481,1.246632,0.0,0.0,0.0,1.2435999,0.0,0.114976645,0.0,1.0305114,0.0,0.31691176,1.7697345,0.0,0.0,0.0,0.15640143,0.0,0.0,0.0,0.0,1.5166484,0.0,0.0,0.9245213,0.0,0.0,0.0,0.0,0.0,0.62187487,0.0,0.0,0.0,0.668023,0.18152693,0.0
U00161,0.0,2.5111241,0.0,0.0,0.0,0.0,0.0,0.0,0.0,2.0809677,0.0,0.0,0.16552089,0.9251077,0.85450804,0.0,0.0,1.9234521,0.0,1.1371264,2.1595278,0.0,0.0,0.0,0.0,0.0,2.9503005,1.4458287,0.34469187,0.0,0.0,0.0,0.0,0.0,0.46362633,0.0,0.0,0.0,0.8364235,1.9748038,0.0,0.0,0.0,0.0,0.6616179,0.21611226,0.0,0.0,1.4705067,0.0,0.0,0.0,0.0,0.0,0.0,0.0,0.0,2.6829422,0.08242911,0.0,1.3995321,0.24151663,0.0,0.0
U00162,0.0,1.101045,0.0,0.0,0.0,0.0042983443,0.0,0.0,0.0,1.4631389,0.1815236,0.0,0.0,1.0380305,1.1325505,0.0,0.2691226,1.5896575,0.0,0.9826604,1.5887512,0.5489738,0.0,0.36564207,0.0,0.0,1.61748,1.4387505,0.6021078,0.0,0.0,0.0,0.1908856,0.0,0.9058863,0.0,0.556888,0.0,0.5802609,1.4833741,0.0,0.01652652,0.3169483,0.24598405,0.5422958,0.4552654,0.59442276,0.1253554,1.0838966,0.0,0.0,0.23096284,0.0,0.0,0.0,0.0,0.0,1.1496651,0.0,0.0,0.6848346,0.9433322,0.0,0.0
U00163,0.0,0.0,0.0,0.0,0.0,1.2742878,0.0,0.0,0.0,0.7834912,1.7446344,0.0,0.0,0.0,0.0,0.0,0.53638464,0.3132348,0.0,0.85238683,0.0,1.047311,1.1529694,0.0,1.6412337,0.0,0.0,0.0,2.2036004,0.0,0.0,0.93912196,2.089565,0.0,0.0,0.0,0.4128226,0.0,0.36845684,0.31081772,1.064779,1.0408494,0.0,0.0,0.23465526,0.0,1.0673131,1.1499788,0.0,0.0,0.0,0.98374724,0.0,0.0,0.30408812,0.0,0.0,0.0,0.0,0.0,0.0,0.8594315,0.3300781,0.7252166
U00164,0.0,0.09342635,0.0,0.0,0.0,0.45115563,0.0,0.0,0.0,0.9010637,0.5735878,0.0,0.0,0.15851831,0.77332205,0.0,0.4441635,0.25130057,0.0,0.0,0.43109953,1.186855,1.2951593,0.33443713,0.40917403,0.0,1.1826992,0.69873494,1.1545813,0.0,0.0,0.14282912,1.0921587,0.0,0.058050394,0.0,0.19689694,0.0,1.9972723,0.40594018,0.11449084,0.95426464,0.41979447,0.39947182,0.0,0.42513007,0.82018226,0.0,0.26762223,0.0,0.0,0.4602468,0.0,0.0,1.3206097,0.0,0.0,0.16026688,0.0,0.0,0.0,1.8654798,0.0,0.27196515
U00165,0.0,0.0,0.0,0.0,0.0,0.6797966,0.0,0.0,0.0,1.1534195,0.47045556,0.0,0.0,0.5709662,0.18204755,0.0,0.0,2.047745,0.0,0.0,1.5989177,0.0,0.0,0.13774331,0.3786432,0.0,1.6400962,1.2508237,0.90023255,0.0,0.0,0.9343791,0.44061792,0.0,0.9002859,0.0,0.5080455,0.0,0.09143236,1.0801473,0.8852959,1.0548646,0.5124007,1.347785,0.24260652,0.64749396,0.626043,0.0,0.9795308,0.0,0.0,0.30305946,0.0,0.0,0.12025499,0.0,0.0,0.58682626,0.0,0.136648,0.32859302,0.61519814,0.0,0.0
U00166,0.0,1.731486,0.0,0.0,0.0,0.0,0.0,0.0,0.0,1.336734,0.21213526,0.0,0.0,1.8878374,0.9163642,0.0,0.0,0.4059608,0.0,0.72183096,1.272442,0.5422436,0.7485408,0.0,0.460405,0.0,1.8485347,1.017427,0.08339393,0.0,0.0,0.0,0.0,0.0,0.32122946,0.0,0.0,0.0,2.1585917,1.548765,0.0,0.0,0.0,0.0,1.6382028,0.15878588,0.67259425,0.0,1.379512,0.0,0.0,0.0,0.0,0.35068074,0.5473851,0.0,0.0,1.5824816,0.0,0.25639355,0.7733661,0.091708615,0.0,0.0
U00167,0.0,0.0,0.0,0.0,0.0,1.4120686,0.0,0.0,0.0,0.79070145,2.1094763,0.0,0.0,0.0,0.0,0.0,0.0,1.0692842,0.0,1.145919,0.0,1.0395272,1.1229148,0.0,2.218301,0.0,0.0,0.0,2.0845447,0.0,0.0,1.1111516,1.9456297,0.0,0.0,0.0,0.67194176,0.0,0.0,0.0,1.0508177,0.8156322,0.0,0.0,0.7439623,0.0,1.1377978,0.9652008,0.0,0.0,0.0,0.69894516,0.0,0.0,0.0,0.0,0.0,0.0,0.0,0.0,0.0,0.968923,0.4241928,1.7930148
U00168,0.0,1.1994578,0.0,0.0,0.4290207,0.0,0.0,0.15325828,0.36461058,1.2132136,0.0,0.53627014,0.5202718,1.103033,2.130776,0.0,0.0,0.0,0.0,0.0,2.786499,0.0,0.0,0.07989872,0.0,0.001809895,2.350949,1.7471846,0.0,0.05493929,0.013498932,0.0,0.0,0.0,1.3261778,0.0,0.0,0.21727048,1.0484879,1.5954046,0.0,0.0,0.0,0.52137494,0.0,0.0,0.108523935,0.0,1.2389389,0.15519176,0.0586361,0.0,0.22860172,0.0,0.1127429,0.0,0.0,1.5995003,0.21469241,0.0,0.10948974,0.0,0.0,0.0
U00169,0.0,0.0,0.0,0.0,0.0,1.3143417,0.0,0.0,0.0,0.0,0.0,0.0,0.0,1.0941113,1.2909788,0.0,1.7077852,0.0,0.0,0.0,0.85622567,1.203347,1.9828656,1.4877486,0.29890996,0.0,0.29935396,0.4734422,0.0,0.0,0.0,1.0548639,0.0,0.0,1.2090977,0.0,0.17385735,0.0,2.8856337,0.049385786,0.13398173,1.2375197,1.2156391,1.7852292,0.0,1.1701018,1.5719978,0.023445234,0.0,0.0,0.0,0.6315414,0.0,0.2817321,3.003499,0.0,0.0,0.0,0.0,0.17756267,0.0,1.7183741,0.0,0.8526211
U00170,0.0,1.1240438,0.0,0.0,0.0,0.40314826,0.0,0.0,0.0,1.8475729,0.42144668,0.0,0.0,0.0,0.0,0.0,1.1751674,0.0,0.0,0.69816446,0.41285956,0.869155,0.0,0.0,0.326499,0.0,0.5440607,1.3042437,1.359453,0.0,0.0,0.0,1.0646033,0.0,0.5333072,0.0,0.83868074,0.0,0.0,1.7886934,0.0,0.0,0.0,0.40774333,0.1430614,0.0,0.0,0.0,1.4474196,0.0,0.0,1.2149236,0.0,0.0,0.019942999,0.0,0.0,0.31027257,0.0,0.0,0.0,0.0,0.20642528,0.0
U00171,0.0,0.0,0.0,0.11089808,0.0,0.9062562,0.02244693,0.0,0.0,0.79819816,1.1846782,0.0,0.0,0.0,0.0,0.0,1.2780732,0.69065034,0.0027344227,1.1344367,0.0,1.3070686,0.3156566,0.0,0.8074099,0.0,0.0,0.53832245,1.9809808,0.0,0.0,0.7811073,1.8627778,0.0,0.0,0.06126392,1.0840552,0.0,0.1495735,0.50114083,0.35527694,0.71451783,0.0,0.75008255,0.0952512,0.0,0.10257706,0.7381439,0.3568884,0.0,0.0,1.1075623,0.0,0.0,0.08290744,0.0,0.0,0.0,0.0,0.0,0.0,0.0,0.26269802,0.2627076
U00172,0.0,0.0,0.0,0.0,0.0,1.3897982,0.0,0.0,0.0,0.0,0.22574666,0.0,0.0,0.507281,1.9421415,0.0,0.14347988,0.8419664,0.0,0.0,0.878604,0.0,0.80074257,1.6350216,0.42152786,0.0,0.8875995,0.0,0.0,0.0,0.0,1.5064394,0.023834214,0.0,1.0956551,0.0,0.0,0.0,1.2335508,0.13300467,1.3794205,1.2348369,2.1318595,1.1685954,0.0,1.2129673,2.6676025,1.5673321,0.0,0.0,0.0,0.0,0.0,0.035337716,0.6367234,0.0,0.0,0.16390824,0.0,0.018913807,0.4569583,0.37099516,0.0,0.7579144
U00173,0.0,0.0,0.0,0.0,0.0,1.5423939,0.0,0.0,0.0,1.6401864,1.9220479,0.0,0.0,0.0,0.0,0.0,0.0,0.006037712,0.0,1.0064344,0.0,1.0598226,0.15682018,0.0,1.9465685,0.0,0.0,0.060306072,2.727211,0.0,0.0,0.922606,2.3521814,0.0,0.0,0.25935054,2.0457711,0.0,0.0,0.0,0.21738228,0.6335973,0.0,0.40845457,0.0,0.0,0.0,0.0,0.8045035,0.0,0.0,2.128509,0.0,0.0,0.0,0.0,0.0,0.0,0.0,0.0,0.0,0.0,0.72697395,1.486763
U00174,0.0,0.0,0.0,0.0,0.0,1.1275299,0.0,0.0,0.0,0.9480602,1.3607488,0.0,0.0,0.42369872,0.0,0.0,0.0,1.8077781,0.0,1.1099031,0.0,1.2242997,0.10910684,0.012127787,0.84779143,0.0,0.29346883,0.107949734,1.3570621,0.0,0.0,0.68406963,1.3415616,0.0,0.0,0.0,1.0126423,0.0,0.16528143,0.5948144,0.44090223,0.72024155,0.37520504,0.0,0.0316993,0.0,1.2671046,1.0871786,0.36646694,0.0,0.0,0.94708776,0.0,0.0,0.10343337,0.0,0.0,0.05370462,0.0,0.0,0.11529952,1.5294188,0.37921908,0.6461438
U00175,0.46920004,1.2900331,0.44247556,0.36654797,0.0,0.0,0.49936956,0.23923185,0.2903595,1.2009953,0.0,0.03049355,0.19802967,1.8086368,1.6685097,0.49663594,0.0,2.5011678,0.31207538,2.320658,2.4214163,0.0,0.0,0.11247707,0.0,0.24050692,1.4657589,1.9035056,0.0,0.09425441,0.24333555,0.0,0.0,0.34821522,1.3934958,1.2726698,0.0,0.24345751,0.32464185,1.9853765,0.0,0.0,0.0,0.08467524,1.4657294,0.90313566,0.0,0.0,1.3834782,0.27039245,0.27897584,0.0,0.19153872,0.0,0.0,0.3667824,0.31722003,1.6037587,0.043592796,0.09996878,1.1994586,0.0,0.19982478,0.0
U00176,0.51380223,0.0,0.19084263,0.052083433,0.45734543,0.6158366,0.189013,0.20512089,0.2298986,0.0,1.0062886,0.021679725,0.052989446,0.0,0.0,0.19049037,0.0,0.16850567,0.36989033,0.914503,0.0,0.5501188,1.5085299,0.0,1.4608617,0.3653104,0.0,0.0,1.2814527,0.32926595,0.21502316,1.2607315,1.5092708,0.06322232,0.0,0.0,0.0,0.45854086,1.7747374,0.0,1.0975163,1.1378148,0.4680789,0.0,1.3989153,0.20722878,1.9039286,2.0294075,0.0,0.30376482,0.3004161,0.0,0.0,0.0,0.86534655,0.3112514,0.39315328,0.21411467,0.0,0.0,0.8149518,0.0,0.11803961,0.7080933
U00177,0.0,0.6284541,0.0,0.0,0.0,0.9485347,0.0,0.0,0.0,1.8082606,1.368071,0.0,0.0,0.5306759,0.0,0.0,0.3911565,1.2462192,0.0,1.3015062,0.0,0.7961268,0.222175,0.0,1.187945,0.0,0.3826933,0.3174988,1.9711416,0.0,0.0,0.017491996,1.3058453,0.0,0.0,0.06251848,1.0400798,0.0,0.0,0.7655194,0.012078956,0.0,0.0,0.0,0.4048133,0.0,0.0,0.0,0.9630365,0.0,0.0,1.1812222,0.0,0.0,0.0,0.0,0.0,0.0,0.0,0.0,0.18735856,0.8525673,0.41291428,0.8784754
U00178,0.0,0.0,0.0,0.0,0.0,1.3178202,0.0,0.0,0.0,0.08499348,0.5053078,0.0,0.0,0.67617387,1.7777506,0.0,1.0440139,0.5953324,0.0,0.14775848,1.0975829,0.7813449,0.77207977,1.3752354,0.46128273,0.0,1.0078366,0.82484525,0.0,0.0,0.0,0.42384887,0.15717033,0.0,1.0941427,0.21160948,0.6974411,0.0,0.6654428,0.7906767,0.24671578,0.41163433,1.2576218,1.2700173,0.0,0.23537314,1.5726614,1.3920766,0.17182422,0.0,0.0,0.53261125,0.0,0.13087496,0.1633209,0.0,0.0,0.0,0.0,0.22488403,0.0,0.7847545,0.0,0.47617698
U00179,0.0,0.0,0.15659899,0.33196086,0.0,0.31291932,0.26688737,0.05053599,0.0,0.0,0.038412377,0.20726635,0.34091222,0.36404896,1.4027805,0.27016523,0.16798484,0.07444644,0.26687223,0.0,0.6102246,0.0,1.1084261,1.1641198,0.03239858,0.3126151,1.5324384,0.0,0.0,0.43610495,0.15369655,0.39158905,0.024042249,0.0,0.6457455,0.0,0.0,0.19128051,1.0826901,0.55055094,1.0054996,0.30018848,1.4577558,0.0,0.40904415,1.015259,2.0719562,1.3171054,0.0,0.13346075,0.067301705,0.0,0.24795124,0.0,0.4538951,0.05024612,0.32914162,1.0042348,0.10603547,0.0,0.868449,0.7511513,0.0,0.0
U00180,0.0,1.6339653,0.0,0.0,0.0,0.0,0.0,0.0,0.0,1.5331954,0.0,0.19160143,0.0,0.8291899,1.0105894,0.0,0.4323992,1.3189816,0.0,0.7833735,2.077858,0.0,0.0,0.0,0.0,0.0,2.3886104,1.781067,0.34735,0.0,0.0,0.0,0.0,0.0,0.880426,0.0,0.0,0.0,0.4422629,1.9147797,0.03656581,0.0,0.090993494,0.5729696,0.3964678,0.64427745,0.0,0.0,1.175217,0.0,0.0,0.0,0.0,0.0,0.0,0.0,0.0,1.2909021,0.0,0.0,0.44687602,0.0,0.0,0.0
U00181,0.13752544,1.6928362,0.3325315,0.34434247,0.0,0.0,0.4603704,0.39653558,0.5415692,1.811787,0.0,0.19247541,0.5812453,0.7272726,0.86055773,0.35342097,0.0,1.5732536,0.64422035,0.1624372,1.5908365,0.0,0.0,0.1521135,0.0,0.17420629,3.1686392,0.96253467,0.0,0.20677513,0.35836345,0.0,0.0,0.50825447,0.3129394,0.7561596,0.0,0.2404753,0.56938374,1.2614326,0.0,0.0,0.33490488,0.0,0.0,0.4605767,0.0,0.0,1.2052364,0.5334831,0.47885635,0.0,0.43095207,0.0,0.0056005716,0.29140893,0.37105942,1.7144148,0.5298782,0.0,0.9266265,2.1986458,0.0,0.0
U00182,0.0,0.3773858,0.0,0.0,0.0,0.8682326,0.0,0.0,0.0,1.708846,1.3143553,0.0,0.0,0.0,0.0,0.0,0.4310354,0.33435822,0.0,1.2462676,0.0,1.1738968,0.20896506,0.0,1.3560004,0.0,0.0,0.0,2.0656567,0.0,0.0,0.2338655,1.8692217,0.0,0.0,0.08571291,1.0912323,0.0,0.08040657,0.5813149,0.12347478,0.0,0.0,0.0,0.0,0.0,0.0,0.025219247,0.7632263,0.0,0.0,1.0056168,0.0,0.0,0.0,0.0,0.0,0.0,0.0,0.0,0.0,0.7335515,0.5070959,0.5732169
U00183,0.0,0.87434185,0.0,0.0,0.0,0.7148067,0.0,0.0,0.0,1.2952155,0.8515978,0.0,0.0,0.0,0.22037643,0.0,1.124131,0.0,0.0,0.9186599,0.047132373,1.1133907,0.6787879,0.0,1.3114047,0.0,0.47183883,0.28460586,1.8685856,0.0,0.0,0.31274682,1.6546408,0.0,0.0,0.0,0.7718784,0.0,0.99489427,0.76327145,0.1486468,0.12546071,0.0,0.24858034,0.5854114,0.018332243,0.0,0.0,0.7019544,0.0,0.0,0.8478501,0.0,0.0,0.38711965,0.0,0.0,0.041930556,0.0,0.0,0.0,0.0,0.27237993,0.26392877
U00184,0.0,0.8327888,0.0,0.0,0.0,0.3250248,0.0,0.0,0.0,1.364881,0.8200681,0.0,0.0,0.0,1.2704512,0.0,0.0,0.30132198,0.0,0.0,1.1067767,0.7866773,0.559768,0.5485668,0.67571235,0.0,2.3779836,0.9815827,0.880627,0.0,0.0,0.065938115,0.5046865,0.0,0.47181404,0.0,0.5146885,0.0,1.2971348,0.8734412,0.0034869611,0.64256114,0.64324987,0.33637333,0.0,0.3176191,0.4972626,0.13931862,1.0899702,0.0,0.0,0.1459431,0.0,0.0,0.30875516,0.0,0.0,0.496673,0.0,0.15360025,0.32872552,2.1035922,0.0,0.095211744
U00185,0.0,0.0,0.0,0.0,0.23217468,1.4868163,0.0,0.20871699,0.1001878,0.0,1.1560757,0.0,0.0,0.32203686,0.0,0.04796821,0.055895567,1.342491,0.12628692,1.0178555,0.0,0.90809554,1.5508058,0.0,1.190416,0.0,0.0,0.0,0.753921,0.038525354,0.10402718,1.7421467,1.4166397,0.0,0.0,0.0,0.99465406,0.0,0.015993997,0.0,1.2514744,1.3531512,0.6648323,0.0,0.90639096,0.07657099,2.8417416,2.495623,0.0,0.0,0.0,0.35766533,0.0,0.0,0.87463486,0.0,0.0,0.0,0.0,0.0,0.28686723,1.3133427,0.0,1.6900764
U00186,0.0,2.3332539,0.0,0.0,0.0,0.0,0.0,0.2307392,0.0,1.4544351,0.0,0.0,0.33929473,1.021025,2.1291358,0.0,0.0,0.24826646,0.0,0.08883953,2.0319028,0.0,0.0,0.0,0.0,0.0,3.1815786,1.3987942,0.0,0.0,0.0,0.0,0.0,0.012772381,0.0,0.0,0.0,0.0,2.9937706,0.0,0.0,0.0,0.0,0.0,0.0,0.0,0.0,0.0,1.1565169,0.0,0.0,0.0,0.0,0.0,1.1715997,0.0,0.0,1.4251822,0.35717148,0.0,0.098682165,1.4859293,0.0,0.0
U00187,0.0,0.44367683,0.0,0.0,0.0,0.6779219,0.0,0.0,0.0,0.45777607,0.4630275,0.0,0.0,0.71265364,0.89896667,0.0,1.6998956,1.2254713,0.0,0.5432677,0.5925957,0.82126963,1.1151981,0.929629,0.3579331,0.0,1.1836189,0.2698636,0.8002312,0.0,0.0,0.7654989,0.9339142,0.0,0.6262082,0.0,0.3667118,0.0,1.617077,0.12728548,0.7802153,1.2189369,0.7431531,0.8479167,0.45528436,0.85705924,1.3613319,0.47337922,0.052654505,0.0,0.0,0.50125337,0.0,0.18753901,1.2979995,0.0,0.0,0.14448905,0.0,0.13869652,0.22637868,1.961002,0.28110117,0.37501335
U00188,0.0,0.6905755,0.0,0.0,0.0,0.74290824,0.0,0.0,0.0,0.95490766,0.9811753,0.0,0.0,0.0,0.82511896,0.0,1.0575994,0.0,0.0,0.53924465,0.6136482,1.1536734,0.6178195,0.26584703,0.6243212,0.0,0.7121089,0.81498516,0.99821866,0.0,0.0,0.09699094,1.1922964,0.0,0.20616424,0.0,0.78645873,0.0,0.365159,1.3306234,0.1452052,0.0,0.3406294,0.7013655,0.0,0.0,0.6668397,0.86146665,0.58304137,0.01620537,0.0,0.69487834,0.0,0.0,0.0,0.0,0.0,0.31097603,0.0,0.0,0.09578329,0.38802275,0.0,0.0
U00189,0.0,0.5932158,0.0,0.0,0.0,0.80272377,0.0,0.0,0.0,0.6919238,0.3106565,0.0,0.0,1.0343862,1.0562879,0.0,1.4027774,0.6927575,0.0,0.7078923,0.680996,1.1838036,0.85484356,0.45051998,0.38447893,0.0,0.7160386,1.2204437,0.8870225,0.0,0.0,0.4637884,0.7740647,0.0,0.8659944,0.1738441,0.7261487,0.0,1.384595,0.7260134,0.0,0.82090664,0.5861944,0.9823297,0.8871735,0.86064756,0.4680577,0.11774051,0.6848788,0.0,0.0,0.8582462,0.0,0.14833817,0.85565007,0.0,0.0,0.28199184,0.0,0.13883094,0.1328057,0.9373269,0.6983689,0.3363186
U00190,0.0,0.37071002,0.0,0.0,0.0,1.1331383,0.0,0.0,0.0,0.68093807,0.849069,0.0,0.0,0.0,0.50356203,0.0,1.6126907,0.0,0.0,0.33457446,0.0,1.3172331,1.5548158,0.0,1.1564789,0.0,0.37966967,0.34973836,1.404379,0.0,0.0,0.23136705,1.3110125,0.0,0.2773124,0.0,0.5734202,0.0,1.4469526,0.0,0.0,0.79098487,0.0,1.0062168,0.0,0.0,0.0,0.0,0.22545522,0.0,0.0,1.3682153,0.0,0.0,1.0764049,0.0,0.0,0.0,0.0,0.0,0.0,0.8890631,0.1994187,0.57530725
U00191,6.7277236,0.0,6.1345468,7.3436413,4.808692,0.0,6.6040525,4.4543943,6.341566,0.0,0.0,4.944609,4.603291,0.0,0.0,5.6799855,0.0,0.0,6.998365,0.0,0.0,0.0,0.0,0.0,0.0,6.9402256,0.0,0.0,0.0,6.1150455,6.443182,0.0,0.0,6.7000155,0.0,5.9996576,0.0,6.9592085,0.0,0.0,0.0,0.0,0.0,0.0,0.0,0.0,0.008573592,0.0,0.0,6.819511,6.456846,0.0,5.81491,0.0,1.8099197,6.5904875,6.2589326,0.0,5.2409916,0.0,0.0,5.1802135,2.7130587,0.0
U00192,1.0344088,0.0,1.3001941,1.6007664,1.1329902,0.0,1.4698864,1.4936715,1.5701523,0.0,0.0,1.0790154,0.75738215,0.0,1.2769756,0.88495344,0.3082751,0.0,1.1036544,0.0,0.0,0.03282675,2.198046,1.3171718,0.0,1.319927,2.0315785,0.0,0.0,0.82369995,1.5929924,0.0,0.0,1.5294812,0.12375349,1.1142695,0.0,1.2027458,4.039093,0.0,0.0,0.22186285,0.21806423,0.77342117,0.0,0.0,0.6727496,0.0,0.0,1.4676371,0.734743,0.0,1.4785013,0.0,4.6978025,1.0963762,1.7062829,0.0,1.6143885,0.0,0.0,5.871233,0.0,0.0
U00193,0.0,0.0,0.0,0.0,0.0,1.3826027,0.0,0.0055069476,0.0,0.0,0.30451676,0.020099059,0.0,0.63005763,0.40751344,0.0,1.6173612,0.0,0.0,0.0,0.0,1.552074,1.8800511,0.8923688,1.1913612,0.0,0.0,0.0,0.0,0.0,0.0,1.7208288,0.64676565,0.0,0.0,0.0,0.54169977,0.0,2.0376005,0.0,0.6874338,1.8107095,0.9519961,0.35561568,0.88692844,0.23592728,2.9806023,2.3382552,0.0,0.13421494,0.0,0.05048567,0.0,0.0,2.4012208,0.0,0.062338367,0.0,0.0,0.0,0.0,0.7960646,0.5340171,1.4585085
U00194,0.67198914,0.0,0.5487143,0.5921321,0.40482777,1.1051564,0.3307768,0.59563375,0.27593756,0.0,0.0,0.52614415,0.2001333,0.19349444,0.0,0.62409025,0.42492992,0.0,0.5583366,0.0,0.0,0.8956545,3.255751,1.2523775,1.05179,0.78249633,0.0,0.0,0.0,0.7378967,0.07898049,2.0485,0.0,0.5300823,0.0,0.0,0.0,0.47338733,2.9545417,0.0,1.6777806,2.526118,1.4590498,0.0,1.7909302,0.651946,4.178822,2.8283663,0.0,0.942598,0.71481526,0.0,0.5689969,0.0,3.389902,0.5712657,0.83023214,0.0,0.095282525,0.0,0.5181231,0.3876574,0.49625432,1.7213368
U00195,3.8628118,0.0,3.4333217,4.1777306,2.5586321,0.0,4.01106,2.686366,3.567226,0.0,0.0,2.499353,2.6949735,0.0,0.0,3.3263912,0.0,0.0,3.9860983,0.0,0.0,0.0,0.0,0.0,0.0,3.655322,0.0,0.0,0.0,3.2363913,3.3886757,0.0,0.0,3.8025446,0.0,3.8585708,0.0,3.802486,0.0,0.0,0.0,0.0,0.0,0.0,0.0,0.0,0.0,0.0,0.0,3.820887,3.4078846,0.0,3.249866,0.0,0.03547752,3.9271019,3.5511167,0.0,2.6720784,0.0,0.0,0.82691574,1.2213213,0.0
U00196,0.0,2.5424407,0.0,0.0,0.0,0.0,0.0,0.0,0.0,1.9004827,0.0,0.0,0.107368276,1.2412028,1.1878737,0.0,0.0,1.3313001,0.0,1.1072661,2.2613595,0.0,0.0,0.0,0.0,0.0,2.244464,1.913301,0.056090355,0.0,0.0,0.0,0.0,0.0,0.99275666,0.0,0.043498904,0.0,0.88895226,2.0695012,0.0,0.0,0.0,0.0,0.9422425,0.013646364,0.0,0.0,1.7276509,0.0,0.0,0.0,0.0,0.0,0.0,0.0,0.0,2.2141395,0.0,0.053275887,1.2069056,0.0,0.0,0.0
U00197,0.51059955,1.1932099,0.4401168,0.41627392,0.0025763363,0.0,0.6481031,0.39094588,0.55172294,0.67496085,0.0,0.16890967,0.37888402,1.9745259,1.9856135,0.5408317,0.0,1.894561,0.41454512,1.8052809,2.4820342,0.0,0.0,0.4064548,0.0,0.3299215,1.4896879,1.8185434,0.0,0.28228003,0.34070206,0.0,0.0,0.38781834,1.6116122,1.3896159,0.0,0.35781497,0.5887116,1.8396405,0.0,0.0,0.063313365,0.13281633,1.3373976,1.0090134,0.0,0.0,1.2202729,0.4053202,0.46556628,0.0,0.369761,0.0,0.0,0.4572019,0.3257289,1.5135468,0.12604809,0.13666205,1.1529248,0.0,0.04681456,0.0
U00198,0.0,0.0,0.0,0.0,0.0,1.3867115,0.0,0.0,0.0,0.50878596,0.98894775,0.0,0.0,0.0,0.0,0.0,1.5506437,0.59948003,0.0,0.6391221,0.0,1.180015,0.83270806,0.15805274,1.2328286,0.0,0.0,0.0,1.304297,0.0,0.0,0.97233367,1.5212859,0.0,0.0,0.0,1.4113193,0.0,0.5782217,0.0,0.41156578,0.66133976,0.4211699,0.7518537,0.0,0.0,0.9979967,0.9636712,0.14519072,0.0,0.0,1.1523741,0.0,0.0,1.3560513,0.0,0.0,0.0,0.0,0.0,0.0,1.464293,0.5899774,0.9976717
U00199,0.0,0.0,0.0,0.0,0.0,1.0089675,0.0,0.0,0.0,0.0,0.0,0.0,0.0,0.20753515,1.1138879,0.0,1.310595,0.0,0.0,0.0,0.93477,0.4828059,1.487514,1.8624094,0.0,0.0,0.0,0.33349073,0.050863266,0.0,0.0,1.523099,0.11216917,0.0,0.38681358,0.0,0.34640813,0.0,2.1246333,0.0,0.16001293,1.9840066,2.3062146,1.1997368,0.0,1.3104017,1.5107486,0.78999555,0.0,0.0,0.0,0.36015725,0.0,0.37048307,3.5855641,0.0,0.0,0.0,0.0,0.3200916,0.0,2.5110118,0.45997888,1.2534513
U00200,0.11680329,0.9343476,0.0,0.07823312,0.0,0.41885886,0.0,0.0,0.0,1.2507656,0.38721427,0.0,0.0,0.26687825,0.43124688,0.0,1.8325763,0.0,0.0801563,0.23658657,1.016319,0.53570986,0.0,0.0,0.0592373,0.0,0.1686157,1.5713768,0.80757624,0.0,0.0,0.10151154,0.78684247,0.027784705,0.9128492,0.22169852,1.0650622,0.09467736,0.0,1.9565793,0.0,0.0,0.05040127,1.3183912,0.8006041,0.18998015,0.0,0.24549642,1.2806728,0.0,0.0,0.7768376,0.0,0.0,0.17063773,0.07547611,0.0,0.96950895,0.0,0.0,0.20678037,0.0,0.41439587,0.0
U00201,0.0,0.0,0.0,0.0,0.3632565,2.6069345,0.0,0.0,0.116277084,0.0,2.0734143,0.0,0.0,0.0,0.0,0.0,0.0,0.30803037,0.07813731,0.0,0.0,0.8777604,2.5904107,0.0,2.1297543,0.10747334,0.0,0.0,1.1224098,0.09637727,0.22860938,3.7015343,2.1251333,0.0,0.0,0.0,1.5335586,0.0,0.0,0.0,2.2997565,2.8706899,1.1152202,0.0,0.67197466,0.0,4.206491,3.8336787,0.0,0.0,0.0,0.35928088,0.0,0.0,2.2437205,0.0,0.0,0.0,0.0,0.0,0.066411555,1.2406025,0.012084603,3.387293
U00202,0.0,0.86217505,0.0,0.0,0.0,0.73831713,0.0,0.0,0.0,0.23194683,0.5669842,0.0,0.0,0.0,1.3907391,0.0,0.0,0.0,0.0,0.0,0.8262162,0.4566344,1.7152803,0.83007205,1.2537084,0.0,2.3661847,0.36878216,0.9431279,0.0,0.0,0.37879217,0.1214672,0.0,0.47272822,0.0,0.0,0.0,3.9314513,0.0,0.6513009,1.0283896,1.2642955,0.0,0.0,1.144799,1.5399605,0.48413256,0.10574734,0.0,0.0,0.045066133,0.0,0.6070261,2.1897187,0.0,0.0,0.0,0.0,0.65430343,1.3437632,1.9058031,0.0,1.215689
U00203,0.68033165,0.7340171,0.60797346,0.783156,0.3692727,0.0,0.8649846,0.9099914,1.2085422,0.0,0.0,0.86118025,1.2950612,1.058331,1.864357,0.9489598,0.30862606,0.0,0.87818444,0.0,1.5285645,0.0,0.8902802,0.7941346,0.0,0.8488072,0.4757921,0.06971598,0.0,0.8252364,0.59168273,0.0,0.0,0.79674685,0.9263714,0.40039957,0.0,0.96330535,3.0305388,0.14994752,0.0,0.0,0.63267803,0.0,0.6974273,0.58422714,1.3449153,0.65350616,0.0,1.2084116,0.97485423,0.0,0.9497299,0.0,1.7915493,1.0110744,0.8205867,1.4044642,0.8429217,0.0,1.069237,0.0,0.0,0.0
U00204,0.0,0.0,0.062408656,0.0,0.0,0.9196657,0.0,0.0,0.0,0.0,0.5432708,0.0,0.0,0.32405084,0.21411854,0.0,0.9791101,0.23933363,0.0,0.0,0.0,1.4509239,1.7978456,0.6479765,0.7510309,0.0,0.0,0.0,0.8320123,0.0,0.0,1.2103935,0.97091144,0.0,0.0,0.0,0.04609032,0.0,2.0370421,0.0,0.95622987,1.6184143,1.0274795,0.5549619,0.60040843,0.79469883,1.8568255,0.94049907,0.0,0.0,0.0,0.35998523,0.0,0.0,2.0146866,0.0,0.0,0.0,0.0,0.0,0.0,1.5210714,0.4156014,0.7400129
U00205,0.0,1.5628262,0.0,0.0,0.0,0.3181506,0.0,0.0,0.0,1.1197345,0.33820862,0.0,0.0,0.6474958,0.77441764,0.0,0.5589409,1.1151073,0.0,0.20622182,1.3235669,0.0,0.0,0.6753836,0.0,0.0,1.6016443,1.3397044,0.20569968,0.0,0.0,0.031247675,0.26935518,0.0,0.98062825,0.0,0.8004186,0.0,0.06643185,2.0413349,0.053030282,0.0,1.0403984,0.8685762,0.29015946,0.410999,0.5842685,0.6785139,1.2537922,0.0,0.0,0.41645613,0.0,0.0,0.30340528,0.0,0.0,1.3217101,0.0,0.080746576,0.69896835,0.8476826,0.0,0.0
U00206,3.3780727,0.0,3.023395,3.667076,2.1998937,0.0,3.573649,2.4127753,3.1276982,0.03873372,0.0,2.1151817,2.3834543,0.0,0.0,2.9582243,0.0,0.0,3.4734092,0.110919476,0.0,0.0,0.0,0.0,0.0,3.1029801,0.0,0.0,0.0,2.7928786,2.8933413,0.0,0.0,3.3134432,0.0,3.4920914,0.0,3.2796087,0.0,0.0,0.0,0.0,0.0,0.0,0.0,0.0,0.0,0.0,0.0,3.3329895,2.9217741,0.0,2.8298671,0.0,0.0,3.4594967,3.1032023,0.0,2.272959,0.0,0.0,0.20122048,0.9658829,0.0
U00207,0.0,1.4919989,0.0,0.0,0.0,0.0,0.0,0.0,0.0,0.364596,0.0,0.0,0.0,0.9380324,1.1452162,0.0,1.2284696,0.89774466,0.0,0.0,1.7298887,0.0,0.0,1.5936208,0.0,0.0,1.7633216,1.1668527,0.0,0.0,0.0,0.15597373,0.0,0.0,1.2349082,0.0,0.0,0.0,0.7271749,1.4364343,0.3409528,0.6875394,1.2283633,0.9905408,0.26433873,1.5107448,1.356603,0.39217243,0.63590086,0.0,0.0,0.0,0.0,0.532521,1.5884384,0.0,0.0,1.1484418,0.0,0.22488089,1.1745374,1.3871948,0.40933427,0.0
U00208,0.052226126,0.0,0.16945809,0.11847627,0.2964821,0.46683154,0.22475594,0.0,0.37795538,1.9874064,1.9285326,0.0,0.21038564,0.0,0.0,0.11588141,0.0,0.0,0.3058352,1.7029691,0.0,0.54154223,0.0,0.0,1.7180321,0.3985887,0.0,0.0,3.713204,0.320207,0.28095606,0.88825655,2.8847888,0.41507715,0.0,0.0,1.1776903,0.37245438,0.0,0.0,0.78461295,0.41111022,0.0,0.0,0.0,0.0,0.0,0.27816853,0.6491969,0.06999946,0.18173322,1.0608923,0.40742236,0.0,0.0,0.14506313,0.47815266,0.0,0.04060261,0.0,0.0,0.0,0.7251472,0.7163366
U00209,0.0,1.1336142,0.0,0.025472939,0.0,0.37708357,0.0,0.0,0.0,1.5067667,0.41747752,0.0,0.0,0.0,0.36892247,0.0,0.37833983,0.8660587,0.035864204,1.0412979,0.8364206,0.19220039,0.0,0.0,0.11868858,0.0,1.0341082,1.2933266,0.77742165,0.0,0.0,0.0,0.46516633,0.0,0.89926547,0.0,0.76992416,0.03336543,0.0,2.0609472,0.024395257,0.0,0.21965861,0.41174537,0.68436825,0.22790885,0.0,0.0,1.3634677,0.0,0.0,0.59273005,0.0,0.0,0.0,0.14240676,0.0,0.93863523,0.0,0.0,0.42384014,0.0,0.066781044,0.0
U00210,0.0,0.6538795,0.0,0.0,0.0,1.21099,0.0,0.0,0.0,0.9381694,0.92306626,0.0,0.0,0.0,0.6158308,0.0,2.1794996,0.0,0.0,0.375484,0.14342582,1.250464,1.3408892,0.80457944,1.091945,0.0,1.0201273,0.37633824,1.308078,0.0,0.0,0.64859366,1.1643429,0.0,0.66197264,0.0,0.7101418,0.0,1.0305277,0.8132707,0.4603321,0.6888912,0.5151,0.9789465,0.20897317,0.56041366,0.6521121,0.15093413,0.5743442,0.0,0.0,1.1046724,0.0,0.37536696,0.83836925,0.0,0.0,0.0,0.0,0.28305352,0.0,1.1794721,0.35220703,0.37985802
U00211,0.0,0.0,0.0,0.0,0.0,1.3311292,0.0,0.0,0.0,0.0,0.0,0.0,0.0,1.4350569,1.1367165,0.0,2.0868235,0.0,0.0,0.0,0.060010314,1.1064503,2.3088813,1.4764729,0.9675206,0.0,0.0,0.0,0.0,0.0,0.0,1.4019353,0.0,0.0,0.642241,0.0,0.0,0.0,2.5910702,0.0,0.8096158,1.3838168,1.2839297,0.9479133,1.3711324,0.83624375,2.6982303,1.4611757,0.0,0.0,0.0,0.0,0.0,0.26043156,2.5820484,0.0,0.0,0.0,0.0,0.0,0.1803714,0.8023349,0.0,1.2736156
U00212,0.03041917,1.0816938,0.045379862,0.0,0.21839248,0.0,0.28625727,0.36400235,0.63079035,0.50244594,0.0,0.25867295,0.28261858,1.9849684,2.8930397,0.0,0.0,0.0,0.0,0.0,3.171472,0.0,0.0,0.98485416,0.0,0.0,1.8934906,2.1894722,0.0,0.22116302,0.0,0.0,0.0,0.0,1.7182851,0.48065656,0.0,0.12509239,0.9858322,1.0887654,0.0,0.0,0.482323,1.394506,0.0,0.26305264,0.0,0.0,1.1385497,0.28886124,0.021094564,0.0,0.50225556,0.0,0.78820455,0.0,0.0,1.1572062,0.51677424,0.0,0.3403045,0.0,0.0,0.0
U00213,0.0,0.068882406,0.0,0.0,0.0,1.032883,0.0,0.0,0.0,1.2992097,1.2410047,0.0,0.0,0.0,0.0,0.0,0.8723952,0.27885222,0.0,0.7987119,0.0,1.0883906,0.86835665,0.0,1.6254807,0.0,0.0,0.0,1.908462,0.0,0.0,0.16435337,2.0426693,0.0,0.0,0.0,0.9793744,0.0,0.402105,0.0,0.15917611,0.27816767,0.0,0.40513653,0.0,0.0,0.0,0.30767667,0.13532805,0.0,0.0,1.2885262,0.0,0.0,1.0235063,0.0,0.0,0.0,0.0,0.0,0.0,2.0148633,0.3258581,1.3255129
U00214,0.0,0.27093852,0.0,0.0,0.0,0.8929019,0.0,0.0,0.0,0.90800154,0.99991953,0.0,0.0,0.90068233,0.49760348,0.0,0.78212774,2.0121737,0.0,1.53584,0.69587016,0.7240497,0.0,0.13981873,0.46869755,0.0,0.15782523,1.2093983,0.5488663,0.0,0.0,0.46852863,0.85043836,0.0,0.764047,0.08439124,1.3879807,0.0,0.0,0.9771346,0.1806179,0.0077913105,0.39565778,0.8254163,0.38073432,0.01841855,0.6326671,1.0917342,0.8990561,0.0,0.0,1.0145473,0.0,0.0,0.0,0.0,0.0,0.3010037,0.0,0.0,0.23127049,0.9705657,0.08666223,0.17331946
U00215,0.36538073,1.5726303,0.33630532,0.26653883,0.0,0.0,0.15639257,0.0,0.0,2.0665913,0.0,0.0,0.05553215,2.1401193,0.29075068,0.34145737,0.0,3.267468,0.13543397,3.0259695,1.6780026,0.0,0.0,0.0,0.0,0.17589697,1.5260996,2.002783,0.40366894,0.008996777,0.19926722,0.0,0.0,0.3606037,1.0445634,1.2824873,0.08259742,0.24241152,0.0,2.097552,0.0,0.0,0.0,0.0,1.7862473,0.35129976,0.0,0.0,1.7670879,0.15788718,0.25367534,0.0,0.02630511,0.0,0.0,0.14853537,0.17702338,1.4875627,0.0,0.0,1.1530725,0.0,0.7401984,0.0
U00216,0.7489997,1.1595999,0.76415956,0.8067358,0.0788693,0.0,0.70034003,0.3909195,0.5312941,1.6572192,0.0,0.10299118,0.22470783,2.053943,0.8063158,0.74469614,0.0,3.1338134,0.59416366,2.8350232,1.7968887,0.0,0.0,0.0,0.0,0.48675013,1.5727162,1.6801074,0.0,0.460631,0.54871684,0.0,0.0,0.8118912,0.929008,1.5806158,0.0,0.5378126,0.0,1.7737776,0.0,0.0,0.0,0.0,1.3951315,0.5899311,0.0,0.0,1.3623351,0.538069,0.50166154,0.0,0.45854038,0.0,0.0,0.5846332,0.62788093,1.4453106,0.17701814,0.0,1.1636463,0.0,0.45144653,0.0
U00217,0.17026246,0.79791814,0.0,0.068244636,0.0,0.019450516,0.080284715,0.32091185,0.025564082,0.0,0.0,0.14909194,0.1976885,1.3259041,1.894235,0.18431786,1.4685218,0.0,0.0,0.0,1.4575528,0.55647993,1.3614283,0.77785224,0.16128576,0.08707282,0.66478217,0.2841227,0.0,0.037925534,0.0039927214,0.0,0.0,0.0,0.8192213,0.06645405,0.0,0.045007735,2.876633,0.3478428,0.0,0.21183038,0.5830209,0.54081196,1.0000446,0.71024615,1.214868,0.5167042,0.0,0.17550188,0.09463269,0.0,0.2461031,0.0,1.4434365,0.10388392,0.11860496,1.0831614,0.063310236,0.0,0.39930567,0.0,0.0,0.0
U00218,0.0,2.6695833,0.0,0.0,0.0,0.0,0.0,0.0,0.0,3.0467129,0.66036403,0.0,0.0,1.7502021,0.0,0.0,0.0,1.3749434,0.0,0.4209354,1.2694006,0.0,0.0,0.0,0.0,0.0,2.814883,1.9478378,0.08340627,0.0,0.0,0.0,0.0,0.0,0.432729,0.0,0.10350615,0.0,0.0,2.3081768,0.0,0.0,0.0,0.0,0.28184652,0.0,0.0,0.0,2.5249648,0.0,0.0,0.30719247,0.0,0.0,0.0,0.0,0.0,1.6372495,0.0,0.0,0.957846,2.38949,0.0,0.0
U00219,0.0,0.8528844,0.0,0.0,0.0,0.0,0.0,0.0,0.0,1.2819867,0.0,0.0,0.0,1.9411404,1.2744268,0.0,0.0,2.508107,0.0,1.1507257,1.5716754,0.0,0.0,0.798403,0.0,0.0,2.645997,0.82569265,0.07047057,0.0,0.0,0.0,0.0,0.0,1.022478,0.0,0.0,0.0,0.81758296,1.4889736,0.06028536,0.0,0.47348326,0.48217252,0.7164443,1.0271282,0.03096795,0.0,1.0421009,0.0,0.0,0.0,0.0,0.0,0.0,0.0,0.0,1.3434149,0.0,0.057596304,0.92845136,1.5361071,0.0,0.0
U00220,0.0,1.3251839,0.0,0.0,0.0,0.09124738,0.0,0.0,0.0,0.7317481,0.6635212,0.0,0.0,0.0,0.49926144,0.0,0.0,0.88936746,0.0,0.25004458,0.74042255,0.110152245,0.46975583,0.0,0.64313006,0.0,1.8889723,0.07573366,1.0461254,0.0,0.0,0.06496996,1.1986284,0.0,0.36429793,0.0,0.0,0.0,1.4435966,1.3841166,0.77008843,0.010164112,0.64139366,0.0,0.74257547,0.7562892,1.2577636,0.7598462,0.2060523,0.0,0.0,0.14132895,0.0,0.0,0.41121662,0.0,0.0,1.6740944,0.0,0.0,0.96624845,0.6552721,0.0,0.0
U00221,0.0,0.0,0.0,0.0,0.0,0.51196074,0.0,0.0,0.0,0.3246349,1.3135642,0.0,0.0,0.09571481,0.68821657,0.0,0.0,1.2216866,0.0,0.7541239,0.32220483,0.4775752,0.72294647,0.0,1.444253,0.0,0.05620098,0.077991605,1.6110094,0.0,0.0,1.5778978,1.6376342,0.0,0.0,0.0,0.88263273,0.0,0.69343734,0.0,1.2403464,2.044224,0.43937805,0.0,0.22797978,0.37216443,1.6374253,1.9237038,0.0,0.0,0.0,0.15816973,0.0,0.008370668,0.23946476,0.0,0.0,0.0,0.0,0.24775784,0.97610545,1.1075774,0.0,1.1924901
U00222,0.14912987,0.4111784,0.08208443,0.3312043,0.0,1.1972367,0.3189003,0.0,0.13102162,1.6913435,1.8250906,0.056746513,0.0098343305,0.0,0.0,0.0,1.2897848,0.0,0.1257548,0.9833598,0.0,1.3292751,0.25337696,0.0,2.0348299,0.31310594,0.0,0.0,2.9815845,0.043368753,0.16983552,0.555593,2.9350982,0.25614265,0.0,0.10978341,1.4920887,0.095235944,0.0,0.83800995,0.41976917,0.0,0.0,0.22015828,0.0,0.0,0.0,0.11722207,0.59039533,0.39417046,0.13345814,1.8344711,0.17669971,0.0,0.0,0.30647784,0.20481148,0.0,0.0871945,0.0,0.0,0.0,0.36993355,0.28473842
U00223,0.0,0.21131194,0.0,0.0,0.0,0.626585,0.035762608,0.0,0.0,1.052398,0.796273,0.0,0.0,0.001591444,0.024638653,0.0,0.36860788,0.79802334,0.0,0.4401884,0.052800894,1.3984392,0.4928432,0.0,0.62620485,0.0,0.26775694,0.39580107,1.5359479,0.0,0.0,0.53743565,1.3214076,0.0,0.0,0.0,0.5483303,0.0,1.4300144,0.11090338,0.12142822,1.0975996,0.0,0.27480245,0.42777288,0.016873002,0.27218357,0.020366102,0.6675334,0.0,0.0,0.81414413,0.0,0.0,0.8407067,0.0,0.0,0.2505411,0.0,0.0,0.0,0.91540504,0.6699868,0.24289238
U00224,0.12945592,0.0,0.4224673,0.41717157,0.0,0.94046175,0.43834805,0.0,0.2057121,1.0338008,1.4724337,0.051625848,0.01831188,0.0,0.0,0.15240744,2.2173648,0.0,0.48476118,0.62525606,0.0,1.7115734,0.5841685,0.0,1.2008861,0.039578408,0.0,0.0,2.5280395,0.28955978,0.025803283,1.0456073,2.153159,0.22042418,0.0,0.3566512,0.7510741,0.37047344,0.007871015,0.4043032,0.48655963,0.76022375,0.0,0.48157215,0.5382991,0.0,0.0,0.0,0.31415492,0.12029871,0.0,1.6053903,0.14477995,0.0,0.8102566,0.08122212,0.34646145,0.0,0.0,0.0,0.0,0.0,1.3406873,0.19677472
U00225,0.0,0.5252831,0.0,0.0,0.0,0.42061296,0.0,0.0,0.0,2.1245418,1.5568916,0.0,0.0,0.0,0.0,0.0,0.0,0.7279711,0.0,0.86978245,0.0,0.0,0.0,0.0,1.7524307,0.0,0.1560167,0.0,3.0019212,0.0,0.0,0.4591781,1.9569911,0.0,0.0,0.0,0.5506468,0.0,0.0,0.031722307,0.80896,0.0,0.0,0.0,0.19083333,0.0,0.0,0.0,0.4440874,0.0,0.0,1.0133862,0.0,0.0,0.0,0.0,0.0,0.0,0.0,0.0,0.0,0.0,0.94909215,0.7860011
U00226,0.0,0.95235896,0.0,0.0,0.0,0.19182086,0.0,0.033299357,0.0,1.0114797,0.7707695,0.0,0.0,1.9109102,1.0461457,0.0,0.2684394,0.70829666,0.0,0.950789,0.89321727,0.52431107,0.8349679,0.41675478,0.47705412,0.0,1.1659956,0.31483817,0.2840315,0.0,0.0,0.0,0.049727798,0.0,0.29068154,0.0,0.24072254,0.0,1.4392643,0.8488481,0.0,0.0,0.0,0.0,1.2500224,0.21562982,0.81010544,0.4291756,0.70258033,0.0,0.0,0.044728138,0.0,0.0,0.36071956,0.0,0.0,1.1328559,0.0,0.0,1.0174489,0.96525395,0.0,0.043123186
U00227,0.0,0.0,0.32455602,0.25100464,0.0,1.4646307,0.2637195,0.0,0.18957907,0.3453685,2.089142,0.0,0.0,0.0,0.0,0.18271947,2.3625834,0.0,0.21004993,0.16164255,0.0,2.178869,1.1276779,0.0,1.5736272,0.10895553,0.0,0.0,2.2143273,0.19697765,0.43496728,1.0014825,2.511925,0.036486447,0.0,0.6190139,1.6284059,0.017640084,0.40041113,0.0,0.10833925,0.9338348,0.0,0.9869868,0.0,0.0,0.0,1.1832944,0.0,0.0,0.0,1.8005732,0.0,0.029590249,1.2040111,0.0,0.22744703,0.0,0.0,0.0,0.0,0.037016824,1.0302541,0.7644458
U00228,0.026107252,0.77726954,0.0,0.0,0.0,0.58623457,0.0,0.13812009,0.0,0.76032746,0.5706873,0.0,0.0,0.18884957,0.9597292,0.0,0.8352511,1.4115463,0.07674813,1.4349831,0.75322396,0.5808654,0.0,0.11714139,0.312558,0.0,0.63712835,0.7550965,0.72854465,0.0,0.09850928,0.28814948,0.971912,0.0,0.37570393,0.35436285,1.0644827,0.06346583,0.17800811,0.97602487,0.33246297,0.0,0.45126754,0.5149456,0.8358776,0.37289816,0.512337,1.1944698,0.76385605,0.022300929,0.06280652,0.39860228,0.0,0.0,0.0,0.0,0.0,0.42279643,0.0,0.0,0.5449178,0.64599967,0.29345024,0.05767536
U00229,0.0,0.0,0.067174196,0.33435833,0.0,1.0201697,0.22137249,0.0,0.1556564,1.2391816,1.7570767,0.0,0.0,0.0,0.0,0.0,2.7905486,0.0,0.19122621,0.1982565,0.0,1.6977079,1.4630265,0.0,1.5915048,0.0,0.0,0.0,2.2963667,0.0,0.0,0.70105696,2.1416335,0.1253204,0.0,0.12669396,0.8235351,0.0,0.21354027,0.0,0.0,0.8989297,0.0,0.907616,0.0,0.0,0.0,0.12631267,0.32657266,0.0,0.0,1.6810551,0.0,0.0,1.4983052,0.0,0.31501296,0.0,0.0,0.0,0.0,0.68570673,0.8494596,0.48535228
U00230,0.0,0.47207087,0.0,0.0,0.0,0.08996086,0.0,0.0,0.0,1.2064636,0.4618866,0.0,0.0,1.3103042,0.44267476,0.0,0.0,2.5909293,0.0,2.0555873,0.9630545,0.15928096,0.0,0.14967318,0.34356952,0.0,1.0656989,0.45198262,1.2189238,0.0,0.0,0.025207937,0.845808,0.0,0.28161746,0.0,0.08046539,0.0,0.0,1.0690709,0.6488703,0.0,0.15807961,0.0,1.1764207,0.7975035,0.66641235,0.4370925,0.71844435,0.0,0.0,0.0,0.0,0.0,0.0,0.0,0.0,1.3600823,0.0,0.0,0.7944274,0.5483949,0.0,0.0
U00231,0.0,0.36430502,0.0,0.0,0.0,0.0,0.0,0.0,0.0,0.0,0.9142078,0.0,0.0,0.0,0.0,0.0,0.75100493,3.0706577,0.0,0.78092337,0.0,0.0,0.6329132,0.6224682,0.14496851,0.0,0.31358206,0.0,0.7514501,0.0,0.0,1.3883648,1.2060896,0.0,0.0,0.0,0.0,0.0,0.14549217,0.0,2.5317504,1.0324297,0.36765411,0.0,1.4181638,1.4477332,2.207367,1.1216161,0.0,0.0,0.0,0.3332454,0.0,0.0,2.143548,0.0,0.0,0.0148922205,0.0,0.0,1.4087379,3.4930568,1.007777,0.15470493
U00232,0.21714449,0.0,0.0010511279,0.32322428,0.1112334,1.4585371,0.20006502,0.08730993,0.05854988,0.63578135,1.6582059,0.0,0.0,0.0,0.0,0.15566677,0.67061937,0.32270336,0.1045104,1.645737,0.0,1.463947,0.9361798,0.0,1.8211393,0.04567963,0.0,0.0,2.1247756,0.22768141,0.2294126,0.689584,2.530947,0.07231009,0.0,0.33961803,1.1685376,0.0,0.0,0.0,0.592378,0.42553157,0.0,0.0,0.0,0.0,0.32641992,1.2787238,0.0,0.16765386,0.051342025,1.2250328,0.14074957,0.0,0.14089763,0.2842165,0.2460794,0.0,0.0,0.0,0.0,1.1992759,0.51849735,1.2491968
U00233,3.9916344,0.0,3.549283,4.318747,2.6604316,0.0,4.1250734,2.7612348,3.686329,0.0,0.0,2.6051702,2.7787774,0.0,0.0,3.4296033,0.0,0.0,4.120436,0.0,0.0,0.0,0.0,0.0,0.0,3.8036778,0.0,0.0,0.0,3.3613296,3.523323,0.0,0.0,3.930458,0.0,3.9565604,0.0,3.9419603,0.0,0.0,0.0,0.0,0.0,0.0,0.0,0.0,0.0,0.0,0.0,3.9528148,3.539054,0.0,3.3671143,0.0,0.11926997,4.0486126,3.6688056,0.0,2.7846408,0.0,0.0,1.0208051,1.2903309,0.0
U00234,0.0026060939,1.1941444,0.07581107,0.30374748,0.09744798,0.0,0.19865674,0.1727063,0.2920202,1.6313071,0.0,0.035020832,0.011654396,1.8062794,1.2431641,0.24263614,0.0,1.774747,0.047267467,0.72304416,2.093876,0.0,0.0,0.23656674,0.0,0.0,2.25875,1.6272962,0.0,0.21387388,0.0,0.0,0.0,0.30228233,0.85847133,0.34757686,0.0,0.0,0.0,1.8144481,0.0,0.0,0.0,0.45844206,0.4127313,0.50518745,0.0,0.0,1.2454516,0.19744274,0.0022832248,0.0,0.35887325,0.0,0.0,0.0,0.17533351,1.8094045,0.20473042,0.0,1.1034043,0.45349184,0.0,0.0
U00235,0.0,0.94341046,0.0,0.0,0.0,0.23804429,0.0,0.0,0.0,0.0,0.0,0.0,0.34272105,0.56005156,2.3321962,0.004083276,0.023064971,0.0,0.0,0.0,0.9823218,0.0,1.7528567,1.6438005,0.2242698,0.0,2.556364,0.0,0.0,0.0,0.0,0.0,0.0,0.0,0.8405424,0.0,0.0,0.0,2.5719385,0.780782,0.120737344,0.36911994,1.558928,0.048110187,0.0,0.82036257,1.5712582,0.85878134,0.0,0.0,0.0,0.0,0.0,0.0,0.85936534,0.0,0.0,0.9926021,0.0,0.0,0.9487777,1.0293071,0.0,0.0
U00236,1.4707963,1.3918111,1.1210451,1.4043794,1.7423884,0.0,0.98005706,0.8424876,1.24686,2.0818,0.0,1.3732897,1.3781883,1.9987538,0.0,1.7688053,0.0,3.0031433,1.6075253,1.162454,2.2296445,0.0,0.0,0.0,0.0,1.4851606,2.2602189,2.0278378,0.0,1.9352978,1.1347402,0.0,0.0,1.4076087,1.1439021,0.0,0.0,1.7470632,0.0,1.8578035,0.0,0.0,0.0,0.0,0.0,0.0,0.0,0.0,1.3858812,1.7371503,1.4629778,0.0,1.8226714,0.0,0.0,1.4164972,1.6734483,1.38249,1.5603766,0.0,0.0,0.0,0.0,0.0
U00237,0.0,1.1927993,0.0,0.0,0.14917038,0.0,0.0,0.0,0.0,2.2140315,0.023873404,0.00033438765,0.0,1.2336824,0.0,0.0,0.0,1.5897598,0.0,0.7751969,2.0538394,0.0,0.0,0.0,0.0,0.0,0.9714015,1.9555061,0.5837003,0.0,0.0,0.0,0.0,0.0,1.4884424,0.0,0.6985932,0.0,0.0,2.3415217,0.0,0.0,0.0,0.611761,0.0,0.0,0.0,0.0,1.5905402,0.0,0.0,0.84366953,0.0,0.0,0.0,0.0,0.0,1.3645952,0.0,0.0,0.0,0.0,0.0,0.0
U00238,0.0,0.0,0.0,0.0,0.0,1.7831733,0.0,0.0,0.0,0.0,1.2960893,0.0,0.0,0.0,0.0,0.0,1.1940887,0.12055969,0.0,0.0,0.0,1.7069755,1.9299796,0.2529503,1.2771887,0.0,0.0,0.0,1.4171346,0.0,0.0,1.0892583,1.7971016,0.0,0.0,0.0,0.6649588,0.0,1.5457598,0.0,0.63353384,1.8741293,0.44034514,1.2218415,0.0,0.0,0.67227894,0.3627251,0.0,0.0,0.0,0.93194973,0.0,0.0,1.3796188,0.0,0.0,0.0,0.0,0.0,0.0,1.3929489,0.0,1.3066032
U00239,0.0,2.0658817,0.0,0.0,0.0,0.0,0.0,0.0,0.08099347,0.54425216,0.0,0.22159758,0.0,0.0,0.7084339,0.0,1.0415562,0.29936695,0.0,0.0,1.2495918,0.0,0.52078956,1.482949,0.0,0.0,2.4579103,0.47390735,0.0,0.0,0.18172322,0.0,0.0,0.0,0.38093835,0.0,0.0,0.0,1.118228,1.578739,0.90027624,0.6751855,0.78136575,0.40817142,0.080280304,1.663007,0.72157645,0.0,0.5164943,0.0,0.0,0.0,0.12891915,0.21188328,1.9734033,0.0,0.0,1.1285734,0.6647303,0.0,1.3371778,2.4794567,0.6498406,0.0
U00240,0.0,0.602899,0.21620053,0.2001864,0.0,0.0,0.38833168,0.32716778,0.0,0.56485194,0.0,0.030139487,0.0,0.84394884,1.720297,0.0999718,0.61394346,0.69893205,0.0,0.21236229,1.3370044,0.3142099,0.82789034,0.33880466,0.0,0.1742129,1.6148549,1.2540059,0.25003624,0.0,0.21031992,0.0,0.0,0.32780176,0.72699004,0.27050602,0.0,0.13821355,2.4987013,0.48137832,0.0,0.043753237,0.31330025,0.5059056,0.26618028,0.6228864,0.6270617,0.0,0.40815687,0.119121715,0.0,0.0,0.10600245,0.0,1.144682,0.07407367,0.11806378,0.60949206,0.03855951,0.0,0.11267567,1.9163111,0.0,0.0
U00241,0.0,0.0,0.0,0.0,0.0,1.4127305,0.0,0.0,0.0,0.3751924,0.8441788,0.0,0.0,0.22713852,0.562695,0.0,0.0,1.0140507,0.0,0.6338451,0.40976787,0.6413659,1.0530932,0.3386684,1.2148669,0.0,0.9061366,0.0,1.4923581,0.0,0.0,0.8785229,0.96184224,0.0,0.13635516,0.0,0.23645294,0.0,1.1961741,0.0,0.96213585,1.0814161,0.72668993,0.49555677,0.3042295,0.65193915,1.436635,0.5720438,0.0,0.0,0.0,0.18064244,0.0,0.1093871,0.6129602,0.0,0.0,0.19155204,0.0,0.2388503,0.17060727,0.4342716,0.0,1.0816436
U00242,0.0,0.9625519,0.0,0.0,0.110612795,0.40297768,0.0,0.0,0.0,1.2167664,0.8534483,0.0,0.0,1.4602116,0.0,0.0,0.28827256,2.1825752,0.0,1.5596081,0.7430238,0.0,0.0,0.0,0.0,0.0,0.0,1.7192521,0.07625502,0.0,0.0,1.1716381,0.31383878,0.0,1.2333381,0.0,1.6421043,0.0,0.0,1.4558387,0.0,0.0,0.30147362,0.42722157,1.1054988,0.0,0.5612839,0.0,1.4332472,0.0,0.0,1.4255229,0.0,0.25888762,0.0,0.0,0.0,0.8209017,0.0,0.0,0.14217025,0.0,1.0442683,0.34197855
U00243,0.042060614,0.8648959,0.0,0.0761475,0.0,0.6548706,0.0,0.0,0.0,2.0128512,0.8037282,0.097156435,0.0,0.0,0.0,0.0,0.44241673,0.51946056,0.21485895,1.3811955,0.6233239,0.5431179,0.0,0.0,0.24001855,0.0,0.7206572,1.5530305,1.345242,0.032490056,0.0,0.0,0.66216743,0.0,0.8083216,0.076660514,1.0251168,0.0,0.0,1.5792944,0.0,0.0,0.0,0.51342666,0.0,0.0,0.0,0.0,1.5174083,0.036475092,0.0,1.2382451,0.0,0.0,0.0,0.0,0.0,0.18762195,0.0,0.0,0.0,0.0,0.21735957,0.0
U00244,0.41060883,1.3933629,0.29829246,0.2381959,0.0,0.0,0.44495848,0.22749344,0.27327332,1.1675533,0.0,0.045415677,0.1944152,1.8372366,1.5322396,0.42179736,0.0,2.3891313,0.26061034,2.3557928,2.2266753,0.0,0.0,0.15055284,0.0,0.29138646,1.4381309,1.976403,0.0,0.058162007,0.24572742,0.0,0.0,0.33040732,1.50084,1.2816986,0.0,0.26174664,0.095896356,1.9927988,0.0,0.0,0.0,0.0,1.57198,0.8360532,0.0,0.0,1.4901263,0.29195088,0.29985958,0.0,0.13294032,0.0,0.0,0.35566202,0.12671718,1.5163684,0.0,0.18520339,1.1853935,0.0,0.2434445,0.0
U00245,0.19081354,0.0,0.0,0.0,0.0,0.7735449,0.01534307,0.0,0.0,0.0,0.28978226,0.07164669,0.0,0.063409805,0.38333797,0.0,2.310977,0.0,0.34452564,0.0,0.0,1.3445281,0.88567716,0.105329975,0.8573909,0.0,0.0,0.0,0.62242675,0.0,0.09166886,1.215445,1.2436575,0.023584336,0.0,0.0,1.0029665,0.10961515,1.6712774,0.0,0.24319655,1.0709643,0.5354167,1.0794965,0.78122646,0.4195127,1.3765136,1.4204106,0.0,0.0011405647,0.0,0.4438457,0.0,0.0,2.3300595,0.06388831,0.0,0.0,0.0,0.0,0.0,0.630015,0.75364166,0.9406105
U00246,0.0,0.10219246,0.0,0.0,0.0,0.45907548,0.0,0.0,0.0,0.0,0.0,0.0,0.0,1.55737,2.2521677,0.0,0.74040914,0.0,0.0,0.0,1.9212464,0.0,0.917296,1.7215784,0.0,0.0,0.63249284,1.2245998,0.0,0.0,0.0,0.7112498,0.0,0.0,1.5054748,0.0,0.28678113,0.0,3.7841527,0.0,0.052505583,1.1547081,1.9673789,1.720226,0.0,1.1376673,1.9655782,1.2026988,0.0,0.0,0.0,0.0,0.0,0.67783403,3.3570433,0.0,0.0,0.0,0.0,0.20811073,0.2170816,0.56510735,0.0,0.90748715
U00247,0.018105567,0.0,0.0,0.10640836,0.17548542,1.2292966,0.0660907,0.0,0.117319345,1.5670309,1.9005663,0.0,0.04716573,0.0,0.0,0.0,0.68790364,0.0,0.05560258,1.1103934,0.0,1.5659873,0.6994762,0.0,1.7972155,0.0,0.0,0.0,2.9953022,0.0,0.0,0.6516372,2.550865,0.052482367,0.0,0.2592739,1.106822,0.03115365,0.0,0.0,0.32046878,0.666686,0.0,0.0,0.0,0.0,0.0,0.0,0.41560686,0.0,0.0,1.3157008,0.13008013,0.0,0.0,0.12940502,0.106100306,0.0,0.0,0.0,0.0,0.0,0.8309501,0.8877746
U00248,0.0,0.73590577,0.0,0.022668779,0.0,0.47766718,0.0,0.0,0.0,0.9624271,1.1047994,0.0,0.0,0.0,0.0,0.0,1.298342,2.2258813,0.0,2.3081307,0.0,0.24194437,0.0,0.17292988,0.07009494,0.0,0.0,0.81482196,1.2294352,0.02412524,0.1299913,0.8292601,1.0558668,0.0,0.02609539,0.0,0.738021,0.0,0.0,0.690202,0.21863452,0.06385884,0.6105418,0.0,0.8265699,0.0,0.0,0.4497508,1.0232573,0.10585953,0.0,1.0391189,0.0,0.17198274,0.3184539,0.0,0.0,0.32566214,0.0,0.0,0.0,0.2603597,1.6074759,0.0
U00249,0.0,1.210359,0.0,0.0,0.0,0.0,0.0,0.0,0.0,2.2679744,0.96242154,0.0,0.0,0.0,0.0,0.0,0.787693,0.9107423,0.0,1.2550782,0.4227842,0.36286363,0.0,0.0,0.66966784,0.0,0.60651433,0.76647824,1.9196936,0.0,0.0,0.0,1.3565737,0.0,0.0,0.0,0.45110792,0.0,0.006557592,1.4277494,0.0,0.0,0.0,0.0,0.49189675,0.0,0.0,0.0,1.2051564,0.0,0.0,0.9072689,0.0,0.0,0.0,0.0,0.0,0.38867223,0.0,0.0,0.18696177,0.41717738,0.49408728,0.0
U00250,0.0,0.18093145,0.0072340965,0.062603354,0.0,0.98876333,0.0,0.0,0.0,0.48948205,1.0362146,0.0,0.0,0.0,0.21003562,0.0,2.6936665,0.0,0.0,0.0,0.0,1.7850413,1.7442672,0.0,1.3894948,0.0,0.0,0.16513836,1.5976813,0.0,0.0,0.6531912,1.459815,0.0,0.0,0.39715672,0.7874871,0.0,1.7226934,0.10742295,0.0,0.66312605,0.0,1.0289596,0.3247366,0.21689355,0.0,0.0,0.4238757,0.0,0.0,1.3223372,0.0,0.0029371083,1.4921323,0.0,0.008783668,0.0,0.0,0.0,0.0,0.1925112,1.1895251,0.299716
U00251,0.698577,1.5966313,0.48940873,0.8910877,1.1640676,0.0,0.52032936,0.6206749,0.75514245,1.5865996,0.0,0.7995533,0.6899768,2.635275,1.0574874,0.91162694,0.0,1.2406942,0.634201,0.047736168,3.0129633,0.0,0.0,0.0,0.0,0.4333125,1.935277,2.6693902,0.0,0.7484856,0.47605228,0.0,0.0,0.57415664,1.7097007,0.5054381,0.0,0.6301505,0.0,1.7988532,0.0,0.0,0.0,0.32948357,0.0,0.0,0.0,0.0,1.4524317,1.1560224,0.8446988,0.0,0.98662263,0.0,0.0,0.6096183,0.88596374,1.8331885,0.9083398,0.0,0.6454071,0.0,0.0,0.0
U00252,0.0,1.6447167,0.0,0.0,0.0,0.0,0.0,0.0,0.0,2.2298741,0.6277778,0.0,0.0,3.3543305,0.0,0.0,0.0,3.02723,0.0,2.173137,0.68709475,0.0,0.0,0.0,0.0,0.0,1.5219852,2.2542274,0.0,0.0,0.0,0.0,0.0,0.0,0.10380989,0.6480335,0.6424779,0.0,0.0,0.25920773,0.0,0.0,0.0,0.0,0.0,0.0,0.0,0.0,1.4454668,0.0,0.0,0.469386,0.0,0.0,0.0,0.0,0.0,0.0,0.0,0.0,0.17733353,3.4836936,0.7104982,0.44854867
U00253,0.0,0.7366449,0.0,0.0,0.0,0.2863692,0.0,0.0,0.0,1.4481261,0.27147037,0.0,0.0,1.4760302,1.3312776,0.0,0.42087674,1.6144924,0.0,1.1216298,1.648074,0.40269935,0.0,0.47604883,0.17679107,0.0,1.7488599,1.2409278,0.9180425,0.0,0.0,0.0,0.31760502,0.0,0.7131776,0.0,0.48676524,0.0,0.92678285,0.98723614,0.048208535,0.19961375,0.12732582,0.4321698,0.5500844,0.64951175,0.44070405,0.066670254,0.9899082,0.0,0.0,0.25111598,0.0,0.052563667,0.33821428,0.0,0.0,0.90943944,0.0,0.28744283,0.68524635,1.1368029,0.0,0.09281421
U00254,0.0,0.9440445,0.0,0.0,0.0,0.0,0.0,0.06659496,0.0,0.0,0.0,0.0,0.0,0.85446614,2.6435094,0.0,1.854779,0.0,0.0,0.0,1.1436303,0.90991765,2.723945,0.9978504,0.53348505,0.0,1.1134514,0.38102257,0.0,0.0,0.0,0.0,0.0,0.0,0.677369,0.0,0.0,0.0,4.458257,0.0,0.0,0.3559217,0.6187962,0.76596844,0.025549173,0.53448707,1.0486387,0.0,0.0,0.0,0.0,0.0,0.0,0.11123386,3.332573,0.0,0.0,0.49697942,0.0,0.0,0.20443225,1.1024089,0.0,0.63230026
U00255,0.0,1.3512046,0.0,0.0,0.0,0.0,0.0,0.016296804,0.0,0.33147812,0.0,0.0,0.0,1.6693202,1.3112428,0.0,0.9299489,0.45610094,0.0,0.0,1.6290041,0.15354748,0.09968364,0.7796946,0.0,0.0,0.9006263,0.9689731,0.0,0.0,0.0,0.0,0.19411458,0.0,0.8213755,0.0,0.0,0.0,1.6995317,0.9433875,0.0,0.0,0.38480347,0.42367664,0.5714593,0.66910577,0.9378731,0.82043254,0.43350607,0.0,0.0,0.0,0.0,0.01119861,1.2023801,0.0,0.0,1.2205539,0.0,0.0,0.8359114,0.0,0.0,0.038256288
U00256,0.0,0.0,0.48724705,0.0,0.0,0.116643175,0.0,0.20464128,0.0,0.0,0.0,0.035942048,0.0,2.4637766,2.7832594,0.0,1.0398798,1.5330245,0.0,0.0,1.931719,0.0,0.12635809,1.3442209,0.0,0.0,1.3474379,1.0757594,0.0,0.0,0.0,0.0,0.0,0.0,1.4892896,0.0,0.0,0.0604544,1.5580724,0.0,0.0,0.0,0.52872944,2.3612761,0.0,0.0,0.6688395,0.0,0.035820484,0.0,0.0,0.0,0.0,0.0,2.4990125,0.0,0.0,0.53448033,0.0,0.0,0.0,0.82765734,0.0,0.0
U00257,0.0,0.0,0.34868637,0.11762792,0.022653058,1.7575715,0.0,0.0,0.0,0.0,0.8261386,0.14493996,0.0,0.0,0.0,0.0,1.2796314,0.0,0.0,0.0,0.0,2.716487,2.718405,0.52260786,1.235015,0.10306102,0.0,0.0,0.96601105,0.17409244,0.057910547,1.2620883,1.1110113,0.0,0.0,0.08882582,0.085756734,0.0,3.1511416,0.0,0.21333319,1.7328942,0.17775041,0.5918621,0.10367215,0.008284211,0.919796,0.0,0.0,0.19995555,0.0,0.9016044,0.0,0.0,2.8500109,0.0,0.16134305,0.0,0.0569465,0.0,0.0,2.3124926,0.8288062,0.9990833
U00258,0.23337007,0.0,0.19126935,0.17558211,0.0,0.48616585,0.22934896,0.26252925,0.073636934,0.0,0.0,0.13656715,0.0,0.9208811,1.3750706,0.0,1.1899699,0.0,0.39643714,0.0,0.23845673,0.34820762,1.745141,1.138996,0.093334675,0.054876715,0.0,0.0,0.0,0.10580347,0.119762465,0.8762374,0.0,0.06373775,0.3106659,0.49100572,0.0,0.030353487,2.6081846,0.0,0.68750966,0.9548949,1.3574121,0.41765362,0.6710882,0.9859719,2.636252,1.8026536,0.0,0.22688746,0.10159845,0.0,0.18361223,0.0,2.5363603,0.2756057,0.025393426,0.095220685,0.0,0.0,0.25863057,1.134499,0.109248936,0.9086822
U00259,0.0,0.11589861,0.0,0.0,0.0,0.82566047,0.0,0.0,0.0,0.33421266,0.7043514,0.0,0.0,0.0,1.3697925,0.0,0.85379046,0.7584735,0.0,0.9408262,0.905917,0.30688763,0.76013607,0.072348885,0.7469367,0.0,1.2494057,0.7106524,1.1561348,0.0,0.0,0.60186946,0.9587345,0.0,0.6304549,0.0,0.084550396,0.0,1.0758423,1.2075384,0.7823932,0.22516274,0.61831963,0.8109611,0.4601866,0.6580142,0.57703954,0.7989707,0.36809713,0.0,0.0,0.27491406,0.0,0.0,0.0,0.0,0.0,0.7116098,0.0,0.0,0.21370679,0.0,0.0,0.0
U00260,0.0,0.0,0.0,0.0,0.0,1.11107,0.0,0.0,0.0,0.0,0.78046966,0.0,0.0,0.0,1.2522829,0.0,0.0,0.3525653,0.0,0.16619682,0.47238886,0.24245572,0.89822274,0.45550412,0.94025123,0.0,0.66665995,0.0,1.0264728,0.0,0.0,1.4738102,0.8120424,0.0,0.3887577,0.0,0.48507115,0.0,1.3004093,0.0,1.3340869,1.7451043,1.323159,0.0,0.0,0.75166774,2.0808077,1.5368978,0.0,0.0,0.0,0.0,0.0,0.12324655,0.42891777,0.0,0.0,0.0,0.0,0.12601525,0.5441034,0.6681994,0.0,1.0383624
U00261,0.0,0.5728657,0.0,0.0,0.0,0.7849194,0.0,0.0,0.0,0.9622641,1.3684039,0.0,0.11338852,0.0,0.18566382,0.0,0.764027,0.0,0.0,0.0,0.0,1.0508775,1.0808575,0.0,1.2146978,0.0,0.83742344,0.0,1.7093581,0.0,0.0,0.33053976,2.0674057,0.0,0.0,0.0,0.4211858,0.0,0.42745027,0.15876651,0.51963294,0.26490474,0.51941836,0.43096808,0.0,0.0,0.38736647,0.3150158,0.05132413,0.0,0.0,0.75591993,0.0,0.0,0.8842052,0.02804935,0.0,0.0,0.0,0.0,0.0,1.6224308,0.0,0.50444865
U00262,0.5463178,1.3987048,0.48043528,0.453592,0.0,0.0,0.455979,0.22382212,0.24506989,1.6183078,0.0,0.0014701933,0.12910011,1.8995502,0.9022925,0.51689965,0.0,2.8889277,0.35038787,2.7464128,1.9153078,0.0,0.0,0.0,0.0,0.37465554,1.5147516,1.9306986,0.06688082,0.11337681,0.3368737,0.0,0.0,0.55968726,1.2185698,1.4086189,0.0,0.37264806,0.0,2.002222,0.0,0.0,0.0,0.0,1.5366013,0.6426854,0.0,0.0,1.5390819,0.34701705,0.36065102,0.0,0.15664522,0.0,0.0,0.40106767,0.29527786,1.5081382,0.0,0.014421435,1.1540982,0.0,0.4663762,0.0
U00263,0.0,0.13478994,0.0,0.0,0.0,0.74917686,0.0,0.0,0.0,2.8286424,2.4153836,0.0,0.0,0.3656807,0.0,0.0,0.0,1.3806001,0.0,1.6851617,0.0,1.1809566,0.0,0.0,1.5670006,0.0,0.0,0.4388001,2.2255511,0.0,0.0,0.0,1.5427735,0.0,0.0,0.16649747,1.5302485,0.0,0.0,0.595206,0.0,0.0,0.0,0.0,0.0,0.0,0.0,0.0,1.5236087,0.0,0.010082856,1.6862984,0.0,0.0,0.0,0.0,0.0,0.0,0.0,0.0,0.0,1.3365211,0.7226474,0.89109206
U00264,0.0,0.0,0.0,0.19084004,0.1348169,0.6414114,0.06314033,0.0,0.0,2.57102,2.1262274,0.0,0.003502231,0.0,0.0,0.0,0.39361107,0.0,0.16819268,1.2488081,0.0,1.1423464,0.0,0.0,1.6984522,0.0,0.0,0.00991261,3.1749263,0.0,0.06267856,0.08257246,2.7419603,0.0,0.0,0.3024047,1.7858576,0.0,0.0,0.3912984,0.0,0.0,0.0,0.0,0.0,0.0,0.0,0.0,1.3002319,0.08801967,0.17382176,1.9208289,0.14585355,0.0,0.0,0.0,0.25574762,0.0,0.012839213,0.0,0.0,0.0,0.806869,0.6964154
U00265,0.0,0.30988294,0.0,0.0,0.0,0.56005466,0.0,0.0,0.0,0.22638524,0.007888645,0.0,0.0,1.5617826,1.1533555,0.0,0.43117964,1.8732046,0.0,0.88659847,1.2456467,0.040420532,0.0,1.0057817,0.0,0.0,0.98446405,0.8737832,0.18606621,0.0,0.0,0.636562,0.0,0.0,1.1797862,0.0,0.0,0.0,0.3480524,1.1076918,0.6855575,0.54761815,1.0503477,0.6141256,1.0754006,1.372797,1.6557384,0.95601404,0.32196188,0.0,0.0,0.0,0.0,0.029819787,0.08868754,0.0,0.0,1.0067153,0.0,0.2646175,0.96369517,0.0,0.0,0.23998904
U00266,0.0,0.4633149,0.0,0.0,0.0,0.50318825,0.0,0.0,0.0,0.0,0.0,0.0,0.0,1.4660873,1.4353147,0.0,1.9164746,0.0,0.0,0.0,0.98156494,0.8064617,0.96217245,0.76906,0.0,0.0,0.26390028,1.2292063,0.0,0.0,0.0,0.29946864,0.0,0.0,1.0117279,0.0,0.5180813,0.0,2.174561,0.2085061,0.0,0.60706294,1.1438249,1.645683,0.0,0.9268941,0.9358666,0.19811499,0.41027987,0.0,0.0,0.40858176,0.0,0.071641654,2.2711906,0.0,0.0,0.0,0.0,0.0,0.0,0.9513738,0.6177281,0.3893559
U00267,0.16574425,0.38127607,0.0034843683,0.16599035,0.0,0.0,0.34811804,0.5763596,0.19374067,0.0,0.0,0.17410131,0.22953673,1.3237016,1.7725446,0.14115396,1.1607854,0.0,0.032471865,0.0,1.0591393,0.20222208,1.4862814,0.79843557,0.0,0.13704443,0.49675256,0.0,0.0,0.016702378,0.14376512,0.15361834,0.0,0.102606446,0.6809391,0.0,0.0,0.024095416,2.9670255,0.0141221285,0.0,0.3317542,1.0690736,0.6675521,0.36567414,0.94914824,1.4541247,0.3112622,0.0,0.45045754,0.19912364,0.0,0.39602667,0.0,2.09195,0.27649748,0.32064578,0.75954664,0.4585008,0.0,0.26343465,0.21991916,0.0,0.06547654
U00268,0.07115042,0.0,0.0,0.0,0.0,0.91352475,0.0,0.0,0.0,0.0,0.6500262,0.0,0.0,0.0,0.16137439,0.0,2.3856318,0.0,0.0,0.0,0.0,1.4356923,1.7644584,0.40202963,1.534956,0.14037803,0.0,0.0,0.7453683,0.046487708,0.0,0.9134072,1.219935,0.0,0.0,0.0,0.0,0.017370433,2.0828376,0.0,0.31148428,0.76083255,0.5753702,0.85644644,0.30049014,0.39042062,1.3422363,1.4430501,0.0,0.0,0.0,0.45763305,0.010683984,0.0,2.2639928,0.0,0.16809763,0.0,0.0,0.0,0.0,0.07643974,0.32268038,0.5136601
U00269,0.0,0.0,0.32888788,0.0,0.01851067,0.06371038,0.0,0.0,0.0,0.0,0.7433263,0.0,0.0,0.0,0.0,0.0,0.0,1.1199962,0.0,0.0,0.0,0.0,1.6659043,0.31969333,1.0744948,0.0,0.0,0.0,1.0575501,0.0,0.0,1.3287872,1.5679731,0.0,0.0,0.0,0.0,0.0,0.92194986,0.0,2.2098544,1.1976913,1.290175,0.0,0.7118455,1.1632755,2.3052106,1.5033237,0.0,0.0,0.0,0.0,0.0,0.0,1.6460854,0.0,0.0,0.0,0.0,0.0,0.6894715,1.9718262,0.0,0.4415735
U00270,0.0,0.24718499,0.0,0.0,0.0,0.0,0.0,0.0,0.0,1.8014007,0.015517049,0.0,0.0,0.23309481,0.043830752,0.0,0.0,2.1859307,0.0,1.2011095,1.6052374,0.0,0.0,0.0,0.0,0.0,1.887679,1.1091657,1.326721,0.0,0.0,0.0,0.52215266,0.0,0.343624,0.0,0.0,0.0,0.32908544,1.7464161,0.63839555,0.5631264,0.073602885,0.0,0.5501071,0.44022495,0.17397243,0.0,1.3618817,0.0,0.0,0.0,0.0,0.0,0.0,0.0,0.0,1.790324,0.0,0.0,0.0,0.0,0.0,0.0
U00271,0.0,0.0,0.0,0.0,0.0,0.8403083,0.0,0.0,0.0,0.0,0.25839043,0.0,0.0,1.4222819,1.0399733,0.0,0.1463983,0.5900785,0.0,0.5885049,0.27974927,0.68171406,1.328464,0.8874629,0.30227065,0.0,0.0,0.0,0.0,0.0,0.0,0.93435514,0.062265933,0.0,0.38809276,0.08729708,0.27916944,0.0,1.0643411,0.0,0.9463932,1.4174749,0.9847466,0.0,1.2561895,0.8218983,2.494475,1.8014402,0.0,0.0,0.0,0.0,0.0,0.14536524,0.67326486,0.0,0.0,0.2011702,0.0,0.20500323,0.6271743,0.33713084,0.21494943,0.8504921
U00272,0.20235145,0.0,0.23666598,0.0,0.35933208,1.1067836,0.19308168,0.20324507,0.26336193,0.0,0.622983,0.119465396,0.03156866,0.1377182,0.13924825,0.0,0.10280442,0.9112412,0.5511665,0.6370511,0.0,0.620003,1.2660394,0.17752868,0.7867727,0.16543125,0.0,0.0,0.039050996,0.4348929,0.05470839,1.5429983,1.0949073,0.0,0.0,0.0,0.41557905,0.2849413,0.85222983,0.0,0.87929446,1.3298225,1.0287641,0.0,0.4107858,0.3105479,3.2472663,3.0491,0.0,0.14623244,0.089622945,0.0,0.01644124,0.0,1.7356607,0.30413258,0.2196309,0.0,0.0,0.0,0.28657088,1.7211807,0.40723354,1.5949697
U00273,0.0,1.1272198,0.0,0.0,0.116922215,0.21958098,0.0,0.0,0.0,2.05141,1.2897927,0.0,0.31925058,0.23031545,0.0,0.0,0.0,1.0660878,0.0,1.7774827,0.3320614,0.6016194,0.0,0.0,1.1421914,0.0,0.0,0.581321,1.352072,0.0,0.0,0.0,0.9699772,0.0,0.010293901,0.37840146,0.8550048,0.0,0.0,0.87437713,0.0,0.0,0.0,0.0,1.1977466,0.0,0.0,0.0,1.3163531,0.0,0.0,0.6261761,0.0,0.0,0.0,0.0,0.0,0.2396543,0.0,0.0,0.10814422,0.0,0.823444,0.48322558
U00274,0.0,0.6606444,0.13807444,0.0,0.37255716,0.0,0.0,0.0,0.0,1.5978411,1.2323446,0.0,0.032828584,0.0,0.0,0.0,0.0,2.477965,0.0,2.3132885,0.43566513,0.0,0.0,0.0,1.0826269,0.0,0.0,0.14568782,2.070037,0.41399974,0.0,0.5873858,1.6441947,0.0,0.0,0.0,0.2975647,0.0,0.0,1.0244389,1.2266576,0.0,0.0,0.0,1.9351676,0.015020132,0.0,0.027389526,0.87542915,0.0,0.0,0.08885801,0.0,0.0,0.0,0.0,0.0,1.8552909,0.0,0.0,0.7107381,0.0,0.23321095,0.0
U00275,0.0,0.0,0.0,0.0,0.0,1.3067642,0.0,0.0,0.0,0.7125512,1.5805627,0.0,0.0,0.0,0.0,0.0,0.41118538,1.142692,0.0,1.1913729,0.0,1.2008436,0.06289852,0.0,1.0347638,0.0,0.0,0.0,1.464963,0.0,0.0,1.3387135,1.5416079,0.0,0.0,0.08001709,1.6103023,0.0,0.0,0.49819136,0.62804055,1.1003479,0.2727144,0.1558845,0.5502273,0.0,1.3405664,1.5769458,0.42758852,0.0,0.0,1.1412055,0.0,0.0,0.0,0.0,0.0,0.0,0.0,0.0,0.3291915,0.6450969,0.6136913,0.8863535
U00276,0.0,1.1203092,0.0,0.0,0.0,0.0,0.0,0.0,0.0,0.0,0.0,0.0,0.041900232,2.135005,2.517644,0.0,1.4852493,0.0,0.0,0.0,2.440322,0.06749615,0.0,1.1441048,0.0,0.0,0.68921345,1.3614646,0.0,0.0,0.0,0.0,0.0,0.0,1.7572685,0.0,0.0,0.0,2.3405883,0.45114648,0.0,0.0,0.81286764,1.4187522,0.18564379,0.807382,1.0175694,1.2188653,0.32050806,0.0,0.0,0.0,0.0,0.24280354,1.6155201,0.0,0.0,1.2402351,0.0,0.0,0.56463635,0.0,0.0,0.0
U00277,0.0,1.9912984,0.0,0.0,0.0,0.15014434,0.0,0.0,0.0,1.8731804,0.8163234,0.0,0.0,0.0,0.6715764,0.0,0.43032646,0.0,0.0,0.52681947,0.5671146,0.77123535,0.11571592,0.0,0.8045131,0.0,1.7095375,1.1792358,1.0410008,0.0,0.0,0.0,0.9514072,0.0,0.16585213,0.0,0.584177,0.0,0.11042134,1.3314669,0.0,0.0,0.0,0.21110956,0.0,0.0,0.0,0.0,1.3962755,0.0,0.0,0.8047297,0.0,0.0,0.0,0.0,0.0,0.55988455,0.0,0.0,0.0,0.7133337,0.0,0.0
U00278,0.2786475,0.33491778,0.34612522,0.14419866,0.0,0.15094402,0.323146,0.3716487,0.7364672,0.0,0.0,0.51235944,0.68129164,1.5596647,1.6239573,0.4343471,0.74580544,0.0,0.44326568,0.0,0.9769383,0.47228324,1.0557034,1.2592282,0.0,0.5170449,0.45850015,0.0,0.0,0.624477,0.29359737,0.052513897,0.0,0.35627323,0.8990593,0.10453749,0.0,0.44151172,1.3318754,0.6422279,0.0,0.52227145,0.82523894,0.0,1.0373603,0.4924938,2.0112133,1.4153875,0.0,0.5928029,0.1263034,0.0,0.42771754,0.0,0.56427157,0.40177494,0.19918478,1.1428633,0.34358215,0.0,1.0183667,0.0,0.0,0.0
U00279,0.17057168,0.0,0.03228131,0.0,0.53512377,0.7761347,0.18851072,0.073930055,0.40467352,0.0,1.1304717,0.0,0.0,0.0,0.0,0.0,0.0,1.7572937,0.3255816,1.7994907,0.0,0.0,1.3801138,0.0,1.3086058,0.057992637,0.0,0.0,1.1414856,0.26785803,0.05684142,1.5128834,1.634783,0.045227498,0.0,0.0,0.0,0.20907326,0.030532174,0.0,1.4167709,1.1025727,0.21938609,0.0,1.3203828,0.42294133,2.2425995,1.9880348,0.0,0.0,0.0,0.0,0.0,0.0,0.0,0.24941555,0.0,0.0,0.0,0.0,0.75292766,0.19089662,0.03434217,1.2760081
U00280,0.0,0.96619403,0.0,0.0,0.0,0.68157995,0.0,0.0,0.0,1.5106418,0.8962624,0.0,0.0,0.0,0.5353854,0.0,1.2611071,0.04630041,0.0,0.75070536,0.25733197,0.43696743,0.0,0.1773856,1.0134324,0.0,1.2129726,0.7948976,1.0401044,0.0,0.0,0.24650186,0.8298057,0.0,0.5464845,0.0,0.75666845,0.0,0.10797993,1.6838738,0.19970602,0.0,0.4017731,0.9705561,0.39030313,0.6285129,0.0,0.0,1.3164937,0.0,0.0,1.0249519,0.0,0.0,0.3451029,0.0,0.0,0.50822574,0.0,0.14743249,0.0,0.34695745,0.24782085,0.0
U00281,0.0,0.51288545,0.0,0.0,0.0,0.381686,0.0,0.0,0.0,1.4832659,1.2566845,0.0,0.0,0.0,0.0,0.0,0.0,1.18653,0.0,1.0181206,0.4045279,0.5307115,0.0,0.0,0.89217675,0.0,0.25085127,0.3534317,1.8793674,0.0,0.0,1.0803759,1.5142272,0.0,0.0,0.0,1.0029114,0.0,0.0,1.2100531,0.8796349,0.48740995,0.0,0.0,0.63754547,0.06192684,0.49914813,0.7568952,1.0877278,0.0,0.0,0.8431593,0.0,0.0,0.0,0.0,0.0,0.78948736,0.0,0.0,0.51823324,0.3173208,0.28726897,0.14618075
U00282,9.594402,0.0,10.0249605,8.3588085,10.703062,0.0,9.771809,9.316048,9.34229,0.0,0.0,9.865697,9.096671,0.0,0.0,11.803013,0.0,0.0,9.584929,0.0,0.0,0.0,0.0,0.0,0.0,9.532418,0.0,0.0,0.0,10.604415,10.58647,0.0,0.0,10.685894,0.0,0.0,0.0,9.949314,0.0,0.0,0.0,0.0,0.0,0.0,0.0,0.0,0.0,0.0,0.0,9.222453,9.699468,0.0,10.169395,0.0,0.0,9.702764,10.640783,0.0,10.690542,0.0,0.0,0.0,0.0,0.0
U00283,0.0,0.0,0.029781193,0.0,0.39616317,1.704909,0.0,0.0,0.30002767,0.0,1.8222138,0.0,0.0,0.55279183,0.0,0.0,0.0,1.702427,0.0,1.431773,0.0,1.1330612,1.0778787,0.0,1.7574444,0.0,0.0,0.0,0.88346356,0.58099157,0.0,2.9540339,1.8799578,0.0,0.0,0.0,0.69764125,0.35888112,0.0,0.0,1.7731452,1.8701925,0.22426262,0.0,2.0670652,0.043419838,3.538046,3.1390324,0.0,0.0,0.0,0.32181937,0.0,0.0,0.58296514,0.0,0.0,0.0,0.0,0.0,0.31232533,0.0,0.26513618,2.0148914
U00284,0.35314396,0.0,0.3005526,0.49924272,0.45498115,1.0524119,0.3755088,0.14158483,0.36630404,1.5128855,2.04108,0.0,0.15117943,0.0,0.0,0.4246865,0.6990603,0.0,0.6833013,1.6554954,0.0,1.3265836,0.16179872,0.0,1.7901614,0.25509167,0.0,0.0,3.0309267,0.2468747,0.23472062,0.997825,2.6857061,0.39362442,0.0,0.6224944,1.7322421,0.33375978,0.0,0.09967959,0.37840843,0.21209073,0.0,0.0,0.012948394,0.0,0.0,0.5089687,0.4872054,0.26369637,0.2863347,1.5438612,0.3142029,0.0,0.0,0.4287066,0.50169027,0.0,0.13825232,0.0,0.0,0.0,1.0462213,0.84298146
U00285,0.0,0.57507104,0.0,0.0,0.0,0.7554053,0.0,0.0,0.0,0.1607176,0.20512736,0.0,0.0,0.6266634,1.6030663,0.0,1.767586,0.0,0.0,0.0,0.37758422,1.3102832,1.8584187,1.2669647,0.5059023,0.0,1.2072394,0.39188516,0.38948774,0.0,0.0,0.24890459,0.49509513,0.0,0.37250292,0.0,0.076797545,0.0,2.7852767,0.0,0.0,0.92499554,1.011177,1.3719451,0.0,0.89612687,0.8688191,0.0,0.09978795,0.0,0.0,0.76363707,0.0,0.0,2.6204839,0.0,0.0,0.0,0.0,0.0,0.0,3.1323159,0.34609038,0.4817301
U00286,0.44084203,1.2141267,0.37415957,0.32471716,0.0,0.0,0.57111514,0.3347879,0.48922175,0.6352065,0.0,0.1360542,0.33714068,2.0185242,2.0807912,0.4761985,0.0,1.8881421,0.34289443,1.7908893,2.5661774,0.0,0.0,0.4461488,0.0,0.26803643,1.5115048,1.8539103,0.0,0.22107066,0.27860746,0.0,0.0,0.30418682,1.667847,1.3303062,0.0,0.28945625,0.65355587,1.8723769,0.0,0.0,0.0973939,0.19212602,1.3702427,1.0478562,0.0,0.0,1.2353866,0.3322186,0.40418172,0.0,0.32059577,0.0,0.0,0.37870055,0.25359505,1.5538043,0.07251029,0.18503547,1.1761458,0.0,0.016178668,0.0
U00287,0.0,2.4516168,0.0,0.0,0.0,0.0,0.0,0.0,0.0,2.1240926,0.0,0.0,0.08808151,1.5356946,0.75576913,0.0,0.0,0.0,0.0,0.1573062,2.157359,0.0,0.0,0.0,0.0,0.0,2.308087,2.7708747,0.0,0.0,0.0,0.0,0.0,0.0,1.3697635,0.0,0.18681657,0.0,0.0,2.0436945,0.0,0.0,0.0,0.0,0.0,0.0,0.0,0.0,2.2337348,0.0607,0.0,0.0,0.0,0.0,0.0,0.0,0.0,1.7969099,0.0,0.0,0.6918031,0.0,0.0,0.0
U00288,0.0,0.72047126,0.0,0.0,0.0,0.8229096,0.0,0.0,0.0,0.9797342,0.9549607,0.0,0.0,0.0,0.86394465,0.0,1.5235856,0.0,0.0,0.5562482,0.47370815,1.153944,0.8950048,0.6141233,0.91437924,0.0,0.8017084,0.4224794,0.8457826,0.0,0.0,0.05365801,0.96379447,0.0,0.3195635,0.06852412,0.8207731,0.0,0.7283313,1.0543404,0.0,0.0,0.19144756,0.7303176,0.0,0.0,0.5856548,0.6183102,0.5049904,0.0,0.0,0.8365661,0.0,0.030528516,0.36662793,0.0,0.0,0.0,0.0,0.00789781,0.0,0.8466265,0.15687841,0.058698714
U00289,0.0,0.0,0.0,0.0,0.36067593,1.0666637,0.0,0.0,0.0,1.8014082,1.8738825,0.0,0.20547809,0.0,0.0,0.033000052,0.7815505,0.0,0.0,1.335809,0.0,1.2597647,0.45830733,0.0,2.1149955,0.0,0.0,0.0,2.990345,0.0,0.0,0.75615287,2.6884944,0.0,0.0,0.0,1.3408726,0.042709887,0.0,0.40492952,0.5724161,0.0,0.0,0.0,0.4498403,0.0,0.0,0.0,0.5661235,0.0,0.02741806,1.4197276,0.0,0.0,0.0,0.0,0.0,0.0,0.10222024,0.0,0.0,0.0,0.78365946,0.5680773
U00290,0.0,0.0,0.09836665,0.2440801,0.0,1.7832575,0.05276054,0.0,0.0,0.18293822,2.0923903,0.0,0.0,0.0,0.0,0.14871246,2.146828,0.0,0.0,0.34575224,0.0,1.9310982,1.2371721,0.028083578,1.7531223,0.011395156,0.0,0.0,2.13182,0.08622027,0.26806736,1.4048846,2.3515756,0.0,0.0,0.5585544,1.3251184,0.0,0.33626714,0.0,0.51397765,1.0495965,0.0,0.7956471,0.0,0.0,0.15656143,1.2110448,0.0,0.0,0.0,1.8328575,0.0,0.04835722,1.1204289,0.0,0.051751763,0.0,0.0,0.0,0.0,0.5889597,1.1152804,1.0957794
U00291,0.0,0.5756663,0.0,0.0,0.0,0.6577345,0.0,0.0,0.0,0.7681369,0.97586346,0.0,0.0,0.0,0.20504653,0.0,0.3678468,1.321116,0.0,1.3035359,0.2744254,0.4668158,0.22775519,0.0,1.0543898,0.0,1.1402472,0.18094242,1.7848153,0.0,0.0,0.46736467,1.8831458,0.0,0.13402224,0.0,0.12141298,0.0,0.35319936,1.2230535,1.1028552,0.048323184,0.5190106,0.16396624,0.47807574,0.58022135,0.4840483,0.8784151,0.35225368,0.0,0.0,0.43838614,0.0,0.0,0.0,0.0,0.0,1.0359483,0.0,0.0,0.2263453,0.058806054,0.0,0.0
U00292,0.38277167,0.77655345,0.0,0.13685673,0.17097636,0.0,0.12397039,0.0,0.124056086,0.9773962,0.0,0.016804185,0.0,1.5153451,1.1211598,0.0,0.07720578,1.2634361,0.32605326,0.0,1.6292969,0.0,0.0,0.76216614,0.0,0.0,1.8374064,1.5290303,0.0,0.079677,0.23601195,0.0,0.0,0.26638982,0.8509892,0.057395816,0.0,0.34084153,0.6364342,1.1435473,0.0,0.0056049526,0.7022472,1.0110626,0.0,0.50024796,0.7979325,0.0,0.7670465,0.32152036,0.0,0.0,0.3276728,0.0,1.1074322,0.22509503,0.20932564,0.5893567,0.25950518,0.0,0.46516815,1.8483555,0.0,0.0
U00293,0.0,0.0,0.0,0.0,0.0,0.75746477,0.0,0.0,0.0,0.0,0.0,0.0,0.0,1.7513325,1.7289956,0.0,1.8717135,0.0,0.0,0.0,1.0363816,0.9789459,1.3371291,1.7155193,0.11156005,0.0,0.1920067,0.5728506,0.0,0.0,0.0,0.75462544,0.0,0.0,1.3204283,0.0,0.31681794,0.0,2.0038412,0.024896622,0.24710342,1.0062957,1.2101501,1.1753659,0.7311942,1.097931,1.9327778,0.7381036,0.00091540813,0.0,0.0,0.14592776,0.0,0.18407091,1.9449443,0.0,0.0,0.19448602,0.0,0.24637097,0.26523888,1.3307171,0.0040096045,0.69005775
U00294,0.0,0.4694212,0.0,0.0,0.0,0.8696785,0.0,0.0,0.0,0.9447677,0.8385987,0.0,0.0,0.058724165,0.89247197,0.0,0.5431709,0.6417575,0.0,1.2552248,0.70370394,0.89963377,0.21855688,0.168244,0.6286069,0.0,0.7836286,0.51055646,1.1586207,0.0,0.0,0.7176347,0.8522768,0.0,0.76418525,0.0,0.78797805,0.0,0.28377882,1.2312295,0.60395294,0.38214463,0.52252483,0.2500931,0.5153054,0.43802547,1.049467,0.6426177,0.6919105,0.0,0.0,0.6538154,0.0,0.0,0.0,0.0,0.0,0.5510315,0.0,0.120598815,0.26926935,0.0,0.020379126,0.06338972
U00295,0.0,1.6231472,0.0,0.0,0.0,0.0,0.0,0.0,0.0,1.0301175,0.27290422,0.0,0.0,0.0,0.9070648,0.0,1.190679,0.76993835,0.0,0.60309196,1.4351002,0.0,0.0,0.38988602,0.052984893,0.0,1.9339781,1.2124383,0.31099218,0.0,0.0,0.36599058,0.45518154,0.0,0.924131,0.0,0.12073362,0.0,0.0,1.7408328,0.6796587,0.0,0.8215618,0.8821212,0.1925615,0.5177453,0.5421348,0.7547481,0.96134275,0.0,0.0,0.2371558,0.0,0.04273364,0.0,0.0,0.0,1.1136963,0.0,0.0,0.78579074,0.26794744,0.0,0.0
U00296,0.0,1.7142942,0.0,0.0,0.0,0.0,0.0,0.0,0.0,1.7036622,0.34602082,0.0,0.0,2.7585158,0.16613197,0.0,0.5338333,2.152969,0.0,1.1212748,1.5468202,0.08548921,0.0,0.5045515,0.0,0.0,1.0703887,1.8804485,0.03394878,0.0,0.0,0.0,0.0,0.0,1.2568146,0.0,0.78729415,0.0,0.0,2.1007283,0.0,0.0,0.0,0.09576483,1.2262744,0.0,0.52572054,0.0026608557,1.5705754,0.0,0.0,0.54988396,0.0,0.13962954,0.0,0.0,0.0,1.5937787,0.0,0.0,1.1684229,0.6689955,0.04717481,0.0
U00297,0.24171525,0.0,0.6630929,0.4504457,0.2976892,0.7208594,0.09013295,0.4825943,0.37823498,0.0,0.0,0.38689655,0.0,0.69662213,1.0364808,0.33010983,1.1249009,0.0,0.15187272,0.0,0.0,1.2417687,2.7305539,1.605511,0.23261523,0.72947854,0.0,0.0,0.0,0.28509426,0.58022225,0.6290083,0.0,0.3511649,0.17034733,0.30665463,0.0,0.0,3.7957966,0.0,0.27323052,1.4012032,1.0159777,0.12252343,0.0,0.41570812,2.7416687,0.5444304,0.0,0.6307047,0.19135378,0.0,0.33987164,0.0,3.3432317,0.38317868,0.68214214,0.0,0.37725306,0.0,0.0,2.685511,0.0,0.6682632
U00298,0.0,0.0,0.2051777,0.26311368,0.111283585,0.0,0.09809655,0.0,0.0,0.0,0.0,0.1397814,0.0,0.45472074,1.4368218,0.0,0.0,2.6657877,0.08777267,1.5628631,1.2007782,0.0,0.0,0.56727225,0.0,0.07747817,2.1702757,0.09378755,0.0,0.52082705,0.09052786,0.98183715,0.19633965,0.0,0.5616227,0.0,0.0,0.22947352,0.14781903,0.6607424,1.591476,0.22160172,1.3473033,0.0,0.7191783,1.4552727,1.5819901,1.7264196,0.0,0.0,0.31417906,0.0,0.14475107,0.0,0.0,0.0,0.0,1.901675,0.0,0.0,0.9247346,0.0,0.0,0.0
U00299,0.0,0.0,0.0,0.0,0.0,0.96686316,0.077864766,0.32922095,0.16460916,0.0,0.9563036,0.0,0.0042172,1.5001867,0.43079662,0.0,0.2852341,0.112715006,0.051981837,0.94420433,0.0,1.1297746,1.8277242,0.5939417,1.0376303,0.0,0.0,0.0,0.0,0.061917722,0.0,0.9950465,0.3346547,0.10703316,0.0,0.0,0.19461644,0.02352193,1.1417197,0.0,0.49029237,1.3497257,0.19338791,0.0,1.4456155,0.0,2.500104,2.2095475,0.0,0.04905331,0.0,0.0,0.04680012,0.0,0.89865816,0.0,0.0,0.0,0.0,0.0,0.76770705,0.89382684,0.7152316,1.2730954
U00300,0.28982496,0.0,0.061567396,0.28192025,0.0,0.8561213,0.19116575,0.0,0.060751833,0.0,0.10471563,0.0,0.0,0.26694024,0.7756075,0.0,2.535211,0.0,0.09810224,0.0,0.13686526,0.89123964,1.0514154,0.25358438,0.91475594,0.043905288,0.0,0.012322307,0.43370444,0.0,0.0,0.91049826,0.52702814,0.0024547577,0.5008943,0.1552645,0.17940733,0.2788599,1.6218684,0.18518078,0.0,0.33175224,0.68426025,1.584348,0.6366173,0.8968194,0.39601612,0.75736785,0.0,0.0,0.1261982,0.45654857,0.159247,0.0,1.6234642,0.0,0.16998355,0.29808354,0.0,0.0,0.0,0.0,0.39290923,0.14479935
U00301,0.0,0.8676715,0.22252423,0.0,0.43431324,0.0,0.0,0.0,0.0,2.972661,0.5248406,0.013398714,0.0,3.4049459,0.0,0.024005651,0.0,3.431392,0.0,2.3306637,1.6429758,0.0,0.0,0.0,0.0,0.0,1.7991042,1.2242227,0.45911235,0.45918196,0.06789906,0.0,0.0,0.03311622,0.0,0.0,0.0,0.0,0.0,1.2848642,0.0,0.0,0.0,0.0,1.0432191,0.0,0.0,0.0,1.3535368,0.0,0.30616483,0.0,0.11381074,0.0,0.0,0.0,0.2207897,1.9308941,0.0,0.0,0.97499865,2.2582204,0.0,0.0
U00302,0.0,1.6452823,0.0,0.0,0.0,0.4291344,0.0,0.0,0.0,1.9862869,0.5836173,0.0,0.0,0.6059054,0.5154207,0.0,0.0,0.9231163,0.0,0.28771567,1.0994837,0.4789729,0.0,0.12993851,0.28248703,0.0,2.6163173,1.7585748,0.8526489,0.0,0.0,0.0,0.26483518,0.0,0.8810045,0.0,0.8669256,0.0,0.6230451,1.6072012,0.0,0.0,0.15339297,0.39729458,0.0,0.0,0.0,0.0,1.751086,0.0,0.0,0.63316786,0.0,0.0,0.11155844,0.0,0.0,0.81061214,0.0,0.079875454,0.18565166,1.615723,0.0,0.0
U00303,0.0,0.72120965,0.0,0.0,0.0,0.0857584,0.0,0.0,0.0,0.99664676,0.014061913,0.0,0.0,0.0,1.6858362,0.0,0.0,0.4730718,0.0,0.7988188,1.6005093,0.3607075,0.0,0.29461044,0.16577464,0.0,1.5208564,0.98385227,0.42712235,0.0,0.0,0.049278557,0.2558743,0.0,0.62926686,0.0,0.35227787,0.0,1.115263,1.2358109,0.1498163,0.28136325,0.4753572,0.32293284,0.0,0.20790225,0.9726459,0.65004766,0.8176074,0.0,0.0,0.049294002,0.0,0.0,0.0,0.0,0.0,0.8627924,0.0,0.0,0.45928478,0.0,0.0,0.0
U00304,0.0,0.9910033,0.0,0.0,0.0,0.0,0.0,0.0,0.0,0.0,0.0,0.14735699,0.23102765,1.5315468,2.1532993,0.0,0.29596007,0.18184447,0.07319552,0.0,2.1848307,0.0,0.0,1.5466653,0.0,0.0,1.7148603,1.0385222,0.0,0.21376203,0.0,0.034158707,0.0,0.0,1.571408,0.0,0.0,0.0,1.006608,1.5839309,0.0016394109,0.1834411,1.4547474,0.8450705,0.47240436,1.1696693,1.5782461,1.3270048,0.29024667,0.110894784,0.0,0.0,0.029993162,0.0,0.14365208,0.0,0.0,1.8235526,0.0,0.17907788,1.4001088,0.0,0.0,0.0
U00305,0.0,0.0,0.0,0.0,0.02038011,0.47770575,0.11580455,0.0,0.0,1.2122805,1.4515777,0.0,0.0,0.0,0.0,0.0,0.40171462,0.1488316,0.0,1.3506366,0.0,0.8089769,0.35977513,0.0,1.4536846,0.0,0.0,0.0,2.5776148,0.0,0.0,0.5234839,2.624555,0.0,0.0,0.0,0.70851994,0.0,0.0,0.018178463,0.7181945,0.19854659,0.0,0.0,0.0,0.0,0.0,0.49364546,0.15251315,0.0,0.0,0.9491286,0.0,0.0,0.0,0.0,0.020926058,0.0,0.0,0.0,0.0,0.0,0.0438776,0.595477
U00306,0.0,1.0300871,0.0,0.0,0.0,0.37425676,0.0,0.0,0.0,0.6663289,0.0,0.0,0.0,0.92319477,2.007814,0.0,0.9105245,0.8324429,0.0,0.0,1.8351365,0.01718086,0.0,1.4702475,0.0,0.0,1.9267502,1.1315999,0.0,0.0,0.0,0.32706702,0.0,0.0,1.09436,0.0,0.5882194,0.0,1.141234,1.019973,0.268924,0.58398885,1.3925592,1.2409676,0.0,1.0324541,1.222938,0.93005455,0.80579484,0.0,0.0,0.18666974,0.0,0.31516567,0.9917165,0.0,0.0,0.6471411,0.0,0.30465472,0.63348436,1.3156046,0.0,0.1385957
U00307,0.04863763,0.2571671,0.36737126,0.35503912,0.5077696,0.5999639,0.027030885,0.010526761,0.0,2.5798416,2.383474,0.07973397,0.4174739,0.0,0.0,0.37761784,0.27774215,0.0,0.42933205,1.3312889,0.0,0.94057006,0.0,0.0,2.3677857,0.5266885,0.0,0.0,3.5779347,0.27226955,0.13381544,0.25344115,2.975976,0.43503278,0.0,0.5886105,1.6252644,0.1220642,0.0,0.7131996,0.15862352,0.0,0.0,0.0,0.0,0.0,0.0,0.0,1.2942376,0.06813857,0.19066845,1.8955995,0.40294692,0.0,0.0,0.108442426,0.53400695,0.0,0.0,0.0,0.0,0.0,1.1403494,0.5201602
U00308,0.0,0.05013281,0.1891416,0.031313837,0.0,0.28565916,0.0,0.0,0.0,0.640891,0.8808143,0.0,0.0,0.0,0.0,0.0,2.7943056,0.2284522,0.03453356,1.6351335,0.0,0.8648475,0.26953793,0.22531301,0.40313452,0.0,0.0,0.60177314,1.7375853,0.0,0.30057386,0.29580086,1.7102435,0.0,0.0,0.0,0.6679715,0.0,0.30180094,0.0,0.07816845,0.36707562,0.51546717,0.76559365,0.04766178,0.0,0.0,0.77386427,0.42257893,0.12727058,0.0,1.1286461,0.0,0.0,1.4813198,0.0,0.0,0.0,0.0,0.0,0.0,0.85027635,1.249856,0.0
U00309,0.0,0.72504574,0.0,0.04133624,0.0,0.0,0.40903795,0.0,0.0,0.8834817,0.0,0.0,0.0,1.6785191,0.6633918,0.0,0.0,2.9622636,0.01565066,2.1400478,0.7413752,0.0,0.0,0.1667131,0.0,0.0,1.3474841,0.7143044,0.48578814,0.13775022,0.0,0.0,0.08878164,0.27062035,0.0,0.0,0.0,0.113717794,0.44183347,1.2313733,0.52987295,0.2635206,0.37703016,0.0,1.6856552,1.2954459,1.1687135,0.9889581,0.44026607,0.0,0.33623207,0.0,0.0,0.0,0.0,0.036833644,0.0,1.6669443,0.0,0.0,1.2565546,1.2197833,0.0210917,0.0
U00310,0.31725082,0.0,0.23119444,0.0,0.34947938,1.4610826,0.31018144,0.09851129,0.15316829,0.7851551,1.9984847,0.0,0.0,0.0,0.0,0.0,0.035880446,0.9749749,0.0,1.4911231,0.0,0.6640775,0.79519707,0.0,1.8607643,0.19155501,0.0,0.0,3.140668,0.123396054,0.13996828,1.2513043,2.735792,0.13548914,0.0,0.2620368,0.83724654,0.40275025,0.0,0.0,1.4539533,0.65155447,0.0,0.0,0.0,0.0,0.27335256,1.0166582,0.0,0.11419009,0.0,1.2646103,0.01403679,0.0,0.0,0.17822775,0.09059219,0.0,0.006035775,0.0,0.0,0.08619154,0.59568936,0.9190129
U00311,0.0,0.0,0.23275587,0.0036412477,0.0,0.83618426,0.0,0.20822953,0.0,0.0,0.16322885,0.081221946,0.0,0.39399612,0.5188533,0.0,0.19608164,0.0,0.0,0.0,0.0,1.2697828,1.9556527,1.1023655,0.26392037,0.35786933,0.0,0.0,0.23977375,0.0,0.19151428,1.0648481,0.24272698,0.075351775,0.123990655,0.0,0.0,0.0,2.832876,0.0,0.7668586,1.5634404,0.6948285,0.0,0.46762645,0.33225083,2.8028264,0.9135673,0.0,0.12335628,0.0,0.0,0.0,0.0,2.4918127,0.0,0.10061668,0.0,0.0,0.0,0.0,2.1557217,0.0,0.8365749
U00312,0.0,0.39870572,0.0,0.0,0.0,0.16697812,0.0,0.0,0.0,1.7308044,0.28275675,0.0,0.0,3.616064,0.24917734,0.0,0.0,3.886383,0.0,1.4839435,1.7741346,0.0,0.0,0.17802574,0.0,0.0,1.4283612,1.9694406,0.34095734,0.0,0.0,0.0,0.0,0.0,0.7658577,0.0,1.1452115,0.0,0.0,0.7969358,0.0,0.20411271,0.0,0.15554738,0.0,0.0,0.13765642,0.0,1.2341586,0.0,0.0,0.36544272,0.0,0.01511094,0.2025137,0.0,0.0,0.0,0.0,0.109279774,0.48598042,1.6059141,0.0,0.38107467
U00313,0.0,0.0,0.0,0.0,0.0,0.36745226,0.0,0.0,0.0,0.029653192,0.0,0.0,0.0,0.0,0.0,0.0,1.7359132,1.682696,0.0,0.76584077,0.19107068,0.31268734,0.29173028,1.0757532,0.0,0.0,0.0,0.46064043,0.90220255,0.0,0.0,0.8402959,0.6880799,0.0,0.1174587,0.0,0.12246619,0.010395825,0.57494843,0.0,0.33797628,0.9998306,1.312834,0.28229654,0.0,0.6082855,0.64672107,0.68704,0.0,0.0,0.0,0.5561969,0.0,0.0,2.0717092,0.0,0.0,0.0,0.0,0.0,0.0,2.4209907,1.0806061,0.038247645
U00314,0.0,0.7971917,0.0,0.0,0.0,0.08385813,0.09057665,0.0835443,0.0,0.0,0.0,0.0,0.0,0.9480479,1.5324973,0.0,0.7691115,0.3672707,0.0,0.23225975,1.2359513,0.3054763,0.9879313,0.54770637,0.19604498,0.0,1.3826953,0.629955,0.07576269,0.0,0.0,0.0,0.0032045841,0.0,0.86173624,0.231385,0.0,0.0,2.2322872,0.77735317,0.23681942,0.13777444,0.82676005,0.37847045,0.81168234,1.0680703,1.0541431,0.6127825,0.18944895,0.0,0.0,0.0,0.0,0.0,0.8339263,0.0,0.0,1.2557107,0.0,0.0,0.7003375,0.3192417,0.0,0.0
U00315,0.0,0.0,0.0,0.0,0.0,0.82517314,0.0,0.0,0.0,0.96745634,1.859139,0.0,0.0,0.3902471,0.0,0.0,0.0,1.909827,0.0,1.7923045,0.0,0.77100396,0.5036594,0.0,1.6255147,0.0,0.0,0.0,1.8127515,0.0,0.0,0.433694,1.8214073,0.0,0.0,0.18086588,0.6586919,0.0,0.0,0.08812988,0.9143589,0.3519386,0.0,0.0,1.1085422,0.020023823,0.3154414,1.1667396,0.3117715,0.0,0.0,0.60223866,0.0,0.0,0.0,0.0,0.0,0.04667878,0.0,0.0,0.57264024,1.0307428,0.16736642,0.7617879
U00316,0.0,0.19401938,0.0,0.0,0.0,0.7097535,0.0,0.0,0.0,0.0,0.0,0.0,0.0,0.8827429,1.0690275,0.0,1.0062768,0.0,0.0,0.0,0.90203524,1.0306911,1.5656593,1.2415986,0.17623049,0.0,1.0840619,0.73593336,0.25524932,0.0,0.0,0.3667556,0.016829863,0.0,0.7843853,0.0,0.0,0.0,2.8358371,0.052394867,0.3238858,0.88021564,1.0837207,0.9308131,0.09628463,1.0695266,1.6891224,0.14657971,0.0,0.0,0.0,0.11903651,0.0,0.0,2.278184,0.0,0.0,0.21143115,0.0,0.08738296,0.27680522,2.3220162,0.0,0.5689409
U00317,0.17203581,0.47037536,0.04562658,0.0,0.012301981,0.0003208816,0.189111,0.010967508,0.0,0.29953444,0.33277926,0.15317532,0.0,0.0,0.22578883,0.032301605,2.299829,0.9281399,0.0,0.6466714,0.0,0.51176274,0.79433113,0.41335368,0.13449949,0.0,0.07505393,0.0,1.111854,0.0,0.0,0.63363206,0.9838594,0.15808317,0.016716897,0.028029203,0.0,0.2755586,0.72383094,0.42992902,0.7572285,0.7669456,0.486574,0.66786385,0.9241982,1.1477358,0.518643,0.0,0.0,0.007843345,0.0,0.6345048,0.0,0.0,1.4448181,0.0,0.2128846,0.0,0.0,0.0,0.0,0.87169826,1.0663246,0.0
U00318,0.61003774,1.3490894,0.54045093,0.5402609,0.027577907,0.0,0.6412571,0.3809442,0.41866595,1.4001654,0.0,0.105519384,0.26615214,1.7828023,1.1090721,0.6001904,0.0,2.5493684,0.47337225,2.5054486,1.9029056,0.0,0.0,0.0,0.0,0.47413722,1.4221421,1.87112,0.0,0.22764884,0.42832857,0.0,0.0,0.64309376,1.2775619,1.4951485,0.0,0.48295096,0.0,1.9087588,0.0,0.0,0.0,0.0,1.4372841,0.6827738,0.0,0.0,1.4689852,0.48388392,0.484428,0.0,0.24591364,0.0,0.0,0.5579012,0.34557098,1.4124761,0.08370364,0.03153734,1.1265132,0.0,0.381271,0.0
U00319,0.0,0.0,0.0,0.0,0.0,0.59997904,0.0,0.0,0.0,0.0,0.90021396,0.0,0.0,0.0,0.26986635,0.0,0.0,1.364282,0.0,0.7487501,0.0,0.0,1.4364228,0.0,1.9518452,0.0,0.24766827,0.0,1.1035848,0.0,0.0,1.4506509,1.9317874,0.0,0.0,0.0,0.0,0.0,0.22691299,0.0,1.9489701,1.5412831,0.8988483,0.0,0.0,0.6081897,1.9546732,1.7524148,0.0,0.0,0.0,0.0,0.0,0.0,1.5373558,0.0,0.0,0.0,0.0,0.0,0.1912173,1.7519206,0.0,1.8164194
U00320,0.0,0.0,0.00455907,0.0,0.09991269,0.7477288,0.270908,0.0,0.049775682,0.0,0.80240333,0.0,0.0,0.0,0.0,0.0,0.6325052,1.3143939,0.0,0.870196,0.0,0.94950205,1.0624566,0.0,1.1389142,0.0,0.0,0.0,1.523916,0.1772089,0.0,1.1658238,1.7163695,0.0,0.0,0.0,0.0,0.2361442,1.0767307,0.0,1.0258706,0.90677226,0.5761804,0.010692656,1.0529695,0.8218391,1.3233638,1.1914704,0.0,0.0,0.0,0.128844,0.0,0.0,1.0426148,0.0,0.038859993,0.3566249,0.0,0.0,0.08639729,0.19358055,0.094714105,0.4565512
U00321,0.0,1.9549649,0.0,0.0,0.0,0.0,0.0,0.0,0.049004294,1.2697755,0.036274046,0.0,0.2693326,0.0,1.3662949,0.0,0.0,0.112651825,0.0,0.0,1.238699,0.0,0.3531776,0.7326757,0.0,0.0,3.8013153,0.81930053,0.0,0.0,0.0,0.0,0.0,0.0,0.2999215,0.0,0.0,0.0,1.4476063,0.925766,0.0,0.0,0.89830804,0.23393078,0.0,0.21985376,0.0,0.006131947,0.8170464,0.027275085,0.0,0.0,0.08250389,0.0,0.4641446,0.0,0.0,1.5454816,0.1643016,0.0,0.6073574,2.138536,0.0,0.0
U00322,0.0,0.96941304,0.0,0.0,0.0,0.19927973,0.013349831,0.0,0.0,0.0,0.73687947,0.0,0.058299497,0.0,0.29999202,0.0,0.0,0.8354403,0.0,0.53665113,0.0,0.0,0.8629795,0.0,1.1927106,0.0,1.3445302,0.0,0.9958753,0.16385664,0.0,0.33354646,1.5412047,0.0,0.0,0.0,0.0,0.0,1.3048971,0.39734232,1.1619363,0.26188505,1.1292906,0.0,0.0357486,0.6997562,1.4611118,1.7687198,0.0,0.0,0.0,0.0,0.0,0.0,0.119953156,0.0,0.0,1.08286,0.0,0.0,0.92024505,0.0,0.0,0.13038516
U00323,0.0,1.7229073,0.0,0.0,0.0,0.0963614,0.0,0.0,0.0,1.3135538,0.46917817,0.0,0.0,0.0,1.086392,0.0,0.3906309,0.0,0.0,0.6748545,0.87681437,0.5137178,0.29899287,0.22883055,0.55788004,0.0,2.087964,1.0431087,0.6778939,0.0,0.0,0.0,0.5317658,0.0,0.44062525,0.0,0.15089105,0.0,0.53927195,1.7389737,0.0,0.0,0.4075564,0.40887302,0.0,0.11332369,0.0,0.0,1.0270156,0.0,0.0,0.50273025,0.0,0.0,0.0,0.0,0.0,0.8707059,0.0,0.08342361,0.3178585,0.086915545,0.0,0.0
U00324,0.0,0.33863062,0.0,0.1106599,0.0,0.83834195,0.0633899,0.0,0.0,1.7414062,1.3280402,0.0,0.0,0.0,0.0,0.0,1.1160487,0.4372692,0.20814082,1.6378158,0.0,0.9508818,0.0,0.0,1.0773281,0.0,0.0470469,0.7880152,2.035725,0.0,0.0,0.28103548,1.5017949,0.0,0.21940142,0.56707907,1.2452623,0.0,0.0,1.0243055,0.0,0.0072632134,0.0,0.62700814,0.56871754,0.0,0.0,0.0,1.2325768,0.0,0.0,1.3290783,0.0,0.0,0.0,0.0,0.0,0.0,0.0,0.0,0.0,0.0,0.8596766,0.26588535
U00325,0.0,0.0,0.0,0.0,0.0,1.6517868,0.0,0.0,0.0,0.0,1.0853536,0.0,0.0,0.5826448,0.83362687,0.0,0.2292645,1.0867416,0.0,0.61135995,0.0724026,0.8940024,1.0323014,0.6448996,0.94968176,0.0,0.0,0.0,0.73152214,0.0,0.0,1.3567882,1.0745257,0.0,0.15579623,0.0,1.1151625,0.0,0.056917775,0.0,1.0724676,1.6242269,1.2824713,0.8289389,0.0,0.55363417,2.123035,1.5948378,0.0,0.0,0.0,0.6367446,0.0,0.07844618,0.38494587,0.0,0.0,0.0,0.0,0.21001334,0.018633485,0.8875289,0.0,1.3613036
U00326,0.0,0.0,0.0,0.0,0.0,1.6349182,0.0,0.0,0.0,1.0912352,1.6091729,0.0,0.0,0.0,0.0,0.0,0.53723794,0.040049314,0.0,0.56753504,0.0,1.3561571,0.4237756,0.0,1.3463035,0.0,0.0,0.24736166,2.2149777,0.0,0.0,0.92351615,2.1306872,0.0,0.0,0.0,1.7805725,0.0,0.14537466,0.19627619,0.43288493,0.646734,0.16557635,0.67688894,0.0,0.0,0.4187361,1.0983493,0.43792236,0.0,0.0,1.5826137,0.0,0.0,0.2766838,0.0,0.0,0.0,0.0,0.0,0.0,0.4276703,0.14453292,1.0430788
U00327,0.0,0.15176976,0.0,0.0,0.0,0.5909314,0.060271263,0.0,0.0,0.0,0.2604629,0.0,0.0,0.70268565,0.9914812,0.0,1.235933,0.6845367,0.0,0.4315815,0.6733148,0.96989757,1.1271365,0.6645026,0.5473077,0.0,0.5139856,0.19141555,0.5734284,0.0,0.0,0.6940967,0.7872209,0.0,0.4655142,0.0,0.0,0.0,1.8020535,0.27292275,0.7095636,0.57748383,1.010759,0.49437717,0.80690444,1.1969091,1.7760732,0.98021233,0.0,0.0,0.0,0.100077465,0.0,0.0,1.1707448,0.0,0.078811675,0.96855265,0.0,0.0,0.43711326,1.0935234,0.041071117,0.07814515
U00328,0.0,0.0,0.0,0.0,0.25202304,1.1953949,0.0,0.0,0.0,0.8087691,2.16915,0.0,0.0,0.0,0.0,0.0,0.0,1.7084525,0.0,1.2969325,0.0,0.5634694,0.17999417,0.0,1.7637527,0.0,0.0,0.0,2.2074804,0.0,0.0,1.5174654,2.2219353,0.0,0.0,0.0,1.6316503,0.0,0.0,0.0,1.0666959,0.6570327,0.0,0.0,0.27500033,0.0,0.5839299,1.214448,0.0,0.0,0.0,1.6334512,0.0,0.0,0.21080136,0.0,0.0,0.0,0.0,0.0,0.0,1.0882016,0.8050427,2.1092055
U00329,0.0,1.3261131,0.0,0.0,0.0,0.0,0.0,0.0,0.0,2.3334544,0.9592984,0.0,0.030426621,0.16071582,0.04215187,0.0,0.20409375,0.0,0.0,1.1424485,0.53873646,0.9495084,0.0,0.0,0.8107866,0.0,0.5120836,1.7021059,1.2045068,0.0,0.0,0.0,0.8561173,0.0,0.0,0.024103284,0.9791602,0.0,0.0,1.3666989,0.0,0.0,0.0,0.0,0.0,0.0,0.0,0.0,1.7750655,0.0,0.0,0.85773206,0.0,0.0,0.0,0.0,0.0,0.54723275,0.0,0.0,0.0,0.0,0.0,0.0
U00330,0.0,1.8509674,0.0,0.0,0.0,0.0,0.0,0.0,0.0,1.8735831,0.568048,0.0,0.0,0.0,0.44791174,0.0,0.9307302,1.0510592,0.0,1.2156305,0.8764281,0.0,0.0,0.0,0.3910162,0.0,1.4309541,1.1369501,1.066227,0.0,0.0,0.0,1.073718,0.0,0.3609414,0.0,0.36698198,0.0,0.0,1.3261976,0.4220453,0.0,0.0,0.29521507,0.612555,0.10770643,0.0,0.0,1.346744,0.0,0.0,0.4508204,0.0,0.0,0.0,0.0,0.0,0.6817954,0.0,0.0,0.06912929,0.8844482,0.20701501,0.0
U00331,0.005785227,0.0,0.17629701,0.32905513,0.23449565,0.5678699,0.0,0.0,0.0,0.0,0.0,0.22206064,0.0,1.7586484,1.3228811,0.039938092,0.8049872,0.0,0.0,0.0,1.0594997,0.8854137,0.97443694,1.4273977,0.0,0.0,0.3003782,0.8970672,0.0,0.029126909,0.015012816,0.38549244,0.0,0.2145549,1.4009279,0.19375241,0.0,0.08281371,2.079199,0.37345517,0.0,0.86318517,0.8138243,1.5762055,0.0,0.561835,1.4593495,0.0,0.11618948,0.21259308,0.016413886,0.0,0.30332315,0.0,2.0653052,0.01227361,0.011156857,0.0,0.38625556,0.0,0.0,1.6633787,0.0,0.0
U00332,0.4525686,1.3868148,0.3476981,0.30542633,0.0,0.0,0.48881227,0.267672,0.30330348,1.2225115,0.0,0.054086767,0.21162947,1.8194594,1.4367353,0.46164662,0.0,2.4213088,0.29987472,2.384722,2.1571956,0.0,0.0,0.11421121,0.0,0.32716036,1.4415276,1.95584,0.0,0.09377316,0.28903136,0.0,0.0,0.3971449,1.4569172,1.3253859,0.0,0.30642712,0.030509554,1.9791566,0.0,0.0,0.0,0.0,1.5417469,0.79910684,0.0,0.0,1.48948,0.3372455,0.343132,0.0,0.1566635,0.0,0.0,0.4046383,0.17623085,1.4957558,0.0,0.15103465,1.1788307,0.0,0.2685554,0.0
U00333,0.0,1.2315128,0.0,0.0,0.0,0.0,0.0,0.0,0.0,0.95711416,0.64834225,0.0,0.0,0.0,0.0,0.0,0.0,3.4923143,0.0,1.2959532,0.72827035,0.0,0.0,0.0,0.97036064,0.0,2.3117962,0.0,1.7009246,0.08741594,0.0,0.05113834,1.7658726,0.0,0.0,0.0,0.0,0.0,0.712311,1.0950024,1.3042941,0.0,0.37645516,0.0,0.37473273,0.71835196,0.7017078,0.80278206,0.48511916,0.0,0.0,0.0,0.0,0.0,0.0,0.0,0.0,2.6105669,0.0,0.0,0.6333579,0.69497836,0.0,0.0
U00334,0.19752973,0.8437592,0.0,0.44929892,0.4132442,1.0714103,0.0,0.0,0.0,2.6726472,1.9282655,0.31601185,0.63317674,0.0,0.0,0.35527372,0.0,0.01018548,0.4645068,1.7392395,0.0,0.61688924,0.0,0.0,1.1364447,0.27829778,0.0,1.0667812,2.6225004,0.39962322,0.09443161,0.30014646,1.845208,0.21482974,0.0,0.35673875,1.7860267,0.26151723,0.0,1.3853326,0.0,0.0,0.0,0.0,0.0,0.0,0.0,0.0,1.7364848,0.4045928,0.44449893,2.0826223,0.24846318,0.0,0.0,0.15254301,0.14711682,0.0,0.0,0.0,0.0,0.0,1.1027814,0.07841122
U00335,0.0,0.8117895,0.0,0.0,0.0,0.2588768,0.0,0.0,0.0,0.42646205,0.29316556,0.0,0.0,2.1021657,0.8670789,0.0,0.88291514,1.3914396,0.0,0.35709214,0.86748743,0.07052204,0.0,1.6218232,0.0,0.0,0.62765896,1.2108288,0.0,0.0,0.0,0.6546682,0.0,0.0,1.1258754,0.05659449,0.5456764,0.0,0.0,1.3974612,0.0,0.8049116,1.2882816,0.8311464,1.0420065,1.309748,1.5187104,1.0349019,0.8891839,0.0,0.0,0.28226262,0.0,0.3538986,0.8564342,0.0,0.0,0.68706024,0.0,0.43646,1.0869265,1.0378866,0.5693362,0.18121743
U00336,0.31769565,0.0,0.2840125,0.5807436,0.0,1.387069,0.15699035,0.0,0.23984918,0.7730449,1.7385719,0.0,0.0,0.0,0.0,0.37725726,1.8237566,0.0,0.13656667,1.4252852,0.0,1.1015842,0.9999085,0.0,1.5749648,0.23732583,0.0,0.0,2.1417606,0.24857043,0.31972876,1.0706549,2.1707635,0.40106565,0.0,0.44380206,0.94639933,0.021839917,0.0,0.017504215,0.8609585,0.86109066,0.0,0.028864384,0.0070718527,0.0,0.6040449,0.9350158,0.0,0.023116082,0.09812692,1.271717,0.20978889,0.0,0.25218236,0.27979153,0.2543362,0.0,0.093005806,0.0,0.0,0.39266878,0.77497864,0.56647336
U00337,0.0,1.7229012,0.0,0.0,0.0,0.0,0.0,0.081101164,0.0,1.5858763,0.0,0.0,0.0,1.2930329,1.3133849,0.0,0.92852765,1.0907135,0.0,0.29054642,1.2387223,0.0,0.28232324,0.02199661,0.0,0.0,2.5426486,0.48648357,0.0,0.0,0.0,0.0,0.0,0.0,0.21085781,0.0,0.0,0.0,1.6245406,0.6760155,0.0,0.0,0.0,0.26255277,0.0,0.40157205,0.0,0.0,0.75075054,0.0,0.0,0.0,0.0,0.0,1.0766798,0.0,0.0,0.85792226,0.124188274,0.0,0.3524541,1.765433,0.0,0.0
U00338,0.014278054,1.1228098,0.0,0.0,0.0,0.0,0.0,0.068795666,0.0,0.18419337,0.4461513,0.0,0.0,0.0,0.7520993,0.0,1.9891953,0.0,0.0,0.0,0.0,0.0,1.4981575,0.21930224,0.83834267,0.0,0.9698775,0.0,0.98151594,0.0,0.0,0.6060033,0.88370585,0.0,0.0,0.0,0.0,0.20466244,1.9817562,0.179322,0.8033938,0.6424504,0.7897688,0.46767268,0.7599414,1.3752482,0.69940317,0.20570481,0.0,0.0,0.0,0.12507781,0.0,0.0,1.9268101,0.0,0.0,0.17460132,0.0,0.0,0.23569924,0.45803013,0.5977667,0.0
U00339,0.0,0.3624301,0.0,0.0,0.0,0.56848156,0.0,0.0,0.0,0.8339493,0.67804503,0.0,0.0,0.0,0.6869993,0.0,0.48814005,1.1555343,0.0,1.1890076,0.6307116,0.76063526,0.46676177,0.0,0.7371812,0.0,0.7637754,0.5242741,1.5989211,0.0,0.0,0.3738972,1.3535789,0.0,0.2157399,0.0,0.5065435,0.0,1.267295,0.4102031,0.5959008,0.6883499,0.32737225,0.18672813,0.90350467,0.6990433,0.6164461,0.5230459,0.37890428,0.0,0.0,0.32848886,0.0,0.0,0.21737218,0.0,0.0,0.6513127,0.0,0.0,0.16111165,0.3159572,0.16015542,0.3255391
U00340,0.0,1.247972,0.0,0.0,0.0,0.22778884,0.0,0.0,0.0,0.78949046,0.41631517,0.0,0.0,0.15933204,1.2691293,0.0,0.33552867,0.66584766,0.0,0.0,1.3675838,0.20567647,0.6541919,0.52783495,0.29956847,0.0,2.030969,0.6808927,0.93324465,0.0,0.0,0.36865592,0.8260647,0.0,0.8857273,0.0,0.0,0.0,1.89824,1.2609155,0.6263679,0.21864313,0.9002342,0.30130696,0.31683433,0.9591588,1.3723493,0.5328342,0.33220375,0.0,0.0,0.24300131,0.0,0.0,1.1077431,0.0,0.0,1.454028,0.0,0.0,1.0101753,0.9819691,0.0,0.0
U00341,0.0,0.0,0.0,0.0,0.28745466,0.7051257,0.0,0.0,0.0,0.295215,1.6198171,0.0,0.0,0.0,0.0,0.0,0.0,0.8261355,0.0,0.0,0.0,0.019750863,1.8851345,0.0,2.0596352,0.0,0.0,0.0,2.265293,0.0,0.0,1.1092834,2.4485316,0.0,0.0,0.0,0.0,0.0,0.25987512,0.0,1.692471,1.0936053,0.0,0.0,0.0,0.0,1.5770044,0.7274622,0.0,0.0,0.0,0.044687837,0.0,0.0,1.1532594,0.0,0.0,0.0,0.0,0.0,0.0,1.2965648,0.0,1.9974935
U00342,0.0,2.154049,0.0,0.0,0.043068364,0.0,0.0,0.03446935,0.0,2.2694836,0.0,0.24178343,0.4582165,1.9250262,0.72909456,0.20107138,0.0,1.6132106,0.0,1.1442488,2.616301,0.0,0.0,0.0,0.0,0.0,2.2840204,1.9676956,0.0,0.0,0.16060783,0.0,0.0,0.0,1.0206732,0.0,0.0,0.0,0.20746078,2.1163375,0.0,0.0,0.0,0.0,0.37011623,0.0,0.0,0.0,1.9842757,0.04557866,0.08667398,0.0,0.0,0.0,0.0,0.0,0.0,2.2664673,0.0,0.0,0.3683948,0.0,0.0,0.0
U00343,0.0,1.4467199,0.0,0.0,0.0,0.31588712,0.0,0.0,0.0,1.0460753,0.73772705,0.0,0.0,0.14194155,0.79562247,0.0,1.0248307,0.9103571,0.0,0.6024294,0.69227403,0.33805126,0.6653815,0.71669704,0.7416053,0.0,1.5025806,0.20911288,0.8531128,0.0,0.0,0.356143,0.84599644,0.0,0.5361208,0.0,0.077655986,0.0,1.0531917,1.0966425,0.49908942,0.680901,0.57376444,0.24755329,0.7972488,1.0172817,0.8330712,0.4343541,0.59507996,0.0,0.0,0.5721525,0.0,0.39255753,0.6221162,0.0,0.0,0.67948574,0.0,0.3520497,0.8349394,1.2222931,0.39728612,0.0
U00344,0.0,1.47451,0.0,0.0,0.0,0.0,0.0,0.0,0.0,2.5542388,0.91146564,0.0,0.0,1.6614147,0.0,0.0,0.0,1.8138585,0.0,1.7970359,1.3450571,0.051130205,0.0,0.0,0.13396877,0.0,0.8209923,1.7905403,1.054407,0.0,0.0,0.0,0.18724728,0.0,0.7559474,0.0,1.0345056,0.0,0.0,1.9758226,0.0,0.0,0.0,0.0,1.0741055,0.0,0.0,0.0,1.858259,0.0,0.0,0.9576361,0.0,0.0,0.0,0.0,0.0,1.4352669,0.0,0.0,0.7967906,0.51908743,0.53449774,0.0
U00345,0.0,0.332891,0.0,0.0,0.0,0.71869874,0.0,0.0,0.0,0.83012617,0.34363952,0.0,0.0,0.0,0.008128643,0.0,2.0667043,1.8290942,0.0,1.4979982,0.15516901,0.35003695,0.2901287,0.9730099,0.0,0.0,0.091382384,1.1062839,0.6991484,0.0,0.0,0.29383975,0.57991624,0.0,0.49078196,0.0,0.6513401,0.0,0.0,0.0,0.0,0.43291748,1.2230173,0.8116138,0.0,0.26887798,0.0,0.07190272,0.76710594,0.0,0.0,1.1354736,0.0,0.12158418,1.0181669,0.0,0.0,0.0,0.0,0.0,0.0,1.8446689,0.73949873,0.10904515
U00346,0.0,0.5638437,0.29720265,0.14732385,0.35818386,0.0,0.6627972,0.29378778,0.27119872,0.2231785,0.0,0.33422476,0.09160687,0.8059658,1.1515597,0.04546523,0.0,1.7626929,0.42725888,0.60453546,1.7373935,0.0,0.0,0.07819491,0.0,0.05781263,2.0689235,1.0348823,0.041361213,0.5217882,0.36849517,0.0,0.0,0.15789497,0.4196089,0.0,0.0,0.29783833,1.4267774,0.91841984,0.18308374,0.0,0.4541853,0.0,0.0,0.8201494,1.159132,0.11743468,0.0,0.4391116,0.32081124,0.0,0.31893814,0.0,0.0,0.24848577,0.4710313,1.6926775,0.41642296,0.0,0.44696492,0.0,0.0,0.0
U00347,0.0,0.0,0.0,0.0,0.0,1.0399987,0.0,0.0,0.0,0.0,0.0,0.0,0.0,1.8060001,1.7797897,0.0,2.2403166,0.0,0.0,0.0,0.69796,0.6575749,1.5545273,1.4562405,0.3778848,0.0,0.0,0.0,0.0,0.0,0.013062611,1.1631907,0.0,0.0,1.0914578,0.30299133,0.38804603,0.0,2.015653,0.0,0.33300602,1.0467846,1.2680187,1.4505424,0.96814007,0.98189473,2.160699,1.3534793,0.0,0.0,0.0,0.013781119,0.0,0.2239758,1.8695709,0.0,0.0,0.0,0.0,0.015592184,0.0,0.29924145,0.19156098,1.071213
U00348,0.97864944,1.0329928,0.8860065,1.0238488,0.38437557,0.0,1.1814889,0.7535255,0.97989905,0.93260753,0.0,0.41999143,0.6711907,1.7055811,1.3411376,0.97360146,0.0,2.010552,0.9291751,1.9221208,1.906692,0.0,0.0,0.09851181,0.0,0.77988064,1.3142661,1.5602206,0.0,0.7049397,0.76690483,0.0,0.0,0.96022606,1.19862,1.791704,0.0,0.8666088,0.10208367,1.5855563,0.0,0.0,0.0,0.0,1.1165845,0.73963034,0.0,0.0,1.1266131,0.89076614,0.8545016,0.0,0.73747694,0.0,0.0,0.99296117,0.80367553,1.2563734,0.44952637,0.0,0.97974306,0.0,0.26792648,0.0
U00349,0.0,0.7706639,0.0,0.1717639,0.0,0.40993878,0.09585041,0.0,0.0072882026,0.44488335,0.039441884,0.003759304,0.0,0.09086013,1.3045888,0.030888915,1.6985625,0.0,0.0,0.0,0.38444936,0.99879694,1.4815502,0.108034186,0.34434718,0.0,1.2837565,0.92153084,0.4856891,0.0,0.0,0.0,0.51284045,0.0,0.18883699,0.0,0.0,0.047354996,2.2825897,0.5193516,0.0,0.22154713,0.2367846,1.1206069,0.0,0.67442626,0.0,0.0,0.39241928,0.0,0.0,0.70513475,0.110184096,0.0,1.8000647,0.043441296,0.15728906,0.3297515,0.022853762,0.0,0.0,2.329113,0.055134296,0.0
U00350,0.0,0.0,0.0,0.0,0.0,1.4242376,0.0,0.0,0.0,0.0,0.73352003,0.0,0.0,1.1286952,1.0797704,0.0,1.70023,0.0,0.0,0.0,0.0,1.8692465,2.2969713,1.1820337,1.1277659,0.0,0.10511792,0.0,0.4956619,0.0,0.0,1.0400017,0.50918126,0.0,0.5820333,0.0,0.20660241,0.0,2.782842,0.0,0.4799742,1.4397426,0.7359953,0.6889782,1.102707,0.6744615,1.7595929,0.528695,0.0,0.0,0.0,0.5130708,0.0,0.19315681,2.0702648,0.0,0.0,0.05931425,0.0,0.11963763,0.0,1.8743087,0.0,0.9154291
U00351,0.0,0.059886575,0.0,0.0,0.0,0.49828324,0.0,0.0,0.0,0.0,0.0,0.0,0.0,0.36671335,1.7923056,0.0,0.0,0.0,0.0,0.0,1.2021449,0.0,1.5920396,0.8526587,0.23739904,0.0,1.4459605,0.27389956,0.016423285,0.0,0.0,0.46551585,0.0,0.0,0.5252475,0.0,0.0,0.0,3.2312298,0.10091317,0.79074436,1.0066783,1.3720239,0.0,0.20165956,0.9645449,2.1375957,1.2156535,0.0,0.0,0.0,0.0,0.0,0.08572963,1.1063193,0.0,0.0,0.601685,0.0,0.0,0.9207703,0.38043636,0.0,0.7817925
U00352,0.0,1.4025679,0.14133747,0.21571821,0.0,0.0,0.0,0.0,0.0,2.6541061,0.5009259,0.0,0.0,2.631989,0.0,0.0,0.0,3.8523827,0.0,3.4291053,1.5281,0.0,0.0,0.0,0.0,0.0,1.5930984,1.674467,0.6683781,0.04918432,0.0,0.0,0.0,0.0,0.43370163,1.0602918,0.20261669,0.0,0.0,2.0757833,0.0,0.0,0.0,0.0,1.8979275,0.0,0.0,0.0,1.9591904,0.0,0.04693775,0.0,0.12936361,0.0,0.0,0.0,0.06727545,1.6615807,0.0,0.0,1.4654267,0.59993577,0.78038603,0.0
U00353,0.48420122,0.9814279,0.46979183,0.42356178,0.04988052,0.0,0.62186277,0.4140207,0.7217344,0.0,0.0,0.28881955,0.5339305,2.1598258,2.4882662,0.5501206,0.0,1.1985272,0.3813503,0.9804615,2.7297473,0.0,0.0,0.7386415,0.0,0.35446757,1.4732484,1.6217618,0.0,0.40975773,0.3698501,0.0,0.0,0.3078432,1.8008327,1.3552012,0.0,0.27505437,1.239203,1.676843,0.0,0.0,0.33626485,0.38481793,1.1786436,1.2299763,0.0,0.0,0.938708,0.43455064,0.56036913,0.0,0.602265,0.0,0.0,0.40883476,0.39023983,1.5768803,0.18149716,0.13090535,1.1799822,0.0,0.0,0.0
U00354,0.0,0.0,0.0,0.0,0.0,1.4309443,0.0,0.0,0.0,0.51862395,0.5981009,0.0,0.0,0.81491184,0.48835188,0.0,1.3831975,0.0,0.0,0.0,0.53525877,1.3562167,1.1454012,0.62242895,0.7609217,0.0,0.24171054,0.49780333,1.0824504,0.0,0.0,0.8942741,0.89959973,0.0,0.7902632,0.0,1.1977426,0.0,1.6594129,0.13606513,0.0,0.989517,0.51256573,1.0190334,0.0,0.0,1.1662886,0.39099512,0.25204659,0.0,0.0,1.3181767,0.0,0.15480694,1.4655467,0.0,0.0,0.0,0.0,0.0,0.0,0.525669,0.105876565,1.0867138
U00355,0.0,0.73941225,0.0,0.0,0.0,0.19955656,0.0,0.0,0.0,0.78845125,0.2776509,0.0,0.0,0.0,0.32725954,0.0,3.1918821,0.4386654,0.0,1.589051,0.20645154,0.8562991,0.27359784,0.54054546,0.07198429,0.0,0.0,1.0930731,0.9809357,0.0,0.0,0.12295228,1.3904835,0.0,0.0,0.0,0.8859432,0.0,0.75055134,0.0,0.0,0.26902568,0.5898564,0.89455545,0.0,0.0,0.0,0.19501594,0.6143806,0.0,0.0,1.0584714,0.0,0.108964354,1.8182498,0.0,0.0,0.0,0.0,0.0,0.0,1.3492019,1.4610841,0.041816235
U00356,0.0,1.5393889,0.0,0.0,0.0,0.0,0.0,0.0,0.0,2.632756,0.81435597,0.0,0.0,0.727265,0.0,0.0,0.0,0.73793983,0.0,1.3679922,0.85265344,0.433434,0.0,0.0,0.366692,0.0,1.3194431,1.4979869,1.1483781,0.0,0.0,0.0,0.55441165,0.0,0.18132544,0.0,0.7040572,0.0,0.0,1.837385,0.0,0.0,0.0,0.0,0.010394216,0.0,0.0,0.0,1.8782178,0.0,0.0,0.61971176,0.0,0.0,0.0,0.0,0.0,1.0100994,0.0,0.0,0.027161121,0.4904397,0.0,0.0
U00357,0.0,1.9674699,0.0,0.0,0.39385128,0.0,0.0,0.0,0.0,1.7873052,0.28155407,0.12897448,0.0,1.6491641,0.0,0.030659199,0.7798002,1.0348905,0.0,0.97134507,1.4949831,0.0,0.0,0.0,0.0,0.0,0.1304717,2.1578913,0.33910894,0.0,0.0,0.0,0.32362297,0.0,1.4850132,0.0,1.0962055,0.0,0.0,2.1548293,0.0,0.0,0.0,0.21331753,1.030658,0.0,0.0,0.0,1.8550098,0.07385939,0.0,1.110149,0.0,0.0,0.0,0.0,0.0,1.4678717,0.0,0.0,0.4477649,0.0,0.0,0.0
U00358,0.0,0.0,0.0,0.0,0.0,1.2645675,0.1604957,0.0,0.0,1.1570883,1.2825557,0.0,0.0,0.0,0.0,0.0,1.3491952,0.4605198,0.18679866,0.9276819,0.0,1.2344837,0.44195372,0.0,1.2185329,0.0,0.0,0.16548383,2.015356,0.0,0.0,0.76918006,1.942382,0.0,0.0,0.34221894,1.544566,0.0,0.23116454,0.0,0.029137194,0.58501995,0.0,0.8641192,0.0,0.0,0.0,0.3789387,0.4640488,0.0,0.0,1.6056247,0.0,0.0,0.68389,0.0,0.0,0.0,0.0,0.0,0.0,0.6219332,0.7650095,1.0319587
U00359,0.0,0.0,0.0,0.0,0.04087524,0.79430676,0.0,0.0,0.0,0.9743271,1.1877924,0.0,0.0,0.0,0.0,0.0,0.0,1.4951053,0.0,1.2295359,0.0,0.3519773,0.0,0.0,1.1965051,0.0,0.0,0.0,1.7342479,0.0,0.0,1.1777596,1.4601841,0.0,0.0,0.0,1.0097302,0.0,0.0,0.0,0.70101726,0.6486543,0.0,0.0,0.54875994,0.004720807,1.0818299,0.74195194,0.16493368,0.0,0.0,0.65244627,0.0,0.0,0.07196939,0.0,0.0,0.0,0.0,0.0,0.3144531,0.65968704,0.42780468,1.0648646
U00360,0.0,0.5277629,0.0,0.0,0.0,0.98847795,0.0,0.0,0.0,0.85754716,0.8839736,0.0,0.0,0.1336571,0.44529837,0.0,1.9757969,0.054443836,0.0,0.2996869,0.0,1.0871947,0.6650935,0.0,0.90978765,0.0,0.23945963,0.61249644,1.3342111,0.0,0.0,0.49424565,1.5222408,0.0,0.22490007,0.0,1.078406,0.0,1.0865448,0.20679808,0.0,0.5038557,0.16317835,1.2408078,0.0,0.0020421743,0.0971494,0.36823806,0.51493394,0.0,0.0,1.4423286,0.0,0.0,1.4080764,0.0,0.0,0.0,0.0,0.0,0.0,1.0429846,0.3953679,0.65358686
U00361,0.0,0.18431044,0.0,0.0,0.0,0.5659363,0.0,0.0,0.0,2.0002084,1.4546787,0.0,0.0,0.0,0.0,0.0,0.04245925,0.0,0.0,0.8910692,0.0,0.84493136,0.0,0.0,1.367699,0.0,0.0,0.0,2.5378032,0.0,0.0,0.5391209,2.0195837,0.0,0.0,0.0,1.1510823,0.0,0.0,0.78210974,0.20372167,0.0,0.0,0.0,0.10748398,0.0,0.0,0.023696482,0.96664375,0.0,0.0,1.209488,0.0,0.0,0.0,0.0,0.0,0.25326812,0.0,0.0,0.0,0.0,0.5201455,0.5037589
U00362,0.0,1.1580013,0.0,0.0,0.0,0.0,0.0,0.061304048,0.0,0.8294054,0.0,0.0,0.0,1.7642239,1.6393552,0.0,0.0,0.30499983,0.0,0.16839671,1.6824374,0.26857072,0.86000556,0.6740993,0.0,0.0,1.8478818,0.53355324,0.0,0.0,0.0,0.0,0.0,0.0,0.8971581,0.0,0.0,0.0,2.4331675,0.9457644,0.0,0.023717225,0.24973285,0.0,0.8396061,0.33433372,1.0147431,0.0398394,0.8515558,0.0,0.0,0.0,0.0,0.0,0.62765133,0.0,0.0,1.2554971,0.0,0.07317486,0.98989654,0.33513427,0.0,0.0
U00363,0.0,0.4155501,0.0,0.0,0.0,0.37842014,0.0,0.011881381,0.0,0.23164845,0.40252325,0.0,0.0,1.7176489,1.4315894,0.0,1.6709518,0.77939606,0.0,0.7164272,0.7955334,0.36347008,0.41636664,0.687555,0.19195032,0.0,0.23704648,0.619075,0.0,0.0,0.0,0.11939764,0.4322304,0.0,0.5200903,0.0,0.7689912,0.0,0.5405605,0.0700593,0.0,0.26319677,0.37092876,0.8891563,0.6688507,0.5822281,0.96291673,0.98304164,0.12996316,0.0,0.0,0.3968328,0.0,0.0,0.95791566,0.0,0.0,0.34721506,0.0,0.0,0.3450312,1.2237371,0.1489147,0.76168203
U00364,0.0,1.2091758,0.0,0.0,0.0,0.7044332,0.0,0.0,0.0,1.7941087,0.7898419,0.0,0.0,0.0,0.0,0.0,1.4311382,0.0,0.0,0.28888583,0.18813694,0.9215238,0.20480943,0.0,0.8007759,0.0,0.8185941,1.330174,1.3286912,0.0,0.0,0.027437925,1.0852988,0.0,0.43329632,0.0,0.97002804,0.0,0.0,1.190113,0.0,0.0,0.0,0.84198064,0.0,0.0,0.0,0.0,1.4264541,0.0,0.0,1.6130939,0.0,0.10480884,0.6661962,0.0,0.0,0.106449485,0.0,0.0,0.0,0.0,0.4767279,0.03526354
U00365,0.14340961,0.5052828,0.0,0.29942602,0.0,0.5394831,0.011202693,0.0,0.0,2.1705637,1.472801,0.0,0.0,0.0,0.0,0.0,0.28427583,1.2127041,0.33059043,1.602128,0.0,0.6884756,0.0,0.0,0.8311374,0.05511242,0.28196967,0.5306573,2.6077547,0.24488491,0.10057038,0.15791494,2.0027945,0.0,0.0,0.16607904,0.93250585,0.09366006,0.0,1.4829224,0.55718315,0.0,0.0,0.0,0.0,0.0,0.0,0.0,1.4220484,0.10289253,0.19807869,1.0442439,0.18061388,0.0,0.0,0.0,0.0,0.48149925,0.0,0.0,0.0,0.0,0.03875816,0.0
U00366,0.0,1.9540637,0.0,0.0,0.0,0.0,0.0,0.0,0.0,1.471719,0.42772207,0.0,0.0,0.0,0.65339446,0.0,0.0,0.9498062,0.0,0.92234147,1.4534373,0.0,0.0,0.0,0.33190656,0.0,2.0437424,1.4777086,0.9097004,0.0,0.0,0.0,0.5054938,0.0,0.7237867,0.0,0.30984977,0.0,0.0,1.9056267,0.257916,0.0,0.28983518,0.0,0.46448743,0.18248409,0.0,0.35206014,1.1719114,0.0,0.0,0.22877091,0.0,0.0,0.0,0.0,0.0,1.6947067,0.0,0.15845716,0.76744825,0.0,0.0,0.0
U00367,0.0,0.8127748,0.0,0.0,0.04153043,0.0,0.024541438,0.09296748,0.25069052,0.0,0.0,0.14538363,0.17895861,1.8349495,3.3393407,0.0,0.0,0.0,0.0,0.0,2.786749,0.0,0.25749087,1.844004,0.0,0.0,2.6306734,1.9250278,0.0,0.09252925,0.0,0.0,0.0,0.0,2.0594,0.25695574,0.0,0.0,1.1038414,1.0396369,0.0,0.0,0.8625901,1.3651438,0.0,0.6100695,0.32289618,0.21168885,0.8806559,0.0,0.0,0.0,0.23369929,0.0,0.008473277,0.0,0.0,0.862752,0.0,0.18283251,0.696499,0.0,0.0,0.0
U00368,0.0,0.0,0.0,0.0,0.0,0.5485685,0.0,0.0,0.0,0.37041104,0.0,0.0,0.0,1.0477871,0.9278815,0.0,0.0,1.2485996,0.0,0.0,1.2853198,0.43437943,0.7731864,0.9573456,0.0,0.0,1.5187382,0.92781234,0.46587187,0.0,0.0,0.07111794,0.0032274574,0.0,0.8232739,0.0,0.05520302,0.0,2.4493792,0.14448917,0.06693396,0.9966885,0.7873769,0.7103491,0.0,0.26955807,1.606226,0.0,0.09462094,0.0,0.0,0.015026353,0.0,0.0,1.6798853,0.0,0.0,0.0,0.0,0.0,0.09283006,2.2865484,0.0,0.27351952
U00369,0.67682064,1.2204003,0.67092425,0.6799206,0.01746212,0.0,0.6258126,0.3506727,0.4475528,1.5021791,0.0,0.08040795,0.2217455,1.9041337,1.1096482,0.6644255,0.0,2.851378,0.4933994,2.6056802,2.0134223,0.0,0.0,0.0,0.0,0.4217236,1.5201745,1.7613513,0.0,0.29779655,0.43513805,0.0,0.0,0.6660656,1.1357135,1.4907463,0.0,0.42552707,0.0,1.8726914,0.0,0.0,0.0,0.0,1.3765994,0.7169651,0.0,0.0,1.3749567,0.4574725,0.4592571,0.0,0.3589818,0.0,0.0,0.5373326,0.5320153,1.5018578,0.14140856,0.0,1.1734262,0.0,0.34747574,0.0
U00370,0.11787081,0.0,0.0,0.0,0.33387798,0.7753793,0.21488392,0.44187194,0.5702614,0.0,0.77432704,0.0,0.12590551,0.0,0.0,0.017050385,0.0,0.7138953,0.25171983,0.65498376,0.0,0.5534715,1.4742498,0.0,0.94942915,0.07806486,0.0,0.0,0.59115875,0.12824835,0.0,1.7160461,1.1403074,0.29175705,0.0,0.0,0.0,0.33493572,1.1673229,0.0,0.8058768,2.1146975,0.8066013,0.0,0.57315767,0.17941129,3.1848922,2.866997,0.0,0.0,0.0,0.0,0.027246863,0.0,2.413186,0.26737887,0.0769988,0.0,0.05675091,0.0,0.4428614,1.8124495,1.0405143,1.6718857
U00371,0.18775964,1.667959,0.2103608,0.08623499,0.0,0.0,0.0,0.0,0.0,2.316842,0.2709665,0.0,0.12740359,2.0016158,0.0,0.25628033,0.0,3.2634878,0.0,3.0784116,1.505901,0.0,0.0,0.0,0.0,0.12646309,1.3222883,1.9235321,0.6081956,0.0,0.10723244,0.0,0.0,0.13252288,0.9855681,1.1665447,0.22872928,0.083940566,0.0,2.1529248,0.0,0.0,0.0,0.0,1.9011989,0.094465375,0.0,0.0,1.917672,0.030568033,0.21016157,0.0,0.0,0.0,0.0,0.0,0.044162273,1.5106215,0.0,0.0,1.0975481,0.0,0.82910806,0.0
U00372,0.0,0.51449853,0.0,0.0,0.0,0.9878372,0.0,0.0,0.0,0.25267088,0.9879447,0.0,0.0,0.0,0.59487593,0.0,0.0,1.0761846,0.0,1.1309552,0.0,0.45570844,1.0124149,0.43245035,1.2027887,0.0,1.2925795,0.0,0.8704246,0.0,0.0,0.4852922,1.2847462,0.0,0.005114019,0.0,0.013401628,0.0,0.70420384,0.17928314,0.79612345,0.62710464,1.1434162,0.0,0.0,0.40084875,1.512683,1.4731776,0.0,0.0,0.0,0.33544847,0.0,0.0,0.0,0.0,0.0,0.1744231,0.0,0.0,0.32285926,1.5735792,0.14540112,0.6155467
U00373,0.0,0.0,0.0,0.0,0.0,0.72313046,0.04790014,0.29670468,0.0,0.0,0.0,0.23313506,0.0,2.4098818,1.8107686,0.0,2.5832844,0.0,0.0,0.0,0.62558895,0.6779624,1.6937702,2.1141565,0.03363949,0.0,0.0,0.0,0.0,0.40125906,0.0,1.3421279,0.0,0.0,1.156833,0.05183208,0.0,0.0,2.2435286,0.0,0.20795366,1.1190642,1.5408362,1.2300675,1.0603387,1.0399042,2.9954162,2.150786,0.0,0.032174826,0.0,0.0,0.1240195,0.2921385,2.911028,0.0,0.0,0.18023896,0.0,0.0,0.21101636,0.0,0.13907295,1.0293057
U00374,0.0,0.0,0.0,0.0,0.0,1.4582742,0.0,0.0,0.0,0.0,1.3217916,0.0,0.0,0.6660281,0.889027,0.0,0.98031235,0.14065456,0.0,0.0,0.0,1.4730041,2.1223032,1.2238389,1.1541395,0.0,0.0,0.0,0.23557812,0.0,0.0,0.69653594,1.0692123,0.0,0.0,0.0,0.46650422,0.0,1.2132747,0.0,0.43758643,1.05779,0.70303774,0.2198769,0.0,0.0,2.4240775,1.6393698,0.0,0.0,0.0,0.72594965,0.0,0.0,1.354257,0.0,0.0,0.0,0.0,0.0,0.13709521,2.584867,0.0,1.316983
U00375,0.0,0.0,0.0,0.0,0.0,0.78535926,0.0,0.0,0.0,0.0,0.0,0.0,0.0,1.0539765,1.2314558,0.0,0.56728476,0.0,0.0,0.0,0.82564825,0.5680413,2.0274334,1.2776523,0.23765033,0.0,0.27572727,8.201599e-05,0.28146857,0.0,0.0,0.9819875,0.0,0.0,0.6570645,0.0,0.0,0.0,3.1275034,0.0,0.5260217,1.147825,1.1798713,0.48492366,0.0,0.70294154,2.4385095,0.6158427,0.0,0.0,0.0,0.0,0.0,0.0,2.708641,0.0,0.0,0.0,0.0,0.0,0.038796782,1.4110417,0.0,1.1640551
U00376,0.0,0.0,0.0,0.0,0.0,0.38235667,0.0,0.0,0.0,0.0,0.0,0.0,0.0,0.0,0.28033257,0.0,2.0336344,1.3126363,0.0,0.93765235,0.20799601,0.0,0.679213,1.3029308,0.0,0.0,0.0,0.47841716,0.53383243,0.0,0.01371789,0.94970834,0.50405353,0.0,0.0,0.0,0.3061665,0.0,0.87629557,0.0,0.66614854,1.2292268,1.8112377,0.6726968,0.0,0.9635539,1.3882046,1.4853762,0.0,0.0,0.0,0.4711338,0.0,0.23290506,2.764607,0.0,0.0,0.0,0.0,0.033321265,0.0,2.285481,1.2562876,0.4006195
U00377,0.0,1.1874394,0.0,0.0,0.0,0.0,0.0,0.0,0.0,2.6344495,1.1613895,0.0,0.0,2.3934085,0.0,0.0,0.0,2.0994425,0.0,1.9433463,1.144988,0.0,0.0,0.0,0.66722846,0.0,1.2187594,1.9755414,0.6948894,0.0,0.0,0.0,0.0,0.0,0.29711157,0.017517328,1.0514936,0.0,0.0,1.1789408,0.0,0.0,0.0,0.0,0.31174552,0.0,0.0,0.0,1.8773761,0.0,0.0,0.9767082,0.0,0.31916866,0.0,0.0,0.0,0.54688764,0.0,0.050775167,0.75224316,1.8716304,0.3562889,0.6392242
U00378,0.0,0.0,0.0,0.0,0.0,0.5941918,0.0,0.0,0.0,1.4094979,1.6210002,0.0,0.0,0.0,0.0,0.0,0.0,0.33863807,0.0,0.98710275,0.0,0.62397325,0.29364294,0.0,1.5130663,0.0,0.0,0.0,2.327293,0.0,0.0,1.101786,2.0643632,0.0,0.0,0.0,0.85181224,0.0,0.0,0.0,0.7251079,0.7673812,0.0,0.0,0.18310285,0.0,0.26636365,0.48667833,0.0,0.0,0.0,0.881395,0.0,0.0,0.16328454,0.0,0.0,0.0,0.05591777,0.0,0.0,0.4507992,0.97265285,1.1265833
U00379,6.1043835,0.0,6.080755,7.4624805,6.483497,0.0,5.6212564,5.2682896,7.114189,0.0,0.0,6.0302567,6.6552134,0.0,0.0,8.142322,0.0,0.22696543,6.7859845,0.0,0.0,0.0,0.0,0.0,0.0,6.2715187,0.0,0.0,0.0,8.525445,6.5817556,0.0,0.0,6.044752,0.0,0.0,0.0,6.5356855,0.0,0.0,0.0,0.0,0.0,0.0,0.0,0.0,0.0,0.0,0.0,7.222057,7.3822227,0.0,7.7938523,0.0,0.0,6.19656,6.4182644,0.0,8.3496895,0.0,0.0,0.0,0.0,0.0
U00380,0.0,0.33878076,0.0,0.0,0.0,1.0045369,0.0,0.0,0.0,0.029079676,0.80532324,0.0,0.0,0.25854826,1.0363755,0.0,0.0,0.685475,0.0,0.80500877,0.10462904,0.48461878,0.920718,0.8148737,0.7683395,0.0,1.1503662,0.0,0.14445776,0.0,0.0,0.57991636,0.42676535,0.0,0.5912801,0.0,0.011706859,0.0,0.34178433,1.0133133,0.9726413,0.85122514,1.3508196,0.0,0.7627724,0.9478577,1.8970636,1.4860023,0.008659244,0.0,0.0,0.29561764,0.0,0.11848608,0.0,0.0,0.0,0.6846771,0.0,0.27190033,0.8680874,0.6461637,0.0,0.25354946
U00381,0.01724124,0.48264563,0.0,0.0,0.0,1.261594,0.0,0.0,0.0,0.5641831,0.80543077,0.0,0.0,0.14469945,0.47023255,0.0,1.5123878,0.10030413,0.0,0.92522,0.3103404,1.2687712,0.76161236,0.43464482,1.1247056,0.0,0.4507209,0.106500864,0.98163176,0.0,0.0,0.69232297,1.1107134,0.0,0.3621369,0.0,0.998999,0.0,1.0336027,0.8553431,0.2379635,0.58643454,0.54680014,0.77344126,0.23333621,0.08353734,1.2499355,0.99469316,0.27823865,0.0,0.0,0.74734807,0.0,0.06561446,0.41879714,0.0,0.0,0.100495934,0.0,0.097452365,0.0,0.68639493,0.404382,0.4619075
U00382,0.0,0.78430486,0.0,0.0,0.0,0.9756353,0.0,0.0,0.0,1.382126,1.3752244,0.0,0.0,0.0,0.50198203,0.0,1.1139446,0.0,0.0,0.6589469,0.0,1.3778813,1.3315046,0.21340302,1.7848823,0.0,0.877517,0.25244963,1.2238796,0.0,0.0,0.0,1.404892,0.0,0.061235607,0.0,1.0352651,0.0,0.013916937,0.0,0.0,0.09889677,0.0,0.768407,0.0,0.0,0.0,0.0,0.68208617,0.0,0.0,1.3628793,0.0,0.024053872,0.75861585,0.0,0.0,0.0,0.0,0.0,0.0,2.3416145,0.0,1.2372923
U00383,0.0,0.0,0.0,0.0,0.0,1.1049374,0.0,0.0,0.0,1.0337485,1.6963427,0.0,0.0,0.79782337,0.0,0.0,0.39040178,1.421377,0.0,1.4551437,0.0,1.2135093,0.28263706,0.0,1.3940141,0.0,0.0,0.0,1.6501176,0.0,0.0,0.83727956,1.5554235,0.0,0.0,0.0,1.1031057,0.0,0.0,0.32022583,0.5019289,0.14986885,0.0,0.0,1.1496675,0.0,0.8343968,0.99393046,0.32250333,0.0,0.0,1.0406193,0.0,0.0,0.0,0.0,0.0,0.0,0.0,0.0,0.33165786,0.3386889,0.3635928,0.9804704
U00384,0.0,0.0,0.0,0.0,0.0,1.1985283,0.0,0.0,0.0,0.0,0.45952532,0.0,0.0,0.0,1.3335623,0.0,2.0247722,0.0,0.0,0.0,0.0,1.830795,2.4552739,0.17401263,1.1309426,0.0,0.0,0.430768,0.53577197,0.0,0.0,0.6755464,0.65434307,0.0,0.1246022,0.17063117,0.15836005,0.0,3.1902,0.0,0.0,0.99193573,0.516404,1.3285422,0.8904995,0.80965394,0.043705538,0.0,0.0,0.0,0.0,0.76475,0.0,0.0,2.4515867,0.0,0.16168708,0.0,0.0,0.0,0.0,1.6632974,0.5814812,0.60939467
U00385,0.12608337,0.57222676,0.0,0.2122502,0.0,0.7908442,0.22370559,0.0,0.0,1.3784851,0.9856874,0.0,0.0,0.0,0.0,0.0,1.6859502,0.4715321,0.07553926,1.2573574,0.0,1.2062304,0.2950015,0.0,0.7579309,0.022965401,0.38648748,0.5958103,1.953365,0.0,0.0,0.18075997,1.6653802,0.09885019,0.25517416,0.07541847,0.8374077,0.08883563,0.091213405,1.3987858,0.048599005,0.0,0.0,0.45264894,0.25890052,0.0049265623,0.0,0.0,0.82797503,0.0,0.0,1.1734172,0.030552208,0.0,0.0,0.16168562,0.014520407,0.20548248,0.0,0.0,0.0,0.0,0.3145747,0.0
U00386,0.0,0.57705843,0.0,0.0,0.0,0.55263495,0.0,0.0,0.0,0.23075366,0.0,0.0,0.0,1.4103038,1.6216893,0.0,1.591409,0.17138791,0.0,0.0,1.651679,0.5840533,0.6741082,0.7949965,0.13575172,0.0,1.1318028,0.7727679,0.021420658,0.0,0.0,0.24989259,0.0,0.0,1.4359,0.0,0.035953462,0.0,1.4454408,1.3908532,0.27358592,0.26850253,0.7181907,0.93098414,1.3418481,1.0604826,1.2528119,0.20927456,0.5066039,0.0,0.0,0.14969587,0.0,0.086928755,0.8018886,0.0,0.0,1.2755363,0.0,0.21611424,0.40811968,0.0,0.0,0.0
U00387,0.0,0.041778922,0.0,0.0,0.0,0.97824776,0.0,0.0,0.0,0.33717203,0.7060349,0.0,0.0,0.0119588375,0.3135813,0.0,0.35568762,1.1132832,0.0,0.60785604,0.114901304,1.2351487,1.1364126,0.0,0.9637073,0.0,0.49506146,0.03537643,1.4005091,0.0,0.0,0.7877667,1.3123416,0.0,0.15548652,0.0,0.3085592,0.0,1.8380268,0.0,0.56001043,1.1198162,0.49847645,0.16497505,0.6674317,0.42318988,1.1496147,0.40026692,0.0,0.0,0.0,0.46523258,0.0,0.0,1.0534075,0.0,0.0,0.00838089,0.0,0.0,0.0,1.1945457,0.21174529,0.79147625
U00388,0.24320948,1.5747479,0.28010595,0.18344474,0.0,0.0,0.0,0.0,0.0,2.1827495,0.08792472,0.0,0.0,2.066101,0.16085464,0.22612676,0.0,3.3028731,0.0058277845,3.045795,1.7267681,0.0,0.0,0.0,0.0,0.0697068,1.445246,1.9538095,0.51467097,0.0,0.11418004,0.0,0.0,0.20062932,1.0221584,1.1626321,0.14715622,0.051743835,0.0,2.182787,0.0,0.0,0.0,0.0,1.8128521,0.33650988,0.0,0.0,1.8307579,0.03254646,0.12735051,0.0,0.010684356,0.0,0.0,0.00728786,0.122182384,1.5958853,0.0,0.0,1.1961002,0.0,0.7654784,0.0
U00389,0.0,0.104955435,0.0,0.0,0.0,0.7364254,0.0,0.0,0.0,0.0,0.0,0.0,0.0,1.3072236,1.8025094,0.0,2.296208,0.0,0.0,0.0,1.1346422,0.8655617,1.970789,1.650551,0.5811188,0.0,0.2566645,0.17605007,0.0,0.0,0.0,0.77129567,0.0,0.0,0.9587745,0.0,0.0,0.0,2.9748256,0.0,0.052817106,0.8777075,1.3758763,1.3826637,0.39389634,1.066682,1.940015,1.1148311,0.0,0.0,0.0,0.18240039,0.0,0.2955325,2.7497826,0.0,0.0,0.29755068,0.0,0.1924743,0.13639939,0.6144706,0.04902643,0.7684344
U00390,0.0,0.03773862,0.0,0.0,0.0,0.45626733,0.0,0.0,0.0,0.8605284,0.72963417,0.0,0.0,0.0,0.0,0.0,1.6720625,0.23401237,0.0,1.0549763,0.0,1.1040152,1.5356076,0.0,0.66483176,0.0,0.0,0.18547964,1.8208401,0.0,0.0,0.0,1.7860566,0.0,0.0,0.0,0.2645047,0.0,1.734872,0.0,0.27080697,0.90584934,0.43152857,0.38012534,0.0,0.0,0.0,0.39259776,0.29288405,0.0,0.0,0.72913885,0.0,0.003132701,2.0688505,0.0,0.0,0.0,0.0,0.0,0.0,1.5697246,0.42684177,0.63321245
U00391,0.0,0.8454666,0.0,0.0,0.0,0.7440058,0.0,0.0,0.0,1.3971695,1.0776948,0.0,0.0,1.398362,0.3130901,0.0,0.3227473,2.0276392,0.0,0.7641462,1.1663144,0.68218625,0.0,0.93187827,0.33001363,0.0,1.3962811,1.2979608,0.49414927,0.0,0.0,0.6876023,0.31396326,0.0,1.1111046,0.0,1.3423971,0.0,0.0,1.768437,0.2548752,0.70113826,0.75645417,0.7195269,0.46503818,0.52484393,1.1330769,0.7786294,1.3716204,0.0,0.0,0.9309516,0.0,0.33705863,0.0,0.0,0.0,0.9291179,0.0,0.49977854,0.93239737,1.318376,0.17616189,0.23857069
U00392,0.0,0.026465297,0.0,0.0,0.044110894,0.3465086,0.0,0.0,0.0,1.6521558,0.92350507,0.0,0.0,0.0,0.0,0.0,0.2021423,0.94123554,0.0,1.4367079,0.15680063,0.40506774,0.0,0.0,1.0917748,0.0,0.0,0.0,1.8771768,0.0,0.0,0.09406811,1.7979486,0.0,0.0,0.0,0.66120094,0.0,0.0,0.0,0.010716006,0.0,0.0,0.0,0.0,0.0,0.0,0.0,0.5660817,0.0,0.0,0.7833656,0.0,0.0,0.27385902,0.0,0.0,0.044758677,0.0,0.0,0.0,1.2454188,0.3551366,0.6990349
U00393,0.0045022964,0.0,0.14711288,0.08534795,0.0,1.2218406,0.22771335,0.0,0.07609068,0.0,0.9321462,0.0,0.0,0.0,0.0,0.0,2.305807,0.0,0.0,0.15490031,0.0,2.002951,1.715117,0.096718326,1.375229,0.0031755567,0.0,0.0,1.6751541,0.0,0.16058691,0.8679019,1.6708475,0.058120906,0.0,0.4712237,0.70173514,0.0,1.7354335,0.0,0.0,0.8862096,0.10913694,0.83833385,0.0,0.0,0.11694905,0.76986825,0.0,0.0,0.0,1.1330163,0.015523165,0.0,1.7827009,0.0,0.054041684,0.0,0.0,0.0,0.0,0.4797712,1.0433469,0.76102424
U00394,0.23694366,0.06076306,0.0,0.2532038,0.24943753,0.0,0.40623185,0.37166196,0.17730546,0.0,0.0,0.37770563,0.099733755,1.5926151,2.0960245,0.14708099,1.7057558,0.0,0.09902221,0.0,1.6834868,0.18875237,0.76306134,1.040598,0.0,0.1021508,0.0,0.7504052,0.0,0.23264107,0.19309907,0.2948249,0.0,0.18999863,1.2906625,0.22633171,0.0,0.0817956,2.366002,0.0,0.0,0.06010124,0.96930254,1.4057195,0.13260686,1.0435398,1.5077767,0.44014922,0.0,0.23098645,0.24727228,0.0,0.48600364,0.0,2.3474927,0.22986722,0.37541068,0.76336837,0.14196476,0.0,0.11026955,0.0,0.0,0.0
U00395,0.0,0.6182896,0.0,0.0,0.0,0.09391034,0.0,0.071122736,0.0,0.0,0.0,0.0,0.0,0.5207977,1.2906339,0.0,3.1874547,0.0,0.0,0.0,0.6787217,0.12887572,1.4048729,1.1212424,0.20906287,0.0,0.49546695,0.0,0.0,0.0,0.0,0.62499785,0.0,0.0,0.9715279,0.0,0.0,0.0,2.0661132,0.5017638,0.4306562,0.41958576,0.63519835,1.4365139,0.7567951,1.4104533,1.0716797,0.0,0.074223995,0.0,0.0,0.4157131,0.10184102,0.34731832,2.886848,0.0,0.0,0.53774107,0.0,0.0,0.0,0.3629448,0.0,0.0
U00396,0.0,1.1058642,0.0,0.0,0.0,0.40202388,0.0,0.0,0.0,1.6687131,0.66465807,0.0,0.0,1.3263298,1.0450323,0.0,0.54137826,1.2309952,0.0,0.848184,1.1063981,0.62888753,0.15011734,0.69606316,0.30242825,0.0,1.908346,1.4913764,0.66656494,0.0,0.0,0.0,0.22415054,0.0,0.62517786,0.0,0.8620994,0.0,0.22742675,0.9289377,0.0,0.0,0.18867275,0.5725335,0.0,0.019964933,0.09018472,0.0,1.0760391,0.0,0.0,0.6360054,0.0,0.0,0.31440854,0.0,0.0,0.24472463,0.0,0.050009202,0.29277626,2.0575285,0.0,0.14719284
U00397,0.0,1.2652857,0.0,0.0,0.0,0.0,0.0,0.014397666,0.0,1.853162,0.0,0.0,0.0,1.621079,1.157043,0.055840194,0.0,1.8079772,0.0,0.5807934,2.427992,0.0,0.0,0.038950562,0.0,0.0,2.120387,1.2470186,0.0,0.0,0.0,0.0,0.0,0.0,0.76649654,0.0,0.0,0.0,0.5808009,1.5839703,0.0,0.0,0.0,0.49186003,0.0,0.2040906,0.0,0.0,0.9345444,0.0,0.0,0.0,0.0,0.0,0.2819469,0.0,0.03729543,1.8026011,0.06564285,0.0,0.60658205,0.49324104,0.0,0.0
U00398,0.0,0.52909684,0.0,0.0,0.0,0.7712271,0.0,0.0,0.0,0.92217743,1.2920853,0.0,0.0,0.34085017,0.0,0.0,0.0,0.6752478,0.0,0.89887035,0.15754175,0.89699143,0.9575755,0.0,1.3210509,0.0,0.4806208,0.0,1.6768327,0.0,0.0,0.22945231,1.3137758,0.0,0.0,0.0,0.26709616,0.0,1.2566057,0.11166918,0.4476056,0.33812964,0.0,0.0,0.9932943,0.0,1.0329028,0.63377345,0.44026458,0.0,0.0,0.086356014,0.0,0.0,0.041601777,0.0,0.0,0.5246943,0.0,0.024554601,0.77879494,0.49618226,0.0,0.9000864
U00399,0.0,0.89014435,0.0,0.0,0.0,0.44107065,0.0,0.0,0.0,1.2000618,0.43353838,0.0,0.0,0.0,0.10308546,0.0,2.1486263,0.12323642,0.0,0.69938815,0.058543324,1.0218368,0.5565862,0.0,0.73682415,0.0,0.49655676,0.2510835,1.5269668,0.0,0.0,0.32424074,1.6737194,0.0,0.016418338,0.0,0.4730267,0.0,0.96730006,0.2756605,0.05467415,0.13967493,0.0,0.6682242,0.0,0.0,0.0,0.0,0.4172716,0.0,0.0,0.9071858,0.0,0.0,1.0240182,0.0,0.0,0.0,0.0,0.0,0.0,0.1459203,0.46387243,0.13214314
U00400,0.52238727,0.9663999,0.5044089,0.46872562,0.08137633,0.0,0.6642741,0.44391656,0.7553587,0.0,0.0,0.3120801,0.5599801,2.1254365,2.44801,0.58491844,0.0,1.1806872,0.4216942,0.96722364,2.691432,0.0,0.0,0.7238948,0.0,0.39129788,1.4530965,1.6002159,0.0,0.44234425,0.40318692,0.0,0.0,0.34864092,1.7736393,1.3850677,0.0,0.31429884,1.2178284,1.6552225,0.0,0.0,0.32508785,0.36537394,1.1607666,1.212947,0.0,0.0,0.9258374,0.4744047,0.5925871,0.0,0.63173944,0.0,0.0,0.45219275,0.42735097,1.5551571,0.20842877,0.10443269,1.1640539,0.0,0.0,0.0
U00401,0.83702093,1.7480205,0.72221375,0.6025893,1.0826402,0.0,0.41276866,0.30926937,0.6878764,1.8419529,0.0,1.0292827,0.7566906,1.7053641,0.45750374,0.9830564,0.0,1.8575611,1.113562,0.54941106,2.8409457,0.0,0.0,0.0,0.0,0.84804904,2.2882462,2.59957,0.0,1.1060543,0.49653387,0.0,0.0,0.767651,1.3992629,0.0,0.0,1.0220728,0.0,2.1713426,0.0,0.0,0.0,0.1393669,0.0,0.0,0.0,0.0,1.632221,1.1240839,0.8342526,0.0,1.107519,0.0,0.0,0.6580168,1.0525289,1.7311296,0.8674312,0.0,0.0,0.0,0.0,0.0
U00402,0.18223244,1.2582778,0.0,0.07526845,0.3018573,0.0,0.2290628,0.1307917,0.0,0.2601974,0.0,0.2030235,0.0,0.55599743,1.7569408,0.0,2.1402574,0.0,0.0,0.0,1.8926873,0.0,0.0,0.3519799,0.0,0.0,0.7596662,1.7087208,0.0,0.0,0.0,0.0,0.0,0.0,1.4127476,0.0,0.0,0.0,0.7704402,1.0343556,0.0,0.0,0.35761833,1.8610728,0.38822854,1.1436057,0.0,0.0,0.7876415,0.0,0.0,0.0,0.11558292,0.035386473,1.4188226,0.2606951,0.0,0.8211618,0.045268476,0.0,0.17321342,0.0,0.29478616,0.0
U00403,0.0,1.6452384,0.0,0.0,0.0,0.0,0.0,0.0,0.0,1.9993503,0.0,0.058024183,0.0,0.635008,0.110200286,0.0,0.06163585,0.5843959,0.0,0.72115874,1.6608402,0.0,0.0,0.0,0.0,0.0,1.3997791,1.9120378,0.39505905,0.0,0.0,0.0,0.0,0.0,0.84507006,0.0,0.37803882,0.0,0.0,2.4266915,0.0,0.0,0.0,0.40578303,0.22351658,0.0,0.0,0.0,1.6464539,0.12328003,0.0,0.38489783,0.0,0.0,0.0,0.0,0.0,1.5412765,0.0,0.0,0.16386443,0.0,0.0,0.0
U00404,0.0,0.0,0.0,0.0,0.0,1.015672,0.0,0.0,0.0,0.0,0.0,0.0,0.0,1.012511,1.5029572,0.0,1.2525241,0.0,0.0,0.0,0.80916953,0.6844454,2.243649,1.5919945,0.825572,0.0,0.2324065,0.0,0.0,0.0,0.0,1.1206608,0.0,0.0,1.0100778,0.0,0.0,0.0,3.4858725,0.0,0.7599604,1.3003737,1.5989913,0.78946704,0.63326466,1.1112703,2.5726142,1.1048108,0.0,0.0,0.0,0.0,0.0,0.41475776,2.7480602,0.0,0.0,0.25140297,0.0,0.16135694,0.40148273,0.75434256,0.0,1.1409986
U00405,0.55359495,0.0,0.46755618,0.2216345,0.45849633,0.88112617,0.46057934,0.0,0.40991247,0.0,1.3546438,0.37155718,0.013265859,0.0,0.0,0.19151405,2.1910725,0.0,0.6918691,0.38294744,0.0,1.6669993,1.6907542,0.0,2.2486854,0.3120849,0.0,0.0,2.4230814,0.10805992,0.33550894,1.5044215,2.18669,0.47837386,0.0,0.26471078,0.96748435,0.63527924,1.2294385,0.0,0.21137863,1.0548766,0.0,0.5384486,1.037154,0.0,0.0,0.63785756,0.0,0.40509656,0.5853561,0.98998463,0.50905424,0.0,1.395389,0.4460757,0.52913934,0.0,0.0,0.0,0.0,0.0,1.3055342,0.8517729
U00406,0.5524266,1.4974272,0.49900377,0.50524664,0.0,0.0,0.44468707,0.19664901,0.2688269,2.0568855,0.0,0.0,0.24278782,2.1684718,0.17308557,0.5757901,0.0,3.2960577,0.40436557,3.115551,1.5156759,0.0,0.0,0.0,0.0,0.38028082,1.5478066,1.9419491,0.3413418,0.25431323,0.4203406,0.0,0.0,0.66226315,0.8901012,1.4776273,0.0,0.5872101,0.0,1.9429425,0.0,0.0,0.0,0.0,1.6758825,0.250463,0.0,0.0,1.6799572,0.4046307,0.45933875,0.0,0.18319441,0.0,0.0,0.39037287,0.34430245,1.3546141,0.0,0.0,1.0546365,0.0,0.78769034,0.0
U00407,0.0,0.7500057,0.0,0.0,0.0,0.9805907,0.0,0.0,0.0,1.479853,1.1859118,0.0,0.0,0.0,0.23671919,0.0,0.54587674,0.5918814,0.0,1.1152135,0.09067798,1.0833907,0.0,0.0,0.9395616,0.0,1.0502889,0.8586409,1.4181969,0.0,0.0,0.042970777,1.0967948,0.0,0.5799387,0.0,1.0289881,0.0,0.0,1.6386195,0.19142926,0.0,0.34457952,0.43373373,0.021808624,0.017551422,0.0,0.027612045,1.1687512,0.0,0.0,1.1488225,0.0,0.0,0.0,0.0,0.0,0.32795,0.0,0.0738674,0.0,0.35283518,0.0,0.0
U00408,0.021736622,0.0,0.12039167,0.0,0.14467208,1.2595583,0.0,0.0,0.088225946,0.51208496,1.5545226,0.0,0.0,0.0,0.0,0.0,0.4529724,0.0,0.0,0.28045917,0.0,1.1168826,1.3663421,0.0,1.8627975,0.0,0.0,0.0,2.1896396,0.0,0.059262797,1.3851206,2.1027286,0.108745545,0.0,0.0,1.1271908,0.0,0.8542299,0.0,0.47416264,1.3107553,0.0,0.0,0.0,0.0,1.4202058,1.3331314,0.0,0.058638304,0.0,0.88547564,0.0,0.0,1.6139163,0.30352747,0.06906471,0.0,0.25539073,0.0,0.0,0.8962456,0.76238,1.459089
U00409,0.0,1.096976,0.0,0.0,0.0,0.0,0.0,0.0,0.0,0.3491491,0.0,0.0,0.0,0.954776,1.5268788,0.0,1.9185381,0.0,0.0,0.0,1.027788,0.32650372,1.4265378,0.7423246,0.31515974,0.0,1.4618654,0.5824877,0.00218302,0.0,0.0,0.0,0.0,0.0,0.76756966,0.0001835823,0.0,0.0,2.2195666,0.8919003,0.14937079,0.35651386,0.5714898,0.7813215,1.0058526,1.2998685,0.57203466,0.0,0.44596273,0.0,0.0,0.090295225,0.0,0.18696025,1.3878456,0.0,0.0,0.63651335,0.0,0.14194345,0.34495607,0.82242393,0.21389705,0.0
U00410,0.0,1.8067038,0.0,0.0,0.10279213,0.0,0.0,0.0,0.0,2.2971,0.0,0.0,0.0,2.0235121,0.57583916,0.0,0.0,0.8361589,0.0,1.3735008,1.9248991,0.0,0.0,0.0,0.0,0.0,1.5376801,2.2194538,0.0,0.0,0.0,0.0,0.0,0.0,0.76383346,0.19392169,0.50421333,0.0,0.0,1.8101839,0.0,0.0,0.0,0.024677277,0.242957,0.0,0.0,0.0,1.8642895,0.0,0.0,0.0,0.0,0.0,0.0,0.0,0.0,1.7299986,0.0,0.0,0.44967997,0.0,0.0,0.0
U00411,0.0,1.7604284,0.0,0.0,0.0,0.21860498,0.0,0.0,0.0,1.1964463,0.55177414,0.0,0.0,0.0,0.8346332,0.0,0.0464648,0.67845047,0.0,0.86299145,1.0388792,0.14714809,0.0,0.15391177,0.44894946,0.0,2.2177377,1.0426517,0.6810523,0.0,0.0,0.0,0.70070887,0.0,0.6987471,0.0,0.14811309,0.0,0.0,2.1196733,0.5124162,0.0,0.71663326,0.51031375,0.0,0.22555172,0.0,0.50466835,0.99372137,0.06959081,0.0,0.42335755,0.0,0.0,0.0,0.0,0.0,1.1208961,0.0,0.10114638,0.43400624,0.0,0.0,0.0
U00412,0.0,0.3447981,0.20900425,0.08757037,0.0,0.4111391,0.0,0.0,0.0,0.0,0.16422184,0.0,0.0,0.15842843,1.1808254,0.0,2.4854379,0.0,0.0,0.0,0.5685668,0.9470912,0.9680869,0.0,0.78868186,0.0,0.0,0.61148065,0.37903464,0.0,0.0,0.56824577,0.44719255,0.11862266,0.8071739,0.0,0.5243284,0.1611222,1.6837885,0.9208629,0.0,0.0,0.0744798,1.3700552,1.6274911,0.71725345,0.0,0.020090401,0.40730333,0.0,0.0,0.5806885,0.055591032,0.0,1.5170256,0.06092304,0.11213304,0.78626007,0.0,0.0,0.0,0.0,0.14135516,0.011966586
U00413,0.0,0.036218762,0.0,0.0,0.0,1.145528,0.0,0.0,0.0,1.2818923,0.7753184,0.0,0.0,0.97838354,0.10247308,0.0,0.5793827,1.50528,0.0,0.383008,1.0341654,0.33099085,0.0,0.0,0.41054177,0.0,0.48886985,1.4288311,1.0746228,0.0,0.0,1.0429884,0.6304949,0.0,1.4504304,0.0,1.2972401,0.0,0.0,1.9144402,0.3894711,0.38098222,0.2271373,1.5359349,0.9951628,0.4406513,0.21059579,0.0,1.241332,0.0,0.0,1.1750748,0.0,0.0,0.0,0.0,0.0,0.7058429,0.0,0.08701865,0.27761793,0.0,0.0,0.17968678
U00414,0.0,0.899719,0.0,0.0,0.0,0.2719801,0.0,0.077824846,0.0,0.0,0.0,0.0,0.0,1.4762172,1.923549,0.0,1.2966814,0.0,0.0,0.0,1.4427117,0.5645015,1.1220095,0.8313379,0.2694847,0.0,0.7686103,0.5747205,0.0,0.0,0.0,0.17163622,0.0,0.0,1.147607,0.0,0.1560943,0.0,2.0723104,0.88796735,0.0,0.3094778,0.5682069,0.47653797,1.3798407,0.7199599,1.2462239,0.6701721,0.38673294,0.0,0.0,0.0,0.0,0.12127441,0.9497775,0.0,0.0,1.119896,0.0,0.15105218,0.7528185,0.0,0.0,0.19025517
U00415,0.0,2.0456681,0.0,0.15736336,0.0,0.0,0.0,0.010028094,0.7256449,0.32716846,0.0,0.094934106,0.023768954,0.0,1.0146779,0.1282259,1.1855279,0.13494349,0.0,0.0,0.9457493,0.0,0.7121195,1.5049102,0.0,0.0,2.5257149,0.27488267,0.0,0.0,0.035006806,0.0,0.0,0.0,0.30703175,0.0,0.0,0.0,0.7087245,0.6391301,0.34079254,0.8376316,0.71083313,0.3452784,0.0,1.8054966,0.21132883,0.00044250488,0.3955868,0.0,0.0,0.0,0.35494536,0.38777938,1.8042406,0.05091852,0.0,0.98870695,0.68429893,0.0,1.4896386,2.4434686,0.67088306,0.0
U00416,0.0,0.07467461,0.0,0.0,0.07861851,0.85103905,0.0,0.0,0.0,2.5553255,2.2216506,0.0,0.07583727,0.0,0.0,0.0,0.0,0.52319384,0.0,1.298911,0.0,0.90561265,0.0,0.0,2.0103197,0.0,0.0,0.0,2.9065592,0.0,0.0,0.0,2.0824628,0.0,0.0,0.0,1.2928828,0.0,0.0,0.055483222,0.11467576,0.0,0.0,0.0,0.0,0.0,0.0,0.0,1.0984546,0.0,0.12284922,1.4643159,0.0,0.0,0.0,0.0,0.0,0.0,0.0,0.0,0.0,0.74647117,0.530465,0.99411
U00417,0.0874688,0.0,0.0,0.36829078,0.0,1.6458468,0.2609495,0.0,0.0,1.217027,1.8678913,0.0,0.0,0.0,0.0,0.17518324,0.79087234,0.50858307,0.18372408,1.2741606,0.0,1.373054,0.5420628,0.0,1.728306,0.16635121,0.0,0.0,2.3637156,0.0,0.16766094,0.6333443,2.4523916,0.0,0.0,0.5790444,1.6290368,0.0,0.0,0.0,0.3082888,0.38283694,0.0,0.37428075,0.0,0.0,0.0,0.80630755,0.26188654,0.0,0.0,1.6817877,0.03248474,0.0,0.0,0.12866822,0.10223004,0.0,0.0,0.0,0.0,1.0795293,0.73401135,1.1561317
U00418,0.0,0.5872914,0.0,0.0,0.0,0.31437537,0.0,0.0,0.0,0.0,0.0,0.0,0.0,0.91192,1.3619066,0.0,0.4922874,0.0,0.0,0.0,0.9010561,0.19574201,1.6621478,0.85353404,0.74864364,0.0,0.40304267,0.0,0.0,0.0,0.0,0.9449955,0.0,0.0,0.56309336,0.0,0.0,0.0,3.261462,0.15370369,0.77883613,0.92691934,1.2530279,0.0,1.6977931,1.4085888,2.0818758,1.5971932,0.0,0.0,0.0,0.0,0.0,0.2119483,1.427735,0.0,0.0,1.4336278,0.0,0.17945853,1.3186842,0.0,0.037275136,0.49920642
U00419,0.3504025,0.0,0.2674386,0.3920593,0.018729135,0.8795445,0.2383672,0.25921893,0.0,0.0,0.0,0.21332407,0.0,1.0586356,0.8935478,0.093131214,1.6077894,0.0,0.22493356,0.0,0.0,1.0793858,1.896173,1.1848433,0.32857728,0.21055931,0.0,0.0,0.0,0.298204,0.11464565,1.3080539,0.0,0.1976986,0.3651235,0.2463671,0.0,0.106253624,2.434752,0.0,0.8220007,1.1615443,1.122469,0.5451542,1.0527749,0.8686607,2.8857899,1.5612081,0.0,0.46566963,0.298874,0.0,0.21231575,0.0,2.4454017,0.30514342,0.42900157,0.12758934,0.0,0.0,0.15269423,0.925627,0.116310954,0.8120569
U00420,0.014803529,0.8631389,0.0,0.04766065,0.0,0.5451354,0.0,0.0,0.0,1.2468185,0.36521932,0.08137171,0.0,0.0,0.16704094,0.0,1.7853069,0.0,0.0,0.36872292,0.4009018,0.81943476,0.33295327,0.048470367,0.69248164,0.07108033,0.2839725,0.7148215,1.1762757,0.0,0.010179788,0.14134234,0.9325233,0.014245033,0.3251229,0.059557915,0.8043041,0.0,0.5395175,1.2434667,0.0,0.0,0.0,0.7564389,0.0,0.0,0.0,0.0,0.9175855,0.13594197,0.0,1.0748988,0.0,0.0,0.9565097,0.060765624,0.0,0.0,0.0,0.0,0.0,0.0,0.58673406,0.0
U00421,0.5432427,1.2403613,0.501802,0.49247658,0.0037737936,0.0,0.6579068,0.37112182,0.47001213,1.057456,0.0,0.106680006,0.32596183,1.8603401,1.7033198,0.5760274,0.0,2.2835398,0.42678997,2.1540375,2.3554885,0.0,0.0,0.21628478,0.0,0.32227734,1.4851719,1.8267195,0.0,0.24090368,0.33995366,0.0,0.0,0.45485353,1.4285836,1.3967335,0.0,0.35381305,0.32870626,1.8874744,0.0,0.0,0.0,0.02848956,1.3577795,0.90253586,0.0,0.0,1.3190345,0.4053273,0.4308157,0.0,0.31523705,0.0,0.0,0.48883176,0.39502856,1.5195518,0.13405305,0.080341846,1.1759288,0.0,0.1544581,0.0
U00422,0.0,0.47634137,0.0,0.0,0.0,0.96308374,0.0,0.0,0.0,0.8213139,0.64836633,0.0,0.0,0.0,0.6020793,0.0,2.0429006,0.0,0.0,0.09106159,0.0,1.655479,1.3925185,0.16607785,1.0285429,0.0,0.444301,0.57953143,1.2569778,0.0,0.0,0.39639366,1.3108947,0.0,0.17660409,0.0,0.72489786,0.0,1.687753,0.0,0.0,0.610629,0.0,1.133546,0.0,0.14943683,0.0,0.0,0.44752246,0.0,0.0,1.2446556,0.0,0.0,1.5503632,0.0,0.0,0.0,0.0,0.0,0.0,1.3427402,0.6042686,0.64321387
U00423,0.0,1.2425479,0.0,0.0,0.0,0.16533056,0.0,0.0,0.0,1.9913124,0.9875778,0.0,0.0,0.37461567,0.0,0.0,0.0,1.3299475,0.0,1.1687872,0.688405,0.43379936,0.0,0.0,0.77813685,0.0,0.8330727,0.501243,1.6486753,0.0,0.0,0.0,1.138403,0.0,0.0301767,0.0,0.46575522,0.0,0.23667206,1.4716902,0.074994415,0.0,0.0,0.0,0.9753782,0.0,0.0,0.0,1.167106,0.0,0.0,0.5525471,0.0,0.0,0.0,0.0,0.0,1.0995646,0.0,0.0,0.5888472,0.34535718,0.07688922,0.12258458
U00424,0.4114844,0.9256414,0.2159973,0.53089136,0.18166952,0.0,0.7175039,0.40099803,0.3802902,0.0,0.0,0.58689976,0.595723,1.7937613,2.1171927,0.3879042,1.2768764,0.0,0.46076483,0.0,2.2823431,0.0,0.0,0.80967665,0.0,0.21400295,1.1497976,1.3277118,0.0,0.39070463,0.28985837,0.0,0.0,0.50005835,1.4738657,0.45586908,0.0,0.39239666,2.0859694,1.1361923,0.0,0.0,0.7902584,1.547488,0.17157865,1.064851,0.5727028,0.0,0.46444643,0.56436205,0.65614665,0.0,0.76885265,0.0,1.7492603,0.44996116,0.40848976,1.6395807,0.49888068,0.0,0.3811979,0.0,0.0,0.0
U00425,0.0,0.7485199,0.0,0.0,0.091123775,0.07565978,0.0,0.0,0.15340005,0.61230904,0.4483424,0.284756,0.0,0.0,0.08338976,0.07345593,2.5661893,0.0,0.23034653,0.0,0.0,0.5535019,0.80421966,0.30709818,0.07719171,0.0,0.13908386,0.5802673,1.1016898,0.08917229,0.0,0.590685,1.0495782,0.035819173,0.1495865,0.3402415,0.013825774,0.17421773,1.3346581,0.71151483,0.29087293,0.50197345,0.058752134,1.0147767,0.25709498,0.65560895,0.0,0.0,0.48160648,0.0,0.0,0.82213223,0.1463795,0.0,1.7678846,0.0,0.11416069,0.0,0.23195735,0.0,0.0,0.9575002,1.3173678,0.0
U00426,0.0,0.0,0.0,0.0,0.0,0.5128859,0.0,0.0,0.0,2.6095018,1.9799207,0.0,0.0,0.0,0.0,0.0,0.0,0.02381444,0.0,1.1972191,0.0,0.88624305,0.0,0.0,1.6232882,0.0,0.0,0.111700654,2.743885,0.0,0.0,0.33951485,2.0846334,0.0,0.0,0.0,1.5510013,0.0,0.0,0.86567676,0.0,0.0,0.0,0.0,0.0,0.0,0.0,0.0,1.4987512,0.0,0.0,1.8109292,0.0,0.0,0.0,0.0,0.0,0.0,0.0,0.0,0.0,0.0,0.53639555,0.74241304
U00427,0.26358697,0.0,0.3224875,0.49798518,0.31267697,1.7359931,0.5142187,0.0,0.41187227,0.1640991,2.1571164,0.0,0.071967065,0.0,0.0,0.38693023,0.0,0.26713824,0.096663475,0.7463479,0.0,1.592372,1.0072293,0.0,2.0171793,0.23867182,0.0,0.0,2.9895558,0.30583215,0.31328145,1.7841926,2.8887544,0.0,0.0,0.09631705,1.0469612,0.2287842,0.0,0.0,1.1585727,1.34637,0.0,0.0,0.0,0.0,0.5276488,1.3602929,0.0,0.29446533,0.0005760994,1.3497682,0.26135588,0.0,0.36080003,0.39173043,0.4278088,0.0,0.1890668,0.0,0.0,0.0,0.6955812,1.6385367
U00428,0.0,1.2605565,0.0,0.0,0.0,0.08658253,0.0,0.0,0.0,0.82458174,0.0,0.0,0.0,0.39922035,1.3228105,0.0,0.69789547,0.15613627,0.0,0.17253304,1.2619424,0.28189796,0.28775054,0.6208937,0.0,0.016108423,1.7421367,1.0220385,0.0,0.0,0.0,0.0,0.13887748,0.0,0.65092844,0.19279587,0.0,0.0,0.97089887,1.5138788,0.0,0.0,0.73123485,0.7433667,0.0,0.48679858,0.5990216,0.5861275,0.634511,0.044920504,0.0,0.06338137,0.0,0.0,0.20954108,0.026248634,0.0,0.90813696,0.0,0.0,0.5011991,0.48846024,0.0,0.0
U00429,0.0,0.55747414,0.0,0.0,0.0,0.6825664,0.0,0.0,0.0,0.87848264,0.48461458,0.0,0.0,0.60384554,1.1132709,0.0,0.21876776,0.9793489,0.0,1.0449479,0.9787122,0.6163225,0.239447,0.39132553,0.52125084,0.0,0.9521153,0.57547295,0.6962671,0.0,0.0,0.44288313,0.5781699,0.0,0.6215664,0.0,0.8322567,0.0,0.9876249,0.57525015,0.07504091,0.5997824,0.5967117,0.3327767,0.14843476,0.4573241,1.2176559,0.8760587,0.56735575,0.0,0.0,0.3752878,0.0,0.063332915,0.17501318,0.0,0.0,0.2829355,0.0,0.17791879,0.45762345,0.79865754,0.19817305,0.51048934
U00430,0.0,2.2292743,0.0,0.0,0.0,0.0,0.0,0.0,0.0,0.0,0.0,0.0,0.0,0.0,0.0,0.0,2.2474403,1.1850926,0.0,0.0,0.0,0.0,1.1810083,2.5775294,0.0,0.0,1.9115891,0.0,0.0,0.24171206,0.13342747,1.3743789,0.0,0.0,0.4483984,0.0,0.0,0.0,0.09205941,1.1944859,2.9153476,1.6557444,1.1520562,0.13322775,0.6663622,2.8495774,2.330101,0.7733338,0.0,0.0,0.0,0.0,0.0,1.2587346,3.8509116,0.0,0.0,0.25660932,0.7436895,0.0,2.1748605,3.8649921,1.610255,0.0
U00431,0.0,1.8142146,0.0,0.0,0.0,0.0,0.0,0.0,0.0,2.3260553,0.09447688,0.12777677,0.2236083,0.0,0.0969612,0.0,0.0,0.9984734,0.048036933,0.6669419,1.6351353,0.0,0.0,0.0,0.0,0.0699743,2.8271198,1.5921614,0.6997962,0.0,0.13872981,0.0,0.05817619,0.0038595796,0.5242473,0.0,0.27320737,0.0,0.0,2.0323505,0.0,0.0,0.0,0.0,0.0,0.0,0.0,0.0,1.7714884,0.1940917,0.07904202,0.0,0.08584295,0.0,0.0,0.0,0.111071125,1.6325827,0.0,0.0,0.0,0.2625954,0.0,0.0
U00432,0.20400757,0.0,0.18324077,0.072919905,0.37032282,0.79752135,0.081622005,0.037318558,0.16794062,0.0,0.9637424,0.0,0.116145775,0.0,0.0,0.0,0.0,1.9950134,0.040870935,1.891701,0.0,0.06401816,0.64396757,0.0,1.3251214,0.0112350285,0.0,0.0,1.3890388,0.29414827,0.0,1.324035,1.9586862,0.0,0.0,0.0,0.0,0.289896,0.0,0.0,1.621844,0.86112607,0.6347574,0.0,0.9166787,0.6400951,1.9162418,1.7947117,0.0,0.0,0.0,0.0,0.0031805933,0.0,0.0,0.13268048,0.0,0.116362214,0.0,0.0,0.51026475,0.45767552,0.0,0.87460434
U00433,0.0,0.1806159,0.0,0.0,0.0,0.865293,0.0,0.0,0.0,0.5851487,0.93314826,0.0,0.0,0.96895134,1.2415794,0.0,1.1282688,0.5683389,0.0,0.2789092,1.0657179,0.927284,0.84260243,1.056579,0.7207024,0.0,0.91817546,0.8169606,0.68873584,0.0,0.0,0.74771214,0.77037907,0.0,0.42000967,0.0,0.94966173,0.0,1.3508518,0.5019543,0.40812576,1.08508,0.98116183,1.0115571,0.0,0.8744526,1.5803887,1.3849809,0.46643233,0.0,0.0,0.5140177,0.0,0.39148816,1.1269435,0.0,0.0,0.3715709,0.0,0.43794024,0.753963,1.5430312,0.0,0.7309325
U00434,0.0115635395,1.2315,0.0,0.0,0.27029777,0.0,0.03303033,0.120678544,0.0,2.055264,0.0,0.05290871,0.10504478,1.1196319,0.3904581,0.054545283,0.0,1.785171,0.06350708,1.5704873,1.6889799,0.0,0.0,0.0,0.0,0.054116577,1.9639629,1.9549775,0.6115062,0.006951904,0.12940523,0.0,0.0,0.124599904,0.72743803,0.0,0.45111358,0.08149341,0.0,1.7897751,0.0,0.0,0.0,0.0,0.3750348,0.0,0.0,0.0,1.830028,0.0,0.28197482,0.0,0.0,0.0,0.0,0.0,0.034795493,1.5692925,0.0,0.0,0.0,0.0,0.0,0.0
U00435,0.0,0.0,0.3791075,0.35376275,0.0,1.0319322,0.0,0.0,0.13363644,0.0,0.0,0.37263322,0.0,0.7107241,1.3620839,0.07978353,1.9044826,0.0,0.0,0.0,0.3645221,1.3366733,2.4796054,1.2483162,0.27454507,0.2808077,0.0,0.0,0.0,0.29503185,0.36562756,0.5656918,0.0,0.0,0.6304518,0.20785391,0.0,0.0,3.6235986,0.0,0.0,0.83574224,0.89033794,1.3221827,0.0,0.70377696,1.5242698,0.20350441,0.0,0.14837214,0.038276024,0.37818822,0.46402282,0.0,3.2648,0.0,0.48782778,0.0,0.25893724,0.0,0.0,1.7012037,0.39397395,0.35012126
U00436,0.81369686,1.0911409,0.7329507,0.8114847,0.25041932,0.0,0.99913573,0.6260915,0.82928824,0.84261525,0.0,0.3282357,0.56784034,1.7997609,1.5663664,0.8221465,0.0,1.9612184,0.7470982,1.8837528,2.104513,0.0,0.0,0.21081664,0.0,0.6216812,1.3753502,1.6514856,0.0,0.55664355,0.6155405,0.0,0.0,0.7600711,1.3425333,1.6504481,0.0,0.683021,0.27576837,1.677936,0.0,0.0,0.0,0.0,1.1901476,0.8373066,0.0,0.0,1.1568644,0.7224028,0.7225609,0.0,0.6007997,0.0,0.0,0.80414796,0.6352654,1.3460295,0.33583552,0.0,1.0438118,0.0,0.18941629,0.0
U00437,0.0,0.5811792,0.0,0.0,0.0,0.4517052,0.0,0.0,0.0,0.85889393,0.6391778,0.0,0.0,0.4399544,0.60825014,0.0,1.5303966,1.0595309,0.0,0.87160194,1.0417544,1.0450541,0.0,0.2972513,0.4915539,0.0,0.90771407,1.0941265,1.1274908,0.0,0.0,0.48578238,1.3267657,0.0,0.5408108,0.0,0.6391628,0.0,0.44401127,1.1187935,0.40420324,0.24587947,0.54326487,1.3277578,0.13475668,0.68312716,0.736027,0.7899518,0.6096397,0.0,0.0,0.7244811,0.0,0.0,0.53969204,0.0,0.0,0.983577,0.0,0.030549617,0.25653416,0.3078509,0.0,0.0
U00438,0.0,1.1892838,0.0,0.0,0.0,0.5432296,0.0,0.0,0.0,2.0888,1.3246454,0.0,0.0,2.001623,0.0,0.0,0.49891412,2.137846,0.0,0.83539104,0.6584966,0.44636104,0.0,0.0,0.36039358,0.0,0.42170298,1.4005474,0.8952033,0.0,0.0,0.52624345,0.6450852,0.0,0.83633286,0.0,1.4665438,0.0,0.0,2.2198753,0.0,0.0,0.0,0.029981852,1.4289958,0.0,0.2576189,0.026213393,1.7384849,0.0,0.0,1.4794475,0.0,0.27951947,0.0,0.0,0.0,1.2350041,0.0,0.0,0.9111856,0.39111686,0.058680892,0.3314253
U00439,0.0,1.5875791,0.0,0.0,0.0,0.0,0.0,0.0,0.0901472,0.4752922,0.0,0.0,0.0,0.6615179,1.6361928,0.0,0.68992805,0.0,0.0,0.0,1.9149841,0.0,0.54714745,1.1811036,0.0,0.0,2.0089698,0.70299375,0.0,0.0,0.0,0.0,0.0,0.0,1.2611203,0.0,0.0,0.0,1.3091035,1.5924971,0.25035426,0.3318147,0.53073394,0.34006876,0.5901222,1.4879062,0.725602,0.067283034,0.6783009,0.0,0.0,0.0,0.0,0.14572838,1.1046823,0.0023669004,0.0,1.6163584,0.4736063,0.0,1.5000505,0.25760046,0.0,0.0
U00440,0.0,1.1316286,0.0,0.0,0.0,0.21219933,0.0,0.0,0.0,0.78543645,0.0,0.0,0.0,0.5587751,1.2382793,0.0,1.7367895,1.3925936,0.0,1.3054533,0.7739989,0.37931457,0.58482355,1.2817838,0.0,0.0,0.77807325,1.6735994,0.14263988,0.0,0.0,0.0,0.2979982,0.0,0.2449565,0.0,0.38283828,0.0,1.0938458,0.10470235,0.0,0.7824342,1.1077636,0.40076256,0.0,0.46670705,0.13217911,0.6179724,0.9221916,0.0,0.0,0.6550611,0.0,0.32113478,1.6889421,0.0,0.0,0.16948318,0.0,0.0,0.0,3.0018883,0.8837887,0.31205356
U00441,0.0,0.0,0.0,0.0,0.0,0.8266566,0.0,0.0,0.0,0.103542686,1.1137992,0.0,0.0,1.7146116,0.20440501,0.0,0.43992525,1.7361293,0.0,1.5906376,0.0,1.0420945,1.1883202,0.58942276,1.0455146,0.0,0.0,0.0,0.43874007,0.0,0.0,0.78197443,0.7594888,0.0,0.0,0.0,0.6422172,0.0,0.0,0.0,0.92465776,0.5222123,0.0,0.0,1.8236828,0.6192711,1.4629015,1.1570884,0.0,0.0,0.0,0.43968198,0.0,0.19348708,0.15795112,0.0,0.0,0.0,0.0,0.0,0.6899556,1.8244531,0.3622043,1.1071365
U00442,0.0,1.1935966,0.0,0.0,0.0,0.23560718,0.0,0.0,0.0,2.3535373,1.145614,0.0,0.0,0.8324249,0.0,0.0,0.0,1.2593815,0.0,0.91413903,0.6463709,0.44590068,0.0,0.0,0.48540318,0.0,1.5583742,1.6062825,1.2668121,0.0,0.0,0.0,0.68054336,0.0,0.21581692,0.0,1.1706237,0.0,0.0,1.2062025,0.0,0.0,0.0,0.0,0.0,0.0,0.0,0.0,1.6805341,0.0,0.0,0.97521293,0.0,0.0,0.0,0.0,0.0,0.44765502,0.0,0.0,0.0,1.5108334,0.0,0.0
U00443,0.0,0.0,0.18011966,0.07436752,0.0,1.2753077,0.0,0.22210643,0.0,0.0,0.0,0.16141228,0.0,2.0380552,1.007955,0.057193875,2.290946,0.0,0.0,0.0,0.0,1.1367025,1.9306026,1.736671,0.28204352,0.1320438,0.0,0.0,0.0,0.24049541,0.10476704,1.5171268,0.0,0.0,0.93083507,0.0,0.016153783,0.01678896,1.3199711,0.0,0.8712525,1.2416142,1.253912,0.6591877,1.705653,0.89012474,3.2562785,2.1239235,0.0,0.1702717,0.002804812,0.0,0.08718061,0.080939025,1.7992715,0.0,0.032122314,0.39509928,0.0,0.0,0.49075356,0.0,0.0,1.0383165
U00444,0.0,0.85207194,0.0,0.0,0.0,0.7909231,0.0,0.0,0.0,2.4123569,2.0587728,0.0,0.0,0.8860049,0.0,0.0,0.0,1.6265646,0.0,1.1724672,0.0,0.8257947,0.0,0.0,1.3189784,0.0,0.0,0.63360965,2.0495982,0.0,0.0,0.0,1.3008415,0.0,0.0,0.0,1.1366183,0.0,0.0,0.8610141,0.0,0.0,0.0,0.0,0.0,0.0,0.0,0.020584792,1.3687106,0.0,0.0,1.558453,0.0,0.0,0.0,0.0,0.0,0.0,0.0,0.0,0.0,0.82958794,0.13398361,0.8522277
U00445,0.004714906,0.0,0.0,0.0,0.0,1.2981673,0.0,0.0,0.0,0.0,0.0,0.026155483,0.0,1.5769068,0.86243385,0.0,1.6127104,0.0,0.0,0.0,0.14516377,0.9135273,1.4865448,1.5121186,0.7013906,0.0,0.0,0.0,0.0,0.28783953,0.0,1.6507821,0.0,0.0,0.81784046,0.0,0.0,0.0,1.4891126,0.0,1.0121489,1.3585333,1.5329839,0.75930953,1.5043625,1.1182936,3.0327263,1.9663738,0.0,0.0,0.0,0.0,0.0,0.05336365,1.6116604,0.0,0.019236326,0.5769052,0.0,0.020328987,0.24220228,0.0,0.0,0.87443304
U00446,0.0,0.060893416,0.0,0.0,0.32407635,0.084808126,0.0,0.0,0.0,1.4778708,1.2725174,0.0,0.0,0.0,0.0,0.0,0.0,3.5194492,0.0,2.4989786,0.0,0.0,0.0,0.0,0.8577194,0.0,0.0,0.0,1.9586862,0.2381359,0.0,0.7462988,1.5686829,0.0,0.0,0.0,0.07678196,0.0,0.0,0.47170293,1.2306914,0.0,0.0,0.0,1.3446355,0.12042487,0.09588504,0.32547393,0.7711048,0.0,0.0,0.1859224,0.0,0.0,0.0,0.0,0.0,1.770408,0.0,0.0,0.6953453,0.07123857,0.26475883,0.030347705
U00447,0.100225985,0.7356967,0.40883958,0.490489,0.0,0.0,0.7980528,0.4573655,0.6413356,0.8662587,0.0,0.3477673,0.56041634,1.2967423,0.6206068,0.5218963,0.0,1.1991037,0.52687824,0.96781456,0.9688554,0.0,0.13682431,0.013043381,0.0,0.43316847,1.5301616,0.64870596,0.0,0.4629066,0.53563833,0.0,0.0,0.64594495,0.1289916,0.08361566,0.0,0.6054346,1.079204,1.0391624,0.0,0.0,0.112405956,0.0,1.3165741,0.65014845,1.1580622,0.2539578,0.41499114,0.5260601,0.51624537,0.0,0.4081735,0.0,0.07711005,0.5278879,0.6260091,1.6969657,0.49906826,0.0,0.90671784,0.8551154,0.0,0.0
U00448,0.25178438,0.0,0.055596605,0.45549738,0.1777357,1.6062015,0.33013892,0.0,0.34389523,1.1351718,3.0407472,0.0,0.068888314,0.0,0.0,0.0,0.056439996,0.0,0.24377912,0.7328836,0.0,1.5700483,0.7387243,0.0,3.0764513,0.076616704,0.0,0.0,4.14633,0.14521167,0.2782312,1.5515335,3.9244707,0.0,0.0,0.041398644,1.6697676,0.023987293,0.0,0.0,1.0709229,1.1198655,0.0,0.0,0.0,0.0,0.0,0.35089985,0.0,0.09075463,0.12065645,2.118613,0.37397778,0.0,0.0,0.29713565,0.41813934,0.0,0.06693344,0.0,0.0,0.0,0.8871341,1.746294
U00449,0.0,0.7996688,0.0,0.0,0.0,0.5510274,0.0,0.0,0.0,0.0,0.117113605,0.0,0.0,0.5635079,1.4246352,0.0,1.8112444,0.0,0.0,0.083969116,0.9370158,1.3420126,1.6814368,0.27576798,1.0165827,0.0,0.7343956,0.74585134,0.58618474,0.0,0.0,0.3342564,0.7007114,0.0,0.6289984,0.0,0.040316477,0.0,2.5393307,0.7305846,0.24444276,0.34519625,0.4469735,0.69470847,1.0421433,0.7371305,0.8160079,0.6298038,0.1519934,0.0,0.0,0.2851958,0.0,0.09030217,1.3858517,0.0,0.0,1.0537062,0.0,0.15578032,0.10990578,0.0,0.0,0.18614972
U00450,0.0,1.8959017,0.0,0.0,0.0,0.0,0.0,0.18870366,0.0,1.3856487,0.0,0.0,0.0,1.7533555,1.5319335,0.011540115,0.75260687,0.0,0.0,0.0,1.0431602,0.0,0.11393583,0.9532913,0.0,0.0,2.1253936,1.5374502,0.0,0.0,0.0,0.0,0.0,0.0,1.0458614,0.0,0.19729482,0.0,0.0,0.72423244,0.0,0.0,0.036150858,0.9721408,0.0,0.07814717,0.0,0.0,1.38214,0.0,0.0,0.3657953,0.0,0.0,0.78969085,0.0,0.0,0.6164846,0.0,0.0,0.30929103,1.1496801,0.0,0.0
U00451,0.0,0.4049098,0.0,0.0,0.0,0.5445572,0.0,0.0,0.0,1.7570573,0.84736514,0.0,0.0,0.0,0.0,0.0,0.009262562,0.76137197,0.0,1.6743827,0.42166138,0.9788555,0.0,0.0,0.7366108,0.0,0.49280095,0.7715327,1.953906,0.0,0.0,0.16057575,1.3768001,0.0,0.25582457,0.0,0.8917217,0.053634465,0.0,1.1595653,0.22266993,0.02889064,0.0,0.0,0.532925,0.0,0.0,0.0,1.1563524,0.0,0.0,0.7069268,0.0,0.0,0.0,0.0,0.0,0.8263939,0.0,0.0,0.0,0.0,0.028048456,0.0
U00452,0.0,0.1907354,0.0,0.0,0.0,0.6585673,0.0,0.0,0.0,0.35011375,0.0,0.0,0.0,1.6739976,1.5154419,0.0,0.7314781,1.4782021,0.0,0.0,1.7067829,0.0,0.0,1.55839,0.0,0.0,1.0908462,1.2887094,0.0,0.0,0.0,0.7041203,0.0,0.0,1.485455,0.0,0.6907373,0.0,0.42840913,1.3392307,0.20766723,0.6534254,1.4800538,1.2934151,0.22864878,1.0755844,1.9738663,1.0157688,0.7205837,0.0,0.0,0.17343818,0.0,0.04651764,0.7807442,0.0,0.0,0.64680374,0.0,0.20213501,0.68124,0.77589333,0.0,0.17664969
U00453,0.0,0.4996215,0.0,0.0,0.0,0.0,0.0,0.0,0.20257649,0.996326,0.0,0.029894482,0.0,0.7357319,1.8498139,0.0,0.49382424,0.0,0.0,0.0,1.5901562,0.5110036,0.769815,0.3171115,0.0,0.0,1.7755439,1.0500588,0.0,0.0,0.119296655,0.0,0.0,0.0,0.43589985,0.0,0.0,0.0,2.0872228,0.9924006,0.0,0.0,0.34920338,0.6764508,0.0,0.2670455,0.9843427,0.030507892,0.5456941,0.0,0.0,0.0,0.0,0.0,1.0008272,0.0,0.0,1.045891,0.30323574,0.0,0.18678892,1.42007,0.0,0.0
U00454,0.14814496,0.57456607,0.0,0.23473462,0.0,0.9372759,0.04829192,0.078984484,0.0,1.1030345,1.4265965,0.0,0.0,0.0,0.0,0.017296672,1.3897563,0.0,0.0,1.0580162,0.0,1.261988,0.7530404,0.0,1.8324318,0.0,0.0,0.0,2.1844416,0.0,0.0,0.49578,2.3623445,0.136055,0.0,0.0,1.0385892,0.058996797,0.43814883,0.1246866,0.35608184,0.1335505,0.0,0.26827496,0.0,0.0,0.0,0.48217925,0.29046476,0.2525426,0.0,1.2469337,0.07541157,0.0,0.4357555,0.31165668,0.03295502,0.0,0.014591619,0.0,0.0,0.12898919,0.46358746,0.49912512
U00455,0.0,1.0076576,0.0,0.0,0.0,0.0,0.0,0.0,0.0,0.0,0.0,0.0,0.0,0.5324446,1.3729916,0.0,1.4074631,2.2469797,0.0,2.1645591,1.459149,0.0,0.0,1.0930299,0.0,0.0,0.29935515,1.4007802,0.0,0.025011158,0.0,0.42239285,0.05604519,0.0,0.8947727,0.0,0.0,0.0,0.47261494,0.70333004,0.32561272,0.63576347,1.4509706,0.1661855,1.4524064,1.3540404,0.58156836,1.2299935,0.432288,0.0,0.0,0.04784759,0.0,0.040528893,0.50440216,0.0,0.0,1.5821187,0.0,0.042188786,0.42497763,0.37286967,0.7178675,0.0
U00456,0.08361459,0.9656143,0.0,0.0,0.0,0.0,0.04718727,0.37350452,0.33966434,0.45148098,0.0,0.0497927,0.323677,1.7197237,1.7340707,0.11839631,0.4400583,0.0,0.0,0.28357816,1.3394941,0.47321457,1.1052637,0.56624687,0.0,0.0,1.2478352,0.4747851,0.0,0.0,0.0,0.0,0.0,0.0,0.70463485,0.0,0.0,0.027625144,1.883894,0.9720161,0.0,0.0,0.110048294,0.0,0.82193255,0.2726742,0.7635847,0.34713012,0.5639111,0.27404594,0.0,0.0,0.0,0.0,0.3385408,0.0011520386,0.0,1.2477605,0.11009881,0.0,0.7835059,0.0,0.0,0.0
U00457,0.0,0.0,0.0,0.0,0.17223518,1.2868358,0.0,0.0,0.0,0.0,1.662735,0.0,0.0,0.0,0.0,0.0,0.0,1.2698227,0.0,1.0477556,0.0,0.9624368,1.330143,0.0,1.8284786,0.0,0.0,0.0,1.5852125,0.0,0.0,1.501471,1.7366847,0.0,0.0,0.0,0.49544773,0.0,0.39925793,0.0,1.1680601,1.0788302,0.08315554,0.0,1.0020177,0.0,2.0840707,2.042045,0.0,0.0,0.0,0.3736729,0.0,0.0,0.67364395,0.0,0.0,0.0,0.0,0.0,0.39389697,1.096122,0.40136522,1.591697
U00458,0.43594,1.3894098,0.3281188,0.27878317,0.0,0.0,0.47143322,0.25174934,0.29140264,1.2007318,0.0,0.050650463,0.2048075,1.8265046,1.4745834,0.44585443,0.0,2.408557,0.28431433,2.3732574,2.1847298,0.0,0.0,0.12861331,0.0,0.31298327,1.4401814,1.963989,0.0,0.07966059,0.27187005,0.0,0.0,0.37069696,1.4743236,1.3080727,0.0,0.28872037,0.05642211,1.984563,0.0,0.0,0.0,0.0,1.5537282,0.8137486,0.0,0.0,1.4897361,0.31929535,0.32598326,0.0,0.14726207,0.0,0.0,0.3852291,0.1566087,1.5039245,0.0,0.16457556,1.1814315,0.0,0.25860402,0.0
U00459,0.60467154,0.38672,0.5475108,0.60539764,0.37502968,0.0,0.9737695,0.61590105,0.9232017,0.0,0.0,0.3856057,0.48150778,1.7898705,0.9169122,0.58412695,1.1753374,0.41925502,0.95112103,0.0,0.58741844,0.43365586,0.13523674,1.0272505,0.0,0.64668936,0.0,0.4612167,0.0,0.5527598,0.6085816,0.0,0.0,0.91687167,0.24120867,1.1676685,0.26278648,0.7898977,0.8456209,0.0,0.0,0.32097924,0.51637375,0.20433138,0.052094102,0.17237014,1.4576447,1.0268928,0.040134788,0.78869724,0.21072422,0.0,0.61893076,0.0,1.5227968,0.69560045,0.38203967,0.3084978,0.22616708,0.0,0.33234298,1.902937,0.83078533,0.11417019
U00460,0.0,1.379911,0.0,0.0,0.0,0.19997975,0.0,0.0,0.0,1.6281255,0.0,0.0,0.0,1.5188063,0.4627689,0.0,0.0,1.1983297,0.0,0.4457991,1.9016802,0.0,0.0,0.0,0.0,0.0,1.8595841,1.8018513,0.68287367,0.0,0.0,0.0,0.027304977,0.0,1.4958204,0.0,0.61943805,0.0,0.7327782,1.4110441,0.0,0.0,0.0,0.36589384,0.18540883,0.0,0.2538498,0.0,1.2479635,0.0,0.0,0.7925844,0.0,0.0,0.4277979,0.0,0.0,1.0404016,0.0,0.0,0.037635267,0.0,0.0,0.0
U00461,0.0,0.0,0.0,0.0,0.0,1.3710076,0.0,0.0,0.0,0.0,0.0,0.0,0.0,2.6702428,2.0314512,0.0,1.169088,0.0,0.0,0.0,1.5439373,0.0,0.468175,3.3251057,0.0,0.0,0.0,1.3404008,0.0,0.0,0.0,2.5751128,0.0,0.0,2.29735,0.0,1.1710585,0.0,0.8677609,0.0,0.19761997,2.5435443,3.579052,2.3000593,0.0,1.5202956,3.446075,2.4957623,0.0,0.0,0.0,0.43646994,0.0,1.0891999,4.52276,0.0,0.0,0.0,0.0,0.5200418,0.0,0.9552344,0.21097359,1.9562979
U00462,0.0,1.4891435,0.0,0.0,0.0,0.0,0.0,0.013741374,0.04677389,0.0,0.0,0.0,0.0,0.23930013,1.6934936,0.0,2.039791,0.0,0.0,0.0,1.0013751,0.0,1.5885999,1.4416353,0.0,0.0,2.0733757,0.0,0.0,0.0,0.0,0.50599325,0.0,0.0,0.7836292,0.0,0.0,0.0,1.5119982,0.70789814,0.7984391,0.8929769,0.9857824,0.65581954,0.5709715,1.8570411,1.29477,0.23495123,0.1455102,0.0,0.0,0.0,0.0,0.3661135,1.4481212,0.0,0.0,0.8214662,0.0,0.20068239,1.2034683,0.9377022,0.058926225,0.0
U00463,0.5275987,1.4027338,0.45979655,0.41971684,0.0,0.0,0.44560015,0.21432348,0.23458698,1.5765812,0.0,0.00013712235,0.124067396,1.8679107,0.97681826,0.49721563,0.0,2.8406472,0.33204833,2.705466,1.9521918,0.0,0.0,0.0,0.0,0.3682158,1.4926419,1.9414532,0.0396145,0.094345875,0.3185103,0.0,0.0,0.52776843,1.2520121,1.3852155,0.0,0.34462512,0.0,2.014297,0.0,0.0,0.0,0.0,1.548935,0.6665462,0.0,0.0,1.5395346,0.3306261,0.3451687,0.0,0.13829717,0.0,0.0,0.38945597,0.2739079,1.5208045,0.0,0.03756671,1.1638004,0.0,0.435866,0.0
U00464,0.0,0.35127836,0.0,0.0,0.056294218,0.8085158,0.0,0.0,0.0,0.8077691,0.94655526,0.21597315,0.0,0.0,0.3844188,0.0,2.4822888,0.0,0.0,0.37377667,0.0,1.5446091,1.3968663,0.0,1.4381893,0.11959286,0.0,0.39237392,1.6883332,0.0,0.10709222,0.19131482,1.5706209,0.057717443,0.0,0.0,1.0386541,0.0,1.1995822,0.87456846,0.0,0.0,0.0,0.85714227,0.47290516,0.0,0.0,0.0,0.5754476,0.0,0.0013800412,1.299868,0.074385315,0.0,0.8298241,0.058418095,0.0,0.0,0.0,0.0,0.0,0.0,0.19949949,0.1154995
U00465,0.0,2.3111455,0.0,0.0,0.0,0.0,0.0,0.0,0.0,2.525979,0.0,0.0,0.0,1.2200439,0.715214,0.0,0.0,0.9084897,0.0,0.3762114,2.7687569,0.0,0.0,0.0,0.0,0.0,2.7493937,2.6921053,0.0,0.0,0.0,0.0,0.0,0.0,1.0714746,0.0,3.4093857e-05,0.0,0.0,2.169368,0.0,0.0,0.0,0.14053902,0.0,0.0,0.0,0.0,2.0660431,0.0,0.0,0.0,0.0,0.0,0.0,0.0,0.0,1.9391797,0.0,0.0,0.6773242,0.0,0.0,0.0
U00466,0.0,1.7964078,0.0,0.0,0.0,0.07435852,0.0,0.0,0.0,2.077235,0.7098304,0.0,0.0,0.0,0.07948679,0.0,0.26469934,0.0,0.0,0.29426646,0.629447,0.35526478,0.0,0.0,0.38902718,0.0,1.5029918,1.455941,0.60243785,0.0,0.0,0.0,0.689778,0.0,0.11308396,0.0,1.0418764,0.0,0.0,1.1419113,0.0,0.0,0.0,0.7595867,0.0,0.0,0.0,0.0,1.628002,0.0,0.0,0.8674766,0.0,0.0,0.0,0.0,0.0,0.46837288,0.0,0.0,0.0,0.8178793,0.04275185,0.0
U00467,0.0,1.6176139,0.0,0.0,0.0,0.9026717,0.0,0.0,0.0,2.1781807,1.095151,0.0,0.0,1.2292323,0.0,0.0,0.0,2.4108846,0.0,1.1426384,0.95649284,0.0,0.0,0.0,0.13356924,0.0,1.3130732,2.0836725,0.60764897,0.0,0.0,0.78028584,0.0,0.0,1.7917284,0.0,1.5232078,0.0,0.0,2.7683425,0.11974433,0.0,0.0,0.05769396,1.0263937,0.0,0.0,0.0,2.3600018,0.0,0.0,1.3076077,0.0,0.19754562,0.0,0.0,0.0,1.0147022,0.0,0.18340203,0.45602447,0.0,0.24350369,0.0
U00468,0.63695145,1.2122562,0.6003376,0.63018644,0.074481174,0.0,0.7563975,0.43987173,0.54940516,1.1565099,0.0,0.14261569,0.36698866,1.8350964,1.5211318,0.65781367,0.0,2.3684437,0.5264319,2.2297943,2.1991448,0.0,0.0,0.1338047,0.0,0.4157778,1.4699682,1.7689273,0.0,0.32838112,0.4217623,0.0,0.0,0.59253734,1.3290521,1.4905239,0.0,0.4545619,0.17256609,1.8441412,0.0,0.0,0.0,0.0,1.3066664,0.8337556,0.0,0.0,1.3112782,0.4954033,0.51704925,0.0,0.38675982,0.0,0.0,0.5929906,0.49619925,1.4651926,0.19260812,0.004894653,1.1503506,0.0,0.20775315,0.0
U00469,0.0,0.7313845,0.0,0.0,0.0,0.6402811,0.0,0.0,0.0,0.56061393,0.5131924,0.0,0.0,1.5746024,1.085887,0.0,0.8216758,0.96590245,0.0,0.79046726,0.9362999,0.8648784,0.2554806,0.8932994,0.16628528,0.0,0.6578426,0.49562848,0.0,0.0,0.0,0.47304678,0.10095949,0.0,1.0026407,0.0,0.668334,0.0,0.0498063,1.3188382,0.30598247,0.31452352,0.72439265,0.12055601,1.3334146,0.6506325,1.5730939,0.9862795,0.62712365,0.0,0.0,0.412625,0.0,0.058939815,0.0,0.0,0.0,1.045615,0.0,0.15366009,0.85535717,0.094076335,0.07404798,0.02684182
U00470,0.09817666,1.5392942,0.0,0.29404804,0.0,0.0,0.1316303,0.0,0.0,1.9895982,0.35157278,0.0,0.0,1.7131691,0.4560324,0.24413279,0.0,3.7314687,0.0,3.763095,1.4972051,0.0,0.0,0.18161857,0.0,0.0,0.36881423,2.3620868,0.3456728,0.13610353,0.0,0.0,0.0,0.097988665,0.9928923,0.86083055,0.18595162,0.0,0.0,1.5634913,0.0,0.0,0.01534155,0.0,1.9828558,0.6339557,0.0,0.0,1.6220735,0.0,0.0,0.044895135,0.0,0.06905228,0.0,0.0,0.0,1.4058756,0.0,0.0,0.9265833,0.420849,1.5000052,0.0
U00471,0.10888076,0.2846313,0.0,0.0,0.16576038,1.1321379,0.0,0.0,0.0,0.72741103,1.510639,0.0,0.021005407,0.0,0.0,0.0,0.26105672,0.5916784,0.0,1.1752422,0.0,1.141269,0.5646141,0.0,1.794431,0.0,0.0,0.0,2.0423472,0.004198225,0.0,0.8771616,2.1795921,0.0,0.0,0.0,0.6946517,0.10165599,0.26447532,0.22118878,0.7954096,0.52269506,0.0,0.0,0.18114543,0.0,0.79789394,1.0644902,0.0,0.2771639,0.0,0.786906,0.18974404,0.0,0.23401988,0.23414344,0.1440389,0.0,0.026225641,0.0,0.0,0.48041755,0.45628422,0.54626155
U00472,0.0,0.45998794,0.0,0.0,0.0,0.42060295,0.0,0.310454,0.0,0.0,0.3190414,0.23438896,0.10562672,0.5915523,2.0575929,0.0,0.51190174,0.0,0.0,0.0,0.9023167,0.8446369,2.094581,0.9362264,0.5265603,0.0,0.49049687,0.0,0.0,0.0,0.0,0.40990365,0.20757215,0.0,0.4398564,0.0,0.0,0.0,1.9563457,0.24228406,0.43468422,0.4976378,0.9043957,0.0,0.9953367,0.33220434,2.1390553,1.5770854,0.0,0.0,0.017882133,0.0,0.0,0.0,0.44515455,0.0,0.0,1.3408333,0.06954083,0.021313347,1.0068706,0.0,0.0,0.41076314
U00473,0.7223052,0.0,0.5215062,0.2419137,0.6501891,0.8790878,0.28672045,0.36535367,0.3398645,0.0,0.113113,0.31675112,0.0,0.22587585,0.42636728,0.2670092,0.5768128,0.27755117,0.63302046,0.18176126,0.0,0.123143375,1.3879812,0.16808227,0.7189294,0.49130988,0.0,0.0,0.32081652,0.61900264,0.54342514,1.5041423,0.7390842,0.23049223,0.0,0.0,0.0,0.43781012,1.6501181,0.0,1.1787655,1.1229273,0.92085075,0.0,1.449067,0.65121675,2.4844508,1.6784955,0.0,0.4243611,0.3969284,0.0,0.21202135,0.0,1.1894809,0.47968477,0.5392082,0.16832793,0.04172565,0.0,0.17980963,0.0,0.0,0.8483075
U00474,0.66486794,1.3283913,0.5964438,0.62192726,0.0568783,0.0,0.6970158,0.4208422,0.4707328,1.4788514,0.0,0.13274316,0.29480493,1.8101971,0.9698193,0.6563379,0.0,2.640977,0.54216135,2.5829937,1.8242695,0.0,0.0,0.0,0.0,0.5153765,1.4383944,1.8474424,0.0,0.29770762,0.48426414,0.0,0.0,0.7227896,1.1923168,1.5563769,0.0,0.56852734,0.0,1.8783326,0.0,0.0,0.0,0.0,1.412023,0.62554336,0.0,0.0,1.4604702,0.5337292,0.5268234,0.0,0.29276344,0.0,0.0,0.6086436,0.41253006,1.3769155,0.1161778,0.0,1.0989972,0.0,0.43447185,0.0
U00475,0.0,0.0,0.0,0.0,0.03487137,1.422084,0.0,0.03533992,0.0,0.0,0.44167057,0.0,0.0,0.2021972,0.18738276,0.0,0.0,0.0,0.0,0.0,0.0,0.4862162,2.196509,0.70938295,0.9393021,0.0,0.0,0.0,0.27646303,0.0,0.0,2.100217,0.43784404,0.0,0.0,0.0,0.0,0.0,1.5324886,0.0,1.4484653,2.0448093,1.2339627,0.0,0.9423223,0.5980717,3.417992,2.498517,0.0,0.0,0.0,0.0,0.0,0.0,1.7585233,0.028901756,0.0,0.0,0.0,0.0,0.4936769,0.08182519,0.1922256,1.8813148
U00476,0.0,1.5616956,0.0,0.0,0.0,0.1594787,0.0,0.0,0.0,1.3457875,0.39212877,0.0,0.0,0.0,1.2621521,0.0,0.015200138,1.0863554,0.0,0.95640516,1.4035032,0.30924952,0.0,0.20901228,0.3378147,0.0,2.0634773,0.83578014,1.0512419,0.0,0.0,0.0,0.86379874,0.0,0.64603674,0.0,0.12877288,0.0,0.9549843,1.6538887,0.58673185,0.0,0.6455047,0.13577923,0.480798,0.6394734,0.24030879,0.33214495,0.9846141,0.0,0.0,0.28278312,0.0,0.0,0.0,0.0,0.0,1.3234179,0.0,0.22005816,0.70324683,0.24076256,0.0,0.0
U00477,0.0,0.7453743,0.0,0.0,0.10203038,0.7352228,0.0,0.0,0.0,2.475941,1.9545094,0.0,0.1641178,0.5493664,0.0,0.0,0.0,1.7240863,0.0,1.9910629,0.0,0.73145556,0.0,0.0,1.307789,0.0,0.0,0.20855331,2.0222745,0.0,0.0,0.04472035,1.2432631,0.0,0.0,0.16632605,1.1537912,0.0,0.0,0.90475345,0.0,0.0,0.0,0.0,0.97240305,0.0,0.0,0.0,1.3061395,0.0,0.081104405,1.2198331,0.0,0.0,0.0,0.0,0.0,0.0,0.0,0.0,0.015235186,0.5955616,0.9322658,0.752373
U00478,0.0,0.8375059,0.0,0.0,0.0,0.76238835,0.0,0.0,0.0,1.5443442,0.14311521,0.0,0.0,0.8789363,0.0,0.0,0.2167812,1.4313592,0.0,0.54632425,1.5037518,0.0,0.0,0.75677884,0.0,0.0,1.3183324,2.1008787,0.54693294,0.0,0.0,0.2598961,0.0,0.0,1.1440233,0.0,1.0567195,0.0,0.35401636,0.6154616,0.0,0.8628311,1.0349042,0.72372985,0.0,0.0,0.0,0.0,1.302802,0.0,0.0,1.1271137,0.0,0.66601145,1.0260445,0.0,0.0,0.0,0.0,0.11194995,0.0,0.96996355,0.26293942,0.09920454
U00479,0.0,0.3576051,0.0,0.0,0.0,0.9420911,0.0,0.0,0.0,0.73157597,0.44905618,0.0,0.0,1.3839308,0.7227324,0.0,0.0,2.2342732,0.0,0.9250436,1.145623,0.0,0.0,0.7114703,0.040938973,0.0,0.5438442,1.4499596,0.23319417,0.0,0.0,1.1478152,0.0,0.0,1.2737949,0.0,1.2295102,0.0,0.0,1.5690072,0.46148753,0.4581917,1.2905039,0.65370804,0.8780281,1.0057671,1.6511984,1.1403601,1.0738137,0.0,0.0,0.7620543,0.0,0.33037922,0.36638463,0.0,0.0,0.5193487,0.0,0.41358662,0.8525842,0.36510673,0.19547379,0.5898398
U00480,4.077195,0.0,4.4602237,4.7089043,3.492745,0.0,4.5606656,3.4986413,4.3665395,0.0,0.0,3.949133,2.980435,0.0,0.0,3.5463712,0.0,0.0,4.654298,0.0,0.0,0.0,2.9310515,0.0,0.0,5.031456,0.9921741,0.0,0.0,4.1894784,5.435297,0.0,0.0,4.6745048,0.0,3.38924,0.0,4.0776954,6.6908126,0.0,0.0,0.0,0.0,0.0,0.0,0.0,1.8277751,0.0,0.0,5.003798,4.459503,0.0,4.137505,0.0,7.1799884,4.286503,4.6853724,0.0,4.3351407,0.0,0.0,8.887105,0.44686925,0.0
U00481,0.0,0.0,0.0,0.0,0.0,1.511788,0.0,0.0,0.0,0.0,0.15906285,0.0,0.0,1.2507676,0.7885039,0.0,1.823647,0.21776175,0.0,0.0,0.0,1.939976,1.4781044,1.1786797,0.5521389,0.0,0.0,0.0,0.0,0.0,0.0,1.2371278,0.5845788,0.0,0.881397,0.016980886,0.6834803,0.0,1.6475073,0.0,0.41227376,1.5635297,0.9260006,1.6561441,0.0,0.4220642,1.7696943,0.8289504,0.0,0.0,0.0,0.73777676,0.0,0.047237873,2.5683236,0.0,0.0,0.0,0.0,0.0,0.0,2.1259623,0.06967807,1.0610943
U00482,0.2798146,0.0,0.0,0.2719119,0.5655161,0.9962573,0.10815388,0.032831594,0.12950647,1.4970765,1.5479966,0.040535606,0.05626005,0.0,0.0,0.1402165,0.54465955,0.4651649,0.5464339,1.8737686,0.0,0.7987733,0.0,0.0,1.5040562,0.0,0.0,0.0,2.3159318,0.0,0.22384743,0.6713749,2.2784724,0.0,0.0,0.50826776,1.8605818,0.15271929,0.0,0.0,0.10693827,0.0,0.0,0.29538342,0.0,0.0,0.0,0.0,0.716342,0.31626317,0.35416195,1.7589911,0.3120063,0.0,0.0,0.28832415,0.0,0.0,0.19980863,0.0,0.0,0.0,0.9193517,0.87716556
U00483,0.0,0.0,0.0,0.0,0.0,1.1507419,0.0,0.09557718,0.0,0.0,0.0,0.0,0.0,1.5004042,1.5001856,0.0,2.319149,0.0,0.0,0.0,0.09074068,1.0572448,1.8453774,0.96802586,0.63695085,0.0,0.0,0.0,0.0,0.0,0.0,1.107484,0.008010104,0.0,0.6793649,0.0,0.4727376,0.0,1.6274943,0.0,0.6126429,1.2183397,1.0722778,1.2294185,0.85502034,0.90890884,2.1403852,1.4550502,0.0,0.0,0.0,0.18937537,0.0,0.1764336,1.8340353,0.0,0.0,0.0,0.0,0.0,0.0,0.84770405,0.0,1.2288399
U00484,0.0,0.0,0.0,0.0,0.0,0.0,0.0,0.0,0.0,0.0,1.0865105,0.0,0.20096105,0.0,0.22942269,0.0,0.0,0.5910239,0.0,0.4593978,0.0,0.0,1.0837104,0.0,1.6586676,0.0,0.0,0.0,0.8328402,0.0,0.0,1.4643033,1.4829373,0.0,0.0,0.0,0.0,0.0,1.2126532,0.0,1.8440063,1.258383,0.97279596,0.0,1.9063209,1.0119257,1.9454094,2.7693334,0.0,0.0,0.0,0.0,0.0,0.0,1.4607888,0.0,0.0,0.8797268,0.0,0.0,2.0573502,0.748067,0.12416941,0.67065394
U00485,0.0,1.3214494,0.0,0.0,0.0,0.0,0.0,0.0,0.0,2.1377208,0.22563225,0.0,0.0,1.10379,0.23053747,0.0,0.4630106,1.6380699,0.0,1.163191,2.1626315,0.07314959,0.0,0.0,0.0,0.0,1.0650004,2.1764872,0.44272172,0.0,0.0,0.0,0.16939858,0.0,0.90634,0.0,0.8283169,0.0,0.0,2.3748195,0.0,0.0,0.0,0.7572682,0.3973931,0.0,0.0,0.0,1.764611,0.0,0.0,0.45103043,0.0,0.0,0.0,0.0,0.0,1.8234662,0.0,0.0,0.86190015,0.0,0.0,0.0
U00486,0.038231254,1.8088248,0.0,0.0,0.33298504,0.0,0.0,0.0,0.0,1.8105464,0.0,0.0950744,0.0,1.2053227,0.704322,0.0,0.0,1.2733668,0.14419276,0.80136037,2.3958657,0.0,0.0,0.0,0.0,0.0,1.769344,2.9357538,0.0,0.0,0.0,0.0,0.0,0.0,1.7603207,0.130777,0.7217907,0.0,0.0,2.605411,0.0,0.0,0.0,0.7044461,0.1762973,0.0,0.0,0.0,2.0030632,0.17027529,0.08187844,0.092038766,0.028334126,0.0,0.0,0.0,0.0,1.5109897,0.0,0.0,0.30950066,0.0,0.0,0.0
U00487,0.0,0.0,0.0,0.0,0.7172639,1.3231165,0.0,0.0,0.15616697,1.1607912,2.4844964,0.0,0.46367806,0.0,0.0,0.004111111,0.0,0.8637693,0.0,1.009863,0.0,0.86498135,0.0,0.0,2.5989652,0.0,0.0,0.0,3.4016228,0.2880373,0.0,1.7587137,2.881074,0.0,0.0,0.0,1.3204647,0.116907895,0.0,0.0,1.1417544,0.8057747,0.0,0.0,0.13105333,0.0,0.3614095,1.038532,0.0,0.0,0.030007489,1.2977548,0.28544125,0.0,0.0,0.0,0.16107143,0.0,0.22993499,0.0,0.0,0.0,0.8236739,2.1164665
U00488,1.2665985,0.14003313,1.1841104,1.391407,1.1995034,0.0,1.4395518,1.0624526,1.5531117,0.0,0.0,1.1263448,0.97153246,1.2845179,1.6353652,1.1028777,0.20345098,0.0,1.2347105,0.0,1.6326346,0.0,0.0968259,1.180832,0.0,1.3078711,0.28143346,1.0676513,0.0,1.1572788,0.99126595,0.0,0.0,1.2370062,1.3352115,1.6191511,0.0,1.324702,1.7458725,0.08196509,0.0,0.0,0.47913063,0.8009695,0.0,0.34542525,0.6340132,0.0,0.0,1.3654591,1.2081528,0.0,1.381622,0.0,1.934944,1.4102881,1.3560011,0.18272614,1.100153,0.0,0.16794437,0.0,0.09786594,0.0
U00489,0.0,1.3511282,0.0,0.18294764,0.0,0.0,0.0,0.01716061,0.0,1.4891056,0.74515224,0.0,0.13500485,2.4182906,0.08716446,0.05670798,0.0,2.7286701,0.0028393865,1.9751866,0.26982892,0.03714758,0.0,0.5449895,0.0,0.015698016,1.2636905,0.7757412,0.04742366,0.03535669,0.0,0.0,0.0,0.2594901,0.16970795,0.72249824,0.024666071,0.0,0.0,1.5919025,0.0,0.0,0.0,0.0,1.6564312,0.49336112,0.16438413,0.16723076,1.243148,0.0,0.1356154,0.16216925,0.0,0.0,0.0,0.0,0.0,1.0101981,0.0,0.0,1.219993,2.1570098,0.8547124,0.0
U00490,0.0,0.7071346,0.0,0.0,0.0,0.40410456,0.0,0.015362442,0.0,0.0,0.040226087,0.0,0.0,0.5963773,1.5605046,0.0,1.3628914,0.0,0.0,0.0,0.7403727,0.9955104,1.9665132,0.32064235,0.8828255,0.0,0.5565451,0.050403833,0.11250931,0.0,0.0,0.12721932,0.4890257,0.0,0.0,0.0,0.20054725,0.0,3.1844006,0.15535057,0.0,0.5405703,0.47906494,0.38117433,0.7690527,0.2577333,1.26242,0.7638525,0.0,0.0,0.0,0.0,0.0,0.0,1.8863319,0.0,0.0,0.63477296,0.0,0.0,0.2336666,0.5983553,0.0,0.515761
U00491,0.0,0.0,0.0,0.0,0.0,1.3621466,0.0,0.0,0.0,0.0,0.8344765,0.0,0.0,0.19701374,0.17083365,0.0,0.9842511,0.6434016,0.0,0.15447998,0.0,1.4657316,1.5784771,0.44503236,1.0699526,0.0,0.0,0.0,1.1172098,0.0,0.0,1.3859134,1.352953,0.0,0.0,0.0,0.8204212,0.0,1.6113205,0.0,0.39895964,1.7612796,0.93610644,0.853958,0.21085453,0.35077822,1.5411149,1.1303881,0.0,0.0,0.0,0.6788733,0.0,0.0,2.0115638,0.0,0.0,0.0,0.0,0.0,0.0,1.8032225,0.63165873,1.3521781
U00492,0.0,0.553702,0.0,0.0,0.0,0.7583604,0.0,0.0,0.0,0.0,0.57618046,0.0,0.0,0.055779576,1.2651923,0.0,1.1609813,0.24155498,0.0,0.0,0.6314291,0.23989898,1.1877992,1.2977904,0.43110514,0.0,0.99778104,0.07743764,0.061145604,0.0,0.0,0.9581076,0.5002014,0.0,0.6968869,0.0,0.10905494,0.0,1.1905639,0.7394972,1.0166776,0.80812085,1.4120777,0.40877587,0.38933218,1.0042622,2.2583766,1.6895871,0.0,0.0,0.0,0.33632576,0.0,0.2132906,0.92368567,0.0,0.0,0.46433836,0.0,0.24491324,0.78598446,1.2457482,0.11093372,0.10100818
U00493,0.0,0.0,0.0,0.0,0.0,1.1206481,0.0,0.0,0.0,0.0,0.56531405,0.0,0.0,0.82174397,1.9963603,0.0,1.4824885,0.0,0.0,0.0,0.9076503,0.60856485,1.6066453,1.015958,0.6015657,0.0,1.5750029,0.16773427,0.0,0.0,0.0,0.11208272,0.0,0.0,1.0427579,0.0,0.0,0.0,1.531719,0.89889455,0.32283735,0.11699936,1.0767412,1.413837,0.4608072,0.7492093,0.8901874,0.38529631,0.1406703,0.0,0.0,0.23626238,0.0,0.0,0.7384566,0.0,0.0,0.34073317,0.0,0.0,0.13674939,1.2715698,0.0,0.10023594
U00494,0.0,0.60108095,0.0,0.0,0.0,0.07755415,0.0,0.1586626,0.0,0.0,0.0,0.0,0.0,1.7971555,1.1561073,0.0,1.7283093,0.0,0.0,0.0,0.008522391,0.0,0.70986885,1.1334803,0.0,0.0,0.0,0.46011627,0.0,0.0,0.0,0.17874438,0.0,0.0,0.2853828,0.0,0.07574633,0.08772975,1.1140053,0.0,0.0,0.9480165,1.810546,0.9630104,0.15947556,1.30312,2.1243114,1.4438448,0.09293234,0.0,0.0,0.0,0.0,0.27583387,2.5985537,0.046158195,0.0,0.0,0.0,0.05881526,0.22404593,1.2647325,0.72953683,0.6298944
U00495,0.0,1.8563919,0.0,0.0,0.0,0.0,0.0,0.0,0.0,1.37878,0.2578272,0.0,0.0,1.8006208,1.1075904,0.0,0.38529772,0.7454952,0.0,0.45989776,1.3768718,0.47474635,0.10041559,0.60213757,0.10838193,0.0,1.5897993,1.4600006,0.17528003,0.0,0.0,0.0,0.16249132,0.0,0.59904504,0.0,0.44658685,0.0,1.4709641,1.2038064,0.0,0.0,0.05928336,0.2565313,0.46188974,0.09290719,0.5824103,0.11551803,1.2360508,0.0,0.0,0.4470565,0.0,0.25116435,1.0818037,0.0,0.0,1.2042745,0.0,0.14460813,0.87721205,1.3752362,0.0,0.15098977
U00496,0.0,0.0,0.0,0.0,0.0,3.175512,0.0,0.0,0.0,0.0,0.0,0.43109977,0.0,2.3301778,1.3518786,0.0,0.0,4.5640554,0.0,4.956007,4.1602826,0.0,0.0,0.4898259,1.9174216,0.66533047,0.0,6.574916,0.0,2.4767115,1.7487497,3.4763203,0.0,0.0,1.8995625,0.0,0.0,0.0,1.0328689,1.3085735,0.0,0.0,1.7229778,0.0,0.9509786,0.0,0.0,2.9573998,2.4522724,0.0,1.4346286,0.0,0.0,0.6705842,0.0,0.0,0.0,0.55665535,0.0,0.0,0.0,0.0,0.0,3.3825123
U00497,0.3790321,1.5625389,0.20999536,0.14783138,0.0,0.0,0.24419183,0.06567459,0.11081648,1.5262275,0.0,0.0,0.104334176,1.6791399,0.98598546,0.36531383,0.0,2.6692126,0.18679643,2.6855483,1.9129703,0.0,0.0,0.0,0.0,0.29113257,1.3441507,2.0855505,0.12099582,0.0,0.21026576,0.0,0.0,0.3620118,1.3451215,1.2334543,0.026311964,0.22224529,0.0,2.071991,0.0,0.0,0.0,0.0,1.7917213,0.64594907,0.0,0.0,1.679831,0.22030696,0.22780651,0.0,0.0,0.0,0.0,0.25448754,0.022310466,1.4891458,0.0,0.1596728,1.1162642,0.0,0.5354313,0.0
U00498,0.0,0.0,0.0,0.0,0.0,0.5900667,0.0,0.0,0.0,0.0,0.0,0.0,0.0,1.1806737,0.8838327,0.0,1.7163472,0.8437518,0.0,1.007495,0.52464914,0.46179274,1.1428227,1.1507044,0.0,0.0,0.0,0.15373206,0.0,0.0,0.0,1.4535532,0.28406578,0.0,0.2368015,0.0,0.30774143,0.0,0.81947565,0.0,0.5127676,1.7521276,1.4125223,0.0,1.7643356,0.9238144,2.0132332,1.752621,0.0,0.0,0.0,0.2191975,0.0,0.17579308,2.0135765,0.0,0.0,0.52402425,0.0,0.14726081,0.0,0.48161,0.7281315,0.8734629
U00499,0.44911337,0.0,0.44381726,0.33617,0.92192185,1.4269583,0.49784184,0.7702192,0.7321504,0.0,0.9015287,0.2531641,0.22402056,0.0,0.0,0.3219258,0.0,1.3278269,0.79070055,1.1271688,0.0,0.28630522,1.6875799,0.0,1.1597751,0.43333876,0.0,0.0,0.55092466,0.5835938,0.44728404,2.0824392,1.3042897,0.10039711,0.0,0.0,0.6836022,0.53499615,0.0,0.0,1.5921669,1.4222909,0.95631444,0.0,0.5950434,0.11126399,3.1692734,2.7797759,0.0,0.51782477,0.61312854,0.0,0.28089046,0.0,1.1955382,0.72115755,0.3287058,0.0,0.12464106,0.0,0.17892987,1.5409572,0.21587583,1.8727474
U00500,0.0,1.2907125,0.0,0.0,0.0,0.052807733,0.0,0.0,0.0,1.248547,0.382025,0.0,0.0,0.58477855,1.2610495,0.033270538,0.5562672,0.3407724,0.0,0.19669843,1.1858969,0.49991003,0.43225974,0.64005667,0.0,0.0,1.7692308,0.86630017,0.30113584,0.0,0.0,0.0,0.3542928,0.0,0.30868155,0.0,0.2179627,0.0,0.8236203,1.1314448,0.0,0.0,0.22784859,0.29701602,0.0,0.012298584,0.28328404,0.15782264,0.63428706,0.0,0.0,0.24573463,0.0,0.0,0.34480357,0.0,0.0,0.75006366,0.0,0.0,0.26181054,1.4266756,0.0,0.0
U00501,0.20885772,0.0,0.5538918,0.49208295,0.1762171,1.383525,0.05623281,0.0,0.26145816,0.0,0.28921416,0.31711382,0.06285659,0.0,0.80861366,0.20141217,2.2814403,0.0,0.19568503,0.0,0.0,1.9604678,2.1497836,0.043129973,0.7295625,0.1476065,0.0,0.27054608,0.61950636,0.3608734,0.1978669,0.6929791,0.6817402,0.1653991,0.22859985,0.38398433,0.23506296,0.31825888,2.2978203,0.0,0.0,0.75437975,0.09754868,1.4278958,0.2029239,0.32540154,0.0,0.0,0.0,0.26155147,0.30910933,1.0777863,0.426297,0.0,1.9644762,0.112609684,0.48239082,0.0,0.22800815,0.0,0.0,0.72013605,0.9616261,0.32539165
U00502,0.005131662,0.044730484,0.0,0.0,0.0,0.7550229,0.0,0.012302026,0.0,0.0,0.18013027,0.0,0.0,1.0837926,1.6065416,0.0,1.4657197,0.0,0.0,0.0,0.638051,0.872957,1.9017513,0.9901995,0.6431277,0.0,0.38484204,0.0,0.0,0.0,0.0,0.54759455,0.04203157,0.0,0.6786722,0.050047755,0.0,0.0,2.4940333,0.081190586,0.3283509,0.7738594,0.91303325,0.44878715,1.0489304,0.7777091,1.9614743,1.163294,0.0,0.08136077,0.0,0.0,0.0,0.0,1.2567419,0.0,0.0,0.7172352,0.0,0.0,0.6353961,0.50602573,0.0,0.4594791
U00503,0.0,1.6362396,0.0,0.0,0.0,0.0,0.0,0.0,0.0,1.0869735,0.0,0.0,0.22992127,0.66044873,2.2970607,0.0,0.45522583,0.19575,0.0,0.101629496,1.9587916,0.20510629,0.0,0.38167632,0.0,0.0,2.3595824,1.4667923,0.0,0.0,0.0,0.0,0.0,0.0,0.88130736,0.0,0.11116946,0.0,1.3880347,0.8115003,0.0,0.0,0.3664133,1.0602278,0.0,0.0,0.05106093,0.22054562,1.1374146,0.0,0.0,0.0,0.0,0.0,0.0,0.0,0.0,1.067648,0.0,0.0,0.050293386,0.26551044,0.0,0.0
U00504,0.0,0.41473937,0.0,0.0,0.0,1.12438,0.0,0.0,0.0,1.4641714,0.90822697,0.0,0.0,0.0,0.47327358,0.0,0.5964563,0.13924265,0.0,0.3417039,0.5766641,0.72493935,0.17135316,0.0,1.0403401,0.0,0.9846257,0.7676878,1.6648896,0.0,0.0,0.4064194,1.2477865,0.0,0.40200078,0.0,1.3435154,0.0,0.83192265,1.0930905,0.18937638,0.27651125,0.36479285,0.9645445,0.0,0.09045613,0.12343162,0.03764996,1.0866575,0.0,0.0,1.2078397,0.0,0.19974115,0.6148151,0.0,0.0,0.0,0.0,0.22995575,0.0,0.44414568,0.0,0.61727667
U00505,0.0,0.0,0.0,0.0,0.0,0.9069513,0.0,0.0,0.0,0.92458034,1.6579702,0.0,0.0,0.0,0.0,0.0,0.0,0.6674671,0.0,0.5298166,0.0,1.1138005,0.8878215,0.0,1.51144,0.0,0.63679683,0.0,1.781013,0.0,0.0,0.5501795,2.0254898,0.0,0.0,0.0,0.46942297,0.0,0.42174235,0.0,0.7116158,0.80859935,0.08984366,0.0,0.0,0.0,0.84984934,0.94146943,0.0,0.0,0.0,0.79013824,0.0,0.0,0.1296699,0.0,0.0,0.0,0.0,0.0,0.0,1.9538738,0.0,0.79181683
U00506,0.0,0.643601,0.0,0.0,0.0,0.7459574,0.0,0.0,0.0,2.5204477,1.6245528,0.0,0.0,0.0,0.0,0.0,0.0,0.7519884,0.0,1.6253159,0.0,0.6776737,0.0,0.0,1.226038,0.0,0.0,0.79279494,2.5653024,0.0,0.0,0.376284,1.6677353,0.0,0.0,0.3211326,1.728498,0.0,0.0,1.4394408,0.098113924,0.0,0.0,0.0,0.390195,0.0,0.0,0.0,1.8027425,0.0,0.05426917,1.4705003,0.0,0.0,0.0,0.0,0.0,0.031400084,0.0,0.0,0.0,0.0,0.7764619,0.1444732
U00507,0.12763566,0.6053396,0.0,0.0,0.0,0.60585153,0.019459844,0.0,0.0,0.4945253,0.6891179,0.0,0.0,0.0,0.31203198,0.0,2.093453,0.0,0.0,0.5420127,0.0032399893,0.9821386,0.9424384,0.0,1.3286957,0.12300089,0.0,0.2624185,1.5046468,0.0,0.035275012,0.40537512,1.3267133,0.0,0.025764108,0.22602415,0.954378,0.0,1.6458135,0.64794433,0.0,0.054038286,0.039493144,0.8332246,0.8547957,0.17885125,0.0,0.52225626,0.50156415,0.0,0.0,0.81253266,0.0,0.0,0.87183535,0.023405492,0.0,0.0,0.0,0.0,0.0,0.0,0.60946953,0.16124499
U00508,0.0,1.1931884,0.0,0.0,0.0,0.0,0.13716531,0.101794586,0.0,1.1150198,0.0,0.039502535,0.20796053,0.8915194,1.1905878,0.0,0.0,1.8595206,0.0,1.145655,1.4794773,0.0,0.0,0.21340483,0.0,0.0,2.59764,0.53123975,0.57144463,0.041176524,0.0,0.0,0.1966389,0.0,0.4628734,0.0,0.0,0.0,0.9374373,1.596166,0.13658658,0.0,0.44013152,0.0,0.549698,0.64052784,0.3574621,0.0052634627,0.55825937,0.0,0.0,0.0,0.1245177,0.0,0.0,0.0,0.0,1.8192029,0.05291708,0.0,0.71033156,0.528415,0.0,0.0
U00509,0.0,1.298363,0.0,0.0,0.0,0.080215335,0.0,0.0,0.0,1.9546654,0.6771097,0.0,0.0,1.8502059,0.7379061,0.0,0.20458859,1.014137,0.0,1.251478,1.1568861,0.6798314,0.11811191,0.08565745,0.30744928,0.0,1.5402079,0.88751733,0.56501603,0.0,0.0,0.0,0.17279571,0.0,0.52249694,0.097911835,0.51160717,0.0,0.8464861,1.5898137,0.0,0.0,0.0,0.0,1.3161116,0.11416209,0.0,0.0,1.494029,0.0,0.0,0.28703254,0.0,0.01277861,0.0,0.0,0.0,1.0168277,0.0,0.0,0.6073934,1.32247,0.21022153,0.0
U00510,0.0,0.80266964,0.0,0.0,0.0,0.5217552,0.0,0.07583882,0.0,0.32456994,0.26660565,0.0,0.0,2.0876517,1.2056912,0.0,1.3515453,0.103390455,0.0,0.5849248,1.1541053,0.97654015,0.7983083,0.7063238,0.46094966,0.0,0.34565318,0.31293297,0.0,0.0,0.0,0.54301393,0.085454814,0.0,0.92259705,0.0,0.5240735,0.0,0.85845006,1.0622431,0.2163957,0.1291691,0.13448477,0.038269192,2.1751964,0.5693371,1.4425267,0.80242515,0.59686434,0.0,0.0,0.32382166,0.0,0.1458849,0.07857871,0.0,0.0,1.3308849,0.0,0.17991832,0.7568534,0.0,0.0,0.28003407
U00511,0.0,0.0,0.0,0.0,0.076091155,1.0575953,0.0,0.3547537,0.0,0.0,0.83309174,0.0,0.0,0.0,0.44913,0.0,0.0,0.0,0.0,0.0,0.0,0.2770206,3.3831606,0.45691848,1.5702145,0.000498265,0.0,0.0,0.46500576,0.0,0.0,2.1036184,0.6600656,0.0,0.0,0.0,0.0,0.0,2.9883516,0.0,1.9071364,2.2475958,1.1267439,0.0,1.0090227,0.39833343,3.641901,2.673781,0.0,0.07826577,0.0,0.0,0.0,0.0,2.1645155,0.0,0.0,0.0,0.0,0.0,1.0346345,0.21485347,0.0,2.1226027
U00512,0.0,0.0,0.0,0.0,0.0,1.7658923,0.0,0.0,0.0,0.0,1.1968278,0.0,0.0,0.17844284,0.0,0.0,0.0,1.4546368,0.0,0.91719437,0.0,1.1202571,1.3136659,0.25902432,1.3503147,0.0,0.0,0.0,1.1052744,0.0,0.0,1.3598026,1.3318807,0.0,0.0,0.0,1.1150159,0.0,0.0,0.0,1.1358225,1.2523317,0.85358536,0.040232986,0.27098906,0.37423342,1.9672052,1.598168,0.0,0.0,0.0,0.7315923,0.0,0.0,0.40249693,0.0,0.0,0.0,0.0,0.0,0.016948402,1.5518844,0.03792602,1.5516629
U00513,0.0,0.29232073,0.0,0.0,0.0,0.7221812,0.0,0.0,0.0,0.20336759,1.0949572,0.0,0.0,0.7520255,0.32014894,0.0,0.452012,1.5834302,0.0,1.2954452,0.0,0.70319605,0.5744987,0.05959261,1.0691164,0.0,0.0,0.0,1.0705507,0.0,0.0,0.8331822,1.2320324,0.0,0.0,0.0,0.5236565,0.0,0.6852219,0.0,0.7112006,0.5657598,0.22538674,0.0,1.456898,0.49895996,1.4956403,1.5484096,0.0,0.0,0.0,0.33545014,0.0,0.0,0.5258604,0.0,0.0,0.28925502,0.0,0.0,0.73170084,1.0980924,0.33579263,0.84617066
U00514,0.17180544,0.0,0.1322921,0.38056976,0.28271002,0.77941895,0.01646638,0.09122205,0.12946737,0.0,0.0,0.10141894,0.0,1.3491074,1.4733123,0.0,1.0606092,0.0,0.18629909,0.0,0.23016453,0.15951219,1.3025377,1.7271154,0.0,0.09350887,0.0,0.038013697,0.0,0.0,0.14332096,0.802812,0.0,0.118973374,0.9008684,0.36811757,0.1591877,0.0,1.3200263,0.0,0.36875588,1.024395,1.4002864,1.5985565,0.0,0.75917757,2.5907707,1.0150748,0.0,0.0,0.0,0.0,0.34034228,0.0,2.6112838,0.16346753,0.20049584,0.0,0.0,0.0,0.0,1.8349121,0.0,1.0810122
U00515,1.1300089,0.0,1.3864665,1.6538196,1.1765046,0.0,1.0507778,1.0677708,1.3130159,0.0,0.0,1.0004971,0.698858,0.5471176,1.2950261,1.0611054,1.1765351,0.0,1.0639431,0.0,0.06161666,0.7794648,1.6225367,1.2225685,0.0,1.4159513,0.24953389,0.10697901,0.0,1.0470245,1.3280728,0.0,0.0,1.4870859,0.6551715,1.4432255,0.0,1.0252805,2.777438,0.0,0.0,0.33877516,0.14048061,0.99020666,0.0,0.0,1.0438495,0.0,0.0,1.3434788,0.9640585,0.0,1.432589,0.0,2.7694678,1.2040707,1.4769776,0.0,1.1976564,0.0,0.0,3.42242,0.0,0.0
U00516,0.067581,0.0,0.0,0.09342116,0.04383695,0.08343892,0.15724874,0.37182635,0.64637774,0.0,0.0,0.38507557,0.0,2.4900494,2.9987478,0.0,2.486012,0.0,0.2942285,0.0,1.2941793,0.0,0.5487836,1.6876183,0.0,0.0,0.0,0.48949468,0.0,0.036544908,0.100993305,0.66069937,0.0,0.0005438924,1.66594,0.63269943,0.0,0.0,1.6204203,0.0,0.0,0.28877133,1.4487631,2.1261325,0.0,1.1177375,1.8361275,1.3017232,0.0,0.0,0.0,0.0,0.73592824,0.090402395,2.6018968,0.15695459,0.0,0.0,0.0,0.0,0.0,0.0,0.0,1.1678612
U00517,0.0,1.7984537,0.0,0.0,0.0,0.0,0.0,0.0,0.0,1.7050242,0.0,0.0,0.0,1.0946823,0.6825489,0.0,0.0,0.29524803,0.0,0.35153842,1.9235648,0.0,0.0,0.02669397,0.0,0.0,2.1085463,2.3263853,0.0,0.0,0.0,0.0,0.0,0.0,1.6669288,0.0,0.081002355,0.0,0.0,2.031291,0.0,0.0,0.0,0.5468394,0.33989394,0.0,0.0,0.0,1.737281,0.0,0.0,0.0,0.0,0.076752245,0.0,0.0,0.0,1.0687518,0.0,0.0,0.47261208,0.0,0.0,0.0
U00518,0.48237675,1.2016222,0.41361886,0.37908375,0.0,0.0,0.616517,0.36800593,0.52628773,0.6596048,0.0,0.15560544,0.36152482,1.9923375,2.0246148,0.5149719,0.0,1.8918321,0.38587156,1.7999551,2.5165472,0.0,0.0,0.42248666,0.0,0.30448556,1.4992403,1.8331571,0.0,0.2576642,0.3158812,0.0,0.0,0.35410267,1.6347463,1.3656154,0.0,0.33020926,0.6159017,1.8532736,0.0,0.0,0.07731043,0.15679741,1.3504484,1.0246093,0.0,0.0,1.22653,0.37556645,0.4408352,0.0,0.3498911,0.0,0.0,0.42498767,0.29644653,1.5300323,0.10477629,0.15647691,1.1627597,0.0,0.034016848,0.0
U00519,0.42706075,1.0039155,0.41799164,0.35597962,0.0027511716,0.0,0.5583998,0.3692853,0.6714202,0.0,0.0,0.25401324,0.49495053,2.2112858,2.5485044,0.49805042,0.0,1.2252221,0.3209807,1.0002699,2.7870817,0.0,0.0,0.76070833,0.0,0.29935637,1.5034031,1.6540027,0.0,0.36099666,0.31996566,0.0,0.0,0.24679473,1.8415242,1.3105103,0.0,0.21633005,1.2711875,1.7091954,0.0,0.0,0.35298994,0.4139133,1.2053943,1.2554585,0.0,0.0,0.95796716,0.37491414,0.5121588,0.0,0.5581603,0.0,0.0,0.343955,0.33470774,1.6093864,0.14119732,0.17051837,1.2038163,0.0,0.0,0.0
U00520,0.0,1.5296357,0.0,0.0,0.0,0.0,0.0,0.0,0.0,0.85094595,0.40980598,0.0,0.0,1.2730424,1.2331121,0.0,0.0,0.82861423,0.0,0.6092514,1.248671,0.5057087,0.6569275,0.5478917,0.22478122,0.0,1.4975879,0.70886934,0.2651227,0.0,0.0,0.0,0.108442865,0.0,0.56560814,0.0,0.0,0.0,1.3779675,1.3284132,0.0606367,0.16368479,0.3983835,0.0,1.4865776,0.78595793,0.6284403,0.60929036,0.7947278,0.0,0.0,0.0,0.0,0.16282475,0.21552145,0.0,0.0,1.546559,0.0,0.25068605,1.4963554,0.2856601,0.0,0.0
U00521,0.17684817,0.0,0.37651327,0.15050632,0.0,1.027977,0.071121395,0.0,0.036255136,0.0,0.6857312,0.030665934,0.0,0.0,0.45533258,0.07262808,2.6933467,0.0,0.2072973,0.0,0.0,1.9633791,1.7055938,0.0,1.2813277,0.0,0.0,0.0,0.87655586,0.0,0.0,0.965919,1.199058,0.23705319,0.0,0.1605103,0.5468974,0.14984772,2.171552,0.0,0.0,0.8975359,0.22231528,1.2584412,0.47236907,0.19559264,0.104296744,0.7734648,0.0,0.012548894,0.20429482,0.78491247,0.03790745,0.0,2.228908,0.0,0.23916057,0.0,0.0,0.0,0.0,0.115102135,0.9768312,0.6038797
U00522,0.0,0.7409052,0.0,0.0,0.0,0.6665871,0.0,0.0,0.0,0.82520247,1.2743117,0.0,0.0,1.5364642,0.41511518,0.0,0.0,0.92296326,0.0,1.3208961,0.3552276,1.0389423,0.8796614,0.0,1.1690909,0.0,0.32906795,0.12766635,1.0058639,0.0,0.0,0.16460794,0.85180855,0.0,0.0,0.0,0.3548317,0.0,1.1587116,0.025108814,0.19329119,0.3545102,0.0,0.0,1.5566798,0.0,1.12083,1.0285237,0.5183594,0.0,0.0,0.16704522,0.0,0.0,0.0,0.0,0.0,0.6620325,0.0,0.12084714,0.86829346,0.51258063,0.2061429,0.95077515
U00523,0.0,0.3834014,0.0,0.0,0.0,0.52084064,0.0,0.0,0.0,0.40058053,0.09148349,0.0185359,0.0,1.031283,1.4499265,0.0,2.2068486,0.0,0.0,0.1097641,1.0984696,1.0160824,0.70829564,0.85505766,0.30378264,0.0,0.42474878,0.73154837,0.0,0.0,0.0,0.29916948,0.3455873,0.0,0.81231076,0.0,0.6431949,0.0,1.1928806,0.69914126,0.0,0.20799029,0.7052041,1.2125304,0.24137509,0.52060795,1.265717,0.79997087,0.3561666,0.0,0.0,0.44652033,0.0,0.0,1.3845354,0.0,0.0,0.55708075,0.0,0.0,0.063356996,0.8631792,0.06178105,0.0566687
U00524,0.11454946,0.0,0.36535406,0.0,0.13241093,0.77972853,0.0,0.14437589,0.19351405,0.0,0.0,0.2868858,0.0,0.76553917,1.1155486,0.0,2.2649276,0.0,0.0,0.0,0.0,0.75688505,2.2552462,1.92112,0.16103709,0.12301855,0.0,0.0,0.0,0.18768996,0.0,1.454431,0.0,0.0,0.6489723,0.22421777,0.0,0.09602955,2.3861823,0.0,0.7896673,1.7074401,1.4117814,0.8801776,0.3908037,1.0353652,2.9828959,1.3980731,0.0,0.30875188,0.0,0.0,0.245261,0.07641828,3.058869,0.025061548,0.17732593,0.0,0.1931113,0.0,0.0,1.5182071,0.31399968,0.77215195
U00525,0.0,1.0669785,0.0,0.0,0.0,0.0,0.19281328,0.07980098,0.18618551,0.5849992,0.0,0.0,0.0,0.8913348,1.6644108,0.0,0.8811625,0.0,0.0,0.0,1.4278374,0.51160085,0.98352283,1.0797594,0.0,0.0,1.8527415,1.4708006,0.0,0.0,0.0,0.0,0.0,0.0,0.8487514,0.37178952,0.0,0.0,2.3429818,0.4726175,0.0,0.24237758,0.7126732,0.88597834,0.0,0.6587958,0.5053064,0.0,0.67821825,0.0,0.0,0.0,0.0,0.0,1.9433028,0.0,0.0023249388,0.40248966,0.035456523,0.0,0.48958367,2.2709892,0.11460394,0.0
U00526,0.0,0.0,0.0,0.0,0.0,1.0537167,0.0,0.0,0.0,0.0,0.9779972,0.0,0.0,0.11926782,0.5468006,0.0,1.3851411,0.0,0.0,0.0,0.0,1.1220082,1.8642261,0.68280745,1.1366456,0.0,0.18229175,0.004042387,0.90114695,0.0,0.0,0.85213673,1.1716435,0.0,0.15341634,0.0,0.1045939,0.0,1.976186,0.0,0.79000086,1.0543895,1.0105724,0.8853095,0.3938079,0.9405577,1.2339822,1.1015494,0.0,0.0,0.0,0.64861846,0.0,0.07067925,1.797711,0.0,0.0,0.13050127,0.0,0.07360127,0.27609578,1.7243035,0.0,0.6702957
U00527,0.0,0.0,0.0,0.0,0.16901316,2.442405,0.0,0.0,0.0,0.0,1.7352633,0.0,0.0,0.0,0.0,0.0,0.0,0.67153406,0.0,0.77441335,0.0,0.922276,2.2047074,0.0,2.1197493,0.0,0.0,0.0,1.1911461,0.0,0.0,2.6477761,1.9014432,0.0,0.0,0.0,0.5356875,0.0,0.0,0.0,2.1405125,2.4577694,1.0680363,0.0,0.2465496,0.0,3.4050927,2.8101516,0.0,0.0,0.0,0.39011222,0.0,0.0,0.40100265,0.0,0.0,0.0,0.0,0.0,0.0,0.53453016,0.0,2.5115864
U00528,0.0,1.0132074,0.0,0.0,0.0,0.45558062,0.0,0.0,0.0,2.1239402,1.218276,0.0,0.0,0.5312548,0.0,0.0,0.063020825,1.6926507,0.0,1.523646,0.27554882,0.57740307,0.0,0.0,0.61277735,0.0,0.7873889,0.6899182,1.832284,0.0,0.0,0.0,1.1342449,0.0,0.0,0.0,0.68956083,0.0,0.0,1.6473936,0.04575959,0.0,0.0,0.0,0.4674952,0.0,0.0,0.0,1.1808813,0.0,0.0,1.0313563,0.0,0.0,0.0,0.0,0.0,0.69818854,0.0,0.0,0.16906774,0.72308993,0.08523363,0.010015249
U00529,0.0,1.0251442,0.0,0.0,0.0,0.0,0.040681243,0.38016027,0.21141708,0.0,0.0,0.029812839,0.18097539,1.6925391,2.1004086,0.0,1.0790141,0.0,0.0,0.0,1.675511,0.06016165,0.76340836,0.9956131,0.0,0.0,1.201604,0.72645706,0.0,0.0,0.0,0.0,0.0,0.0,0.8446847,0.017324328,0.0,0.0,2.2584126,0.34548151,0.0,0.0,0.6352387,0.90880114,0.0,0.45998788,1.0564885,0.4840006,0.30822164,0.04022175,0.0,0.0,0.10301972,0.0,1.4648234,0.0,0.0,0.8920723,0.0,0.0,0.36268973,0.001769539,0.0,0.0
U00530,0.0,0.63302314,0.0,0.0,0.0,0.16364369,0.0,0.0,0.0,1.3537221,0.6028564,0.0,0.0,0.077103496,0.873386,0.0,1.0249403,0.7159139,0.0,1.002405,1.3577548,0.8896269,0.0,0.1843198,0.3953024,0.0,0.9162943,1.1175891,0.7165568,0.0,0.0,0.3432117,0.8146938,0.0,0.751643,0.0,0.906448,0.0,0.0,1.5232239,0.042750835,0.09126222,0.2875459,0.87881255,0.09929228,0.21837264,0.4825855,0.47760496,0.99133074,0.0,0.0,0.5485275,0.0,0.0,0.0,0.0,0.0,1.0624428,0.0,0.0,0.44945008,0.26520112,0.0,0.0
U00531,0.0,1.4013638,0.019652963,0.0,0.0,0.0,0.0,0.0,0.0,0.8489403,0.5955745,0.0,0.0,0.0,0.0,0.0,0.0,3.2391605,0.0,1.2627817,0.4968959,0.0,0.0,0.0,0.32430047,0.0,1.3790048,0.0,0.8419779,0.0,0.0,0.22551626,0.7898899,0.0,0.0,0.0,0.0,0.0,0.032314897,1.1171777,1.8221791,0.4957906,0.31606656,0.0,1.3458219,1.5490129,0.72770923,0.59272933,0.09322345,0.0,0.0,0.0,0.0,0.23435202,0.1940993,0.0,0.0,0.6557327,0.0,0.0,1.5576174,1.6039599,1.1619034,0.0
U00532,0.0,0.0,0.023466587,0.0,0.0,0.75455725,0.0,0.098358184,0.0,0.0,0.10071422,0.0,0.0,0.750647,0.29566985,0.0,0.31367707,0.13843799,0.0,0.0,0.0,0.82077473,1.3290603,0.8019916,0.24094617,0.09735045,0.0,0.0,0.101313174,0.0,0.0,1.1974994,0.25239778,0.0,0.0,0.0,0.036933243,0.0,2.504199,0.0,0.6140204,1.5913708,1.327719,0.0,0.98709697,0.6972892,2.9697614,2.020339,0.0,0.10221282,0.0,0.0,0.0,0.0,2.3894982,0.0,0.0,0.035894632,0.0,0.0,0.7362056,1.5593488,0.5124864,0.9387996
U00533,0.0,0.0,0.0,0.0,0.0,0.7425709,0.0,0.0,0.0,0.77183515,1.2791921,0.0,0.0,0.0,0.35814887,0.0,0.0,1.3248203,0.0,0.7297915,0.44302392,0.8088784,0.22000968,0.08018406,0.9088142,0.0,0.21841836,0.23310316,1.5485579,0.0,0.0,1.3195177,1.5287695,0.0,0.15865326,0.0,0.94139063,0.0,0.14506428,0.5003871,0.9368388,1.2502578,0.40516043,0.119592264,0.38534594,0.23343968,1.3858547,1.2384796,0.34655297,0.0,0.0,0.6612365,0.0,0.0,0.0,0.0,0.0,0.51621455,0.0,0.0,0.49659333,0.53624177,0.0,0.46530473
U00534,0.0,0.19589233,0.0,0.0,0.0,0.9084474,0.0,0.0,0.0,0.7708235,0.6098472,0.0,0.0,0.70329505,0.708633,0.0,0.9913577,1.6532972,0.0,1.6052042,0.43346405,0.9034049,0.57705885,0.012293957,0.7343192,0.0,0.551727,0.5281161,1.0964189,0.0,0.0,0.5270674,1.0179719,0.0,0.56553245,0.25308716,0.8475361,0.0,0.5679356,0.40167558,0.24737692,0.5234057,0.4989915,0.7615001,0.86828864,0.7374624,0.40237367,0.26433587,0.5336372,0.0,0.0,0.78823864,0.0,0.0,0.018509269,0.0,0.0,0.100402474,0.0,0.02290061,0.09794533,0.5897893,0.45019108,0.5649606
U00535,0.0,0.0,0.0,0.0,0.0,1.2926267,0.0,0.0,0.0,0.50262904,1.2592597,0.0,0.0,0.29691064,0.13489556,0.0,0.0,1.1836624,0.0,1.2867182,0.0,0.9821559,0.9930386,0.03847234,1.3162042,0.0,0.013851881,0.0,1.4286381,0.0,0.0,1.0178486,1.3252465,0.0,0.0,0.0,0.81879485,0.0,0.5753201,0.0,0.59997284,0.7959341,0.26904893,0.0,0.67612463,0.1460849,1.5869404,1.3964199,0.0,0.0,0.0,0.5217365,0.0,0.0,0.13186908,0.0,0.0,0.0,0.0,0.069386415,0.33457294,0.86436677,0.26905954,1.1222956
U00536,0.0,0.0,0.0,0.0,0.0,1.4993609,0.0,0.0,0.0,0.0,2.2336814,0.0,0.0,1.6073881,0.0,0.0,0.0,2.142118,0.0,1.1726835,0.0,0.85077983,0.26934052,0.0069154054,1.1301886,0.0,0.0,0.0,0.8040251,0.0,0.0,2.0389478,1.3488462,0.0,0.0,0.0,1.8649606,0.0,0.0,0.0,0.6013519,1.351968,0.0,0.0,0.9102349,0.0,2.7355814,2.986888,0.0,0.0,0.0,1.2288711,0.0,0.0,1.5042402,0.0,0.0,0.0,0.0,0.0,0.108643234,2.5698013,1.1811838,2.4706945
U00537,0.0,0.048820913,0.0,0.0,0.0,0.7153405,0.0,0.0,0.0,0.9755878,0.9458418,0.0,0.0,0.0,0.80259144,0.0,0.0,0.8501626,0.0,1.3141711,0.5038128,0.56721276,0.047485888,0.0,0.85408056,0.0,0.38372266,0.6759432,1.9343678,0.0,0.0,1.0552309,1.634333,0.0,0.15435404,0.0,1.2860904,0.0,0.34503186,0.4012984,0.8789707,0.63173324,0.0,0.14566146,0.59099346,0.08296907,0.2490313,1.2434585,0.8366667,0.0,0.0,0.71220577,0.0,0.0,0.0,0.0,0.0,0.2747537,0.0,0.0,0.2670182,0.0,0.0,0.47389507
U00538,0.0,0.17174768,0.0,0.0,0.0,0.63486826,0.0,0.0,0.0,0.0,0.7265942,0.0,0.0,0.0,1.0702379,0.0,0.60225165,0.0,0.0,0.0,0.1333698,0.6161032,2.1540642,0.47067583,1.2354138,0.0,0.8740607,0.0,0.8465082,0.0,0.0,0.93061745,0.88579994,0.0,0.059427917,0.0,0.0,0.0,2.5383599,0.0,1.0320821,0.9299977,1.1116275,0.0,0.8160289,1.1653465,1.7193668,1.0412503,0.0,0.0,0.0,0.0,0.0,0.0,1.517809,0.0,0.0,0.58806956,0.0,0.0,0.81039566,0.97995543,0.0,0.7104806
U00539,0.47572747,0.5507705,0.56910354,0.69824696,0.42913872,0.0,0.63386786,0.43440524,0.6974423,0.16214466,0.0,0.6829841,0.43301588,1.6817188,1.224783,0.6828863,1.1750803,0.0,0.56494194,0.0,1.6213535,0.09518251,0.08167231,0.93324274,0.0,0.5333577,0.7477164,1.0781994,0.0,0.70779574,0.5819445,0.0,0.0,0.73995906,1.5390062,0.0,0.0,0.8174207,1.1662471,1.1506829,0.0,0.0,0.31192008,1.1671841,0.0,0.4654281,0.8552351,0.0,0.5316135,0.61226535,0.31156558,0.0,0.87116444,0.0,1.6031874,0.6157233,0.75574285,0.7986388,0.74623555,0.0,0.041294456,0.8432306,0.0,0.0
U00540,0.41712406,0.0,0.45329496,0.35081413,0.31688714,0.40995023,0.34515756,0.32204884,0.25398803,0.0,0.0,0.3972271,0.21997498,0.95606565,1.2835627,0.27655098,0.57907575,0.0,0.23723832,0.0,0.47959423,0.13352919,1.8997545,0.89790386,0.3442521,0.5264753,0.0,0.0,0.0,0.6120887,0.41666707,0.98571134,0.0,0.20236236,0.44530606,0.45685762,0.0,0.28434986,3.3990734,0.0,0.65677696,0.74297535,1.0810727,0.0,1.1469425,0.92587095,2.5518813,1.4817469,0.0,0.5626057,0.49363247,0.0,0.46360725,0.0,2.0641956,0.38745406,0.39326596,0.86950016,0.22000423,0.0,0.502476,0.0,0.0,0.5341418
U00541,0.0,0.0,0.0,0.0,0.0,1.1667416,0.0,0.0,0.0,0.2558341,1.2728589,0.0,0.0,0.53197336,0.18809193,0.0,0.0,1.2835293,0.0,1.373318,0.0,0.7215405,1.2145698,0.0,1.3131517,0.0,0.0,0.0,1.4816346,0.0,0.0,1.0677707,1.225315,0.0,0.0,0.0,0.67144156,0.0,0.0,0.0,1.0181863,0.80361533,0.191172,0.0,1.471724,0.42708224,1.3474133,1.0521274,0.0,0.0,0.0,0.17173843,0.0,0.0,0.0,0.0,0.0,0.0,0.0,0.03945644,0.5751218,0.57554746,0.0,1.0821135
U00542,0.39839736,0.7321643,0.4662178,0.44640613,0.1058528,0.0,0.4991464,0.37102482,0.85728186,0.0,0.0,0.37695545,0.71368957,2.3467176,2.8988013,0.54022926,0.0,0.6134553,0.2871153,0.20965815,2.8859258,0.0,0.0,1.0653126,0.0,0.41809738,1.4640896,1.4391443,0.0,0.52691984,0.37890464,0.0,0.0,0.23319879,1.9554739,1.3156023,0.0,0.120842665,1.7544917,1.524107,0.0,0.0,0.5493835,0.5797174,1.0053906,1.4134771,0.0,0.0,0.67492723,0.46781135,0.6549748,0.0,0.8415418,0.0,0.0,0.31489068,0.41808012,1.6406126,0.20144847,0.11504708,1.2974474,0.0,0.0,0.0
U00543,0.13930386,0.0,0.0,0.0,0.27298093,1.0614464,0.43274927,0.0,0.39809102,0.43227732,1.4010091,0.0,0.0,0.0,0.0,0.0,0.2216978,0.8311899,0.37221438,1.2280086,0.0,0.9767789,1.2603772,0.0,1.8045082,0.0,0.0,0.0,2.506194,0.0,0.0,1.3500541,2.3947306,0.0,0.0,0.0,1.1660699,0.19657016,0.40520993,0.0,0.9324023,1.0861079,0.0,0.26500252,0.34124625,0.0,0.09387304,0.6713798,0.0,0.0,0.0,1.0524472,0.03731002,0.0,0.7653645,0.29727012,0.15303768,0.0,0.0,0.0,0.0,0.0,0.5939016,1.508528
U00544,0.2831291,0.0,0.64609146,0.9853195,0.14587621,0.72711587,0.46303993,0.0,0.48602462,1.4934434,1.6892482,0.057191007,0.0,0.0,0.0,0.3515731,2.9087071,0.22869492,0.61142397,2.43096,0.0,1.4924328,0.0,0.0,0.77750564,0.3009807,0.0,0.1368146,2.7332733,0.49185824,0.78522897,0.3430099,2.3763816,0.599715,0.0,0.74187934,1.2569671,0.36672026,0.0,0.0,0.0366219,0.0,0.0,0.35312504,0.0,0.0,0.0,0.11905083,0.72546655,0.73376524,0.18523373,1.9043791,0.25429085,0.0,0.16097939,0.52665305,0.3311422,0.0,0.09205538,0.0,0.0,0.0,2.0220447,0.0
U00545,0.0,1.1459277,0.0,0.0,0.0,0.0,0.0,0.16104686,0.1269329,0.0,0.0,0.06856169,0.0,0.93806314,1.8634801,0.0,1.4288008,0.0,0.0,0.0,1.367577,0.0,1.4929521,1.637239,0.0,0.0,1.6258729,0.0,0.0,0.0,0.0,0.5132519,0.0,0.0,0.96737283,0.0,0.0,0.0,2.6221912,0.22284114,0.7147717,0.7543191,1.2640837,0.79960763,0.2039777,1.9884164,1.4022757,0.17729944,0.0,0.0,0.0,0.0,0.15290102,0.4748768,2.246932,0.0,0.0,0.85209036,0.18615565,0.17176537,0.97099805,0.41942745,0.24398929,0.0
U00546,0.0,1.1127372,0.0,0.0,0.0,0.3141118,0.0,0.0,0.0,1.6284584,0.506014,0.0,0.0,0.53832823,0.877247,0.0,0.39058995,0.9111645,0.0,1.3033551,0.9318565,0.5060274,0.0,0.043357365,0.23717856,0.0,1.4145703,1.4210076,0.75979704,0.0,0.0,0.0,0.3360148,0.0,0.8699721,0.26687133,0.8318268,0.0,0.0,1.7689165,0.0,0.0,0.2462592,0.26364714,0.8508832,0.4286424,0.0,0.0,1.5142857,0.0,0.0,0.55139184,0.0,0.0,0.0,0.0,0.0,0.8319328,0.0,0.0,0.31244734,0.4526995,0.18822944,0.0
U00547,0.2991807,0.0,0.044367388,0.4522732,0.07987408,0.07287671,0.44755426,0.5249293,0.5025686,0.0,0.0,0.5134234,0.386504,2.7292259,1.9544939,0.1881156,2.442657,0.0,0.21231428,0.0,1.2933139,0.0,0.18739909,1.5756265,0.0,0.1054979,0.0,0.57240045,0.0,0.49709165,0.16733846,0.761665,0.0,0.3077289,1.9238812,0.5717886,0.0,0.29570276,1.2486215,0.34600186,0.0,0.15649354,1.1691194,1.5604262,0.9732157,1.0694878,2.0039153,1.2866291,0.0,0.50092113,0.2601329,0.0,0.72948474,0.056345403,2.0575352,0.27354085,0.0,0.8403528,0.0,0.0,0.3256935,0.0,0.24139404,0.3048228
U00548,0.0,0.0,0.0,0.0,0.0,1.4189488,0.0,0.0,0.0,0.0,0.54065037,0.0,0.0,0.07861626,1.8187792,0.0,2.0960631,0.0,0.0,0.0,0.0,0.4272781,2.6085596,1.6474072,1.3247797,0.0,0.5563173,0.0,0.0,0.0,0.0,0.8597213,0.5556182,0.0,0.30180687,0.0,0.028290272,0.0,2.3375773,0.0,0.54930353,1.3038491,1.6558967,1.3313315,0.0,0.6731684,2.2554965,1.8893095,0.0,0.0,0.0,0.6281525,0.0,0.4921266,2.5557766,0.0,0.0,0.0,0.0,0.054378267,0.0,2.4121785,0.0,1.3942742
U00549,0.0,0.0,0.0,0.0,0.0,1.748087,0.0,0.0,0.0,0.0,1.9327544,0.0,0.0,0.0,0.0,0.0,0.0,0.7056184,0.0,0.4098482,0.0,1.3135738,1.7685935,0.0,1.7207513,0.0,0.0,0.0,2.0191445,0.0,0.023019597,1.3513523,2.0956025,0.0,0.0,0.0,0.56281173,0.0,0.8097085,0.0,1.3256488,1.6188742,0.42627203,0.0,0.0,0.0,1.4131404,1.2368995,0.0,0.0,0.0,0.74732375,0.0,0.0,0.4768641,0.0,0.0,0.0,0.0,0.0,0.0,1.4050803,0.0,1.5230849
U00550,0.0,0.049330175,0.0,0.0,0.0,1.1152946,0.116566956,0.0,0.0,0.7548338,0.98378193,0.0,0.0,0.0,0.09426868,0.0,2.1779308,0.0,0.0,0.7516861,0.0,1.5338941,0.88321847,0.0,1.1995684,0.0,0.0,0.48911655,1.8681674,0.0,0.0,0.71457565,1.977791,0.0,0.028509796,0.16846502,1.1810725,0.0,0.81078124,0.0,0.0,0.7834687,0.0,1.257165,0.027885556,0.0,0.0,0.19037849,0.38703018,0.0,0.0,1.6883075,0.0,0.0,0.9808034,0.0,0.0,0.0,0.0,0.0,0.0,0.078204885,0.9263741,0.8475162
U00551,0.104468524,0.59804547,0.0,0.08187592,0.0,0.7850908,0.0,0.0,0.0,0.8451314,0.9788474,0.0,0.0,0.0,0.35128212,0.0,1.0911485,0.55467534,0.0,1.3032993,0.0,1.18374,0.996568,0.0,1.2625343,0.0,0.49685907,0.0,1.581516,0.0,0.0,0.34521085,1.455695,0.0,0.0,0.0883342,0.3529752,0.0,0.9736099,0.8100692,0.4813615,0.46022016,0.031585246,0.13840684,0.7596937,0.36838418,0.4017709,0.508379,0.27597898,0.0,0.0,0.5574287,0.0,0.0,0.11346054,0.11165017,0.0,0.24841678,0.0,0.0,0.11106479,0.47594893,0.43465263,0.08525133
U00552,0.0,1.0396049,0.0,0.0,0.0,0.0,0.0,0.0,0.0045253485,1.5501872,0.0,0.0,0.04975821,0.93366194,0.7429826,0.0,0.0,0.5858723,0.026480764,0.0,1.8571258,0.0,0.0,0.7882782,0.0,0.028732061,2.3098369,1.3925619,0.0,0.0,0.17309585,0.0,0.0,0.0,1.0702226,0.0,0.16170585,0.0,0.0,2.1365955,0.0,0.0,0.5548362,0.6658044,0.0,0.0,0.837043,0.0,1.1973825,0.00075897574,0.0,0.0,0.028583348,0.0,0.3316368,0.0,0.013356,1.3606656,0.0123184025,0.0,0.51156676,0.6657884,0.0,0.0
U00553,0.95571864,0.329809,1.0723774,0.59615076,2.0885594,0.0,1.3422298,1.6509557,1.8520657,0.0,0.0,1.7699785,2.0578992,2.4078398,2.4836683,1.3112364,0.0,0.0,1.3896511,0.0,2.8594804,0.0,0.0,0.0,0.0,1.0010102,2.172888,1.6463984,0.0,1.4375634,1.7679018,0.0,0.0,0.9767102,0.9608303,0.0,0.0,1.0946203,3.4032953,0.47598207,0.0,0.0,0.0,0.35641366,0.0,0.0,0.0,0.0,0.23013991,1.6539702,1.8159037,0.0,1.9611826,0.0,1.5403181,1.15501,1.6478441,0.9191333,2.202237,0.0,0.0,0.0,0.0,0.0
U00554,0.011245906,1.420724,0.0,0.0,0.0,0.0,0.0,0.29894897,0.32342485,1.1080992,0.0,0.0106610805,0.13512512,2.0616226,1.1832793,0.06934297,0.4247908,0.7963582,0.0,1.2029618,1.4072951,0.31766602,0.0,0.4718727,0.0,0.0,0.81950486,1.5260235,0.0,0.0,0.0,0.0,0.0,0.034204185,1.005508,0.30272132,0.4448516,0.0,0.02439492,1.2892153,0.0,0.0,0.0,0.0068512857,0.964086,0.073848724,0.17251128,0.0,1.1555264,0.17320707,0.0,0.042966314,0.0,0.0,0.0,0.0,0.0,1.2144959,0.0,0.0,0.93015265,0.039746385,0.33767644,0.0
U00555,0.0,2.0303652,0.0,0.0,0.0,0.0,0.0,0.0,0.0,1.9774606,0.0,0.06782618,0.321752,0.7470865,0.7971815,0.0,0.0,1.29719,0.0,1.4244983,1.9762224,0.0,0.0,0.0,0.0,0.0,2.2400475,1.7260282,0.29467005,0.0,0.0,0.0,0.0,0.0,0.8459342,0.07190931,0.24921945,0.0,0.22175726,2.0924678,0.0,0.0,0.0,0.0,0.17750466,0.0,0.0,0.0,1.8087773,0.05912155,0.0,0.0,0.0,0.0,0.0,0.0,0.0,2.044458,0.0,0.0,0.583209,0.0,0.0,0.0
U00556,0.39839736,0.7321643,0.4662178,0.44640613,0.1058528,0.0,0.4991464,0.37102482,0.85728186,0.0,0.0,0.37695545,0.71368957,2.3467176,2.8988013,0.54022926,0.0,0.6134553,0.2871153,0.20965815,2.8859258,0.0,0.0,1.0653126,0.0,0.41809738,1.4640896,1.4391443,0.0,0.52691984,0.37890464,0.0,0.0,0.23319879,1.9554739,1.3156023,0.0,0.120842665,1.7544917,1.524107,0.0,0.0,0.5493835,0.5797174,1.0053906,1.4134771,0.0,0.0,0.67492723,0.46781135,0.6549748,0.0,0.8415418,0.0,0.0,0.31489068,0.41808012,1.6406126,0.20144847,0.11504708,1.2974474,0.0,0.0,0.0
U00557,0.0,0.0,0.0,0.0,0.0,1.0984461,0.0,0.0,0.0,0.0,0.89254653,0.0,0.0,2.4063244,0.41643876,0.0,1.4202936,0.7037746,0.0,0.30433726,0.0,1.1661549,1.4038708,1.4071752,0.40223902,0.0,0.0,0.0,0.0,0.0,0.0,1.0084543,0.0,0.0,0.11214441,0.0,0.46700537,0.0,0.13149777,0.0,0.69574386,1.1135639,0.7335799,0.11447644,1.6389067,0.6938678,2.5296898,1.7977538,0.0,0.0,0.0,0.23505914,0.0,0.10127321,1.15261,0.0,0.0,0.034075618,0.0,0.026280506,0.69500804,1.5733091,0.3870823,1.1252115
U00558,0.0,0.8979024,0.0,0.0,0.0,0.69607973,0.0,0.0,0.0,1.0780901,0.5238311,0.0,0.0,0.3373289,0.92053175,0.0,0.0,1.490424,0.0,0.2585473,0.8838262,0.0,0.079018235,0.5468321,0.5041692,0.0,2.10653,1.2625175,0.65622413,0.0,0.0,0.25772327,0.5260946,0.0,0.5231577,0.0,0.56918263,0.0,0.6466943,0.67625237,0.40859604,0.48813838,1.389471,0.8025927,0.0,0.5394729,0.74115497,0.5721421,0.891868,0.0,0.0,0.768839,0.0,0.0,0.7919613,0.0,0.0,0.0,0.0,0.1295412,0.110999644,2.0510483,0.0,0.64914286
U00559,0.18409932,1.3358909,0.18209583,0.0,0.09012087,0.0024632365,0.13160336,0.04502283,0.0,1.4581379,0.4052215,0.2282976,0.27689654,0.26403642,0.8692296,0.11107674,0.0,1.840905,0.30646276,2.1114218,1.1902322,0.0,0.0,0.0,0.005559683,0.16533813,1.6165934,1.0812151,0.94992715,0.0,0.010110334,0.0,0.41924018,0.11530906,0.8482654,0.09303939,0.39131308,0.36850318,0.0,2.1306903,0.12787548,0.0,0.005989492,0.0,1.0075332,0.11136389,0.0,0.17194712,1.328659,0.12396172,0.21953474,0.0,0.0,0.0,0.0,0.010653019,0.029581755,1.7692008,0.0,0.0,0.57214886,0.0,0.0,0.0
U00560,0.0,0.040175796,0.0,0.0,0.0,0.7041557,0.0,0.0,0.0,0.6101376,0.5261409,0.0,0.0,0.0,0.0,0.0,1.4909397,1.6540842,0.0,1.6624283,0.09814787,0.50116545,0.31322062,0.13711992,0.31769896,0.0,0.0,0.38851368,1.5870982,0.0,0.0,1.0206207,1.5435057,0.0,0.0,0.0,0.6129422,0.0,0.81757426,0.0,0.0,1.0415616,1.0089158,0.29666644,0.0,0.0,0.0,0.3552896,0.13410354,0.0,0.0,0.97739136,0.0,0.20326576,1.8990318,0.0,0.0,0.0,0.0,0.0,0.0,0.87351024,1.3568447,0.44591832
U00561,0.0,0.0,0.0,0.0,0.0,0.92521226,0.0,0.0,0.0,0.86387455,1.6877251,0.0,0.0,0.7547598,0.0,0.0,0.0,1.6271336,0.0,1.1253748,0.0,0.5300238,0.5744365,0.0,1.6261704,0.0,0.0,0.0,1.7213786,0.0,0.0,0.7981639,1.5339662,0.0,0.0,0.0,0.63688993,0.0,0.0,0.0,0.8666156,0.78005326,0.0,0.0,0.762944,0.023895264,1.2693615,1.4388223,0.0,0.0,0.0,0.60324323,0.0,0.0,0.22492135,0.0,0.0,0.0,0.0,0.03009627,0.49682197,2.0215733,0.37965786,1.3562288
U00562,1.0310314,0.0,0.9943129,1.1392027,0.765427,0.0,1.2052131,1.0292016,1.2057451,0.0,0.0,0.67506003,0.74693364,0.2707138,1.5608926,0.9412409,0.74101424,0.0,1.2605686,0.0,0.8115676,0.0,1.1648607,1.2429142,0.0,1.2699673,0.0,0.17280686,0.0,0.76046556,1.1272731,0.0,0.0,1.2143028,0.43198454,1.5787209,0.0,1.0686055,3.229575,0.0,0.0,0.4070785,0.974529,0.6029197,0.0,0.61641127,1.1811225,0.06864664,0.0,1.2740166,1.1459937,0.0,1.1414938,0.0,2.9469748,1.2498925,1.1558702,0.0,0.79843086,0.0,0.008034289,1.3473119,0.48704517,0.0
U00563,0.0,0.8627434,0.0,0.0,0.0,0.6719582,0.0,0.0,0.0,0.6605627,0.7462088,0.0,0.0,0.24118519,0.7405164,0.0,1.1999412,1.1502024,0.0,0.9933317,0.5937519,1.0910716,0.68355566,0.33371055,0.8062508,0.0,0.7424521,0.3309511,1.2065585,0.0,0.0,0.2944259,1.1768886,0.0,0.20821643,0.15993512,0.47963017,0.0,1.1539629,1.0195434,0.33002967,0.43373054,0.6863207,0.6605836,1.0402553,0.8259536,0.6376633,0.64939237,0.6135403,0.0,0.0,0.43741068,0.0,0.0,0.4570613,0.0,0.0,0.6190035,0.0,0.10587831,0.6293404,1.0714282,0.2705182,0.027719796
U00564,0.0,1.7929236,0.0,0.0,0.0,0.0,0.0,0.0,0.0,2.0834143,0.0,0.026692282,0.21524842,1.1085474,0.75409734,0.0,0.0,0.7336637,0.0,1.1320727,1.7424809,0.0,0.0,0.0,0.0,0.0,2.1141734,1.8286829,0.078564465,0.0,0.0,0.0,0.0,0.0,1.0441506,0.0642668,0.45033833,0.0,0.0,2.2655823,0.0,0.0,0.0,0.0,0.48127842,0.0,0.0,0.0,1.8730676,0.0,0.0,0.0,0.0,0.0,0.0,0.0,0.0,1.7897643,0.0,0.0,0.6625254,0.0,0.0,0.0
U00565,0.56697154,0.0,0.57326734,0.7360175,0.1827854,0.7644166,0.6476493,0.0,0.35800886,1.2183514,1.4222705,0.15412979,0.0,0.0,0.0,0.37023008,2.3479564,0.0,0.7935432,1.2797483,0.0,1.4420266,0.34036976,0.0,1.4032488,0.38591695,0.0,0.0,2.5805817,0.33839118,0.4283312,0.75037694,2.420036,0.64274514,0.0,0.7320265,1.3049593,0.5102629,0.0,0.3966056,0.120525,0.30963802,0.0,0.5435815,0.074671745,0.0,0.0,0.5125104,0.45930475,0.346431,0.3848266,1.3839586,0.3567521,0.0,0.4771297,0.5726564,0.5921366,0.0,0.1064204,0.0,0.0,0.0,1.1625504,0.19639385
U00566,0.0,0.0,0.0,0.0,0.0,1.0738646,0.0,0.0,0.0,0.0,0.0,0.0,0.0,0.43645805,2.1276593,0.0,0.0,0.0,0.0,0.0,1.9816555,0.0,1.1484182,1.9034733,0.60056055,0.0,2.0566506,1.4789401,0.0154595375,0.0,0.0,1.1171709,0.0,0.0,1.2786136,0.0,0.23664486,0.0,3.79271,0.0,0.6870589,1.6931744,2.1762238,1.0204282,0.0,1.4387257,2.2734456,0.83462954,0.18950474,0.0,0.0,0.0,0.0,1.100576,2.9176455,0.0,0.0,0.0,0.0,0.82131386,1.059186,1.6816429,0.0,1.3630183
U00567,0.0,0.55066276,0.03269531,0.0,0.0,0.26894295,0.0,0.020534173,0.07146251,0.0,0.0,0.0,0.25012416,0.7408408,0.96743333,0.0,0.0,0.8725554,0.0,0.59961414,0.445989,0.0,0.76339954,0.754282,0.23499954,0.03622842,0.45879138,0.0,0.0,0.25673753,0.0,0.60159993,0.0,0.0,0.36465567,0.10082412,0.0,0.0,1.5665236,0.5122105,0.6978945,1.1225716,1.4799094,0.0,1.5260899,1.4402612,2.20747,2.112661,0.0,0.07003406,0.033855308,0.0,0.0059300214,0.0,0.35785925,0.0,0.0,1.4462279,0.0,0.18525894,1.5881962,0.0,0.18998304,0.23178077
U00568,0.1309967,0.0,0.6029854,0.5009117,0.12736104,0.99488175,0.16803712,0.0,0.3551497,0.0,0.12547371,0.4185915,0.09790543,0.0,0.74569106,0.32122463,2.0741618,0.0,0.36712962,0.0,0.0,1.5109465,1.9430206,0.31748062,0.44607818,0.13158762,0.0,0.2365005,0.64050794,0.33368236,0.2663278,0.7086178,0.5849372,0.18394932,0.079954565,0.32817674,0.0,0.4229988,2.5512605,0.0,0.0,0.7393125,0.25825658,1.1531385,0.003170967,0.45575714,0.0,0.0,0.0,0.30382612,0.25758243,0.82555556,0.35297155,0.0,2.3360615,0.14973858,0.4829355,0.0,0.3749336,0.0,0.0,1.1634898,1.1397351,0.21548915
U00569,0.0,0.23246902,0.0,0.0,0.0,0.34646553,0.0036625862,0.0,0.0,0.68326056,1.1031544,0.0,0.0,2.8424845,0.24144214,0.0,0.901573,2.2789454,0.0,1.0635092,0.40886927,0.498946,0.065663755,0.642319,0.100227475,0.0,0.0,0.46270812,0.13602823,0.0,0.0,0.37787127,0.23901628,0.0,0.39424098,0.0,0.61969614,0.0,0.0,1.201889,0.45431435,0.0,0.0,0.0,2.4625983,0.4151305,1.5687064,1.5031538,0.5380579,0.0,0.0,0.49610296,0.0,0.0,0.0,0.0,0.0,1.2923357,0.0,0.0,1.5333797,0.81537056,0.0,0.27078354
U00570,0.0,0.11014277,0.0,0.0,0.0,0.46805277,0.0,0.0,0.0,1.2393029,1.521284,0.0,0.0,0.0,0.0,0.0,0.0,1.3348564,0.0,1.1078855,0.0,0.26457977,0.38750333,0.0,1.623805,0.0,0.105653405,0.0,2.0797477,0.0,0.0,0.38499725,1.7349573,0.0,0.0,0.0,0.22722107,0.0,0.15504329,0.0,0.81751007,0.32866746,0.0,0.0,0.6680253,0.0,0.57338446,0.7174778,0.11276591,0.0,0.0,0.31097123,0.0,0.0,0.0,0.0,0.0,0.07744062,0.0,0.0,0.6396564,1.0738486,0.27524853,1.0142958
U00571,0.0,0.0,0.0,0.0,0.0,0.71091306,0.0,0.0,0.0,0.4193318,0.75029004,0.0,0.0,0.0,0.26825947,0.0,0.0,1.5124878,0.0,1.0597858,0.13628197,0.36105394,0.5116922,0.0,0.74418545,0.0,0.14211679,0.080981374,1.5486487,0.0,0.0,0.9969995,1.3318251,0.0,0.0,0.0,0.6023772,0.0,0.979316,0.42531443,1.1553149,0.9852377,0.7584715,0.06502429,1.507126,0.96424025,1.4828724,1.1587918,0.21664071,0.0,0.0,0.33415243,0.0,0.0,0.66511095,0.0,0.0,0.6349976,0.0,0.02579515,0.67662776,0.45535472,0.0,0.41649354
U00572,0.0,0.5808846,0.0,0.07634562,0.0,0.7740648,0.13050461,0.0,0.0,1.2132816,1.1930038,0.0,0.0,0.0,0.0,0.0,2.2087584,0.0,0.14013222,0.48702025,0.0,1.2222605,0.82258636,0.0,1.0662781,0.0,0.030586243,0.21518171,2.0795212,0.0,0.0,0.21030593,1.9022368,0.0,0.0,0.0,0.75044584,0.14455715,0.50264215,1.030803,0.049735278,0.0,0.0,0.68048203,0.21509933,0.0,0.0,0.0,0.7756929,0.0,0.0,1.4760767,0.11629603,0.0,0.6575228,0.15747374,0.11607593,0.0,0.0,0.0,0.0,0.0,0.34636116,0.0
U00573,0.0,0.6768317,0.0,0.0,0.0,0.6038836,0.0,0.0,0.0,1.4022416,1.0116705,0.0,0.0,0.0,0.6612177,0.0,1.3053069,0.4544413,0.0,0.70250773,0.83612317,1.0192541,0.0,0.4246825,0.64994943,0.0,1.1290172,0.79835194,0.8232737,0.0,0.0,0.27374464,0.9880034,0.0,0.4418888,0.021105051,0.9873861,0.0,0.11896315,1.4724599,0.03165534,0.13642663,0.44658297,0.9466424,0.0,0.16016692,0.3525164,0.50506234,0.95225394,0.0,0.0,0.8261709,0.0,0.015310645,0.0,0.0,0.0,0.3981884,0.0,0.0,0.15109968,1.1137165,0.10010815,0.0
U00574,0.0,0.59155595,0.1342819,0.0,0.0,0.0,0.20910019,0.4139995,0.11732118,0.3376665,0.0,0.22384022,0.15413158,1.1722189,2.1059813,0.0,0.66248655,0.0988307,0.0,0.0,1.6038723,0.1880094,0.7816172,0.95481026,0.0,0.0,2.062511,0.77841705,0.0,0.0,0.28946853,0.0,0.0,0.0,1.1942313,0.1325891,0.0,0.0,1.5465667,1.224656,0.0,0.0,0.6290444,0.2332022,0.8015569,0.6994109,0.66004086,0.05636844,0.7439749,0.0,0.0,0.0,0.0,0.0,0.0,0.0,0.0,1.3252579,0.0,0.0,0.6279897,0.0,0.0,0.0
U00575,0.08420503,1.4272171,0.1629145,0.0,0.1837921,0.0,0.0,0.0,0.0,2.4017391,0.9307555,0.0,0.4660853,0.4156434,0.0,0.45666566,0.0,2.576001,0.06877294,3.0925474,1.0760376,0.0,0.0,0.0,0.36149693,0.277325,0.17378902,1.3481134,1.090105,0.08766687,0.21564332,0.0,0.23206612,0.230555,0.6502793,1.0497677,0.62371683,0.07754618,0.0,1.9258454,0.0,0.0,0.0,0.0,1.8438222,0.0,0.0,0.0,1.8631142,0.01783058,0.1376448,0.18535371,0.10878697,0.0,0.0,0.0,0.0144633055,1.36247,0.0,0.0,0.5655413,0.0,1.2982023,0.0
U00576,0.11946833,0.0,0.0,0.0,0.43830878,0.81529033,0.19382769,0.48464453,0.35764176,0.0,0.8977071,0.0,0.0,0.0,0.19278812,0.0,0.0,0.516891,0.0,1.3177794,0.0,0.037315577,2.2397966,0.0,1.5769129,0.11855495,0.0,0.0,1.5059848,0.0,0.031232417,1.764529,1.4235439,0.0,0.0,0.0,0.05179943,0.14018643,1.2548774,0.0,1.6106505,0.95437133,0.0,0.0,1.2365104,0.3509621,1.787273,1.2482948,0.0,0.0,0.0942566,0.0,0.0,0.0,0.7447897,0.43454432,0.0,0.0,0.04642771,0.0,0.6084398,0.0,0.0,1.7143092
U00577,0.13459712,0.0,0.1565409,0.4222224,0.23654212,0.04311566,0.11212087,0.127945,0.08867661,0.0,0.0,0.35835713,0.0,1.8957827,1.6450154,0.0,1.8183386,0.0,0.15678328,0.0,1.5088931,0.034096062,0.32927746,1.969606,0.0,0.16829886,0.0,1.0719609,0.0,0.14911206,0.26222244,0.41604328,0.0,0.22605592,1.8239039,0.50696504,0.0,0.09992212,2.0556846,0.12119067,0.0,0.41666043,1.2158735,2.278455,0.0,0.81630766,1.9404713,0.0,0.031048298,0.3600083,0.05515193,0.0,0.5470996,0.0,3.2410836,0.20047808,0.25705418,0.14613724,0.07526879,0.0,0.0,1.1379528,0.3070434,0.047617376
U00578,0.0,1.006007,0.0,0.0,0.0,0.94990146,0.0,0.0,0.0,1.6960108,0.97248614,0.0,0.0,0.0,0.15671611,0.0,0.76756835,0.11020827,0.0,0.52740836,0.31260014,1.0229008,0.2671374,0.0,1.0424839,0.0,1.0085135,1.0492,2.0992074,0.0,0.0,0.20761675,1.5124983,0.0,0.36078686,0.0,1.1651579,0.0,0.9296386,1.0936713,0.0,0.0,0.0,0.54108214,0.12606514,0.0,0.0,0.0,1.2731436,0.0,0.0,1.4238857,0.0,0.07209194,0.35615134,0.0,0.0,0.0,0.0,0.16783299,0.0,0.0,0.00021958351,0.2519672
U00579,1.1023085,0.42148507,1.2558312,1.2790868,1.0781279,0.0,1.1802661,1.3288915,1.6208416,0.13872898,0.0,1.0912117,1.2090808,1.1527861,1.6539259,1.2068205,0.20235187,0.0,1.0440588,0.0,1.224011,0.0,0.9105465,0.57804644,0.0,1.0711081,1.8942852,0.46665692,0.0,1.3070893,1.2738887,0.0,0.0,1.1897367,0.6039058,0.5067413,0.0,1.147635,2.4994457,0.42767775,0.0,0.0,0.0020117462,0.3126417,0.0,0.0,0.30696,0.0,0.3404103,1.3811007,1.0059726,0.0,1.4986778,0.0,1.3675295,1.0298437,1.4025815,0.45030898,1.4043174,0.0,0.0,1.3214135,0.0,0.0
U00580,0.0,0.90624905,0.0,0.0,0.0,0.6229838,0.0,0.11506739,0.0,1.6754829,1.1769757,0.0,0.0,0.0,0.0,0.09748632,0.54738295,0.37714267,0.0,1.3356103,0.041918516,0.84208316,0.0,0.0,0.9902798,0.09321514,0.0,0.849711,2.1419878,0.0,0.0,0.076565325,1.7049464,0.22210279,0.0,0.0,1.153412,0.0,0.0,1.647921,0.14236441,0.0,0.0,0.1947908,0.2211603,0.0,0.0,0.20128456,1.2271855,0.1485205,0.15250275,1.2310027,0.0,0.0,0.0,0.0,0.055634856,0.2863438,0.0,0.0,0.0,0.0,0.0,0.0
U00581,0.0,0.0,0.0,0.0,0.0,0.78841686,0.0,0.0,0.0,0.0,0.34837738,0.0,0.0,0.75988775,1.2202984,0.0,0.7091738,0.5174774,0.0,0.048553944,0.42422986,0.79498416,1.5582366,0.6609258,0.4342091,0.0,0.38235712,0.35373676,0.65312994,0.0,0.0,0.6836674,0.52253973,0.0,0.5364135,0.0484488,0.28125682,0.0,2.1305919,0.0,0.7838924,1.036618,0.6625845,0.5330127,1.3119763,0.9936447,1.5394907,0.6037468,0.010868549,0.0,0.0,0.0,0.0,0.0,1.075148,0.0,0.0,0.296463,0.0,0.0,0.5332646,1.6595755,0.0,0.44696462
U00582,0.0,0.7460921,0.0,0.0,0.0,0.68432164,0.0,0.0,0.0,1.9472032,1.06072,0.0,0.0,0.0,0.0,0.0,0.0,1.220375,0.0,1.2631682,0.09975016,0.7389971,0.0,0.0,0.5141572,0.0,1.1787437,0.7859561,1.8253939,0.0,0.0,0.0,1.1191908,0.0,0.4935633,0.0,0.8981701,0.074371845,0.0,1.0878286,0.0,0.0,0.0,0.0,0.0,0.0,0.0,0.0,1.0709124,0.0,0.0,1.0277077,0.0,0.0,0.0,0.0,0.0,0.20049727,0.0,0.0,0.0,0.3094177,0.0,0.1038059
U00583,0.0,2.104989,0.0,0.0,0.0,0.0,0.0,0.0,0.0,2.7611547,0.44258663,0.0,0.0,2.9506497,0.0,0.0,0.0,2.8638124,0.0,2.1756165,2.0062935,0.0,0.0,0.0,0.0,0.0,1.0864542,2.9542317,0.03457564,0.0,0.0,0.0,0.0,0.0,1.3026373,0.2182759,0.8564341,0.0,0.0,2.7179155,0.0,0.0,0.0,0.0,1.2332864,0.0,0.0,0.0,2.3165283,0.0,0.0,0.55819356,0.0,0.0,0.0,0.0,0.0,2.1239967,0.0,0.0,1.0860167,0.0,0.4729783,0.0
U00584,4.279558,0.0,3.8082156,4.637002,2.8861744,0.0,4.3855133,2.9326744,3.9518387,0.0,0.0,2.845518,2.9657807,0.0,0.0,3.6651795,0.0,0.0,4.4226046,0.0,0.0,0.0,0.0,0.0,0.0,4.134142,0.0,0.0,0.0,3.6439168,3.8256676,0.0,0.0,4.2172675,0.0,4.1782846,0.0,4.2583017,0.0,0.0,0.0,0.0,0.0,0.0,0.0,0.0,0.0,0.0,0.0,4.247102,3.8335001,0.0,3.6242774,0.0,0.30714774,4.315544,3.933413,0.0,3.0397224,0.0,0.0,1.4723859,1.4457624,0.0
U00585,0.0,0.1715802,0.0,0.0,0.0,0.18852994,0.0,0.0,0.0,0.6932761,1.3559978,0.0,0.0,0.0,0.0,0.0,0.14627683,1.750142,0.0,1.3073573,0.0,0.0,0.96065587,0.0,1.0738113,0.0,0.7133138,0.0,1.9682118,0.0,0.0,0.78944767,1.7773254,0.0,0.0,0.0,0.0,0.0,0.095299944,0.0,1.7817378,0.8390486,0.19155443,0.0,0.18124592,0.37440205,0.6568798,0.8171481,0.0,0.0,0.0,0.30752462,0.0,0.0,0.0,0.0,0.0,0.0,0.0,0.0,0.33425272,1.2808635,0.30311865,0.15561318
U00586,0.0,1.4042228,0.0,0.0,0.0,0.0,0.0,0.0,0.0,1.4725176,0.0,0.0,0.0,2.366536,0.8669649,0.0,0.05276084,1.9267728,0.0,0.38103843,2.60003,0.0,0.0,0.7382156,0.0,0.0,1.5086486,2.601179,0.0,0.0,0.0,0.0,0.0,0.0,1.749581,0.17297423,0.6774521,0.0,0.0,2.3303373,0.0,0.0,0.3175183,1.1727203,0.2420572,0.16745931,0.26477015,0.0,1.6239218,0.0,0.0,0.0,0.0,0.0,0.0,0.0,0.0,1.6823459,0.0,0.0,0.9970238,0.0,0.0,0.0
U00587,0.0,0.0,0.0,0.0,0.0,2.1572516,0.0,0.0,0.0,0.0,2.4202158,0.0,0.0,0.0,0.0,0.0,0.0,0.2785964,0.0,0.62695384,0.0,1.0392426,1.8099074,0.0,2.5542684,0.0,0.0,0.0,2.741012,0.0,0.0,2.0441835,2.8745842,0.0,0.0,0.0,1.2396482,0.0,0.0,0.0,1.694591,1.6816113,0.26365668,0.0,0.0,0.0,1.2042028,1.911347,0.0,0.0,0.0,1.2256284,0.0,0.0,0.25622118,0.0,0.0,0.0,0.0,0.0,0.0,0.42135596,0.0,2.2626288
U00588,0.11215085,1.195355,0.0,0.17304945,0.13421656,0.0,0.14886504,0.0,0.0,0.6676678,0.0,0.11306152,0.0,0.7184075,0.47550267,0.23983625,1.908566,0.19920874,0.017385274,0.0,1.8640761,0.0,0.0,0.7010922,0.0,0.0,0.06829381,2.6087718,0.0,0.13160007,0.15968862,0.0,0.0,0.0,1.3951225,0.0,0.13753235,0.0,0.0,1.0628119,0.0,0.0,1.1675078,1.0578294,0.23310053,0.35150218,0.0,0.0,1.322537,0.10909982,0.0,0.27724034,0.0,0.0,0.65205586,0.008575678,0.0,1.4048972,0.021478742,0.0,0.0,0.0,0.47416258,0.0
U00589,0.0,1.8902901,0.0,0.0,0.0,0.0,0.0,0.0,0.0,1.2412449,0.0,0.0,0.0,1.1741319,0.0,0.0,1.2104228,2.960133,0.0,0.876611,1.305253,0.0,0.0,0.6116554,0.0,0.0,1.4202266,1.535047,0.0,0.0,0.0,0.31719208,0.0,0.0,1.2711122,0.0,0.14573255,0.0,0.0,1.7517817,0.6407011,0.041593403,0.0,0.21515147,1.5071547,1.3017013,0.18470186,0.0,1.0624877,0.0,0.0,0.0,0.0,0.5443543,0.7885958,0.0,0.0,1.1327446,0.0,0.0,1.7982546,1.6678553,1.2761927,0.0
U00590,0.0,0.47079313,0.0,0.0,0.0,0.0,0.0,0.0,0.032059684,0.013158917,0.7404988,0.0,0.0,0.0,0.07420808,0.0,0.81581587,2.8683398,0.0,2.4947321,0.12135148,0.0,0.0,0.41215688,0.0,0.0,0.0,0.48717976,0.9605125,0.0,0.0,1.0067773,1.0996504,0.0,0.0,0.0,0.0,0.0,0.05191128,0.0,0.6447236,0.9027133,0.8342047,0.0,1.9123964,0.9062321,0.633315,1.3345201,0.0,0.0,0.0,0.12554072,0.0,0.0,1.098873,0.0,0.0,0.80659795,0.0,0.0,0.36446214,0.6046314,1.2004418,0.0
U00591,0.0,0.43167007,0.0,0.0,0.0,0.7669631,0.0,0.0,0.0,0.6699107,0.39036602,0.0,0.0,0.43753242,0.69576406,0.0,1.6093423,0.55469716,0.0,0.9609046,0.49585533,1.1826463,0.90731364,0.0,0.9641124,0.0,0.44590628,0.74724495,1.2838366,0.0,0.0,0.38713014,1.2322139,0.0,0.38643175,0.0,0.88793695,0.0,1.3189244,0.72406375,0.3964889,0.5446216,0.49603215,1.0325773,0.83833444,0.78510916,0.33863962,0.488623,0.6530457,0.0,0.0,0.76401496,0.0,0.089603454,0.7489213,0.0,0.0,0.22839546,0.0,0.14182386,0.0,0.13659377,0.15900332,0.3738463
U00592,0.0,0.0,0.0,0.0,0.0,1.35151,0.0,0.0,0.0,1.3292246,1.4567906,0.0,0.0,0.0,0.0,0.0,0.0,1.4266288,0.0,1.1200181,0.0,0.49695998,0.0,0.0,1.1094863,0.0,0.0,0.065904975,1.8978212,0.0,0.0,1.625478,1.5702686,0.0,0.38736302,0.0,1.7530446,0.0,0.0,0.61584616,0.9018863,0.5939882,0.23802611,0.39932427,0.5963069,0.0,0.7064406,0.48984817,0.8498163,0.0,0.0,1.5753164,0.0,0.0,0.02850008,0.0,0.0,0.0,0.0,0.0,0.0,0.0,0.28570658,0.83984745
U00593,0.3454149,0.0,0.29208517,0.945156,0.3713495,1.5574796,0.6715516,0.0,0.5987202,2.1904442,3.0318007,0.053550623,0.51552916,0.0,0.0,0.40457806,1.0907934,0.0,0.6749922,0.849663,0.0,2.061359,0.53457826,0.0,2.8255372,0.36648437,0.0,0.0,4.3836527,0.40135348,0.3180662,0.69744754,3.9072568,0.21092933,0.0,0.6686454,1.7723837,0.3012407,0.0,0.0,0.37145138,0.034596086,0.0,0.0,0.0,0.0,0.0,0.0,0.59581995,0.44850692,0.4268314,2.4221404,0.7265989,0.0,0.0,0.44070965,0.67246807,0.0,0.25983602,0.0,0.0,0.0,1.1518263,1.1898577
U00594,0.0,0.8733747,0.0,0.0,0.0,0.083008945,0.0,0.0,0.0,0.8605148,0.528628,0.0,0.0,1.397105,0.8463962,0.0,0.0,1.7697284,0.0,1.6478186,0.9291449,0.35675368,0.16146708,0.26568717,0.32436293,0.0,0.9625397,0.5745423,0.7625955,0.0,0.0,0.28429925,0.6792875,0.0,0.3790437,0.0,0.13968913,0.0,0.6861664,0.7979498,0.45975226,0.09903416,0.1835792,0.0,1.6821331,0.7798048,1.1083667,0.9457241,0.31694335,0.0,0.0,0.16387683,0.0,0.0,0.0,0.0,0.0,1.3443623,0.0,0.040279567,1.196286,0.47590268,0.025624096,0.036736786
U00595,0.0,1.2430905,0.0,0.07441872,0.0,0.0,0.28925902,0.1952895,0.28431112,0.7687566,0.0,0.116759986,0.41636884,1.0610425,1.9344277,0.24482033,0.33012033,0.0,0.1612229,0.0,2.0463781,0.0,0.17956287,0.8479695,0.0,0.0,2.2325504,1.1178141,0.0,0.11558851,0.033748165,0.0,0.0,0.029329866,0.9129585,0.3474807,0.0,0.0,0.8021549,1.152818,0.0,0.0,0.6721646,0.73912805,0.0,0.6924119,0.042090848,0.0,0.70959246,0.0851433,0.027932517,0.0,0.40742624,0.0,0.45202935,0.05280322,0.032853782,1.406132,0.12852427,0.0,0.9229566,0.568925,0.0,0.0
U00596,0.0,0.0,0.0,0.0,0.0,0.86090827,0.0,0.0,0.0,0.0,0.13968651,0.0,0.0,0.48116183,2.0381517,0.0,0.094760835,1.3544524,0.0,0.025463581,1.2957087,0.0,0.06759125,1.1181374,0.2815709,0.0,2.4980783,0.27949512,0.0,0.0,0.0,0.679996,0.053251043,0.0,0.94212645,0.0,0.0,0.0,0.888965,1.2173055,0.88297457,0.102110654,1.714149,1.2810705,0.0,1.1556476,1.4087913,1.1474677,0.0,0.0,0.0,0.0,0.0,0.0,0.0,0.0,0.0,1.2594944,0.0,0.0,0.40697676,0.23203349,0.0,0.0
U00597,0.034890413,0.4625327,0.0,0.0,0.0,0.80730283,0.0,0.0,0.0,1.3772463,1.2926002,0.0,0.0,0.0,0.43580586,0.0,0.7673862,0.0,0.0,1.4619778,0.0,1.4723141,0.5295487,0.0,1.1422901,0.0,0.14370573,0.45012367,1.5775099,0.0,0.0,0.057335377,1.4482694,0.0,0.013514042,0.12622523,1.1151956,0.032966554,0.0,1.2003379,0.0,0.0,0.0,0.11720969,0.52356553,0.0,0.0,0.46468374,0.93412656,0.0,0.0,0.8465936,0.0,0.0,0.0,0.039809763,0.0,0.2082535,0.0,0.0,0.0,0.16894096,0.24230602,0.17445791
U00598,0.16722143,0.8935915,0.0,0.15662569,0.0,0.23857784,0.14930987,0.0,0.1912504,1.1293874,0.21754205,0.13601367,0.011120386,0.28601974,1.1283292,0.0,1.1183982,0.0,0.0,0.26076412,1.1271616,0.78162223,0.3614543,0.26087087,0.13838184,0.25881657,1.1904742,1.0423825,0.2785234,0.25832152,0.133701,0.0,0.29995415,0.1777645,0.63047826,0.21001744,0.34861445,0.0012784302,0.4772891,1.5540318,0.0,0.0,0.0,0.8582197,0.0,0.0,0.09570718,0.051667407,0.8153945,0.08756392,0.0,0.4082621,0.2825646,0.0,0.019569635,0.14869747,0.25758982,0.5089292,0.0,0.0,0.0,0.21821885,0.0,0.0
U00599,0.0,0.7586863,0.0,0.0,0.0,0.3689279,0.0,0.0,0.0,1.0744663,0.0,0.0,0.0,0.6951059,1.5369946,0.0,1.248709,0.0,0.0,0.0,1.7365577,0.5670614,0.6101412,0.3116927,0.0,0.0,1.7332698,1.5128846,0.27186233,0.0,0.0,0.0,0.02403073,0.0,1.114378,0.0,0.2210921,0.0,2.079241,1.5202307,0.0,0.18581054,0.5587136,1.7988834,0.0,0.5960732,0.0,0.0,1.1883938,0.0,0.0,0.5179709,0.0,0.0,1.5864958,0.0,0.0,0.7156738,0.0,0.0,0.0,1.0382345,0.0,0.0
U00600,0.0,0.0,0.047645822,0.0,0.21571715,1.6184546,0.0,0.0,0.0,0.0,1.2991704,0.0,0.0,0.0,0.0,0.0,0.0,0.032091618,0.0,0.12409091,0.0,0.40170845,2.474697,0.15547945,1.7007608,0.0,0.0,0.0,0.7727308,0.016896056,0.0,2.0068715,1.4099816,0.0,0.0,0.0,0.0,0.0,0.63192785,0.0,1.8790152,1.8865023,0.9119265,0.0,0.8457785,0.18256938,3.7086082,2.6094263,0.0,0.0,0.0,0.0,0.0,0.0,1.0955843,0.0,0.0,0.0,0.0,0.0,0.38272196,0.89826715,0.0,2.165279
U00601,0.0114046335,0.0,0.0,0.25163016,0.0,1.221161,0.0,0.19263598,0.0,0.0,0.9491794,0.0,0.0,0.0,0.43006372,0.2915093,0.3164574,0.0,0.0,0.19183326,0.0,0.9530797,2.224915,0.474647,1.5168242,0.27754968,0.0,0.0,0.45017064,0.34339887,0.0,1.7778614,1.167442,0.0,0.0,0.0,0.0,0.121079534,1.6239802,0.0,1.5328026,1.6205046,0.83003664,0.0,1.4895555,0.41968948,3.0950341,2.3792124,0.0,0.27287474,0.0,0.0,0.001543209,0.0,1.3119057,0.100995004,0.30681184,0.0,0.0,0.0,0.6128423,0.3627826,0.16024032,1.2868819
U00602,0.0,1.6145153,0.0,0.0,0.0,0.05926186,0.0,0.0,0.0,1.616666,1.0218195,0.0,0.0,0.0,0.3189181,0.0,0.0,0.006422043,0.0,0.8884839,0.44214678,0.19350028,0.0,0.0,0.95303273,0.0,1.3557297,0.83612686,1.3755703,0.0,0.0,0.0,1.0193102,0.0,0.11940843,0.0,0.5009349,0.0,0.0,1.8157772,0.38639766,0.0,0.20156875,0.0,0.07423651,0.058295965,0.0,0.06581846,1.4452374,0.0,0.0,0.347166,0.0,0.0,0.0,0.0,0.0,1.1937746,0.0,0.0,0.41148046,0.0,0.00089651346,0.0
U00603,0.0,0.9038205,0.0,0.03484422,0.0,0.43990967,0.0,0.0,0.0,1.7445455,1.2794538,0.0,0.0760776,1.6665109,0.045741796,0.0,0.0,1.0461891,0.0,1.8287158,0.0,0.5398671,0.12425798,0.0,0.99952185,0.0,0.0,0.23749101,0.36527026,0.0,0.0,0.0,0.38631243,0.0,0.0,0.0,0.89763546,0.0,0.0,0.20844257,0.0,0.0,0.0,0.0,0.31372142,0.0,0.0,0.0,0.9157053,0.0,0.0,1.1181796,0.0,0.04399109,0.0,0.0,0.0,0.0,0.0,0.0,0.0,2.024322,0.95702314,1.1128998
U00604,1.2544192,1.3875916,1.7680453,0.54139835,2.1533551,0.0,1.4754564,1.7313701,1.6551957,1.7381389,0.0,2.44124,1.9804486,1.8637818,0.09877974,2.7086303,0.0,3.5053082,1.2771447,2.4756804,2.9322147,0.0,0.0,0.0,0.0,1.5079687,1.2736882,1.1978698,0.0,2.5496588,1.5232826,0.0,0.0,1.6055012,0.20939612,0.0,0.0,2.2209773,0.0,1.9537553,0.0,0.0,0.0,0.0,0.0,0.0,0.0,0.0,1.4488512,1.8068728,2.0126808,0.0,2.0087318,0.0,0.0,0.9238257,1.4726887,2.7442923,2.2610257,0.0,0.0,0.0,0.0,0.0
U00605,0.0,2.902954,0.0,0.0,0.0,0.0,0.0,0.0,0.0,2.972731,0.017124183,0.0,0.25058198,1.5908496,0.0,0.0,0.0,1.184912,0.0,0.6363746,1.7383782,0.0,0.0,0.0,0.0,0.0,3.128924,2.1821446,0.0,0.0,0.0,0.0,0.0,0.0,0.42550546,0.0,0.0,0.0,0.0,1.8349872,0.0,0.0,0.0,0.0,0.0,0.0,0.0,0.0,2.4879055,0.0,0.0,0.0,0.0,0.0,0.0,0.0,0.0,2.0484962,0.0,0.0,0.28399664,1.092661,0.0,0.0
U00606,0.0,0.0,0.0,0.0,0.0,0.96874607,0.0,0.0,0.0,0.0,1.0394121,0.0,0.0,0.5769955,0.77851427,0.0,0.23013961,0.9172745,0.0,0.18163705,0.0010824203,0.43383667,1.6387775,1.0146228,0.73975575,0.0,0.83431214,0.0,0.3640688,0.0,0.0,0.36427808,0.7968469,0.0,0.0,0.06456828,0.0,0.0,1.0560094,0.07516742,0.80878514,0.811622,1.1920631,0.34176683,0.0,0.70771,1.7480276,1.5286429,0.0,0.0,0.0,0.3129635,0.0,0.0,0.8142468,0.0,0.0,0.0,0.0,0.0,0.31442606,2.512952,0.0,0.72633505
U00607,0.27926308,0.0,0.47201237,0.3647313,0.59235305,1.2538786,0.6920404,0.0,0.25732434,1.0672429,1.4416404,0.30592388,0.22069664,0.0,0.0,0.20462424,2.5528793,0.0,0.63574183,0.61048174,0.0,2.4091005,0.4493478,0.0,1.3359146,0.0,0.0,0.0,2.621599,0.5323497,0.23998043,1.0047176,2.8597019,0.26312327,0.0,0.33416796,1.3148321,0.43402728,0.0,0.0,0.0,0.6484652,0.0,0.76652586,0.0,0.0,0.0,0.0,0.27809548,0.30467886,0.28537917,1.974453,0.24012618,0.0,0.9187964,0.16161352,0.28370777,0.0,0.09963143,0.0,0.0,0.0,1.278002,0.61343634
U00608,0.0,0.0,0.0,0.0,0.0,1.2126033,0.0,0.0,0.0,0.0,0.59804976,0.0,0.0,0.0,0.21317488,0.0,0.9529942,0.0,0.0,0.0,0.0,0.6921158,2.468665,0.63815635,1.7782819,0.0,0.0,0.0,0.44014746,0.0,0.0,1.4459019,0.99446845,0.0,0.0,0.0,0.0,0.0,2.8119028,0.0,1.3345068,1.4509579,1.3790618,0.15137288,0.74104035,0.6692088,2.3799844,1.8459641,0.0,0.0,0.0,0.0,0.0,0.0,2.4041648,0.0,0.0,0.0,0.0,0.0,0.008563936,0.79813874,0.0,1.3800254
U00609,0.0,0.0,0.0,0.0,0.0,1.0683411,0.0,0.0,0.0,0.9807087,1.4311936,0.0,0.0,0.0,0.0,0.0,2.3376703,0.4238901,0.0,1.4398658,0.0,1.1911033,0.6943769,0.101828165,0.596653,0.0,0.0,0.51555145,2.2214403,0.0,0.0,0.34973764,1.823781,0.0,0.0,0.27205598,1.322287,0.0,0.0,0.0,0.0,0.95267904,0.13349408,0.8038656,0.0,0.0,0.0,0.58921397,0.5102744,0.0,0.0,1.5623567,0.0,0.31233343,1.0446779,0.0,0.0,0.0,0.0,0.0,0.0,0.84487236,1.3869873,0.7421919
U00610,0.46981454,0.0,0.16343316,0.5242908,0.4714703,1.215181,0.7162783,0.08392578,0.4441694,1.3168408,1.6981577,0.23974003,0.29818118,0.0,0.0,0.33082005,1.4663672,0.0,0.70019585,1.2844965,0.0,1.4847679,0.47621208,0.0,1.7424572,0.28313383,0.0,0.0,3.0396218,0.18086934,0.38774687,0.96596825,2.7635033,0.21906629,0.0,0.4938346,1.4741929,0.41797206,0.0,0.0,0.28521663,0.30214357,0.0,0.4139593,0.0,0.0,0.0,0.0,0.3629828,0.27228644,0.42764044,1.7508085,0.44862688,0.0,0.0,0.50316054,0.30884764,0.0,0.20859674,0.0,0.0,0.0,0.94252133,0.77632296
U00611,0.0,0.0,0.0,0.0,0.0,1.5882744,0.0,0.0,0.0,0.2563269,1.2803154,0.0,0.0,0.0,0.84376687,0.0,1.3821883,0.11109543,0.0,0.1663537,0.0,1.3079469,1.6263793,0.0,1.7252276,0.0,0.0,0.56604874,1.6510242,0.0,0.0,0.9554802,1.6904618,0.0,0.46282148,0.0,0.94251764,0.0,1.6839854,0.0,0.70799494,1.4464259,0.102693304,1.8385899,1.3525665,0.33322096,0.0,0.0,0.35000938,0.0,0.0,1.1596717,0.0,0.0,0.9309691,0.0,0.0,0.0,0.0,0.0,0.0,0.86654174,0.0,1.2893276
U00612,0.25512758,0.0,0.006845057,0.0,0.0,1.2551787,0.06416768,0.0,0.0,0.0,1.003141,0.0,0.0,0.0,0.0,0.0,1.4710307,0.0,0.32708094,0.0,0.0,1.381032,1.7379968,0.0,1.6378899,0.0,0.0,0.0,1.1341912,0.0,0.10384765,1.7665789,1.3660017,0.0,0.0,0.018538117,1.0215727,0.1737166,1.133749,0.0,0.59151185,1.5270702,0.60057425,0.7661078,1.1767849,0.26665038,0.9777235,1.6309692,0.0,0.0,0.035786852,0.4810836,0.0,0.0,1.754109,0.109924436,0.021333963,0.0,0.0,0.0,0.0,0.0,0.63567466,1.4473047
U00613,0.0,0.036468387,0.0,0.0,0.0,0.36913553,0.0,0.0,0.0,0.0,0.0,0.0,0.0,0.96634847,2.0729375,0.0,0.54035586,0.0,0.0,0.0,1.0735965,0.4062186,1.5519414,1.591097,0.0,0.0,1.2570344,0.79220957,0.0,0.0,0.0,0.0,0.0,0.0,0.8795908,0.1338191,0.0,0.0,3.0656967,0.0,0.21723756,1.3294761,1.1987318,0.8776086,0.0,0.7002099,1.7873801,0.5268321,0.0,0.0,0.0,0.0,0.0,0.11898062,2.3375983,0.0,0.0,0.0,0.0,0.0,0.0,1.9196895,0.0,0.84086895
U00614,0.0,0.0,0.0,0.0,0.0,1.2797356,0.0,0.0,0.0,0.0,0.766055,0.0,0.0,0.5353525,1.7677046,0.0,1.5219902,0.0,0.0,0.20700312,0.48980904,1.2892144,1.6012974,0.99821776,0.72977054,0.03820744,0.0,0.084017634,0.0,0.0,0.0,0.7873589,0.5634453,0.0,0.63841724,0.0,0.64869535,0.0,1.0455347,0.37427688,0.32835823,0.9960238,0.89101267,0.70934534,0.61040384,0.27430964,1.9578136,1.7064418,0.0,0.0,0.0,0.32587242,0.0,0.054026246,0.2790842,0.0,0.0,0.13948667,0.0,0.0,0.35928917,0.29437298,0.0,0.7187798
U00615,5.875513,0.0,6.2401776,4.083675,7.0492716,0.0,6.514284,5.9558215,6.3841915,0.0,0.0,6.740751,5.835384,0.0,0.0,7.130109,0.0,0.0,5.758448,0.0,0.044253707,0.0,0.0,0.0,0.0,6.052995,0.0,0.0,0.0,7.0973167,6.841746,0.0,0.0,6.8192525,0.0,0.0,0.0,6.5316105,0.0,0.0,0.0,0.0,0.0,0.0,0.0,0.0,0.0,0.0,0.0,6.052278,6.0706387,0.0,6.4798093,0.0,0.0,6.038186,6.6087065,0.0,6.932456,0.0,0.0,0.0,0.0,0.0
U00616,0.0,0.0,0.0,0.0,0.0,1.4474685,0.0,0.0,0.0,0.31894517,1.295608,0.0,0.0,0.0,0.0,0.0,2.150539,0.0,0.0,0.0,0.0,2.3079345,1.873014,0.0,1.8815703,0.0,0.0,0.0,2.4492133,0.0,0.0,1.351205,2.2328782,0.0,0.0,0.0,1.0891043,0.0,1.8454288,0.0,0.006179154,1.2240902,0.0,0.7398194,0.36228192,0.0,0.0,0.0,0.0,0.0,0.0,1.7758319,0.0,0.0,1.6826164,0.0,0.0,0.0,0.0,0.0,0.0,0.0,1.2257094,1.1364133
U00617,0.0,0.018074632,0.0,0.0,0.0,0.87098897,0.0,0.0,0.0,0.7461974,0.81311226,0.0,0.0,0.14446878,0.9888411,0.0,1.0937264,1.152302,0.0,0.5448165,1.0314121,0.83499885,0.27638906,0.6664589,0.4544338,0.0,0.78423256,0.85022295,0.8164866,0.0,0.0,0.54485583,0.9847563,0.0,0.27589136,0.0,0.88087475,0.0,0.6726543,0.61666286,0.30927992,0.57532,0.93141985,1.1065203,0.0,0.45645815,1.103286,1.0468358,0.39328802,0.0,0.0,0.8098898,0.0,0.0,0.7495848,0.0,0.0,0.017418504,0.0,0.04475686,0.0,1.6702188,0.0,0.40217268
U00618,0.3426733,1.6191921,0.1658361,0.3971873,0.44322062,0.0,0.21892315,0.17518535,0.6948446,1.194515,0.0,0.50569457,0.3932376,1.6357061,1.7368087,0.4584859,0.0,0.20617199,0.47913232,0.0,3.0304766,0.0,0.0,0.55974716,0.0,0.1623271,2.2576027,2.282884,0.0,0.23808447,0.1680587,0.0,0.0,0.18125772,1.5568154,0.25487936,0.0,0.26463956,0.56960464,1.607201,0.0,0.0,0.06199117,1.055869,0.0,0.21091211,0.0,0.0,1.252816,0.67073905,0.22508492,0.0,0.62992066,0.0,0.5462973,0.31226447,0.5950081,1.6090302,0.6889511,0.0,0.8190539,0.0,0.0,0.0
U00619,0.0,0.0,0.0,0.0,0.0,0.8668331,0.0,0.0,0.0,0.0,0.08121605,0.0,0.0,0.6730519,1.4544929,0.0,1.5637554,0.7141514,0.0,0.0,0.36231542,0.046381205,0.5322345,0.6972172,0.36733758,0.0,0.0,0.09284055,0.0,0.0,0.0,1.6273389,0.59562814,0.0,0.26484072,0.0,1.5751851,0.0,1.5368793,0.0,0.20415092,1.0395125,1.6700406,1.5950706,0.0,0.41996437,2.009183,1.7543935,0.0,0.0,0.0,0.79727817,0.0,0.2581245,3.2791367,0.0,0.0,0.0,0.0,0.0,0.0,2.176268,0.44984373,2.246406
U00620,0.0,0.0,0.034050062,0.0,0.0,1.050493,0.0,0.0,0.0,0.0,0.34317786,0.0,0.0,0.58685136,1.113173,0.040869355,1.2407788,0.0,0.0,0.0,0.0,1.6639664,2.5795918,1.230144,0.8396654,0.0,0.0,0.0,0.0,0.0,0.0,1.0388122,0.462245,0.0,0.0,0.0,0.0,0.0,2.9539032,0.0,0.69611067,1.5933826,1.1372577,0.45831907,0.70908535,0.6867571,2.5866714,1.3258505,0.0,0.0,0.0,0.0,0.0,0.0,2.465704,0.0,0.0,0.0,0.0,0.0,0.14043713,2.001965,0.145212,0.90358245
U00621,0.0,1.3733357,0.0,0.0,0.0,0.0,0.0,0.0,0.0,2.562994,1.1327924,0.0,0.0,0.76771724,0.0,0.0,0.0,1.643588,0.0,1.4938453,0.41032708,0.14998683,0.0,0.0,0.84000516,0.0,1.4308921,0.61084825,1.7357304,0.0,0.0,0.0,0.9665147,0.0,0.0,0.0,0.19768229,0.0,0.0,1.09256,0.0,0.0,0.0,0.0,0.101882696,0.0,0.0,0.0,1.3177912,0.0,0.0,0.7177391,0.0,0.0,0.0,0.0,0.0,0.7074554,0.0,0.0,0.13784039,1.1468824,0.0,0.0
U00622,0.0,1.6427045,0.0,0.038004458,0.07244761,0.0,0.020213664,0.39354974,0.5638082,1.8566833,0.0,0.021270804,0.3885355,1.7711561,1.7469517,0.18285182,0.0,0.0,0.0,0.0,2.3124385,0.0,0.11774707,0.047994915,0.0,0.0,2.536664,1.4481041,0.0,0.0,0.008387327,0.0,0.0,0.054080516,0.5451171,0.0,0.0,0.0,1.8482221,1.0795811,0.0,0.0,0.0,0.02193442,0.0,0.0,0.0,0.0,1.2884088,0.28648153,0.0,0.0,0.0,0.0,0.775972,0.0,0.06481491,1.4586618,0.5204892,0.0,0.52601707,0.8471991,0.0,0.0
U00623,0.29080433,1.6790435,0.14821202,0.055226803,0.0,0.0,0.096576095,0.0,0.0,1.885527,0.0,0.0,0.1830939,1.7836237,0.41243744,0.29996547,0.0,2.9857152,0.03789711,2.9133248,1.6657808,0.0,0.0,0.0,0.0,0.21617538,1.3242484,2.0537806,0.41319764,0.0,0.15047264,0.0,0.0,0.2559979,1.2346492,1.1854964,0.16099352,0.16707894,0.0,2.1212254,0.0,0.0,0.0,0.0,1.9053347,0.38061017,0.0,0.0,1.8186135,0.113665074,0.24220455,0.0,0.0,0.0,0.0,0.13289878,0.0,1.4871973,0.0,0.08104412,1.0667282,0.0,0.7288072,0.0
U00624,0.23595494,0.0,0.0,0.09030342,0.0,1.1027117,0.015798688,0.28863186,0.23835415,0.0,0.41436908,0.23468189,0.01923173,1.1414968,1.3273324,0.08583954,1.4876199,0.20572019,0.0546633,1.1698633,0.36063397,0.9082232,1.4279461,0.5098168,0.7310804,0.23295148,0.0,0.0,0.0,0.2562524,0.012665987,0.9144157,0.38599852,0.0,0.5948262,0.050714612,0.3296304,0.17539078,0.8143021,0.15351224,0.43438363,0.72352827,0.5793719,0.3181018,1.8092446,0.47015452,1.9478422,1.638747,0.0,0.28627288,0.14497325,0.0,0.07787814,0.0,0.15477169,0.14205277,0.025392503,0.52968854,0.0,0.0,0.5105808,0.0,0.0,0.58877254
U00625,0.0,0.0,0.0,0.0,0.0,1.598811,0.0,0.0,0.0,0.17906654,0.68222094,0.0,0.0,0.590066,0.54195297,0.0,2.1221924,0.0,0.0,0.0,0.38804555,1.544534,1.4605258,0.7948363,1.0743717,0.0,0.0,0.30866456,0.92794067,0.0,0.0,1.0445002,0.7819945,0.0,0.7071986,0.0,1.1982435,0.0,1.5855654,0.47701693,0.016285166,0.91474867,0.5028616,1.1691554,0.31529045,0.11145389,1.2068574,0.8283175,0.24317741,0.0,0.0,1.2263811,0.0,0.42313507,1.5620109,0.0,0.0,0.0,0.0,0.11766087,0.0,0.14732149,0.24890196,0.8970877
U00626,0.0,0.9888065,0.0,0.0,0.0,0.21059927,0.0,0.0,0.0,0.5581432,0.0,0.0,0.0,1.531276,2.4618382,0.0,1.2698985,0.0,0.0,0.0,1.1683106,0.2114174,1.5146818,1.2498304,0.5190271,0.0,2.0421343,0.5355433,0.0,0.0,0.0,0.0,0.0,0.0,1.056883,0.0,0.05265434,0.0,1.9591815,0.19709373,0.0,0.06159544,0.69611716,0.9566003,0.0,0.76527464,0.14856935,0.0,0.7220655,0.0,0.0,0.28371754,0.0,0.19529238,1.3702365,0.0,0.0,0.07172501,0.0,0.19440691,0.21606845,1.471799,0.0,0.46976173
U00627,0.0,0.7555909,0.0,0.0,0.0,0.5069649,0.0,0.0,0.0,0.47321105,0.21863902,0.0,0.0,0.831817,1.4531766,0.0,1.7628939,0.0,0.0,0.06847024,1.1047862,0.98832154,0.96548384,0.939334,0.3632511,0.0,1.0341909,0.91367215,0.30335164,0.0,0.0,0.0031825304,0.37427968,0.0,0.8619298,0.004907012,0.42002591,0.0,1.2346723,1.0876379,0.0,0.12678066,0.93303967,1.2611897,0.12215793,0.6835959,0.87898254,0.53096235,0.5969801,0.0,0.0,0.45701104,0.0,0.008555412,0.9822792,0.0,0.0,0.65868497,0.0,0.08808129,0.17353809,0.86420727,0.0,0.0
U00628,0.0,1.2227455,0.0,0.0,0.0,0.0,0.0,0.0,0.0,0.58900684,0.0,0.0,0.0,1.0386432,1.4892766,0.0,1.4447322,1.9794121,0.0,1.9302039,1.7572327,0.0,0.0,0.7472665,0.0,0.0,0.18585193,1.5696024,0.0,0.0,0.0,0.0,0.0,0.0,0.85261405,0.0,0.0,0.0,0.11890292,0.4674915,0.0,0.0,0.71844393,0.023864716,0.72828704,0.5757953,0.0,0.10819399,0.78387904,0.0,0.0,0.20426734,0.0,0.0,0.52537656,0.0,0.0,1.2538359,0.0,0.0,0.0,0.28558737,0.31573144,0.0
U00629,0.14773142,1.5949277,0.17287365,0.0,0.19468115,0.0,0.0,0.23095283,0.3480085,2.1340716,0.0,0.64648396,0.84889984,0.47165823,0.5033406,0.38823098,0.0,0.24160647,0.20759746,0.2678182,1.8560872,0.0,0.0,0.0,0.0,0.36002824,2.4019673,1.2860615,0.0,0.21455434,0.267405,0.0,0.0,0.27899182,0.81830335,0.0,0.0,0.35237053,0.0,2.1249537,0.0,0.0,0.0,0.0,0.0,0.0,0.0,0.0,1.6439005,0.1591517,0.35235852,0.0,0.2077511,0.0,0.0,0.0026880503,0.41446117,1.7696939,0.231785,0.0,0.0,0.0,0.0,0.0
U00630,0.0,0.65629154,0.0,0.0,0.0,0.46934637,0.0,0.0,0.0,1.0883567,1.1709734,0.0,0.0,0.0,0.0,0.0,1.1745576,0.0,0.0,0.0,0.0,1.3116128,1.0864508,0.0,1.1569856,0.0,0.37038672,0.111612916,2.1596541,0.0,0.0,0.20846063,2.1809173,0.0,0.0,0.0,0.17401981,0.0,1.5230179,0.7499205,0.5820546,0.369569,0.0,0.0,0.46447432,0.1425885,0.0,0.0,0.43968958,0.0,0.0,1.0348997,0.0,0.0,1.2344996,0.0,0.0,0.43797773,0.0,0.0,0.0,0.2276381,0.0,0.13718021
U00631,0.0,0.0,0.0,0.0,0.0,0.93344915,0.0,0.0,0.0,0.0,0.64506936,0.0,0.0,0.018701792,0.57101285,0.0,0.56855613,1.607377,0.0,0.6724391,0.3287474,0.74292123,0.80615085,0.0,1.0781347,0.0,0.3925147,0.1267829,1.35562,0.0,0.0,0.7251873,1.9470952,0.0,0.0,0.0,0.0,0.0,1.36476,0.0,1.0983255,0.79761183,0.74109167,0.9120446,0.30448925,0.6405225,1.2232237,1.1834975,0.0,0.0,0.0,0.093228176,0.0,0.0,1.2759281,0.0,0.0,0.57432884,0.0,0.0,0.0,1.1656938,0.0,0.43736887
U00632,5.9854317,0.0,6.304696,4.331848,7.1158543,0.0,6.6035137,6.007281,6.515296,0.0,0.0,6.7758894,5.9072137,0.0,0.0,7.2281466,0.0,0.0,5.9286184,0.0,0.0,0.0,0.0,0.0,0.0,6.1448812,0.0,0.0,0.0,7.1716223,6.9299784,0.0,0.0,6.940045,0.0,0.0,0.0,6.641492,0.0,0.0,0.0,0.0,0.0,0.0,0.0,0.0,0.0,0.0,0.0,6.2137694,6.221292,0.0,6.5886364,0.0,0.0,6.1799946,6.7076383,0.0,7.0555005,0.0,0.0,0.0,0.0,0.0
U00633,0.07977593,0.0,0.11465511,0.22051728,0.0,0.97532296,0.16334552,0.0,0.02399952,0.07317042,0.76442564,0.08744501,0.0,0.0,0.0,0.0,2.6034708,0.0,0.0,0.0,0.0,1.741766,1.3693867,0.0,1.3380105,0.10170218,0.0,0.0,1.5751599,0.0032687546,0.17606482,0.8357904,1.5687939,0.030498207,0.0,0.3475958,0.64810276,0.0,1.4396554,0.23024762,0.11011833,0.49957132,0.0,0.85064745,0.40011787,0.11345875,0.06876029,0.50342464,0.0,0.062754154,0.012323448,1.0895776,0.08988602,0.0,1.7050074,0.0059675574,0.21249744,0.0,0.0,0.0,0.0,0.0,0.8751761,0.3868277
U00634,0.0,0.0,0.0,0.0,0.0,1.0921781,0.0,0.0,0.0,0.0,0.09317909,0.0,0.0,0.592431,0.7222123,0.0,1.5788192,0.2981677,0.0,0.0,0.71470684,1.1063305,0.8230631,0.0,0.71887684,0.0,0.0,0.2113651,1.0447599,0.0,0.0,1.0592983,1.0910767,0.0,0.71098757,0.0,0.5099791,0.0,1.3546443,0.0,0.25445098,0.8698219,0.5704181,1.6703031,0.70607173,0.5789267,0.57965976,0.06203954,0.0,0.0,0.0,0.8951241,0.0,0.0,1.3979186,0.0,0.0,0.20193648,0.0,0.0,0.0,0.0,0.0,0.7476579
U00635,0.0,0.0,0.0,0.0,0.0,1.0080578,0.0,0.0,0.0,0.0,0.5628511,0.0,0.0,0.2736051,0.90591776,0.0,0.09717846,1.225734,0.0,1.2422009,0.0,0.037291765,1.2117398,0.4427696,1.0656557,0.0,0.31527913,0.0,0.48029414,0.0,0.0,1.2190131,1.0546606,0.0,0.3965727,0.0,0.0,0.0,0.27853882,0.0,1.5295017,0.9095515,1.2973987,0.07172796,1.1603758,1.2214261,1.9939278,1.751682,0.0,0.0,0.0,0.0,0.0,0.0026752055,0.11237538,0.0,0.0,0.55708873,0.0,0.0,0.7020289,0.4268977,0.0,0.7124479
U00636,0.0,1.1840645,0.0,0.07538223,0.0,0.45376566,0.0,0.0,0.0,1.3577363,0.71021307,0.0,0.0,1.3706858,0.4459278,0.0,0.9041145,0.5856912,0.0,1.3542818,0.40393722,0.6908088,0.4227062,0.2442207,0.71218216,0.0,0.6045605,0.41593635,0.2677133,0.0,0.0,0.0,0.25858688,0.0,0.3744638,0.0,0.61051846,0.0,0.10262003,1.0057094,0.0,0.0,0.0,0.2538177,0.99507487,0.23401558,0.0,0.0,1.023639,0.0,0.0,0.70299757,0.0,0.10357794,0.0,0.0,0.0,0.29701686,0.0,0.0,0.14374512,0.85816514,0.72129565,0.26252592
U00637,0.0,0.0,0.0,0.0,0.25069213,0.95053864,0.0,0.0,0.030651309,0.10310018,1.6290134,0.0,0.0,0.0,0.0,0.0,0.0,2.0662377,0.0,1.3140844,0.0,0.24153426,0.0,0.0,1.5987973,0.0,0.0,0.0,2.4429789,0.0878478,0.0,1.6693132,2.6624024,0.0,0.0,0.0,0.4580645,0.0,0.0,0.0,1.5945148,1.1861554,0.098147124,0.0,0.13057315,0.0,1.065824,1.4090594,0.0,0.0,0.0,0.1879214,0.0,0.0,0.0,0.0,0.0,0.35344583,0.0,0.0,0.0,0.0,0.0,0.8976662
U00638,0.0,0.7408041,0.0,0.038692594,0.0,1.1987281,0.0,0.0,0.0,1.8587319,1.5003334,0.0,0.0,0.0,0.0,0.0,0.957587,0.3951838,0.0,0.9160799,0.0,1.0659719,0.009805977,0.021522835,1.0754972,0.0,0.8132581,0.9411341,1.2732463,0.0,0.0,0.0,1.1082278,0.0,0.01639086,0.2791794,1.5386345,0.0,0.0,0.9475204,0.0,0.0,0.0,0.85394967,0.0,0.0,0.0,0.0,1.2465804,0.0,0.0,1.6068637,0.0,0.03282863,0.0,0.0,0.0,0.0,0.0,0.0,0.0,1.4078988,0.48760164,0.36859655
U00639,0.0,0.0,0.0,0.0,0.0,1.0437405,0.0,0.0,0.0,0.0,0.0,0.022202559,0.0,1.1627156,0.99438614,0.0,2.329421,0.0,0.0,0.0,1.0738255,0.305942,0.44102508,1.180718,0.0,0.0,0.0,1.14223,0.0,0.0,0.0,1.4341025,0.0,0.0,1.499255,0.0,0.7138667,0.0,0.8885839,0.0,0.0,1.2229201,1.9685997,2.2256079,0.0,1.1076883,0.71869767,0.34370708,0.1515925,0.0,0.0,0.7523736,0.0,0.24240062,2.9966006,0.0,0.0,0.013560295,0.0,0.0,0.0,1.0099782,0.5043422,0.6602173
U00640,0.0,1.8864206,0.0,0.0,0.0,0.0,0.0,0.0,0.0,1.2548406,0.0,0.0,0.0,0.23792446,1.0315697,0.0,0.31155574,0.77585673,0.0,0.0,1.2384443,0.0,0.38514978,0.8939829,0.0,0.0,2.6219008,1.4464056,0.35180676,0.0,0.0,0.0,0.026438415,0.0,0.0,0.0,0.0,0.0,1.7751038,0.70959175,0.0,0.0,0.8499161,0.0,0.0,0.22627789,0.0,0.49008033,0.9733999,0.0,0.0,0.13361166,0.0,0.0,1.7845362,0.0,0.0,1.3561741,0.0,0.0,0.636752,3.538203,0.0,0.0
U00641,0.0,1.807661,0.0,0.0,0.0,0.54364145,0.0,0.0,0.0,2.2806044,0.74031544,0.0,0.0,1.2084184,0.0,0.0,0.0,1.5377715,0.0,0.6764041,1.290401,0.11887044,0.0,0.057903536,0.20749259,0.0,2.0167723,1.8744316,0.84077317,0.0,0.0,0.0,0.0,0.0,1.4702449,0.0,1.0788944,0.0,0.0,2.247092,0.0,0.0,0.0,0.14380956,0.8788469,0.0,0.0,0.0,2.1747346,0.0,0.0,0.96049726,0.0,0.24643007,0.0,0.0,0.0,0.9905429,0.0,0.33260044,0.6000682,0.32814246,0.05144018,0.0
U00642,0.0,1.3628927,0.0,0.0,0.0,0.0041858405,0.0,0.0,0.0,1.950514,0.52335286,0.0,0.0,0.23933804,0.48280573,0.0,0.78659177,0.3901043,0.0,0.67600596,0.9791717,0.49411637,0.0,0.038786083,0.25963044,0.0,1.2813115,1.0276849,1.1028882,0.0,0.0,0.0,0.84422624,0.0,0.21896535,0.0,0.6878201,0.0,0.5236087,1.3483646,0.0,0.0,0.0,0.2966659,0.0,0.0,0.0,0.0,1.1254114,0.0,0.0,0.75368154,0.0,0.0,0.5229784,0.0,0.0,0.61630565,0.0,0.0,0.03897494,1.0503441,0.0,0.0
U00643,0.0,1.9525487,0.0,0.0,0.077160165,0.0,0.0,0.0,0.0,1.5250826,0.0,0.0,0.06808786,2.3666966,1.0017093,0.0,0.0,1.4839871,0.0,0.4353342,2.5996184,0.0,0.0,0.3101321,0.0,0.0,1.6501946,2.2314286,0.0,0.0,0.0,0.0,0.0,0.0,1.7679319,0.0,0.52501273,0.0,0.0,2.0620527,0.0,0.0,0.0,0.46713737,0.50787425,0.0,0.0,0.0,1.5992142,0.28975314,0.0,0.0,0.0,0.0,0.0,0.0,0.0,2.0823445,0.0,0.0,1.0852809,0.0,0.0,0.0
U00644,0.0,1.4929836,0.0,0.0,0.0,0.28477928,0.0,0.0,0.0,1.2407067,0.68033075,0.0,0.0,0.96558034,0.76465464,0.0,0.0,1.670514,0.0,1.3490636,0.9687212,0.4006995,0.28597653,0.12854366,0.6441816,0.0,1.4434288,0.48997104,0.9622792,0.0,0.0,0.0,0.6973172,0.0,0.40489554,0.0,0.09963526,0.0,0.841257,1.3836222,0.2777346,0.0,0.3111994,0.0,1.062215,0.6857514,0.5346209,0.2880188,0.8647497,0.0,0.0,0.16775653,0.0,0.0,0.0,0.0,0.0,1.2056403,0.0,0.088579446,0.9295061,0.34129575,0.064017475,0.0
U00645,0.0,0.44822633,0.0,0.0,0.0,0.4386336,0.0,0.0,0.0,0.6429172,0.0,0.0,0.0,3.0391207,1.632921,0.0,0.0,1.7344583,0.0,0.0,3.089485,0.0,0.0,1.3119618,0.0,0.0,1.8050863,2.1369185,0.0,0.0,0.0,0.44822896,0.0,0.0,2.7406917,0.0,0.2881914,0.0,0.5944805,2.0563138,0.0,0.13917166,1.1396009,1.891618,0.0,0.61082226,1.2237227,0.0,1.432721,0.0,0.0,0.08233903,0.0,0.47525802,1.0110525,0.0,0.0,0.39315802,0.0,0.5790371,0.5613786,0.0,0.0,0.20705736
U00646,0.29301628,1.5524156,0.14782411,0.08486229,0.0,0.0,0.13608813,0.0,0.0,1.5660372,0.0,0.0,0.06929117,1.6637027,0.96588904,0.33554643,0.0,2.7655592,0.12258187,2.7575045,1.9685875,0.0,0.0,0.0,0.0,0.21214332,1.3287996,2.074935,0.23601013,0.0,0.129549,0.0,0.0,0.28963432,1.3235819,1.15971,0.04228738,0.13588715,0.0,2.1149578,0.0,0.0,0.0,0.0,1.8938669,0.6811372,0.0,0.0,1.6920445,0.11623037,0.120635204,0.0,0.0,0.0,0.0,0.15621868,0.0,1.5725818,0.0,0.1612023,1.1201854,0.0,0.603767,0.0
U00647,0.0,0.0,0.0,0.0,0.0,0.83991015,0.0,0.0,0.0,0.714629,0.28841975,0.0,0.0,1.1956415,0.9772613,0.0,0.006383419,2.119554,0.0,0.39734626,1.9454807,0.25793684,0.0,0.6830782,0.0,0.0,1.3043436,1.1158978,0.58909667,0.0,0.0,0.7683308,0.24047926,0.0,1.1591061,0.0,0.47232103,0.0,0.3789232,1.5181521,0.39746433,0.5669063,1.0909717,1.0529938,0.0,0.46170348,1.5451806,0.6075858,0.6623667,0.0,0.0,0.33503047,0.0,0.0,0.0,0.0,0.0,0.8335574,0.0,0.030280184,0.33157605,0.0,0.0,0.0
U00648,0.0,1.9404409,0.0,0.0,0.0,0.10112943,0.0,0.0,0.0,1.3831457,0.5163803,0.0,0.0,0.0,0.6111421,0.0,0.8566253,0.0,0.0,0.045672655,0.0,0.4026088,0.8167129,0.0,0.85493016,0.0,1.9719393,0.33126235,0.651778,0.0,0.0,0.0,1.11484,0.0,0.0,0.0,0.0,0.0,1.0102488,1.180085,0.3849722,0.0,0.4036689,0.5137001,0.0,0.0,0.18667173,0.0,0.8643445,0.0,0.0,0.52257514,0.0,0.0,0.8409263,0.0,0.0,0.006011009,0.0,0.0,0.0,1.7864561,0.0,0.0
U00649,0.0,1.0046699,0.0,0.0,0.7401679,0.0,0.0,0.0,0.145871,0.0,0.0,0.61005676,0.0,0.0,0.77542055,0.0,2.1196651,0.0,0.0,0.0,0.4876293,0.0,1.5372372,0.95467305,0.0,0.0,1.1753201,1.0005426,0.0,0.019585641,0.0,0.304345,0.0,0.0,0.44325197,0.0,0.0,0.0,1.2707665,0.09118593,0.41140616,0.6387467,0.41840515,1.4602609,0.0,1.3845363,0.0,0.0,0.478171,0.0,0.0,0.0,0.3053269,0.0,2.886714,0.14542675,0.25909936,0.0,0.46397924,0.0,0.5864495,2.86932,0.17541066,0.0
U00650,0.0,1.8374782,0.0,0.0,0.0,0.0,0.0,0.0,0.0,2.804067,1.2334174,0.0,0.0,0.0,0.0,0.0,0.0,0.6859896,0.0,1.1104608,0.37727833,0.52297235,0.0,0.0,0.79599166,0.0,1.5450416,1.0153315,1.8628349,0.0,0.0,0.0,1.3945119,0.0,0.0,0.0,0.5756677,0.0,0.0,1.8590993,0.0,0.0,0.0,0.0,0.0,0.0,0.0,0.0,1.9649105,0.0,0.0,0.8456825,0.0,0.0,0.0,0.0,0.0,0.8857573,0.0,0.0,0.0,0.8550571,0.0,0.0
U00651,0.0,2.4102962,0.18983257,0.0,0.0,0.0,0.11847466,0.18498307,0.0,1.1282854,0.0,0.18551576,0.37705767,1.0159098,1.8466883,0.045776606,0.0,0.86528754,0.0,0.29658222,2.126518,0.0,0.0,0.18915594,0.0,0.0,3.082193,1.8648529,0.0,0.0,0.0,0.0,0.0,0.0,0.67320025,0.0,0.0,0.0,0.8954582,0.8929118,0.0,0.0,0.051853955,0.7077521,0.0,0.06854439,0.0,0.0,1.40043,0.0,0.0,0.0,0.0,0.0,0.0,0.0,0.0,1.846469,0.062342137,0.0,0.7898255,0.0,0.0,0.0
U00652,0.39839736,0.7321643,0.4662178,0.44640613,0.1058528,0.0,0.4991464,0.37102482,0.85728186,0.0,0.0,0.37695545,0.71368957,2.3467176,2.8988013,0.54022926,0.0,0.6134553,0.2871153,0.20965815,2.8859258,0.0,0.0,1.0653126,0.0,0.41809738,1.4640896,1.4391443,0.0,0.52691984,0.37890464,0.0,0.0,0.23319879,1.9554739,1.3156023,0.0,0.120842665,1.7544917,1.524107,0.0,0.0,0.5493835,0.5797174,1.0053906,1.4134771,0.0,0.0,0.67492723,0.46781135,0.6549748,0.0,0.8415418,0.0,0.0,0.31489068,0.41808012,1.6406126,0.20144847,0.11504708,1.2974474,0.0,0.0,0.0
U00653,0.0,0.9930498,0.0,0.0,0.0,0.26331243,0.0,0.0,0.0,1.2839818,0.0967381,0.0,0.0,0.0,0.19918162,0.0,1.6240671,1.3627942,0.0,1.5399375,0.9934416,0.4451038,0.0,0.662218,0.0,0.0,0.6676688,2.2870822,0.9823201,0.0,0.0,0.0,0.64932674,0.0,0.6851186,0.0,0.53205633,0.0,0.0,0.8327757,0.0,0.0,0.69152296,0.8129406,0.0,0.0,0.0,0.15980572,1.5307279,0.0,0.0,0.9105083,0.0,0.16426042,0.40634704,0.0,0.0,0.56705517,0.0,0.0,0.0,0.8955903,0.0671224,0.0
U00654,0.0,0.0,0.0,0.0,0.0,1.4468899,0.0,0.0,0.0,0.7673793,1.7966132,0.0,0.0,0.0,0.0,0.0,0.67276603,1.6060085,0.0,1.467212,0.0,1.3487935,0.63890237,0.0,0.99152446,0.0,0.0,0.0,2.412757,0.0,0.0,1.2281684,2.0376883,0.0,0.0,0.0,1.29686,0.0,0.0,0.0,0.51552445,1.2656534,0.20683917,0.016931623,0.0,0.0,0.0,0.5551822,0.14135778,0.0,0.0,1.4469639,0.0,0.16592526,0.8812655,0.0,0.0,0.0,0.0,0.0,0.0,0.4085318,1.1513553,1.1264901
U00655,0.15336877,0.44247115,0.0,0.5326425,0.61902463,0.0,0.06935501,0.27578592,0.09136782,0.19703972,0.0,0.0,0.0,1.4676927,1.2092892,0.0,0.108572304,0.0,0.08000827,0.0,1.1647837,0.0,0.36190504,1.2427837,0.0,0.20229493,1.5731208,1.6574426,0.0,0.0,0.014969781,0.0,0.0,0.0,1.3669443,0.7536321,0.030540198,0.4618738,1.7799505,0.0,0.0,0.4121315,0.8008548,1.6349666,0.0,0.1758591,0.5927319,0.0,0.51277363,0.15444209,0.0,0.0,0.66334695,0.0,2.259119,0.16852263,0.23439127,0.0,0.30195457,0.0,0.0,2.2083213,0.2444115,0.0
U00656,0.0,1.4376369,0.0,0.0,0.0,0.0,0.0,0.0,0.0,0.46915925,0.0,0.0,0.0,0.5592896,2.2397175,0.0,0.47815377,0.7340046,0.0,0.13250732,1.6983814,0.0,0.68701977,0.8738271,0.0,0.0,3.187291,0.811297,0.0,0.0,0.0,0.0,0.0,0.0,1.0123546,0.0,0.0,0.0,1.7340795,1.5518472,0.8564506,0.0,1.1154523,0.6921187,0.0,1.2303703,1.0020357,0.69663954,0.53494084,0.0,0.0,0.0,0.0,0.121774316,0.28905845,0.0,0.0,1.2591774,0.0,0.15150619,0.6414916,0.056679014,0.0,0.0
U00657,1.1274848,0.98301446,1.0259912,1.212131,0.5041554,0.0,1.3376336,0.86889243,1.1108898,1.0087519,0.0,0.5065326,0.75682837,1.6222694,1.1440834,1.1108787,0.0,2.0408034,1.090723,1.9523652,1.7302623,0.0,0.0,0.004109308,0.0,0.91902256,1.25615,1.4822938,0.0,0.8357801,0.90562904,0.0,0.0,1.1374769,1.067563,1.914052,0.0,1.0309496,0.0,1.4986511,0.0,0.0,0.0,0.0,1.0552533,0.65324545,0.0,0.0,1.0995306,1.0393624,0.9705448,0.0,0.85732496,0.0,0.0,1.1622547,0.95043296,1.1703184,0.5604567,0.0,0.9163574,0.0,0.3461394,0.0
U00658,0.83503705,0.0,2.027324,0.56287915,1.3420134,0.0,0.8591782,0.3858309,1.2146347,0.0,0.12432973,0.5562659,0.5356799,0.0,0.0,0.0,0.0,0.5374528,0.55544204,0.0,0.0,0.0,2.4839766,0.0,0.8271649,0.9108006,0.0,0.0,0.0,2.039185,0.09370883,2.3892698,1.1508297,0.8195875,0.0,0.0,0.0,1.2718556,0.14907634,0.0,4.0648994,2.4831517,1.8215308,0.0,0.47497916,1.7234886,4.9414773,3.6380897,0.0,0.75990057,0.84480274,0.0,0.617363,0.0,2.6598592,0.50830084,0.5450215,0.0,0.0,0.0,1.5310065,1.6493893,0.8657928,1.0703633
U00659,0.25826102,0.0,0.77779186,0.72652566,0.12911825,1.227083,0.26074362,0.0,0.33844805,0.0,0.13086067,0.47619367,0.0,0.0,0.6117663,0.1636959,3.1064982,0.0,0.3188579,0.0,0.0,2.0326931,1.9085743,0.08603423,0.6235436,0.21988015,0.0,0.5382235,0.29638267,0.56789315,0.45419163,0.91101825,0.52885115,0.35889578,0.2911874,0.53411585,0.4043299,0.4360097,2.2003436,0.0,0.0,0.4570316,0.2715763,1.9708812,0.0,0.27279276,0.0,0.04369235,0.0,0.3067027,0.44674915,1.0974442,0.5370833,0.0,2.7070122,0.14236286,0.5349568,0.0,0.18159801,0.0,0.0,0.0,1.2175493,0.18118787
U00660,0.049458385,0.58262026,0.0,0.24070215,0.0,0.9851339,0.045995712,0.0,0.0,1.3291297,1.2702515,0.0,0.0,0.0,0.0,0.0,1.1174122,0.25255227,0.0,1.342716,0.0,1.3497677,0.44389516,0.0,1.3157247,0.0,0.20865345,0.2109648,2.0518105,0.0,0.0,0.28224462,2.0408297,0.0,0.0,0.054706454,0.7536813,0.0,0.0,0.9524299,0.5020946,0.0,0.0,0.2782372,0.008083224,0.0,0.0,0.2349698,0.56639975,0.02730456,0.0,1.122576,0.011508599,0.0,0.0,0.17927572,0.0,0.0,0.0,0.0,0.0,0.18174978,0.21595886,0.0
U00661,0.0,1.3632936,0.0,0.0,0.0,0.0,0.0,0.0,0.0,2.2955759,0.9121438,0.0,0.0,1.5788194,0.16283756,0.0,0.0,0.7401289,0.0,0.8504045,1.0540776,0.4461469,0.0,0.0,0.6253511,0.0,1.5699252,0.34120727,0.74943763,0.0,0.0,0.0,0.35046494,0.0,0.12170684,0.0,0.3826253,0.0,0.81858885,1.5080667,0.0,0.0,0.0,0.0,0.8411802,0.0,0.0,0.0,1.6206508,0.0,0.0,0.3208796,0.0,0.09422031,0.0,0.0,0.0,1.3589784,0.0,0.0,0.64603883,1.9156344,0.32558352,0.0
U00662,0.30338514,1.311843,0.21643734,0.25956526,0.43899393,0.0,0.0,0.0,0.569478,1.3345433,0.0,0.45785612,0.36433476,1.9325223,1.1789535,0.22492018,0.0,1.1515284,0.4755972,0.044637203,2.5224035,0.0,0.0,0.46309668,0.0,0.0,1.9056036,1.9985459,0.0,0.40038306,0.14273989,0.0,0.0,0.16103294,1.5300893,0.19007993,0.0,0.3632893,0.0,2.0688746,0.0,0.0,0.0737095,0.67330027,0.0,0.0,0.063562885,0.0,1.3868843,0.6201557,0.11188255,0.0,0.46062422,0.0,0.0,0.2814379,0.25038803,1.9288498,0.27946135,0.0,0.87288433,0.0,0.0,0.0
U00663,0.0,0.0,0.0,0.0,0.0,1.0236931,0.0,0.0,0.0,0.73822147,0.67827857,0.0,0.0,0.9867619,0.24506772,0.0,0.0,1.6796045,0.0,0.06390619,0.819164,0.6765193,0.27394366,0.74811745,0.28615648,0.0,1.2730161,0.98626554,0.9086378,0.0,0.0,0.765205,0.52170175,0.0,0.7806016,0.0,0.93473136,0.0,1.1981376,0.4565798,0.5749623,1.4519684,0.98051536,0.89920354,0.0,0.5781675,1.4674938,0.29279307,0.51849604,0.0,0.0,0.57032776,0.0,0.06276992,0.84249747,0.0,0.0,0.0,0.0,0.18312071,0.27655163,1.732063,0.0,0.6248348
U00664,0.0,1.2024541,0.0,0.0,0.0,0.1462355,0.0,0.0,0.0,2.2010512,0.85744274,0.0,0.0,0.07100952,0.0,0.0,0.6882467,0.84572303,0.0,1.2254117,0.69673485,0.40806434,0.0,0.0,0.45144963,0.0,0.4414792,1.2839477,1.531759,0.0,0.0,0.0,1.0784146,0.0,0.39417166,0.0,0.9352547,0.0,0.0,1.8359216,0.0,0.0,0.0,0.2113515,0.4567033,0.0,0.0,0.0,1.6197805,0.0,0.0,1.1624819,0.0,0.0,0.0,0.0,0.0,0.93572074,0.0,0.0,0.0,0.0,0.30707166,0.0
U00665,0.91647375,1.2216383,0.8067225,0.94544154,0.23033907,0.0,0.93999374,0.58373547,0.71348125,1.7310052,0.0,0.28823268,0.44500667,1.929693,0.4513198,0.9090624,0.0,2.9957,0.8242129,2.8631911,1.5169228,0.0,0.0,0.0,0.0,0.6938226,1.4616239,1.7340018,0.018934965,0.59849745,0.72447276,0.0,0.0,1.0425148,0.8592062,1.7688566,0.0,0.9327727,0.0,1.710349,0.0,0.0,0.0,0.0,1.3819577,0.41247445,0.0,0.0,1.4270898,0.75423944,0.7073748,0.0,0.5105802,0.0,0.0,0.83945465,0.69688785,1.2651945,0.2844171,0.0,0.9682814,0.0,0.6541858,0.0
U00666,0.0,0.0,0.0,0.0,0.0,0.71933186,0.0,0.0,0.0,0.0,0.0,0.0,0.0,1.2884489,1.7577362,0.0,1.4846096,0.0,0.0,0.0,1.198746,0.5262356,1.070252,1.5519307,0.0,0.0,0.0,0.3062153,0.0,0.0,0.0,0.73410785,0.0,0.0,0.8683189,0.0,0.37116042,0.0,2.408114,0.0,0.24121225,1.1978827,1.3566304,1.0933368,0.144001,0.8169349,2.4851866,1.6251961,0.0,0.0,0.0,0.0,0.0,0.050066203,2.2517629,0.0,0.0,0.055608153,0.0,0.0,0.44003424,1.2516354,0.036151767,0.75736916
U00667,0.0,0.0,0.0,0.0,0.0,0.9157461,0.0,0.0,0.0,1.1141826,0.6823244,0.0,0.0,0.0,0.69962466,0.0,0.57268846,0.9137784,0.0,1.0924913,0.22852159,1.0481243,0.011820793,0.0,0.95240843,0.0,0.8599717,0.808032,1.6058514,0.0,0.0,0.0,1.4390882,0.0,0.66732585,0.0,0.3282572,0.0,0.0,0.17829251,0.08126435,0.0,0.0,1.0173068,0.0,0.0,0.0,0.0,0.91600084,0.0,0.0,0.9808556,0.0,0.0,0.17966282,0.0,0.0,0.04094541,0.0,0.0,0.0,0.44560814,0.0,0.2184937
U00668,0.018986702,0.24271262,0.0,0.03979999,0.0,0.71895254,0.0,0.0,0.0,0.5628383,0.89736474,0.0,0.0,0.0,0.42854756,0.0,2.1474018,0.0,0.0004312694,0.9640411,0.07241678,1.4441612,0.80695397,0.0,1.0904337,0.0,0.0,0.22994149,1.4429566,0.0,0.0,0.8369949,1.4599903,0.04827133,0.041003287,0.01586473,0.9475604,0.06685847,1.0115553,0.80188036,0.27262548,0.5070427,0.0,0.5880389,1.3963659,0.3637684,0.61220354,1.0083004,0.4046529,0.0,0.0,0.7032975,0.0,0.0,0.8592926,0.0,0.0,0.41384244,0.0,0.0,0.18808609,0.0,0.66768223,0.16367066
U00669,0.2270723,1.6398133,0.1350544,0.04369849,0.0,0.0,0.018649995,0.0,0.0,1.9422636,0.094350114,0.0,0.16876379,1.6242743,0.28998488,0.30162355,0.0,2.9549968,0.032487214,2.9043612,1.6802746,0.0,0.0,0.0,0.0,0.17920487,1.1995314,1.9772084,0.51805615,0.0,0.13551968,0.0,0.0,0.19454321,1.1828966,1.1193359,0.20539945,0.086841136,0.0,2.1480145,0.0,0.0,0.0,0.0,1.9507823,0.36441946,0.0,0.0,1.8247025,0.074767575,0.16483405,0.0,0.0,0.0,0.0,0.07562542,0.0,1.5460019,0.0,0.044778235,1.0480341,0.0,0.7872466,0.0
U00670,0.0,0.0,0.0,0.0,0.0,1.262597,0.0,0.0,0.0,0.81642056,1.2139677,0.0,0.0,0.0,0.07976353,0.0,0.0,1.1586374,0.0,1.1128701,0.0,0.93651754,0.32936698,0.0,1.2074691,0.0,0.1341232,0.0,1.8432089,0.0,0.0,1.1311914,1.6799912,0.0,0.11382675,0.0,1.2447598,0.0,0.3525953,0.0,0.5201216,1.2556195,0.30227023,0.41325465,0.0,0.0,0.6725097,0.583441,0.14014828,0.0,0.0,1.0846214,0.0,0.0,0.38893616,0.0,0.0,0.0,0.0,0.0,0.0,0.56764066,0.3200857,1.1233621
U00671,0.0,0.42075282,0.0,0.0,0.0,0.8442359,0.0,0.0,0.0,0.039725065,0.0,0.0,0.0,1.4285575,1.9173979,0.0,0.8899364,0.007106781,0.0,0.0,1.2870841,0.5528213,1.3463321,1.1753938,0.33891112,0.0,1.5791451,0.599751,0.0,0.0,0.0,0.33901286,0.03612435,0.0,1.0735942,0.0,0.164478,0.0,2.4442255,0.81589556,0.3324334,0.6586631,1.3534414,0.9532944,0.0,0.90931314,1.8564819,0.8159121,0.062894225,0.0,0.0,0.39011294,0.0,0.3129336,1.4274763,0.0,0.0,0.4512154,0.0,0.21273874,0.23219073,0.9482199,0.0,0.49717522
U00672,4.5957055,0.0,4.090747,4.9878583,3.132016,0.0,4.6722493,3.121428,4.243181,0.0,0.0,3.1089408,3.1680503,0.0,0.0,3.923013,0.0,0.0,4.752903,0.0,0.0,0.0,0.0,0.0,0.0,4.494745,0.0,0.0,0.0,3.9529953,4.156333,0.0,0.0,4.5330935,0.0,4.423748,0.0,4.6032853,0.0,0.0,0.0,0.0,0.0,0.0,0.0,0.0,0.0,0.0,0.0,4.5685863,4.1573353,0.0,3.9040656,0.0,0.51396465,4.606939,4.2227693,0.0,3.3197322,0.0,0.0,1.9745709,1.617564,0.0
U00673,0.0,0.19350731,0.0,0.0,0.0,0.62552416,0.0,0.086528525,0.0,0.0,0.19334969,0.0,0.0,0.4469213,1.1355398,0.0,0.39595437,0.33335567,0.0,0.45400667,0.5717118,0.79267997,1.7003968,0.5841874,0.65115595,0.0,0.3462025,0.0,0.6186416,0.0,0.0,0.75528085,0.49158663,0.0,0.30549252,0.0,0.0,0.0,2.0794842,0.0,0.753407,1.0120422,0.87559044,0.0,1.0422797,0.9760448,1.7324556,0.947291,0.0,0.0,0.0,0.0,0.0,0.0,0.83218396,0.0,0.0,0.36789668,0.0,0.059192076,0.8239839,0.4874747,0.0,0.6627419
U00674,0.5349937,1.4698771,0.03692852,0.61037904,0.80659306,0.0,0.0,0.0,0.019722715,2.833477,0.0,0.15781946,0.50993025,2.5742297,0.0,0.5558015,0.0,3.6708212,0.30138487,1.9349442,1.4314747,0.0,0.0,0.0,0.0,0.14780939,1.5990654,2.3476856,0.14110607,0.7136849,0.13444492,0.0,0.0,0.17185298,1.3379078,0.0,0.6025628,0.5633725,0.0,1.8994219,0.0,0.0,0.0,0.0,0.0,0.0,0.0,0.0,2.0285244,0.734725,0.7945113,0.30313376,0.4923737,0.0,0.0,0.2346367,0.3977502,0.9234935,0.443556,0.0,0.0,0.0,0.0,0.0
U00675,0.63789177,1.3845345,0.32280278,0.53044325,0.6816248,0.0,0.58981407,0.6029694,1.0057304,1.734306,0.0,0.68374896,0.8371705,0.7266592,1.0738027,0.6048479,0.0,0.05757022,0.77377003,0.0,2.1103644,0.0,0.0,0.0,0.0,0.47954026,2.6472313,1.5530496,0.0,0.63897866,0.6698439,0.0,0.0,0.68704677,0.5318017,0.0,0.0,0.60702085,0.5823891,1.5205066,0.0,0.0,0.0,0.30515558,0.0,0.0,0.0,0.0,1.2797724,0.8023647,0.5970353,0.0,1.0120299,0.0,0.22783458,0.71374124,0.6344439,1.1936893,1.0150692,0.0,0.0,0.639454,0.0,0.0
U00676,0.0,0.0,0.03420505,0.0,0.0,1.3289391,0.0,0.0,0.0,0.0,0.82521737,0.0,0.0,0.63558817,0.36053622,0.0,2.5637255,0.0,0.0,0.0,0.0,1.8796465,1.4685135,1.001297,1.209344,0.0,0.0,0.0,0.3699422,0.0,0.0,1.041761,0.9613756,0.0,0.010539353,0.0,0.68643534,0.0,1.529289,0.0,0.10460636,1.0703961,0.53060186,0.9053614,0.66252047,0.08412671,1.9965802,1.6745003,0.0,0.016323924,0.0,0.66395915,0.0,0.0064911246,2.0379295,0.0,0.0,0.0,0.0,0.0,0.0,1.2900975,0.6192625,0.8209933
U00677,0.0,0.5012504,0.0,0.0,0.0,0.5420157,0.0,0.0,0.0,1.4309355,1.1941563,0.0,0.0,0.27373612,0.0,0.0,0.0,1.7293587,0.0,1.5640699,0.34783852,0.0,0.0,0.0,1.0151036,0.0,0.013539553,0.32021332,1.7924722,0.0,0.0,0.916419,1.1842351,0.0,0.0,0.0,0.95162,0.0,0.0,0.23484743,0.26537418,0.20244455,0.0,0.0,0.8056263,0.0,0.4867093,0.40728816,0.7977655,0.0,0.0,0.8974166,0.0,0.0,0.011410832,0.0,0.0,0.22831488,0.0,0.07132763,0.2730494,0.45810422,0.61707175,0.9179063
U00678,0.0,0.37411553,0.0,0.0,0.0,1.3333797,0.0,0.0,0.0,0.31335235,1.1296163,0.0,0.0,0.0,1.0138779,0.0,0.49862766,0.0,0.0,0.81521475,0.0,1.0615065,1.4222052,0.289809,1.459007,0.0,0.73379445,0.0,1.0443364,0.0,0.0,0.42431474,1.4417855,0.0,0.0,0.0,0.5379772,0.0,0.776387,0.35030806,0.70108473,0.52167016,0.9173268,0.5203247,0.0,0.07098019,1.1918441,1.2095279,0.0105957985,0.0,0.0,0.89834,0.0,0.09503052,0.11906493,0.0,0.0,0.0,0.0,0.13233471,0.0,1.0175159,0.0,0.7782278
U00679,0.0,0.28859246,0.0,0.0,0.63805777,0.92914057,0.0,0.0,0.0,1.7878155,1.7461241,0.11928369,0.36739713,0.0,0.0,0.18273097,0.2585532,0.29326963,0.15180379,1.2148464,0.0,0.6429137,0.0,0.0,1.4338245,0.0,0.0,0.0,2.04069,0.03214894,0.0,1.0865037,2.0372353,0.0,0.0,0.0,1.9318388,0.15620548,0.0,0.66057384,0.0,0.0,0.0,0.0,0.0,0.0,0.0,0.0,1.035753,0.37242147,0.4556253,2.0239837,0.07023475,0.0,0.0,0.11318457,0.0770286,0.0,0.14495221,0.0,0.0,0.0,0.8891751,0.6219263
U00680,0.0,0.019003034,0.0,0.0,0.0,1.3459082,0.0,0.0,0.0,0.14470518,0.7106141,0.0,0.0,0.89359295,1.109669,0.0,1.7458572,0.0,0.0,0.0,0.32992613,1.4308298,1.652642,1.2325296,0.8910208,0.0,0.6400843,0.23489022,0.5909679,0.0,0.0,0.66323745,0.6245508,0.0,0.7586397,0.0,0.54329395,0.0,1.664449,0.5012766,0.07253972,0.8572825,0.86326444,1.0815654,0.0,0.5860993,1.3215305,0.608963,0.0,0.0,0.0,0.8540981,0.0,0.16226667,1.1608196,0.0,0.0,0.0,0.0,0.113887705,0.0,1.467814,0.11570084,0.567955
U00681,0.0,0.0,0.016017586,0.003675282,0.42116475,1.2331257,0.4350334,0.0,0.19595346,1.1545408,1.9435521,0.0,0.103285745,0.0,0.0,0.0,0.5031504,0.41422296,0.30665213,0.5330937,0.0,1.4268725,0.57977706,0.0,1.6056762,0.0,0.0,0.0,3.1209645,0.0,0.0,1.3989704,2.7943687,0.0,0.0,0.04876089,1.2061301,0.21482052,0.0,0.0,0.9382916,1.3080302,0.0,0.013613224,0.0,0.0,0.0,0.0,0.0,0.074619755,0.0,1.6454916,0.015536532,0.0,0.37662554,0.0,0.0,0.0,0.0,0.0,0.0,0.0,1.0104599,1.051892
U00682,0.0,0.37064165,0.0,0.0,0.0,0.68797445,0.0,0.0,0.0,0.0,0.17109057,0.0,0.0,0.78683484,1.6556689,0.0,0.40281057,0.34151053,0.0,0.15129995,0.9766879,0.6361147,1.3449306,1.0329548,0.43924403,0.0,1.4038768,0.33986342,0.121854186,0.0,0.0,0.26927972,0.084892444,0.0,0.9350547,0.0,0.0,0.0,2.2415226,0.4443109,0.36174268,1.0021544,1.1840883,0.15078743,0.32662916,0.853266,1.8258643,0.90710485,0.0,0.0,0.0,0.0,0.0,0.08410227,0.80848587,0.0,0.0,0.5549712,0.0,0.120527335,0.59929365,1.2776865,0.0,0.40089083
U00683,0.0,1.1368048,0.0,0.0,0.0,0.012379304,0.0,0.0,0.0,1.0429099,1.1756678,0.0,0.0,1.3872156,0.0,0.0,0.28350002,2.346652,0.0,1.0569825,0.0,0.0,0.26582378,0.4124549,0.6688702,0.0,1.166141,0.0,0.75521785,0.0,0.0,0.117604315,0.56034553,0.0,0.0,0.0,0.0,0.0,0.16426441,1.0447766,0.9586149,0.5783966,0.0,0.0,1.6482861,0.9495754,0.96310866,0.54086447,0.48977268,0.0,0.0,0.39210066,0.0,0.28937504,0.34604895,0.0,0.0,0.49861157,0.0,0.14783756,1.3947892,2.323353,0.8121681,0.16735613
U00684,0.39839736,0.7321643,0.4662178,0.44640613,0.1058528,0.0,0.4991464,0.37102482,0.85728186,0.0,0.0,0.37695545,0.71368957,2.3467176,2.8988013,0.54022926,0.0,0.6134553,0.2871153,0.20965815,2.8859258,0.0,0.0,1.0653126,0.0,0.41809738,1.4640896,1.4391443,0.0,0.52691984,0.37890464,0.0,0.0,0.23319879,1.9554739,1.3156023,0.0,0.120842665,1.7544917,1.524107,0.0,0.0,0.5493835,0.5797174,1.0053906,1.4134771,0.0,0.0,0.67492723,0.46781135,0.6549748,0.0,0.8415418,0.0,0.0,0.31489068,0.41808012,1.6406126,0.20144847,0.11504708,1.2974474,0.0,0.0,0.0
U00685,0.0,0.87447244,0.0,0.0,0.0,0.6654291,0.0,0.0,0.0,0.8196322,0.5153607,0.0,0.0,1.5393858,0.9954311,0.0,1.0303721,0.16880059,0.0,0.5944178,0.89553905,1.1497118,0.92107815,0.7162884,0.62356615,0.0,0.8329891,0.5245873,0.33213723,0.0,0.0,0.0,0.43948066,0.0,0.51837313,0.0,0.56256676,0.0,1.0420891,1.2347364,0.046855688,0.14905915,0.27528325,0.14861359,1.1671215,0.43009037,1.2804688,0.5337198,0.85654604,0.0,0.0,0.5077926,0.0,0.23346832,0.35590506,0.0,0.0,0.9114109,0.0,0.26129138,0.4932009,0.36300856,0.0,0.22160625
U00686,0.0,0.23192799,0.0,0.0,0.0,0.23289233,0.0,0.0,0.0,0.9160088,0.7221892,0.0,0.0,0.0,0.0,0.0,1.6431255,2.0081956,0.0,1.8073866,0.0,0.13893612,0.40971857,0.41141796,0.0,0.0,0.0,0.19355011,1.3728448,0.0,0.0,0.3548212,1.153415,0.0,0.0,0.0,0.13335867,0.0,0.087407485,0.0,0.60927206,0.61804277,0.8100172,0.0,0.18410921,0.11047721,0.035918877,0.33248344,0.3499791,0.0,0.0,0.8712739,0.0,0.23449382,1.671002,0.0,0.0,0.0,0.0,0.0,0.0,2.0382333,1.4158218,0.19074738
U00687,0.0,1.4369192,0.0,0.0,0.0,0.0,0.0,0.0,0.0,2.197878,1.1972579,0.0,0.0,0.0,0.0,0.0,1.3036569,1.4048045,0.0,0.9824245,0.47050405,0.0,0.0,0.0,0.53078043,0.0,0.6073791,0.8886806,1.7432158,0.0,0.0,0.31809616,1.3185606,0.0,0.17578548,0.0,0.43145522,0.0,0.0,2.138277,0.74459434,0.0,0.0,0.0076150894,0.82265544,0.16482663,0.0,0.0,1.3143934,0.0,0.0,0.91232514,0.0,0.14975372,0.0,0.0,0.0,0.7167536,0.0,0.0,0.64579654,0.33992025,0.68854016,0.0
U00688,0.0,1.1185185,0.0,0.0,0.0,0.17501834,0.0,0.104970545,0.0,0.59307826,0.0,0.0,0.0,1.1041129,2.1819668,0.0,1.6734374,0.33553696,0.0,0.26239467,0.913624,0.5427109,1.6915488,0.7022298,0.78367317,0.0,1.7600886,0.29475963,0.0,0.0,0.0,0.0,0.30416918,0.0,0.6559933,0.0,0.0,0.0,2.4163961,0.0,0.0,0.0,0.09957741,1.0516071,0.0,0.12038505,0.3006348,0.0,0.3867215,0.0,0.0,0.21105528,0.0,0.075433135,1.7866272,0.0,0.0,0.0,0.0,0.0,0.0,2.1820312,0.0,0.9702841
U00689,0.0,0.0,0.0,0.0,0.0,1.2086065,0.0,0.0,0.0,1.6024745,1.7155298,0.0,0.0,0.12868953,0.0,0.0,0.0,1.3190135,0.0,0.9217695,0.0,0.7018299,0.0,0.0,1.1807452,0.0,0.0,0.0,2.185462,0.0,0.0,0.95980847,1.6034471,0.0,0.0,0.0,1.5929728,0.0,0.0,0.06953335,0.33596957,0.4180963,0.0,0.0,0.07358444,0.0,0.5235074,0.582296,0.5820045,0.0,0.0,1.31795,0.0,0.0,0.044289827,0.0,0.0,0.0,0.0,0.0,0.034103453,0.60297644,0.41581678,1.3268363
U00690,0.0,0.0,0.0,0.0,0.0,1.050217,0.0,0.0,0.0,0.07608616,1.0710279,0.0,0.0,0.0,0.0,0.0,0.5638557,0.43652654,0.0,0.44357467,0.0,1.2957442,1.4955299,0.0,1.3779836,0.0,0.0,0.0,1.9819056,0.0,0.0,1.3440009,1.6101336,0.0,0.0,0.0,0.7087281,0.0,2.0214238,0.0,0.80453795,1.2064213,0.117505774,0.18212652,1.2540433,0.255462,0.36739248,0.7532402,0.0,0.0,0.0,0.7259673,0.0,0.0,1.0897764,0.0,0.0,0.0,0.0,0.0,0.0,0.0,0.38742524,1.0444418
U00691,0.0,0.0,0.0,0.0,0.0,1.367585,0.08938098,0.0,0.0,0.15951848,0.8981328,0.0,0.0,0.0,0.0,0.0,1.7970161,0.17500448,0.0,0.20852709,0.0,2.012152,1.3746576,0.0,1.1407568,0.0,0.0,0.0,1.8628894,0.0,0.0,0.96967626,1.792759,0.0,0.0,0.0,0.45649257,0.13161913,1.534127,0.0,0.29649627,0.9981804,0.0,0.6878796,0.57110065,0.023504496,0.093018666,0.08707407,0.0,0.0,0.0,1.2491018,0.0,0.0,1.2951423,0.0,0.0,0.0,0.0,0.0,0.0,0.5481086,0.6508521,0.6133666
U00692,1.1291085,0.9882706,1.0642483,1.2427597,0.42865258,0.0,1.2188634,0.75791276,1.0333376,1.5771554,0.0,0.41154724,0.5991225,1.8717949,0.61834323,1.1148052,0.0,2.920034,1.0501016,2.6535368,1.5059819,0.0,0.0,0.0,0.0,0.8562622,1.4136711,1.5006324,0.0,0.8862645,0.92290586,0.0,0.0,1.2354823,0.7403916,1.9078548,0.0,1.05054,0.0,1.51664,0.0,0.0,0.0,0.0,1.1929225,0.46524757,0.0,0.0,1.2024615,0.9448925,0.85441756,0.0,0.81732637,0.0,0.0,1.0560637,0.98386085,1.2093912,0.50438833,0.0,0.97049403,0.0,0.54703444,0.0
U00693,0.0,0.0,0.0,0.0,0.0,0.65386045,0.0,0.0,0.0,0.40710855,0.94800425,0.0,0.0,0.7824278,0.0,0.0,0.20274842,1.6916068,0.0,1.0939999,0.16905046,0.29978696,0.0,0.0,0.5948496,0.0,0.0,0.0,0.8258544,0.0,0.0,1.4494228,1.0020952,0.0,0.25635254,0.0,1.0481813,0.0,0.0,0.6000117,0.66625476,0.49723858,0.05259943,0.0,2.008253,0.61740696,1.8690606,1.3543919,0.19258225,0.0,0.0,0.5582411,0.0,0.004018694,0.1842432,0.0,0.0,0.6969865,0.0,0.0,1.0581566,0.07710068,0.33952695,0.6084633
U00694,0.0,1.6664867,0.0,0.0,0.0,0.0,0.0,0.0,0.03194868,0.0,0.0,0.17499001,0.32032484,0.0,1.5198756,0.0,0.47846502,0.0,0.0,0.0,1.0793505,0.0,1.3480704,1.039086,0.0,0.0,2.6840522,0.0,0.0,0.11838673,0.0,0.0,0.0,0.0,0.6061243,0.0,0.0,0.0,2.0064123,1.0905296,0.6502405,0.3262998,1.2920269,0.0,0.0,1.1400131,1.3802072,0.93546975,0.0,0.08273059,0.0,0.0,0.2055408,0.0,0.9102286,0.0,0.0,1.4958141,0.018641412,0.0,1.1713971,0.90680337,0.0,0.0
U00695,0.0,0.0,0.0,0.0,0.0,1.1574497,0.0,0.0,0.0,0.11775923,0.718822,0.0,0.0,0.38382775,0.39238596,0.0,1.7970766,0.0,0.0,0.0,0.15230489,1.5540159,1.2236717,0.0,1.0845916,0.0,0.0,0.2998662,1.3518806,0.0,0.0,1.2780325,1.2139139,0.0,0.41201252,0.0,1.0139711,0.0,1.5553422,0.20899367,0.16727224,0.9573338,0.45904884,1.0215139,1.1901742,0.45422685,0.59655875,0.65614843,0.18221176,0.0,0.0,1.0058216,0.0,0.0,1.5332533,0.0,0.0,0.2763461,0.0,0.01961189,0.0,0.0,0.35478657,0.75543666
U00696,1.2062852,1.0890204,1.1530602,1.3735821,0.54386055,0.0,1.2482214,0.78389657,1.1426985,2.052892,0.0,0.5381407,0.69375145,2.147204,0.0,1.2489426,0.0,3.600577,1.2122293,3.2431324,1.0761641,0.0,0.0,0.0,0.0,0.98012304,1.522531,1.6073486,0.096119046,1.07517,1.0916502,0.0,0.0,1.4947307,0.3327589,2.0604963,0.0,1.4012375,0.0,1.452593,0.0,0.0,0.0,0.0,1.4154015,0.025767326,0.0,0.0,1.384646,1.0830333,1.0067862,0.0,0.8573425,0.0,0.0,1.0763133,1.0962439,1.0812464,0.5534646,0.0,0.8592503,1.0422632,0.963189,0.0
U00697,0.16769797,0.0031177998,0.0,0.24882248,0.0,0.3671026,0.33030516,0.39558044,0.29898164,0.0,0.0,0.024702575,0.10322145,1.4901983,1.4521657,0.03052336,1.6721821,0.0,0.19309255,0.0,0.52208304,0.21709582,1.438837,1.6497637,0.0,0.22680451,0.21317959,0.0,0.0,0.03185186,0.09584105,0.37391436,0.0,0.092592984,1.0487654,0.1011039,0.0,0.15834457,1.9586569,0.2501892,0.0320625,0.5354995,1.3330339,0.86187434,0.49532068,1.3020666,1.8449771,0.7100971,0.0,0.09895028,0.20039421,0.0,0.26197916,0.0,2.2244697,0.34357625,0.21357724,0.25967586,0.053712025,0.0,0.46501163,0.9116727,0.0,0.3951236
U00698,0.25175476,1.2503347,0.0,0.13853729,0.11734824,0.28656337,0.0,0.0,0.0,1.956692,0.49903443,0.26339763,0.010596789,0.0,0.0,0.0971894,0.7790725,0.1904614,0.27560425,1.2412653,0.84755623,0.4775563,0.0,0.0,0.0976609,0.09385088,0.58394885,1.5971742,1.1926548,0.031454775,0.0,0.0,0.74842376,0.26606283,0.81290245,0.11691296,0.8604753,0.10624051,0.0,2.0962572,0.0,0.0,0.0,0.45310193,0.36434114,0.0,0.0,0.0,1.6483135,0.34185842,0.029825537,0.9295975,0.0,0.0,0.0,0.12212214,0.04919046,0.8052797,0.0,0.0,0.0,0.0,0.31104174,0.0
U00699,0.48380253,1.5444396,0.3765952,0.34181285,0.0,0.0,0.3457338,0.13417053,0.20133424,1.8257995,0.0,0.0,0.18231656,1.9874792,0.51608175,0.48020166,0.0,3.0543761,0.2865461,2.9537435,1.6855677,0.0,0.0,0.0,0.0,0.3529556,1.4955566,2.0162172,0.25663972,0.06565633,0.2976234,0.0,0.0,0.5336959,1.1367481,1.3835086,0.009987652,0.41069767,0.0,2.0382788,0.0,0.0,0.0,0.0,1.6993972,0.43851846,0.0,0.0,1.6756873,0.29628354,0.35752544,0.0,0.06384227,0.0,0.0,0.32242882,0.19887857,1.4283137,0.0,0.009780654,1.0948397,0.0,0.6625575,0.0
U00700,0.0,0.26934057,0.0,0.0,0.0,0.46274707,0.0,0.0,0.0,1.0095859,1.0008694,0.0,0.0,1.0099252,0.22847402,0.0,0.0,1.4873832,0.0,1.7387205,0.6316816,0.40932772,0.09577513,0.0,0.7501316,0.0,0.0,0.20327222,1.2800012,0.0,0.0,0.629184,0.84066284,0.0,0.26490945,0.0,0.5558055,0.0,0.17446965,0.4745351,0.22481865,0.2779414,0.0,0.0,1.7729864,0.2149691,0.9171648,0.5161445,0.5079722,0.0,0.0,0.29400516,0.0,0.0,0.0,0.0,0.0,0.6731549,0.0,0.0,0.9093921,0.0,0.48003685,0.5572723
U00701,0.0,1.2569203,0.0,0.0,0.0,0.17310324,0.0,0.12673298,0.0,0.35985124,0.0,0.1086974,0.0,0.64016074,1.6460694,0.0,2.5039685,0.0,0.0,0.0,1.0339127,0.9704961,1.2053311,0.24481641,0.7700193,0.0,0.6710524,0.7624539,0.0973475,0.0,0.0,0.0,0.5459185,0.0,0.7094476,0.0,0.0,0.0,1.9003584,0.48855352,0.0,0.0,0.0,1.3177093,0.16581857,0.0,0.0,0.0,0.64219594,0.0,0.0,0.48406532,0.0,0.0,1.5033554,0.0,0.0,0.39538032,0.0,0.0,0.0,0.0,0.0,0.0
U00702,0.0,0.74860334,0.0,0.0,0.0,0.027465612,0.0,0.0,0.0,0.22985518,0.6847569,0.0,0.0,0.51792544,0.51541245,0.0,0.0,0.9419681,0.0,0.46512938,0.0,0.0,1.5207772,0.16284922,1.0414366,0.0,1.31323,0.0,0.6711397,0.0,0.0,0.02586472,0.813532,0.0,0.0,0.0,0.0,0.0,2.2506444,0.0,0.7297733,1.2422245,0.64172673,0.0,0.66994834,0.45903134,1.8409762,1.6139394,0.0,0.0,0.0,0.0,0.0,0.0,1.3287929,0.0,0.0,0.5440355,0.0,0.0,1.3238206,2.3035858,0.31941593,0.89877295
U00703,0.0,2.22421,0.0,0.0,0.0,0.0,0.0,0.0,0.0,1.8719416,0.0,0.0,0.0,1.8161805,1.4877307,0.0,0.0,0.0,0.0,0.0,1.4588516,0.023373663,0.113823116,0.13355781,0.0,0.0,2.6950765,2.147419,0.0,0.0,0.0,0.0,0.0,0.0,0.93347716,0.0,0.3094004,0.0,1.0507426,1.2389452,0.0,0.0,0.0,0.43721431,0.0,0.0,0.0,0.0,1.9723046,0.0,0.0,0.21669035,0.0,0.0,0.93249047,0.0,0.0,0.9976095,0.0,0.0,0.0,0.8818319,0.0,0.0
U00704,0.0,0.6062219,0.10042563,0.0,0.0,0.3128707,0.0,0.0,0.0,0.0,0.0,0.19182402,0.0,1.643621,1.4371051,0.0,2.067088,0.21504784,0.0,0.0,1.8549495,0.67536587,0.16686767,0.8521615,0.0,0.0,0.39693487,0.82616407,0.0,0.0,0.0,0.39039838,0.0,0.07479289,1.475501,0.0,0.0,0.13841313,1.529749,1.1876718,0.0,0.15567356,0.6589162,1.3826804,0.82364815,0.8820003,1.4185929,0.28824434,0.35783303,0.0,0.0,0.26309487,0.013567433,0.0,1.4364647,0.0,0.08943334,1.3690374,0.0,0.0,0.20411867,0.0,0.0,0.0
U00705,0.0,1.582993,0.16472284,0.49326187,0.0,0.0,0.032700717,0.32445142,0.9441516,0.08621216,0.0,0.37570095,0.1122825,0.0,1.1212893,0.41522676,1.1046271,0.0,0.0,0.0,0.46418393,0.0,1.2641032,1.4047363,0.0,0.23630734,2.471349,0.0,0.0,0.21229306,0.43984306,0.0,0.0,0.2951078,0.041124344,0.08499372,0.0,0.16502744,1.7823088,0.23892713,0.5367975,0.7262882,0.43798095,0.0,0.0,1.6511614,0.904279,0.011407167,0.054359555,0.22355746,0.06849194,0.0,0.6242099,0.040810287,1.9702874,0.10705382,0.21300772,0.44076967,0.8528283,0.0,1.2242873,2.8330214,0.6930153,0.0
U00706,0.17750436,0.0,0.0,0.0,0.03982748,0.87691283,0.21521032,0.0,0.0,0.4405253,0.5679879,0.0,0.0,0.14160943,0.20983362,0.0,2.195206,0.34994984,0.10461411,1.0655951,0.0,1.277662,0.8891943,0.0,1.1161115,0.0,0.0,0.3262173,1.3376801,0.0,0.0,0.9244456,1.4560326,0.0,0.2632022,0.39174062,0.9137254,0.032634795,0.4087654,0.0,0.048634708,0.71273696,0.24331197,1.295079,1.2228736,0.5387312,0.0,0.0,0.41113853,0.0,0.0,1.0376811,0.0,0.0,0.63871634,0.0,0.0,0.0,0.0,0.0,0.0,0.0,1.0228099,0.6398256
U00707,0.55808246,1.3980956,0.49399817,0.48240077,0.0,0.0,0.46392128,0.23043042,0.24874654,1.6658959,0.0,0.0010622256,0.13511793,1.9434525,0.82805175,0.5333335,0.0,2.9432106,0.36685205,2.7941186,1.8802292,0.0,0.0,0.0,0.0,0.37536788,1.5414422,1.9264175,0.094814956,0.13464513,0.34838206,0.0,0.0,0.58571076,1.1745491,1.4298912,0.0,0.39828333,0.0,1.9922653,0.0,0.0,0.0,0.0,1.5357327,0.6096205,0.0,0.0,1.5415281,0.35794613,0.37393373,0.0,0.1685985,0.0,0.0,0.40592003,0.31587407,1.4911888,0.0,0.0,1.1428576,0.0,0.49943107,0.0
U00708,0.38656694,0.0,0.31964284,0.65453887,0.44831663,1.562418,0.64028645,0.09105514,0.4930868,1.3167281,2.433939,0.0,0.2898184,0.0,0.0,0.41838747,0.17802739,0.078199625,0.53666574,1.3136338,0.0,1.1755116,0.37489408,0.0,2.2498097,0.53490174,0.0,0.0,3.7138705,0.3879912,0.41711265,1.2977746,3.301255,0.21977296,0.0,0.51029223,1.6088326,0.4048826,0.0,0.0,0.9436018,0.3642019,0.0,0.0,0.0,0.0,0.0,0.7251226,0.0,0.3919145,0.418114,1.9331275,0.48171145,0.0,0.0,0.5863992,0.57070744,0.0,0.36554688,0.0,0.0,0.0,1.0200684,1.2725158
U00709,0.0,0.17059141,0.0,0.0,0.0,1.1111847,0.0,0.0,0.0,0.66629905,0.3350682,0.0,0.0,0.5892678,1.1631577,0.0,1.5150903,0.013995886,0.0,0.58625054,0.81359726,0.83704686,0.54669887,0.0,0.6647459,0.0,0.02550149,1.4111493,1.2138084,0.0,0.0,0.6512095,0.96412575,0.0,1.3458785,0.0,1.2540936,0.0,0.80017424,0.63561714,0.0,0.39750183,0.17097482,1.6183012,0.81149906,0.32298642,0.0,0.0,0.6925317,0.0,0.0,1.4186312,0.0,0.017199516,0.37444162,0.0,0.0,0.0,0.0,0.050723653,0.0,0.0,0.43074787,0.44975758
U00710,0.14629674,0.19034606,0.10006289,0.19930106,0.008975714,0.49050584,0.01199764,0.053088725,0.0,0.0,0.0,0.17870481,0.0,1.5801165,1.6317472,0.0,2.089284,0.0,0.08179742,0.0,1.212589,0.80728084,0.64697,0.84581536,0.0,0.0,0.0,1.1232849,0.0,0.0,0.072453186,0.55626416,0.0,0.070962906,1.4205576,0.37420815,0.38976067,0.16812348,1.8396397,0.4500556,0.0,0.28875846,0.91179204,1.7386911,0.5144781,0.9135807,0.9952073,0.27286792,0.18029356,0.21858795,0.08766992,0.15222953,0.07943716,0.0,1.9850715,0.16644976,0.0,0.51739407,0.0,0.0,0.0,0.32703862,0.5456579,0.13012946
U00711,0.3795867,0.0,0.29773104,0.36948553,0.25564593,0.9047005,0.17238969,0.42312264,0.3040543,0.0,0.0,0.3243267,0.19255972,1.4207344,1.4455235,0.24777487,1.7297745,0.0,0.21011323,0.0,0.18200934,0.7049621,1.9960368,1.3274587,0.42745304,0.5257538,0.0,0.0,0.0,0.5115644,0.30174997,1.6284351,0.0,0.16222224,0.9222376,0.35655695,0.0,0.40596384,2.6592607,0.0,0.75017923,1.095788,1.1182091,0.6417255,1.6156213,0.80457205,2.8971605,1.6538649,0.0,0.60607064,0.44094223,0.0,0.5356246,0.0,2.0731282,0.3848837,0.43475085,0.27348304,0.0,0.0,0.0,0.0,0.0,0.8822533
U00712,0.0,1.1666623,0.0,0.0,0.0,0.09633313,0.0,0.0,0.0,1.7191309,0.42169946,0.0,0.0,2.5935552,0.58176565,0.0,0.54932344,2.154216,0.0,0.89914393,0.8173631,0.0,0.0,0.8345938,0.0,0.0,1.8866985,1.8207693,0.0,0.0,0.0,0.0,0.0,0.0,0.866468,0.13768244,0.7057662,0.0,0.0,1.0028002,0.0,0.0,0.035076335,0.6831236,0.057775736,0.31421632,0.0,0.0,1.3175486,0.0,0.0,0.5885545,0.0,0.0,0.7195493,0.0,0.0,0.0,0.0,0.0,0.42948368,2.7934964,0.39393798,0.4005909
U00713,0.07547861,0.45838153,0.18195894,0.39300412,0.1053548,0.0,0.41072428,0.18433926,0.4897387,0.0,0.0,0.37075984,0.050198905,0.8299115,0.90105546,0.4521536,2.1335382,0.5973302,0.43822783,0.44594717,1.3370676,0.0,0.0,0.9622351,0.0,0.037166268,0.0,1.0402138,0.0,0.35964292,0.3326653,0.06121975,0.0,0.0,0.5957515,0.0,0.0,0.2774358,0.48716184,0.0,0.0,0.0,1.3763219,0.9370248,0.0,0.74226964,0.08699028,0.26723245,0.14357555,0.0,0.11215839,0.065592416,0.14910822,0.0,1.6078969,0.04701984,0.0,1.0177747,0.42047924,0.0,0.0,0.9427885,0.5704307,0.0
U00714,0.7003394,1.2303425,0.22660652,0.6383079,0.083558396,0.0,0.55263,0.054176703,0.393781,0.63663095,0.0,0.0,0.06436718,1.1622674,1.4720374,0.6389495,0.73172265,2.1893919,0.4724071,2.544473,1.7661835,0.0,0.0,0.5450323,0.0,0.13284318,0.13779318,2.265796,0.0,0.4084323,0.27054757,0.0,0.0,0.45271915,1.3344061,1.1193242,0.0,0.19547108,0.0,1.0774416,0.0,0.022963613,0.6835139,0.0,1.4913629,1.2944646,0.0,0.0,1.2624594,0.38908875,0.32099,0.0,0.041902512,0.044729263,0.0,0.39273548,0.0,1.3603362,0.09620944,0.0,0.71062803,0.0,1.1321008,0.0
U00715,0.47609106,1.382625,0.37665325,0.3422915,0.0,0.0,0.5152727,0.28678963,0.3192559,1.2514822,0.0,0.061172828,0.22102495,1.8124825,1.3862878,0.48366755,0.0,2.4403088,0.3254062,2.4030015,2.1166594,0.0,0.0,0.09298502,0.0,0.3502775,1.4410996,1.9427513,0.0,0.11376121,0.311404,0.0,0.0,0.4351455,1.4297565,1.3516091,0.0,0.3339409,0.0,1.9701818,0.0,0.0,0.0,0.0,1.5234406,0.77983564,0.0,0.0,1.4880486,0.36075357,0.36569208,0.0,0.17112112,0.0,0.0,0.43036872,0.20227994,1.4828879,0.009463891,0.13144252,1.174017,0.0,0.2844802,0.0
U00716,0.33788207,0.93686914,0.28574246,0.28282714,0.47258866,0.0,0.5401211,0.41293177,0.4780603,1.500365,0.0,0.4785924,0.33642614,0.4262219,0.61112326,0.45453328,0.46017087,0.646291,0.4169371,0.6541133,1.0102372,0.6227051,0.09094179,0.0,0.0,0.2512484,1.6203222,1.271241,0.6220633,0.40421873,0.6210736,0.0,0.36058378,0.5150464,0.24625307,0.0,0.16976464,0.50235873,1.0988754,0.6529684,0.0,0.0,0.0,0.29467303,0.0,0.0,0.0,0.0,0.9693267,0.48543188,0.3014151,0.17156078,0.5516185,0.0,0.21332026,0.29341528,0.40199393,0.55437607,0.5591362,0.0,0.0,1.0126253,0.0,0.0
U00717,0.0,0.6186174,0.0,0.0,0.0,0.63267374,0.0,0.0,0.0,0.48156095,0.4771572,0.0,0.0,1.0777919,1.1699727,0.0,1.3325932,1.0617467,0.0,0.7686007,0.84256226,0.71903956,0.7903927,0.75429714,0.36792916,0.0,0.65262383,0.422742,0.56208014,0.0,0.0,0.39393532,0.681167,0.0,0.45900875,0.0,0.5909969,0.0,0.93565273,0.25912738,0.3390934,0.33764142,0.6893939,0.75444996,0.4907905,0.7647877,1.2686472,0.8183403,0.31517273,0.0,0.0,0.4276956,0.0,0.0,0.9754318,0.0,0.0,0.3337145,0.0,0.1039916,0.3705021,1.6264994,0.003084898,0.68712044
U00718,0.20570743,0.0,1.6973363,1.191212,0.0,1.678875,0.8587932,0.0,1.2075998,0.0,1.9895693,0.7572361,0.0,0.0,0.0,0.56368583,4.884459,0.0,0.8400119,0.4932568,0.0,3.1181972,1.9852083,0.0,2.426761,0.6279217,0.0,0.0,3.7074962,0.94255835,1.5727462,2.549738,3.9263303,0.6559248,0.0,0.85341394,1.6859511,0.35285398,0.15487148,0.0,0.32563597,1.713793,0.0,1.048272,0.0,0.0,0.0,1.0417416,0.0,1.0240201,0.53743887,2.711151,0.66834706,0.0,3.0364876,0.4675603,1.0583805,0.0,0.07679573,0.0,0.0,0.0,3.1898837,1.558418
U00719,0.0,0.0,0.0,0.0,0.0,0.9950516,0.0,0.0,0.0,0.0,0.75863934,0.0,0.0,2.2557547,0.31618577,0.0,0.99736655,1.3545657,0.0,0.8034513,0.1287967,1.0387303,0.8027713,1.0660231,0.36240995,0.0,0.0,0.23646152,0.0,0.0,0.0,1.196016,0.08207809,0.0,0.7691275,0.0,0.66958696,0.0,0.0,0.64827,0.6545324,0.8144566,0.6729284,0.015304208,2.0539412,1.0699207,2.2213316,1.716758,0.24792564,0.0,0.0,0.3151281,0.0,0.27424845,0.39752078,0.0,0.0,0.61398816,0.0,0.3628046,0.9953185,0.3304364,0.16230738,0.71003866
U00720,0.0,0.0,0.0,0.0,0.0,0.25061494,0.0,0.0,0.0,0.0,0.0,0.17690869,0.0,2.0672646,2.688092,0.0,2.392818,0.0,0.0,0.0,1.4736434,0.0,1.0176091,1.6148763,0.0,0.0,0.0,0.49412823,0.0,0.0,0.0,0.63897014,0.0,0.0,1.8072622,0.23404098,0.0,0.0,2.3825982,0.0,0.07379177,0.484456,1.1606171,2.0567758,0.6884277,1.3451246,1.491298,0.577798,0.0,0.0,0.0,0.0,0.36308613,0.30507973,2.325951,0.0,0.0,0.34141952,0.0,0.0,0.011681855,0.0,0.0,0.5350617
U00721,0.0,0.869195,0.0,0.0,0.0,0.5169667,0.0,0.0,0.0,1.6602666,1.2398342,0.0,0.0,0.0,0.0,0.0,0.8243558,1.6368704,0.0,1.3640953,0.16520822,0.18110298,0.0,0.0,0.8521228,0.0,0.937289,0.38402045,2.0959153,0.0,0.0,0.61830366,1.5318278,0.0,0.081771135,0.0,0.6305912,0.0,0.0,1.3204627,0.87340504,0.15706336,0.0,0.002730161,0.6154391,0.28746444,0.017401323,0.0,0.93790317,0.0,0.0,0.9594958,0.0,0.10823706,0.0,0.0,0.0,0.08085227,0.0,0.08814611,0.34101537,0.48044404,0.51216334,0.0
U00722,0.80404484,1.1027324,0.83354235,0.9170052,0.13385655,0.0,0.7735086,0.41717297,0.60568684,1.8094629,0.0,0.12509006,0.24673854,2.193697,0.54937243,0.8224292,0.0,3.4043815,0.68254346,3.0246382,1.6247549,0.0,0.0,0.0,0.0,0.52361935,1.6219027,1.6253068,0.040164053,0.61421263,0.64706963,0.0,0.0,0.93778527,0.7368257,1.652477,0.0,0.65821165,0.0,1.6849403,0.0,0.0,0.0,0.0,1.4414427,0.46401638,0.0,0.0,1.361317,0.59891623,0.5426705,0.0,0.5446383,0.0,0.0,0.6159882,0.7182572,1.3970653,0.21122846,0.0,1.1578217,0.1684671,0.54572344,0.0
U00723,0.23514587,1.8921309,0.049612105,0.33642802,0.56555325,0.0,0.0044597387,0.16145933,0.64912784,0.8814915,0.0,0.6337541,0.5500172,2.3932097,1.8689454,0.33814496,0.0,0.0,0.2966627,0.0,3.4692652,0.0,0.0,0.5762677,0.0,0.0,1.8586836,2.7819252,0.0,0.24186902,0.0,0.0,0.0,0.0,2.052756,0.16149592,0.0,0.07087499,0.0,1.8463094,0.0,0.0,0.0,1.0564097,0.0,0.1491319,0.0,0.0,1.5178382,0.7005338,0.33773506,0.0,0.5380681,0.0,0.0,0.27043414,0.3136193,2.2064128,0.49325234,0.0,1.1266297,0.0,0.0,0.0
U00724,0.0,0.0,0.0,0.0,0.0,0.824425,0.0,0.0,0.0,0.0,0.0,0.0,0.0,1.8129603,1.0775626,0.0,1.9361763,0.762584,0.0,0.2646811,0.9750169,0.8714217,0.4611445,1.148335,0.058969617,0.0,0.0,0.2811941,0.0,0.0,0.0,1.172192,0.102328725,0.0,1.1845554,0.0,0.3853897,0.0,1.0146971,0.70733297,0.56565255,0.89097524,1.1310598,1.0816257,1.5279548,1.0691257,2.2289839,1.2113041,0.05456817,0.0,0.0,0.20845126,0.0,0.0033104122,1.2650639,0.0,0.0,1.0047197,0.0,0.08574723,0.37884778,0.31954938,0.0,0.30020547
U00725,0.0,1.6282327,0.0,0.0,0.0,0.32409978,0.0,0.0,0.0,2.1106129,1.0058761,0.0,0.0979934,0.88858116,0.0,0.0,0.0,1.9350082,0.0,1.3632228,1.0009611,0.031958044,0.0,0.0,0.44940662,0.0,0.70446706,1.364104,1.1569585,0.0,0.0,0.26880592,0.43576336,0.0,0.88893795,0.0,0.98056376,0.0,0.0,2.0626936,0.0,0.0,0.0,0.0,1.5513514,0.0,0.0,0.0,1.7100042,0.0,0.0,0.85022104,0.0,0.0,0.0,0.0,0.0,1.0990665,0.0,0.0,0.82436395,0.0,0.47593337,0.0
U00726,0.43335688,1.5500407,0.28284404,0.21538484,0.0,0.0,0.28055584,0.09138243,0.15726487,1.6268957,0.0,0.0,0.13213731,1.7704018,0.82257044,0.40695778,0.0,2.8205285,0.2175681,2.77783,1.833019,0.0,0.0,0.0,0.0,0.32263482,1.3915218,2.0645976,0.17333502,0.0,0.2435717,0.0,0.0,0.4265067,1.3068545,1.2876297,0.017241985,0.291891,0.0,2.0701785,0.0,0.0,0.0,0.0,1.7434075,0.58512104,0.0,0.0,1.6778265,0.24478926,0.270794,0.0,0.0,0.0,0.0,0.29386878,0.080639675,1.4855438,0.0,0.10596074,1.1195078,0.0,0.5606631,0.0
U00727,0.053595245,0.9570813,0.06659573,0.024268568,0.09604089,0.0,0.33630604,0.18058862,0.18590897,0.35692072,0.0,0.2034161,0.128682,1.0591304,2.1069643,0.40135515,1.2501926,0.0,0.017382026,0.0,1.9850489,0.42592943,0.36237484,0.3848539,0.0,0.0854305,1.109664,1.5046507,0.0,0.06560303,0.18822858,0.0,0.0,0.19807425,1.190155,0.15681756,0.0,0.13842338,1.8921528,1.1345114,0.0,0.0,0.33635032,0.9517863,0.37986732,0.72393125,0.300809,0.04353875,0.6188646,0.18988958,0.027687069,0.0,0.26733917,0.0,1.1398126,0.0798223,0.17162637,1.3247002,0.110942066,0.0,0.5065812,0.20900458,0.0,0.0
U00728,0.0,0.6059383,0.0,0.0,0.0,0.0,0.0,0.0,0.0,1.9429436,0.7817277,0.0,0.0,1.8702497,0.26089472,0.0,0.0,2.2507246,0.0,1.8151457,1.387776,0.0,0.0,0.0,0.2908908,0.0,1.5025615,0.6211903,0.96098745,0.0,0.0,0.0,0.14707462,0.0,0.32679266,0.0,0.22926337,0.0,0.034493595,1.3127213,0.12230575,0.0,0.0,0.0,1.3504469,0.08283472,0.0,0.0,1.3918355,0.0,0.0,0.0,0.0,0.0,0.0,0.0,0.0,1.4610806,0.0,0.0,1.0058103,1.3030107,0.0,0.0
U00729,0.0,0.66972494,0.0,0.0,0.0,0.0,0.0,0.0,0.0,0.6476046,0.93154585,0.0,0.0,0.0,0.28021723,0.0,0.0,1.4822799,0.0,1.0367532,0.38259423,0.0,0.28654492,0.0,1.0793922,0.0,1.0149448,0.06871593,1.6099461,0.0,0.0,0.57080066,1.5283586,0.0,0.0,0.0,0.028208584,0.0,0.5752752,0.47830355,1.2329767,0.5496962,0.7907399,0.0,1.0352943,1.0181297,0.74976945,1.0097091,0.6032122,0.0,0.0,0.0,0.0,0.0,0.052825212,0.0,0.0,1.264505,0.0,0.0,1.1396883,0.6652957,0.0,0.13896716
U00730,0.0,0.0,0.0,0.0,0.0,0.58437586,0.0,0.0,0.0,0.0,0.0,0.16171661,0.0,1.7459255,1.9032114,0.0,2.3292446,0.0,0.0,0.0,1.3876567,0.5554285,0.45870084,1.4245622,0.0,0.0,0.0,0.4744991,0.0,0.0,0.0,0.8610388,0.0,0.0,1.425519,0.0,0.45502558,0.0,1.1734475,0.46067,0.0,0.7824153,0.99793375,1.2819574,1.001492,0.9413444,2.25948,1.6232188,0.0,0.0,0.0,0.0,0.0,0.13370493,1.5560905,0.0,0.0,0.6666169,0.0,0.0,0.5278809,0.0,0.0,0.47172952
U00731,0.0,1.0084249,0.0,0.0,0.0,0.5877962,0.0,0.0,0.0,1.7135223,1.0348368,0.0,0.0,0.0,0.0,0.0,1.408183,0.1654377,0.0,1.0430727,0.11920667,0.831257,0.0,0.0,0.8679304,0.007817,0.32740712,0.4579544,1.9686083,0.0,0.0,0.09908104,1.7364987,0.0,0.25300366,0.0,0.7909334,0.0,0.0,1.7261754,0.16408214,0.0,0.0,0.44609585,0.60712594,0.0,0.0,0.0,1.2129968,0.0,0.0,0.99067724,0.0,0.0,0.0,0.0,0.0,0.62549573,0.0,0.0,0.0,0.0,0.07982248,0.0
U00732,0.0,0.9682503,0.0,0.0,0.0,0.0,0.0,0.0,0.0,0.4895146,0.14922886,0.0,0.0,2.366438,1.0235204,0.0,2.075746,0.9460441,0.0,0.6816056,0.99976724,0.49767846,0.0,0.8956029,0.0,0.0,0.0,1.8573387,0.0,0.0,0.0,0.0,0.0,0.0,1.1280563,0.24182928,0.9934341,0.0,0.0,0.6091261,0.0,0.0,0.3089336,1.0057371,0.22916937,0.0,0.67521256,0.41383263,0.91362596,0.0,0.0,0.488506,0.0,0.16318583,1.0382484,0.0,0.0,0.39614767,0.0,0.0,0.07357192,1.4441946,0.4109739,0.42361403
U00733,0.0,0.66818035,0.0,0.0,0.0,0.3741092,0.0,0.0,0.0,2.4794905,1.4149628,0.0,0.0,0.50114006,0.0,0.0,0.24474639,2.142254,0.0,1.5994297,0.0073008537,0.23437771,0.0,0.0,0.7145468,0.0,0.88113636,0.8764681,1.9151317,0.0,0.0,0.0,1.042343,0.0,0.0,0.0,0.8853742,0.0,0.0,1.132336,0.26696163,0.0,0.0,0.0,0.25676262,0.0,0.0,0.0,1.3536241,0.0,0.0,1.0803686,0.0,0.0,0.0,0.0,0.0,0.0,0.0,0.0,0.08274567,1.1311072,0.31122813,0.17570484
U00734,0.0,1.0784302,0.0,0.0,0.0,0.19981873,0.0,0.0,0.0,1.7730831,0.6540307,0.0,0.0,0.9404924,0.9334424,0.0,0.0,1.6137259,0.0,1.0859734,1.6725066,0.12541027,0.0,0.12990156,0.45554805,0.0,2.0595703,1.422275,0.9328329,0.0,0.0,0.045827925,0.11525282,0.0,0.9929743,0.0,0.8981986,0.0,0.3068363,1.3272982,0.0,0.38945,0.20831937,0.22254783,0.10801351,0.2966563,0.0,0.0,1.534677,0.0,0.0,0.252875,0.0,0.07317421,0.0,0.0,0.0,0.8729389,0.0,0.400609,0.73750585,1.0017389,0.0,0.034981668
U00735,0.0,0.61312836,0.0,0.0,0.0,0.1798715,0.0,0.0,0.0,1.4413497,0.54433346,0.0,0.0,1.0112505,0.36924285,0.0,0.5985416,1.4120191,0.0,0.5332637,1.5542748,0.39012098,0.0,0.40616888,0.0,0.0,0.8780236,1.3295933,1.0086914,0.0,0.0,0.22664857,0.7843252,0.0,0.31697685,0.0,0.93587136,0.0,0.26617953,1.0968328,0.0,0.053922832,0.1969322,0.5640429,0.0,0.0,0.99429584,0.5670235,0.6676916,0.0,0.0,0.6973665,0.0,0.0,1.0487419,0.0,0.0,0.7029078,0.0,0.0,0.24200654,1.4040563,0.0,0.035668015
U00736,0.0,1.1837883,0.0,0.0,0.0,0.0,0.0,0.0,0.0,0.20080256,0.0,0.0,0.0,1.0725105,0.7553459,0.0,1.9038187,1.8242712,0.0,0.0,1.287672,0.0,0.0,1.4683324,0.0,0.0,1.3996503,1.2424396,0.0,0.0,0.0,0.66728187,0.0,0.0,1.4198196,0.0,0.22547069,0.0,0.0,1.6738958,0.7130559,0.5587094,1.0410055,0.93832934,0.95763934,1.3362937,1.7554926,1.2033602,0.7035954,0.0,0.0,0.0,0.0,0.36943242,0.82815754,0.0,0.0,1.1821535,0.0,0.0,1.4867008,1.3915304,0.34235966,0.0
U00737,0.15730417,0.0,0.2140473,0.27018425,0.22162642,1.2103087,0.22067326,0.46366268,0.2991394,0.0,0.290103,0.14732821,0.0804766,0.0,0.59293365,0.1808897,0.0,0.584149,0.30845264,0.6900128,0.0,0.24189161,1.6741757,0.2846586,0.77326024,0.22865264,0.0,0.0,0.0,0.24495111,0.30551115,1.2984489,0.6743366,0.0,0.0,0.20267475,0.18272835,0.3109283,1.1404352,0.0,1.3543882,1.2915344,1.18828,0.0,0.1011796,0.3528589,3.1745973,2.6891537,0.0,0.4109577,0.25294256,0.0,0.12228861,0.0,0.974563,0.2457718,0.3059663,0.0,0.0,0.0,0.3252965,1.4386917,0.32642588,1.5813389
U00738,0.0,0.0,0.12930077,0.25763956,0.016061485,0.52152276,0.27630705,0.10402314,0.1778296,0.0,0.0,0.118031755,0.0,2.098192,0.86526537,0.0,0.7883734,0.1652565,0.080209285,0.0,0.42191696,0.0,0.19813186,1.7405183,0.0,0.24805361,0.0,0.80384815,0.0,0.0,0.07656923,0.80291665,0.0,0.22355661,1.3239065,0.8828131,0.4374833,0.17241624,0.511116,0.526397,0.1487703,0.6354753,1.3462836,0.969911,0.2674961,0.9633321,2.3740458,1.4193791,0.063687444,0.0,0.0,0.0,0.14549476,0.0,1.9640754,0.21545458,0.0,0.0,0.0,0.0,0.60765785,0.7675191,0.0,0.5857116
U00739,0.0,0.23821843,0.0,0.0,0.0,0.66180956,0.06793821,0.0,0.0,0.052684784,0.0,0.0,0.0,1.3948033,1.1460128,0.0,2.0119781,0.0,0.0,0.0,0.8073296,0.91450393,0.8297096,0.9346642,0.011669576,0.0,0.18383265,0.9398098,0.028536558,0.0,0.0,0.35355705,0.010057524,0.0,0.9620271,0.15568936,0.5257554,0.0,1.3844521,0.5574385,0.0,0.30510634,0.7761704,1.4219315,0.0,0.5566631,0.8167024,0.23081905,0.3715487,0.0,0.0,0.7257595,0.0,0.0,1.6132873,0.0,0.0,0.21346462,0.0,0.0,0.0,0.80478334,0.52973616,0.17288017
U00740,0.0,0.0,0.5722337,0.0,0.57399285,0.0,0.0,0.0,0.13079792,0.0,0.45535633,0.0,0.0,0.0,0.0,0.0,0.0,1.7172925,0.0,0.0,0.0,0.0,1.1190157,0.0,0.4524808,0.0,0.0,0.0,1.0677975,0.21990237,0.0,1.5541935,1.506109,0.0,0.0,0.0,0.0,0.037110716,1.7358848,0.0,2.338126,2.2318919,1.9104553,0.0,0.0,1.1773356,2.6665454,2.6921816,0.0,0.0,0.14580727,0.0,0.0,0.0,4.237651,0.20199457,0.0,0.0,0.0,0.0,0.22704786,2.9186819,1.2069509,0.7655268
U00741,0.0,0.0,0.0,0.0,0.0,1.9509836,0.0,0.0,0.0,0.029364467,1.1385646,0.0,0.0,0.3357609,0.2878754,0.0,0.0,1.6510859,0.0,0.26621962,0.1227597,0.3710301,0.45589513,0.70779467,0.9615432,0.0,0.0011042356,0.45093977,0.67111415,0.0,0.0,1.8692496,0.70391494,0.0,0.43948942,0.0,1.8205483,0.0,0.259985,0.0,1.1809888,1.8073707,1.8098582,0.86904603,0.0,0.6120896,2.4161186,1.8998016,0.08011663,0.0,0.0,1.0915427,0.0,0.42464545,1.2668775,0.0,0.0,0.0,0.0,0.51372063,0.06602579,1.538771,0.0,1.8848414
U00742,0.0,0.0,0.123837575,0.28335345,0.0,0.21422857,0.41358435,0.0,0.0,0.0,0.311431,0.059604347,0.11309208,0.57710826,1.1596195,0.0,0.1043784,0.2921722,0.020671785,0.0,0.37966156,0.30169177,1.3588827,1.0722392,0.07963604,0.26200116,1.2281289,0.0,0.0,0.4041388,0.6037899,0.0,0.39914232,0.0,0.009567499,0.2702607,0.0,0.06346089,1.5429158,0.0,0.42861032,0.49552864,1.1038643,0.0,0.0,0.6045977,2.1342382,1.81361,0.0,0.12550919,0.004019672,0.0,0.0013563037,0.0,1.2562171,0.0,0.03241515,0.33291006,0.0046029985,0.0,0.57286006,2.9089518,0.0,0.15179098
U00743,3.0025108,0.009570122,2.7110384,3.2718089,1.9347816,0.0,3.2104588,2.1726918,2.8013508,0.063566685,0.0,1.8483003,2.1288927,0.1419754,0.14469707,2.6770518,0.0,0.0,3.0960965,0.21220589,0.25405037,0.0,0.0,0.0,0.0,2.7268238,0.11943281,0.18895483,0.0,2.48173,2.548299,0.0,0.0,2.9496083,0.07643026,3.2393053,0.0,2.88582,0.0,0.18201578,0.0,0.0,0.0,0.0,0.10620344,0.078056216,0.0,0.0,0.09459257,2.9713216,2.5915563,0.0,2.531704,0.0,0.0,3.0856993,2.755408,0.15412784,1.979383,0.0,0.13029408,0.0,0.7929578,0.0
U00744,0.0,1.3014002,0.0,0.0,0.0,0.0,0.0,0.0,0.0,1.6756554,0.48996994,0.0,0.0,0.8354726,0.35905403,0.0,0.15325427,2.1382637,0.0,1.8763533,1.2885146,0.05455473,0.0,0.0,0.0,0.0,1.361392,1.0474169,1.3462845,0.0,0.0,0.0,0.6796468,0.0,0.6012588,0.0,0.35617653,0.0,0.0,1.9791787,0.05387363,0.0,0.0,0.0,1.0184921,0.18319952,0.0,0.0,1.2362727,0.0,0.0,0.39916646,0.0,0.0,0.0,0.0,0.0,1.6756241,0.0,0.0,0.68514365,0.0,0.0,0.0
U00745,0.08076644,0.41883445,0.0,0.0,0.0,0.8837439,0.0,0.0,0.0,1.0921751,0.8754697,0.0,0.0,0.10570955,0.6855135,0.0,0.981049,1.1881915,0.0,1.5797151,0.377957,0.9404922,0.36732203,0.0,0.60452735,0.0,0.9744376,0.7500339,1.4945613,0.0,0.0,0.14016849,1.23053,0.0,0.60451007,0.09033537,0.6481295,0.0,0.2892071,1.2357559,0.24527851,0.034747988,0.34736624,0.60059446,0.32080245,0.2709415,0.14216584,0.25235778,0.6414235,0.0,0.0,0.8339778,0.0,0.0,0.0,0.0,0.0,0.28161418,0.0,0.0,0.0,0.43511277,0.0,0.0
U00746,0.15797383,1.3488933,0.0,0.15752405,0.0,0.4372646,0.0,0.06819856,0.0,1.7104298,1.1621531,0.036242608,0.021090254,0.0,0.010922074,0.08620581,1.5532196,0.0,0.2125332,0.34880042,0.0,0.8415056,0.27543885,0.0,1.2658446,0.26918936,0.5183642,0.42699528,1.6449198,0.0,0.0,0.0,1.5889574,0.37664336,0.0,0.0,0.8944671,0.0,0.121370636,1.6286387,0.0,0.0,0.0,0.7282784,0.0,0.0,0.0,0.0,1.1742831,0.31500396,0.13591182,1.00875,0.0,0.0,0.16838765,0.31318423,0.3313891,0.0,0.0,0.0,0.0,0.047717903,0.17890844,0.0
U00747,0.34929764,0.16479832,0.32911545,0.5879136,0.5309926,0.7213383,0.28404796,0.0,0.3219731,2.4488432,1.9365389,0.21041201,0.59918135,0.0,0.0,0.49942416,0.5440198,0.0,0.4229731,1.7294273,0.0,0.8972229,0.0,0.0,1.7978394,0.4172868,0.0,0.0,3.127903,0.114251204,0.25093505,0.20774716,2.5024512,0.32687265,0.0,0.8658551,1.6369998,0.27766255,0.0,0.5323781,0.0,0.0,0.0,0.0,0.0,0.0,0.0,0.0,1.0994222,0.42163458,0.5537231,1.7621843,0.5097679,0.0,0.0,0.42027652,0.3544236,0.0,0.28270814,0.0,0.0,0.0,1.3239311,0.41550064
U00748,0.0,1.2574892,0.0,0.0,0.0,0.0,0.0,0.0,0.0,1.9118552,0.88945127,0.0,0.0,0.27016985,0.20042199,0.0,0.0,1.7568481,0.0,1.5004997,1.1046541,0.0,0.0,0.0,0.5371102,0.0,1.2315798,0.7423629,1.515553,0.0,0.0,0.0,1.0589818,0.0,0.061667204,0.0,0.33657572,0.0,0.0,1.8006004,0.33169925,0.0,0.0,0.0,1.1732016,0.18385923,0.0,0.053139642,1.4928339,0.0,0.0,0.17091481,0.0,0.0,0.0,0.0,0.0,1.6064346,0.0,0.0,1.1086259,0.2937029,0.0,0.0
U00749,0.0,0.0,0.0,0.0,0.19420384,1.2224711,0.0,0.0,0.0,1.3244267,2.3469882,0.0,0.005333036,0.55780756,0.0,0.0,0.0,2.1302378,0.0,1.9497117,0.0,0.7107655,0.0,0.0,1.5579429,0.0,0.0,0.0,1.7771752,0.03711926,0.0,1.6080999,1.5217111,0.0,0.0,0.0,1.7520864,0.0,0.0,0.0,0.57669336,0.20715797,0.0,0.0,1.2942237,0.0,0.6518719,0.9977788,0.45730752,0.0,0.0,1.512715,0.0,0.0,0.0,0.0,0.0,0.0,0.0,0.0,0.13797039,0.35925096,0.97733843,1.7522547
U00750,0.39181948,1.2297037,0.32658434,0.26089546,0.0,0.0,0.51687604,0.2950803,0.44473922,0.6056478,0.0,0.112343565,0.30854315,2.048088,2.1470146,0.43011844,0.0,1.8823111,0.29208654,1.7792689,2.6240563,0.0,0.0,0.47422123,0.0,0.2253566,1.5242814,1.8777969,0.0,0.17798558,0.23325089,0.0,0.0,0.24447244,1.7059066,1.2886366,0.0,0.24066058,0.6961707,1.8943937,0.0,0.0,0.12186785,0.23447792,1.3949885,1.0761943,0.0,0.0,1.2455268,0.28140426,0.3600717,0.0,0.28562176,0.0,0.0,0.32360154,0.20290786,1.5808395,0.033991277,0.21963808,1.1908758,0.0,0.0,0.0
U00751,0.0,0.8773759,0.0,0.0,0.0,0.36385438,0.0,0.0,0.0,0.26422322,0.0,0.0,0.0,2.5083086,0.8844873,0.0,1.1320977,1.3296877,0.0,0.6266272,1.5240424,0.4814692,0.0,1.1620033,0.0,0.0,0.16909337,1.3047104,0.0,0.0,0.0,0.75982356,0.0,0.0,1.7273874,0.0,0.68447727,0.0,0.0,1.5083706,0.0094463825,0.38560742,0.783743,0.62891185,1.8463465,0.9959874,1.4304842,0.7227274,1.0373964,0.0,0.0,0.39120197,0.0,0.3471605,0.062054038,0.0,0.0,1.3518943,0.0,0.46442914,1.0651233,0.0,0.048431218,0.1723696
U00752,0.0,1.4572922,0.0,0.0,0.0,0.3147646,0.0,0.0,0.0,1.2763277,0.56368077,0.0,0.0,0.19626749,0.86310196,0.0,0.3632114,0.34654808,0.0,0.38837934,0.84416467,0.6066327,0.22164494,0.40454686,0.30642813,0.0,1.6745615,0.8704343,0.42235196,0.0,0.0,0.0,0.73111653,0.0,0.06858152,0.0,0.521603,0.0,1.022099,1.4720881,0.0,0.0,0.66433525,0.5203739,0.0,0.009331107,0.5676773,0.38920876,0.98992926,0.0,0.0,0.5115346,0.0,0.0060641766,0.49873602,0.0,0.0,0.73904884,0.0,0.0,0.25055653,1.5453241,0.0,0.0
U00753,0.0,0.22389609,0.007589668,0.25723794,0.0,0.5528002,0.021351755,0.0,0.0,0.0,0.0,0.0,0.0,0.6204147,1.0121776,0.018476665,1.3780961,0.0,0.0,0.0,0.31732273,0.8585883,1.7383289,1.0907118,0.58039784,0.06787661,0.593289,0.0,0.0,0.056570284,0.0,0.6320647,0.0,0.0,0.3657757,0.08737385,0.0,0.0,2.9855874,0.005580783,0.6907671,0.6730991,1.3159138,0.5630456,0.7973996,1.322915,2.0535345,0.80160177,0.0,0.0,0.0,0.0,0.09550376,0.0,2.5058608,0.0016998649,0.23935315,0.8266608,0.0,0.0,0.49868882,1.9449244,0.06820643,0.062470138
U00754,0.0,0.28346997,0.04956065,0.26851463,0.0,0.0,0.23127306,0.2717461,0.12559377,0.0,0.0,0.31798017,0.12945047,1.8757162,1.7251232,0.13633636,1.8127954,0.0,0.0,0.0,1.8111154,0.5736097,0.53463846,1.0038966,0.0,0.095345765,0.47095925,0.8391384,0.0,0.3163395,0.10292637,0.1466223,0.0,0.1414941,1.5609767,0.0,0.0,0.16250336,1.5592347,0.95722544,0.0,0.0,0.46961343,1.0522213,1.0436928,0.78584474,1.3746458,0.19920018,0.22281045,0.16693835,0.0,0.0,0.43887055,0.0,1.2734021,0.047100604,0.21291769,1.4792818,0.0,0.0,0.37193844,0.0,0.0,0.0
U00755,0.0,0.65025127,0.0,0.0,0.0,0.26134717,0.0,0.0,0.0,2.0150013,0.52888894,0.0,0.0,0.80497205,0.0,0.0,0.08427161,1.4919937,0.0,1.1528549,0.97899556,0.46411353,0.0,0.0,0.22403777,0.0,1.1195316,1.4668989,1.3140174,0.0,0.0,0.0,0.73121697,0.0,1.0563704,0.0,0.43949795,0.0,0.0,1.2609365,0.0,0.0,0.0,0.52372545,0.09398174,0.0,0.0,0.0,1.6223309,0.0,0.0,0.86613345,0.0,0.0,0.0,0.0,0.0,1.09524,0.0,0.0,0.0,0.11329682,0.0,0.0
U00756,0.0,1.65544,0.0,0.0,0.0,0.0,0.0,0.0,0.0,0.8771873,0.0031862333,0.0,0.0,0.0,1.2615781,0.0,1.0143915,0.6240512,0.0,0.0,1.4487604,0.0,0.33196372,1.0018728,0.0,0.0,2.631637,0.9807363,0.0,0.0,0.0,0.016207933,0.0,0.0,0.9355211,0.057201743,0.0,0.0,0.455662,1.7271808,0.6951093,0.0,0.8969369,0.7835246,0.31778443,0.97825724,0.60065556,0.6070304,0.9323976,0.0,0.0,0.0,0.0,0.1076656,0.14910293,0.0,0.0,1.2278455,0.0,0.0,1.163175,1.076749,0.051786125,0.0
U00757,0.0,0.0,0.0,0.0,0.0,1.1166792,0.0,0.0,0.0,0.0,0.5829412,0.0,0.0,0.6158096,0.7323469,0.0,1.7767594,0.014018774,0.0,0.28359485,0.01897335,1.354296,1.8688884,0.47882402,1.3967295,0.0,0.0,0.0,0.74284136,0.0,0.0,1.3800373,0.94348407,0.0,0.21448576,0.0,0.61270726,0.0,1.5892413,0.0,0.7397706,1.1978458,0.77023035,0.9892025,1.2412586,0.82034254,1.3717015,1.1086315,0.0,0.0,0.0,0.37028414,0.0,0.108085394,1.4928409,0.0,0.0,0.0,0.0,0.0661372,0.16961175,0.59980965,0.0,1.006146
U00758,0.0,0.0,0.0,0.0,0.0,0.90287304,0.0,0.0,0.0,0.0,0.8924128,0.0,0.0,0.0,1.455262,0.0,1.537178,0.0,0.0,0.54784036,0.0,1.0459229,2.1813796,0.0,1.5786042,0.0,0.0,0.0,1.046573,0.0,0.0,1.2331125,1.4802779,0.0,0.0,0.0,0.5286888,0.0,2.0060894,0.0,0.8451771,1.0117527,0.10101515,0.6406363,1.5775182,0.38181245,0.83815014,1.0591197,0.0,0.0,0.0,0.37886482,0.0,0.06604043,1.1793209,0.0,0.0,0.0,0.0,0.0,0.0,0.15499318,0.0,1.287858
U00759,0.0,0.0,0.0,0.0,0.0,0.4608098,0.0,0.0,0.0,0.0,0.66611755,0.0,0.0,0.0,0.19424629,0.0,1.501935,0.0,0.0,0.0,0.0,0.992828,2.1329255,0.75953317,0.9382336,0.0,0.024455309,0.0,1.2233444,0.0,0.0,1.1640564,1.1553591,0.0,0.0,0.0,0.0,0.0,2.4307427,0.0,0.94503766,1.5492611,0.8270104,0.6443242,0.21860778,1.071577,0.7662554,0.0019283444,0.0,0.0,0.0,0.5387423,0.0,0.0,2.5758781,0.0,0.0,0.0,0.0,0.0,0.0,2.115661,0.76809686,0.40804076
U00760,0.0,0.0,0.0,0.0,0.0,1.0958129,0.0,0.0,0.0,0.0,0.30171648,0.0,0.0,0.8637713,0.5691261,0.0,0.21943337,1.5899565,0.0,0.17141223,0.48379743,0.48765588,0.7460535,1.1009848,0.0,0.0,0.0,0.23275936,0.40437555,0.0,0.0,1.2567569,0.5155137,0.0,0.18157065,0.0,0.60227984,0.0,0.47202572,0.0,0.73836595,1.9439874,1.2833375,0.0,0.0,0.53374654,2.060999,2.0010324,0.0,0.0,0.0,0.34060958,0.0,0.13656935,1.7393664,0.0,0.0,0.019486904,0.0,0.0,0.0117896795,1.6269876,0.0,1.0526458
U00761,0.0,1.2318361,0.0,0.0,0.0,0.016514495,0.0,0.0,0.0,0.20279253,0.0,0.0,0.0,0.46749502,1.7912643,0.0,0.8917382,0.0,0.0,0.0,1.2615815,0.8943885,1.751503,0.45673066,0.50601375,0.0,1.6689172,0.9682083,0.3152535,0.0,0.0,0.0,0.28124177,0.0,0.4288975,0.0,0.0,0.0,3.6817935,0.25397944,0.0,0.30024874,0.73915404,0.5156622,0.019167304,0.6855988,0.86103785,0.17848423,0.32874107,0.0,0.0,0.016241044,0.0,0.054211617,2.0589824,0.0,0.0,0.80432075,0.0,0.025954138,0.41613433,0.9405502,0.0,0.21634245
U00762,0.0,0.4940216,0.07799129,0.1342988,0.0,0.014904767,0.0,0.0,0.1609603,0.0,0.0,0.37161964,0.28069353,0.9838336,2.500952,0.0,1.9183758,0.0,0.0,0.0,1.1902821,0.53493845,1.6418033,0.674792,0.0,0.08364725,0.6195069,1.0163788,0.0,0.18731937,0.30298775,0.0,0.0,0.02788636,1.0106094,0.0,0.0,0.0,3.9114237,0.0,0.0,0.0,0.46708226,2.3816712,0.0,0.42256045,0.3782332,0.0,0.09476948,0.0126927495,0.0,0.0,0.81190294,0.0,3.8022542,0.0,0.26027516,0.0,0.65745306,0.0,0.0,2.3896823,0.0,0.011784732
U00763,0.0,0.70848095,0.0,0.0,0.0,0.40157202,0.0,0.070555046,0.0,0.099721074,0.0933729,0.0,0.0,1.1205322,1.7529721,0.0,1.824837,0.200346,0.0,0.7541293,0.84483045,0.5119551,1.0104437,0.6836319,0.64624083,0.0,0.3123653,0.3403666,0.0,0.0,0.0,0.5199909,0.36917782,0.0,0.75352395,0.0,0.4433297,0.0,1.3747196,0.037037015,0.011188179,0.4319595,0.41852966,0.82554686,0.9500188,1.0138896,0.9369482,0.7261534,0.11527336,0.0,0.0,0.34473613,0.0,0.15689585,0.93295753,0.0,0.0,0.36868638,0.0,0.0666699,0.41968623,0.13579392,0.113280535,0.6853951
U00764,0.39839736,0.7321643,0.4662178,0.44640613,0.1058528,0.0,0.4991464,0.37102482,0.85728186,0.0,0.0,0.37695545,0.71368957,2.3467176,2.8988013,0.54022926,0.0,0.6134553,0.2871153,0.20965815,2.8859258,0.0,0.0,1.0653126,0.0,0.41809738,1.4640896,1.4391443,0.0,0.52691984,0.37890464,0.0,0.0,0.23319879,1.9554739,1.3156023,0.0,0.120842665,1.7544917,1.524107,0.0,0.0,0.5493835,0.5797174,1.0053906,1.4134771,0.0,0.0,0.67492723,0.46781135,0.6549748,0.0,0.8415418,0.0,0.0,0.31489068,0.41808012,1.6406126,0.20144847,0.11504708,1.2974474,0.0,0.0,0.0
U00765,0.0,0.0,0.0,0.0,0.13354929,0.74390626,0.0,0.0,0.021600947,0.0,0.0,0.0,0.0,1.4634817,3.1288598,0.0,0.88799256,0.0,0.0,0.0,1.1852328,0.0,1.3050437,2.2335312,0.022309422,0.020262241,1.215968,0.5654572,0.0,0.0,0.0,0.26234752,0.0,0.0,1.9362092,0.3142556,0.0,0.0,2.3242104,0.0,0.22917429,1.1797857,1.5120518,1.9587581,0.0,0.75457656,1.9570812,0.30661634,0.0,0.0,0.0,0.0,0.0,0.0,2.0025134,0.0,0.0,0.0,0.0,0.0,0.0,1.2745733,0.0,0.92616725
U00766,0.0,1.5421319,0.0,0.0,0.0,0.30847448,0.0,0.0,0.0,1.2515776,0.592224,0.0,0.0,0.17044938,1.4565783,0.0,0.55128646,0.0,0.0,0.30194807,0.88659406,1.0854328,1.0746465,0.3847667,0.7001507,0.0,2.033082,0.7526106,0.66553116,0.0,0.0,0.0,0.7449359,0.0,0.4245335,0.0,0.30173624,0.0,1.5326223,1.2684441,0.0,0.0,0.0,0.0369581,0.0,0.0,0.21689433,0.08766444,1.0204057,0.0,0.0,0.45007995,0.0,0.011565268,0.2651074,0.0,0.0,0.9305721,0.0,0.029935682,0.07051194,0.5448737,0.0,0.0
U00767,0.10167718,0.0,0.38305223,0.20917371,0.0,1.4541105,0.14198738,0.0,0.10788726,0.027969003,1.2880162,0.0,0.0,0.0,0.0,0.0,2.2294712,0.0,0.25313663,0.0,0.0,2.1076083,1.6099648,0.0,1.3367193,0.0,0.0,0.0,1.9027841,0.040489975,0.052948356,1.017191,1.8468037,0.1323424,0.0,0.56142294,0.894343,0.1790148,1.3343071,0.0,0.004931301,1.0327829,0.0,1.2605611,0.6074022,0.043362617,0.0,0.08660045,0.07019317,0.0,0.0,1.4107627,0.027789414,0.0,1.3080114,0.0,0.28730375,0.0,0.0,0.0,0.0,0.0,1.181319,0.6599058
U00768,0.0,1.0816476,0.0,0.0,0.0,0.0,0.0,0.0,0.0,1.0194056,0.30145815,0.0,0.0,0.0,0.34272736,0.0,2.1151047,0.12066102,0.0,0.354522,0.55418813,0.026307046,0.4323632,0.37810963,0.18674642,0.0,0.9279009,0.75206745,1.1260483,0.0,0.0,0.5872705,0.8909999,0.0,0.62081826,0.0,0.0004233122,0.0,0.96419585,1.2434316,0.65533036,0.36738354,0.49685264,0.9921967,0.9615909,1.0544503,0.024514109,0.0,0.6516257,0.0,0.0,0.7640872,0.0,0.21666393,1.1888653,0.0,0.0,0.33667088,0.0,0.02295558,0.0,0.37217554,0.9970697,0.0
U00769,0.101465285,0.0,0.21163407,0.032779396,0.0,1.5508659,0.0,0.0,0.16812766,0.0,0.22774786,0.18059644,0.0,1.1476941,1.2001615,0.14232475,1.8665459,0.0,0.25063488,0.0,0.0,1.1518924,2.062539,1.5524284,0.6741531,0.28988248,0.0,0.0,0.0,0.21507919,0.12497455,1.4318061,0.018271059,0.0,0.0,0.04927826,0.38398808,0.22156064,1.5942923,0.0,0.50560206,1.8423705,1.539415,0.6914235,0.24072933,0.41566753,3.4858255,2.6875775,0.0,0.0635142,0.0,0.0,0.015435293,0.030267835,2.4983535,0.0,0.09289609,0.0,0.0,0.0,0.0,1.5695722,0.3271075,1.5993958
U00770,0.27882797,0.14198792,0.032097757,0.0,0.26054168,0.28044027,0.061451614,0.0015123188,0.18402374,0.48159552,0.659045,0.0,0.09745601,0.0,0.0,0.0,0.0,0.6205267,0.12760872,1.5533103,0.0,0.35746193,0.23093808,0.0,1.048273,0.0818921,0.0,0.0,1.3610177,0.24250104,0.067095086,0.671208,1.3844861,0.2112819,0.0,0.0,0.19434369,0.3237051,0.90161884,0.18056214,0.67343885,0.82788527,0.0,0.0,1.1607095,0.46387672,1.2607293,1.1437587,0.0,0.08547896,0.059233062,0.0,0.19272652,0.0,0.17374694,0.4287818,0.21233359,0.6516378,0.1896641,0.0,0.5658371,0.0,0.5277711,0.25857735
U00771,0.0,0.0,0.0,0.0,0.0,1.1087909,0.0,0.0,0.0,0.71153635,1.1526587,0.0,0.0,0.0,0.09580505,0.0,0.70008004,0.7590604,0.0,0.77565503,0.0,0.8053216,0.90063065,0.0,1.2529846,0.0,0.023201466,0.108150005,1.8282143,0.0,0.0,1.0262591,1.7044008,0.0,0.0,0.0,1.1906037,0.0,1.0245426,0.0,0.5214009,1.0224309,0.28981933,0.7998842,0.4104365,0.2743479,0.0,0.2684355,0.29202962,0.0,0.0,1.2925386,0.0,0.0,0.78664124,0.0,0.0,0.0,0.0,0.0,0.0,0.2549978,0.45455274,1.2086983
U00772,0.0,1.2096642,0.0,0.0,0.0,0.054618716,0.0,0.0,0.0,1.3265117,0.0,0.0,0.0,1.8135133,1.4588857,0.0,0.0,1.882354,0.0,1.1587096,2.3060477,0.13749096,0.0,0.23097777,0.0,0.0,1.8380314,1.497127,0.3738789,0.0,0.0,0.0,0.0,0.0,1.62844,0.0,0.20758575,0.0,1.3438607,1.7438759,0.0,0.0,0.20767736,0.15315291,1.1899267,0.5965417,0.26496437,0.0,1.4249684,0.0,0.0,0.0,0.0,0.15473172,0.0,0.0,0.0,1.4023304,0.0,0.3770432,0.9262567,0.0,0.0,0.0
U00773,0.0,0.45000225,0.0,0.0,0.0,0.8516538,0.0,0.0,0.0,0.58052695,0.37515664,0.0,0.0,1.1047465,1.0119604,0.0,1.5167357,0.7423581,0.0,0.27826405,1.0036767,0.96238244,0.46360034,0.51987803,0.45189595,0.0,0.6659267,1.1577641,0.722933,0.0,0.0,0.52392066,1.0041779,0.0,0.7851416,0.0,1.0380812,0.0,1.5939814,0.139287,0.0,0.6612433,0.7900784,1.3932059,0.0,0.22189677,1.0004175,0.9534035,0.51705,0.0,0.0,0.8918612,0.0,0.049234957,1.6785454,0.0,0.0,0.03832829,0.0,0.0,0.0,1.3837658,0.18162853,0.7064086
U00774,0.0,0.44076788,0.0,0.0,0.0,0.79915845,0.040643513,0.10959239,0.0,0.50157547,0.87146664,0.0,0.0,0.0,0.48691648,0.0,2.3605542,0.20713544,0.13898423,0.84457827,0.0,0.82391673,0.66962165,0.0,1.1492943,0.0,0.0,0.10752857,1.1363943,0.0,0.0,0.3391894,1.6887355,0.0,0.0,0.093565345,1.0285088,0.0,0.37723815,0.0,0.0,0.3740477,0.33282632,1.6228657,0.0,0.09008491,0.0,0.729154,0.29841888,0.0,0.0,1.1705507,0.0,0.0,1.0884665,0.02313757,0.0,0.0,0.0,0.0,0.0,1.3242992,0.4361992,0.7844578
U00775,0.0,0.85546577,0.0,0.0,0.0,0.4229165,0.021350741,0.0,0.03573349,1.2856705,0.08674011,0.111099005,0.0,0.60634214,0.45935726,0.0,0.76336515,0.681823,0.0,0.5295718,0.96581703,0.6390505,0.0,0.0,0.0,0.0,1.3776388,1.3767533,0.80388707,0.050112728,0.0,0.0,0.41331935,0.0,0.79870707,0.0,0.43470138,0.13026497,0.59389305,1.1430995,0.0,0.0,0.0,0.9629211,0.0,0.0,0.0,0.0,1.0921606,0.114421085,0.0,0.7423767,0.06739609,0.0,0.0,0.0,0.0,0.5102729,0.15360627,0.0,0.0,0.0,0.0,0.0
U00776,0.0,2.0029798,0.0,0.0,0.0,0.0,0.0,0.028791323,0.0,2.9007323,0.0,0.00079838745,0.23000084,1.7364328,0.0,0.0,0.0,1.6322553,0.0,0.8651422,2.200603,0.0,0.0,0.0,0.0,0.0,3.0471501,2.2973595,0.0,0.0,0.12168221,0.0,0.0,0.0,0.35927147,0.0,0.0,0.0,0.19122382,2.2485657,0.0,0.0,0.0,0.0,0.0,0.0,0.0,0.0,1.8646584,0.22752911,0.30309013,0.0,0.0,0.0,0.0,0.0,0.31677487,2.404865,0.4941221,0.0,0.5748863,0.6837368,0.0,0.0
U00777,0.0,0.33089793,0.0,0.0,0.0,0.47433862,0.0,0.0,0.0,0.50019085,0.4563323,0.0,0.0,1.0206237,1.2267469,0.0,0.98670506,0.8593836,0.0,1.3940616,0.26147366,0.6576183,0.98983496,0.20684482,0.74102104,0.0,0.3760568,0.27749288,0.28148818,0.0,0.0,0.2570336,0.6734363,0.0,0.12221807,0.0,0.5928666,0.0,1.0044606,0.16478515,0.6618035,0.5404426,0.48923773,0.41969582,1.1356163,0.9356729,1.2289989,0.7578784,0.39618433,0.0,0.0,0.4872342,0.0,0.12484786,0.6538011,0.0,0.0,0.17794955,0.0,0.10699889,0.4423823,1.1825658,0.20036122,0.640857
U00778,0.0,1.0511982,0.0,0.21756622,0.0,0.0,0.09911704,0.39580876,0.5477593,0.0,0.0,0.0915194,0.29324841,0.7701293,1.9411827,0.25851348,1.8746574,0.0,0.0,0.0,0.9642213,0.0,2.1510682,1.6485564,0.0,0.0,1.5272714,0.0,0.0,0.1297932,0.0,0.36397147,0.0,0.0,0.8037224,0.0,0.0,0.0,2.362354,0.10837686,0.3428898,0.7909858,0.80158603,0.4068669,0.4995954,1.3679848,1.5526097,0.26310474,0.0,0.21446028,0.0,0.0,0.33662468,0.20636478,1.6892024,0.0,0.0,0.634264,0.19955277,0.027683329,0.8082716,0.46966955,0.0,0.0
U00779,0.0,1.0422068,0.0,0.0,0.0,0.3592197,0.0,0.21262953,0.0,0.8024312,0.37391746,0.0,0.0,0.7454942,1.5328747,0.0,0.6592083,0.19391036,0.0,1.2928644,0.71712023,0.7793371,1.0862949,0.15768191,0.7881868,0.0,1.0496905,0.52164555,0.5426844,0.0,0.0,0.0,0.48813063,0.0,0.46864998,0.0,0.31915417,0.0,1.1715381,0.4829365,0.0,0.0,0.044843346,0.0,0.55783635,0.15168124,0.47692293,0.12627098,0.6325381,0.0,0.0,0.20309038,0.0,0.0,0.018509269,0.0,0.0,0.35839373,0.025639832,0.0,0.20375204,0.32232416,0.0,0.33220744
U00780,0.0,0.0,0.0,0.0,0.0,0.79262936,0.0,0.0,0.0,0.3912158,1.6543071,0.0,0.0,0.0,0.0,0.0,0.0,0.9118185,0.0,0.8842679,0.0,0.48590583,1.1688626,0.0,1.9835413,0.0,0.0,0.0,2.0174346,0.0,0.0,0.9736241,2.0017736,0.0,0.0,0.0,0.28657094,0.0,0.56167483,0.0,1.1284409,0.9983927,0.0,0.0,0.54742956,0.0,1.3408799,1.3827271,0.0,0.0,0.0,0.3673615,0.0,0.0,0.6997982,0.0,0.0,0.0,0.0,0.0,0.40404868,1.5148517,0.38109225,1.7031603
U00781,0.0,1.9462972,0.0,0.0,0.013901457,0.0,0.0,0.0,0.0,2.3946593,0.0,0.0,0.0,2.47142,0.0,0.0,0.0,2.210336,0.0,1.7966175,2.2598586,0.0,0.0,0.0,0.0,0.0,0.9966148,3.0068107,0.0,0.0,0.0,0.0,0.0,0.0,1.6574321,0.14981854,0.7474433,0.0,0.0,2.5848162,0.0,0.0,0.0,0.15563785,0.9782993,0.0,0.0,0.0,2.2219706,0.09925814,0.0,0.3403431,0.0,0.0,0.0,0.0,0.0,2.002831,0.0,0.0,0.7689111,0.0,0.46461892,0.0
U00782,0.043824553,0.23400873,0.39183593,0.22287273,0.3783068,0.04243484,0.32932606,0.25786135,0.35652417,0.0,0.0,0.6209164,0.114684045,1.0426211,1.1045787,0.32052165,1.8009665,0.0,0.2509718,0.0,0.94014424,0.39575937,0.96504074,1.5714742,0.0,0.29277718,0.17239523,0.7197319,0.0,0.5694041,0.4143175,0.34211326,0.0,0.36398268,1.1125196,0.1984402,0.0,0.41126412,1.7444042,0.33817565,0.0,0.5002647,0.7634542,1.293836,0.0,0.83236015,1.5175581,0.0,0.09100211,0.45917833,0.0,0.0,0.5744322,0.0,2.6618776,0.2978183,0.43800318,0.31899953,0.68300694,0.0,0.0,1.999559,0.42350748,0.0
U00783,0.38927078,1.5607257,0.22431883,0.16072291,0.0,0.0,0.25110656,0.07284604,0.12079016,1.5454566,0.0,0.0,0.109114945,1.6935709,0.9547158,0.37337977,0.0,2.6958315,0.19242957,2.7007947,1.897475,0.0,0.0,0.0,0.0,0.2969039,1.3531189,2.0808628,0.13130301,0.0,0.21815337,0.0,0.0,0.37443238,1.3378786,1.2439015,0.02607739,0.23456779,0.0,2.0711827,0.0,0.0,0.0,0.0,1.78195,0.6339336,0.0,0.0,1.6786662,0.22616881,0.23584932,0.0,0.0,0.0,0.0,0.26177797,0.03393519,1.4874613,0.0,0.14971223,1.1167961,0.0,0.5398475,0.0
U00784,0.037990272,0.6870756,0.09375027,0.27099177,0.0,0.98095334,0.16097087,0.0,0.20262954,1.8505111,2.0517468,0.0,0.33752215,0.0,0.0,0.020688891,1.0949901,0.0,0.23530158,0.90659773,0.0,1.1496359,0.10841972,0.0,2.3132422,0.3122542,0.0,0.0,2.9651847,0.0,0.06274164,0.07727307,3.0438995,0.19707564,0.0,0.13504374,1.3740205,0.0,0.0,0.005764842,0.20227885,0.0,0.0,0.2706622,0.0,0.0,0.0,0.0,0.8405293,0.20639344,0.031752784,1.9799225,0.4227619,0.0,0.0,0.28955424,0.026765943,0.0,0.0,0.0,0.0,0.0,0.68036795,0.60573375
U00785,0.44185796,1.4368374,0.0,0.3651727,0.0,0.0,0.12015653,0.0,0.07337953,1.0007243,0.0,0.0,0.0,1.2625251,1.4828047,0.4049644,0.561992,2.7240877,0.12130633,3.0806613,1.9552531,0.0,0.0,0.5175887,0.0,0.0,0.18469143,2.4133263,0.0,0.07831867,0.039286837,0.0,0.0,0.09337205,1.3757128,0.8132385,0.051192015,0.0,0.0,1.298954,0.0,0.0,0.6187099,0.0,1.7630988,1.2345973,0.0,0.0,1.42859,0.14310704,0.026746698,0.0,0.0,0.18327352,0.0,0.07304609,0.0,1.5127519,0.0,0.057595704,0.8035931,0.0,1.1620086,0.0
U00786,0.029339552,1.3977895,0.0,0.058147848,0.0,0.45973954,0.0,0.0,0.0,2.0745652,1.2074007,0.0,0.0,0.0,0.0,0.0,0.79984665,0.0,0.0,1.1095269,0.0,0.7684288,0.0,0.0,0.8789122,0.0,0.16702712,1.0505633,2.0136313,0.0,0.0,0.0,1.7717535,0.0,0.0,0.20173466,1.1705372,0.0,0.0,1.6248277,0.0,0.0,0.0,0.31128377,0.0,0.0,0.0,0.0,1.4815241,0.27584583,0.0,1.2688731,0.0,0.0,0.0,0.0,0.0,0.23037422,0.0,0.0,0.0,0.0,0.4838177,0.0
U00787,0.0,0.2462306,0.0,0.0,0.038620323,0.9259505,0.0,0.0,0.0,2.6083493,2.5476825,0.0,0.0,1.1360266,0.0,0.0,0.0,2.0662925,0.0,1.9813277,0.0,0.5109676,0.0,0.0,1.6835566,0.0,0.0,0.18351519,2.0476642,0.0,0.0,0.49092603,1.3641713,0.0,0.0,0.0,1.9005615,0.0,0.0,0.6506127,0.0,0.0,0.0,0.0,1.0998483,0.0,0.0,0.0,1.6296704,0.0,0.0,1.6635128,0.0,0.27107933,0.0,0.0,0.0,0.0,0.0,0.0,0.15089804,0.20531784,0.9337103,1.4007187
U00788,0.0,0.0,0.30954227,0.0,0.5719957,1.191746,0.33055207,0.010909274,0.15330546,0.0,1.8831449,0.0,0.14774473,0.0,0.0,0.09356025,0.0,0.0,0.3791356,0.3132577,0.0,0.6227442,2.705024,0.0,2.0020354,0.36098105,0.0,0.0,0.98875594,0.7125604,0.0,2.3064306,1.5464438,0.21069464,0.0,0.0,0.0,0.32112288,0.10892758,0.0,2.2518463,2.150969,0.44224787,0.0,1.6478497,0.0,4.0212207,3.481847,0.0,0.0,0.0,0.0,0.054210395,0.0,1.5619434,0.053533077,0.26961815,0.0,0.0,0.0,0.69597036,1.4988368,0.72875035,2.535818
U00789,0.0,0.6247535,0.0,0.0,0.0,0.32138845,0.0,0.0,0.0,0.0016019344,0.0,0.0,0.0,0.61024916,0.9735314,0.0,1.837961,1.685545,0.0,1.3718679,1.1567397,0.0,0.0,1.1258333,0.0,0.0,0.0,1.6874642,0.0,0.0,0.0,0.7336974,7.420778e-05,0.0,1.1989425,0.0,0.6583847,0.0,0.0,0.72779036,0.0,0.5940746,1.6590145,0.71092516,0.7401571,0.8466686,0.71250904,1.2501658,0.7828423,0.0,0.0,0.50567186,0.0,0.10392928,1.2740804,0.0,0.0,0.98144066,0.0,0.0,0.0,0.6129004,0.6983603,0.0
U00790,0.8381004,0.0,0.61050606,0.9712883,0.5325989,0.42697808,0.70760405,1.0588837,0.9178883,0.0,0.0,0.72511923,0.80854464,1.2218541,1.5423927,0.7302246,0.92946464,0.0,0.6152976,0.0,0.0,0.560555,2.8847237,1.1541333,0.3982308,1.0896816,0.0,0.0,0.0,0.86047167,0.77050817,1.118651,0.0,0.6126465,0.38379943,0.50550973,0.0,0.77841145,3.517812,0.0,0.5322197,1.1008757,0.70367783,0.0,1.3088573,0.35514992,2.960321,1.4764208,0.0,1.2976266,0.9725132,0.0,0.8269332,0.0,2.4949908,0.798786,0.92758715,0.0,0.5973768,0.0,0.016752481,0.0,0.0,0.8954487
U00791,0.0,1.1028005,0.0,0.0,0.0,0.036530465,0.0,0.0,0.0,0.9707503,0.6502867,0.0,0.0,0.0,0.17519224,0.0,1.4920323,1.0752957,0.0,0.27035928,0.0759784,0.0,0.72746664,0.4265889,0.38854247,0.0,1.5798141,0.39969778,1.2407782,0.0,0.0,0.68525064,1.0136676,0.0,0.0,0.0,0.0,0.0,1.3344831,0.20316541,0.84623,0.77545404,0.64321804,0.8136194,0.28653562,1.2178048,0.16909659,0.0,0.27503157,0.0,0.0,0.79296696,0.0,0.15014467,1.9660274,0.0,0.0,0.0,0.0,0.06361069,0.16785032,2.2741141,1.0612172,0.0
U00792,0.0,0.3058039,0.0,0.0,0.0,0.8950349,0.0,0.0,0.0,0.7628868,1.052891,0.0,0.0,0.0,0.5188265,0.0,0.29552692,0.0,0.0,0.56277263,0.07412541,1.115863,1.3021295,0.1654742,1.2735349,0.0,0.6485111,0.0,1.5269951,0.0,0.0,0.4995011,1.5657845,0.0,0.0,0.0,0.649936,0.0,1.5278176,0.14498901,0.39893466,0.5567016,0.22346511,0.0,0.0,0.0,1.3965468,0.9414046,0.053827763,0.0,0.0,0.64632046,0.0,0.0,0.99102104,0.0,0.0,0.0,0.0,0.0,0.0071102977,1.4042604,0.0,0.8572726
U00793,0.0,0.65986145,0.0,0.0,0.0,0.35920697,0.0,0.0,0.0,0.7000018,1.4921271,0.0,0.0,1.8322808,0.0,0.0,0.0,2.437748,0.0,1.4768485,0.0065350533,0.19429974,0.0,0.14592831,0.8970561,0.0,0.15835464,0.0,0.9560905,0.0,0.0,0.61036134,0.7082311,0.0,0.0,0.0,0.0,0.0,0.0,0.8400458,0.6804325,0.5832689,0.0,0.0,2.4281244,0.27978098,1.7296402,1.8057517,0.40275985,0.0,0.0,0.33423615,0.0,0.0,0.0,0.0,0.0,1.2523574,0.0,0.038978484,1.8025299,1.1699855,0.41662908,0.6987127
U00794,0.0,0.28345054,0.0,0.0,0.0,0.7822269,0.0,0.0,0.0,0.5375565,0.4706501,0.0,0.0,0.7336371,1.1238359,0.0,0.0,0.49339366,0.0,0.10804486,0.76909417,0.53583515,1.2025495,0.88552505,0.9205663,0.0,1.7346648,0.48630643,0.937379,0.0,0.0,0.3663296,0.0,0.0,0.57409847,0.0,0.0,0.0,2.0936143,0.0,0.7566526,0.9519919,0.89342606,0.050100327,0.37908268,1.0684153,1.1872903,0.0,0.3549754,0.0,0.0,0.0,0.0,0.41146168,1.1578509,0.0,0.0,0.0,0.0,0.527025,0.8765222,1.5680323,0.0,0.85764134
U00795,0.0,1.6734931,0.09831667,0.0,0.021636873,0.0,0.38390365,0.20316213,0.30809152,1.2584264,0.0,0.5037923,0.6352554,0.9168277,1.6194029,0.23122278,0.0,1.5334985,0.06534585,0.0,2.5747411,0.0,0.0,0.0,0.0,0.112700194,3.407651,1.5100762,0.0,0.15577266,0.1695475,0.0,0.0,0.15564978,0.89323235,0.0,0.0,0.22845578,0.90517986,1.9578912,0.0,0.0,0.1308907,0.11907509,0.0,0.2805603,0.0,0.0,0.90114737,0.33393103,0.3719562,0.0,0.5709364,0.0,0.0,0.077973664,0.12438312,2.1592603,0.36295706,0.0,0.36421415,0.0,0.0,0.0
U00796,0.0,0.0,0.0,0.0,0.0,1.5200367,0.0,0.0,0.0,0.0,0.37076533,0.0,0.0,0.0,0.68337345,0.0,0.0,0.0,0.0,0.0,0.0,0.3579852,3.0247524,0.8197213,1.865032,0.0,0.0,0.0,0.33279848,0.0,0.0,2.258036,0.93477684,0.0,0.0,0.0,0.0,0.0,2.6974242,0.0,1.9401114,2.1821692,1.5750521,0.022180915,0.14987576,0.8834331,3.1710048,1.9455796,0.0,0.0,0.0,0.0,0.0,0.0,2.663157,0.0,0.0,0.0,0.0,0.0,0.0,0.9812776,0.0,2.3009317
U00797,0.0,0.0012803078,0.0,0.0,0.0,0.7585738,0.0,0.0,0.0,0.0,0.46630278,0.0,0.0,0.5377903,1.1558921,0.0,0.1354295,0.0,0.0,0.0,0.0,0.46148503,2.6118424,1.0795296,1.2298908,0.0,0.71384466,0.0,0.0,0.0,0.0,0.55336165,0.49078614,0.0,0.0,0.0,0.0,0.0,2.954832,0.0,0.83152515,1.2899933,1.2921789,0.0,0.22101665,0.7864971,2.4872036,1.5168885,0.0,0.0,0.0,0.0,0.0,0.16923788,2.1091628,0.0,0.0,0.3217033,0.0,0.0,0.7272683,1.4971149,0.0,1.2426085
U00798,0.0,1.5934358,0.0,0.0,0.08663972,0.0,0.0,0.105023414,0.29548013,0.0,0.0,0.33760417,0.16633543,0.123787284,1.3076248,0.0,1.0434983,0.0,0.0,0.0,1.5313612,0.0,0.82273,1.0538821,0.0,0.0,1.6625557,0.4292755,0.0,0.0,0.094133034,0.10656488,0.0,0.0,0.82100695,0.0,0.0,0.0,2.2544427,0.63699925,0.40903986,0.4318487,0.8274971,0.5409644,0.20942461,1.5280843,1.0720351,0.07489288,0.11438465,0.0,0.0,0.0,0.13086846,0.0,2.1248336,0.19434077,0.0,1.3283709,0.7956115,0.0,1.1731284,0.7663183,0.23041484,0.0
U00799,0.0,0.0,0.0,0.0,0.030802608,0.4545491,0.0,0.0,0.0,0.0,1.0942255,0.0,0.0,0.0,0.65718424,0.0,0.0,0.0,0.0,0.57475114,0.0,0.079443604,2.0915754,0.0,1.4787304,0.0,0.0,0.0,1.7724452,0.0,0.0,1.4825478,1.7009617,0.0,0.0,0.0,0.0,0.0,2.11127,0.0,1.6475189,0.95326936,0.4837706,0.0,1.6243914,0.59688133,1.1837074,1.3034793,0.0,0.0,0.0,0.0,0.0,0.0,1.1256546,0.0,0.0,0.026973844,0.0,0.0,0.7393413,0.0,0.0,1.0419499
U00800,0.0,0.0,0.0,0.0,0.0,1.1759778,0.0,0.0,0.0,0.0,1.1687248,0.0,0.0,0.0,0.0,0.0,0.5517738,0.0,0.0,0.0,0.0,2.3498583,2.2924035,0.3765282,1.350563,0.0,0.0,0.0,1.4155731,0.0,0.0,0.98421717,1.4714943,0.0,0.0,0.0,0.13865395,0.0,3.2000337,0.0,0.33361745,2.0650268,0.0,0.44558826,0.0,0.0,0.5656787,0.0,0.0,0.0,0.0,0.8931185,0.0,0.0,2.973898,0.0,0.0,0.0,0.03069885,0.0,0.0,3.2253196,0.45316666,0.9001528
U00801,0.0,0.44868124,0.0,0.13462377,0.0,0.0,0.19687569,0.12581044,0.24130955,0.8523564,0.05594144,0.0,0.0,1.8716786,0.7512177,0.04296601,0.049322605,1.479994,0.022372246,0.5511725,0.0,0.0,0.86904997,1.0462773,0.0,0.05020243,1.3046978,0.33416045,0.0,0.0,0.0,0.0,0.0,0.37089628,0.0,0.6012527,0.1442783,0.13804695,1.0178338,0.0,0.0,0.4137516,0.2201571,0.0,0.0,0.06592858,0.72912854,0.22028628,0.0788815,0.0,0.0,0.0,0.0,0.0,1.8245507,0.0,0.027890593,0.0,0.0,0.0,0.1271624,4.393858,0.6590216,0.628386
U00802,0.0,0.0,0.0,0.0,0.0,2.132258,0.0,0.0,0.0,0.43037856,1.2778134,0.0,0.0,0.0,0.0,0.0,0.0,0.0,0.0,0.0,0.0,0.7939431,1.0548663,0.47779983,1.8965454,0.0,1.303338,0.24306166,1.2367953,0.0,0.0,1.978414,1.2432072,0.0,0.11706638,0.0,1.8750648,0.0,3.425697,0.0,1.1415989,3.78091,1.4302428,1.8674102,0.0,0.0,1.7622311,0.0,0.0,0.0,0.0,1.4885144,0.0,0.83323205,4.2047057,0.0,0.0,0.0,0.0,0.19074833,0.0,3.5144722,0.0,3.0592844
U00803,0.0,1.1392823,0.0,0.0,0.0,0.44191775,0.0,0.0,0.0,2.3723729,0.6906656,0.0,0.0,1.655678,0.0,0.0,0.0,2.0934577,0.0,0.49818468,1.3264716,0.0,0.0,0.0,0.0,0.0,1.790629,1.6636602,0.7794956,0.0,0.0,0.042591512,0.0,0.0,1.3267184,0.0,1.1271961,0.0,0.0,2.2030282,0.0,0.0,0.0,0.04193461,0.38498533,0.0,0.0,0.0,1.9501319,0.0,0.0,0.83051765,0.0,0.0,0.0,0.0,0.0,0.9729028,0.0,0.0,0.3084136,0.3927141,0.0,0.0
U00804,0.0,1.1962723,0.0,0.0,0.0,0.58644855,0.0,0.0,0.0,1.7420802,0.81796086,0.0,0.0,0.02274549,0.24831545,0.0,0.16748524,0.86363876,0.0,1.1357663,0.82901865,0.05458969,0.0,0.0,0.8083261,0.0,1.4417223,1.3373959,1.455989,0.0,0.0,0.19381005,0.8667061,0.0,0.6843821,0.0,1.2958465,0.0,0.19242619,1.2366691,0.0,0.0,0.010610998,0.69975036,0.06080091,0.0,0.0,0.0,1.4780842,0.0,0.0,1.0793993,0.0,0.071591616,0.0,0.0,0.0,0.26664984,0.0,0.17173016,0.0,0.0,0.16085541,0.25821006
U00805,0.0,0.84696907,0.0,0.0,0.0,0.6829635,0.0,0.0,0.0,1.9118844,1.3325175,0.0,0.0,0.0,0.0,0.0,1.1661209,0.46005416,0.0,1.1256453,0.0,0.953773,0.0,0.0,0.9583863,0.0,0.45496988,0.37316394,1.9236746,0.0,0.0,0.2494551,1.6319329,0.0,0.022814333,0.016878128,1.1124594,0.0,0.0,1.6019642,0.27733475,0.0,0.0,0.07728194,0.13731766,0.0,0.0,0.04151298,1.1573832,0.0,0.0,1.1856347,0.0,0.119808644,0.034388423,0.0,0.0,0.07266033,0.0,0.0,0.0,0.94636357,0.6954944,0.0
U00806,0.0,1.2495643,0.0,0.0,0.0,0.0,0.0,0.0,0.0,0.81303966,0.0,0.20928048,0.0,0.25677335,0.36103946,0.11488542,1.4851842,0.4804175,0.0,0.0,1.1975498,0.0,0.22623491,0.69429505,0.0,0.0,1.3919942,1.0506101,0.0,0.06261239,0.14025283,0.27015728,0.15842289,0.0,0.72245085,0.0,0.0,0.0,0.90731835,1.2759736,0.34242666,0.22682726,0.37182412,1.0813531,0.615667,1.2243968,0.53964645,0.0,0.68528813,0.0,0.0,0.0,0.24417002,0.0,1.2715572,0.23740402,0.082747355,1.012937,0.30953726,0.0,0.5169567,1.2556208,0.26552358,0.0
U00807,0.0,0.0,1.2398931,0.0,0.8893186,0.0,0.0,0.0,0.0,0.0,0.37081385,0.0,0.43410712,0.0,0.0,0.0,0.0,0.0,0.0,0.0,0.0,0.0,3.6648974,0.3480671,2.1576176,0.0,0.0,0.0,0.0,1.0373166,0.0,3.227753,1.5969522,0.0,0.0,0.0,0.0,0.0,2.3951378,0.0,5.7973976,2.2827997,2.8478289,0.0,0.31387067,2.716196,4.544414,3.6461778,0.0,0.0,0.13778484,0.0,0.0,0.0,3.844987,0.0,0.0,0.0,0.0,0.0,2.2625463,1.3392934,0.0,0.722368
U00808,0.5498153,1.3896018,0.9951731,0.5140647,1.1068667,0.0,0.64269567,0.8800117,0.9232089,1.8783444,0.0,1.3070201,1.1657981,1.7849938,0.4499718,1.526526,0.0,3.4789824,0.8783455,1.6609056,2.9492564,0.0,0.0,0.0,0.0,0.82907736,2.3243906,1.4672099,0.0,1.5328732,0.8192496,0.0,0.0,0.83602345,1.0073799,0.0,0.0,1.3441799,0.0,2.462679,0.0,0.0,0.0,0.0,0.22375166,0.0,0.0,0.0,1.6340032,1.0108584,0.9263773,0.0,1.2422638,0.0,0.0,0.65979975,0.9667468,2.66048,0.92578715,0.0,0.0,0.0,0.0,0.0
U00809,0.37019295,1.5666546,0.3154297,0.23369187,0.0,0.0,0.14824998,0.0,0.0,1.9770448,0.0,0.0,0.05862405,2.0537863,0.41290855,0.34343296,0.0,3.1896257,0.12795109,2.971357,1.7374129,0.0,0.0,0.0,0.0,0.19887272,1.4829023,2.0240843,0.3689593,0.0,0.1861016,0.0,0.0,0.34454966,1.1239235,1.260934,0.06612201,0.22647521,0.0,2.1067297,0.0,0.0,0.0,0.0,1.7854607,0.42337012,0.0,0.0,1.74871,0.15297058,0.23389375,0.0,0.007160425,0.0,0.0,0.16100624,0.14923619,1.5166045,0.0,0.026193032,1.1599971,0.0,0.6995094,0.0
U00810,0.0,0.9260226,0.0,0.0,0.0,0.23653397,0.0,0.0,0.0,1.7611293,1.4306657,0.0,0.0,1.9128876,0.0,0.0,0.0,2.4719515,0.0,1.8553727,0.0,0.2675545,0.0,0.033954836,0.80077016,0.0,0.8420839,0.40757847,0.9815774,0.0,0.0,0.0,0.52457815,0.0,0.0,0.033733845,0.31643665,0.0,0.0,1.3085501,0.19320223,0.0,0.0,0.0,1.5014586,0.050753355,0.18124762,0.7174512,1.0539105,0.0,0.0,0.56395185,0.0,0.0,0.0,0.0,0.0,0.700863,0.0,0.0,1.2949553,2.0035937,0.5436254,0.45925403
U00811,0.9021261,0.0,0.98269224,1.5829713,1.1547669,1.714493,1.1359895,0.29118213,1.3037031,1.7984775,2.9414406,0.4820168,0.77848583,0.0,0.0,1.1116214,0.84057605,0.0,1.2405341,1.3492802,0.0,1.9903116,0.40939432,0.0,2.8318908,1.0664406,0.0,0.0,4.51888,1.084635,0.8147605,1.294646,4.0189266,0.93178725,0.0,1.1105297,2.0347295,0.87006783,0.0,0.0,0.4436589,0.25808078,0.0,0.0,0.0,0.0,0.0,0.19555041,0.0,1.0956343,0.926803,2.4915507,1.2080057,0.0,0.0,1.1861577,1.3050855,0.0,0.7598522,0.0,0.0,0.0,1.5834455,1.5129268
U00812,0.4893574,1.289154,0.46418062,0.39887086,0.0,0.0,0.5100578,0.25288737,0.30022138,1.2404875,0.0,0.028620332,0.19953367,1.8101323,1.6071277,0.5105794,0.0,2.5355995,0.32362166,2.3473547,2.3788028,0.0,0.0,0.09351656,0.0,0.25650048,1.4695208,1.8935276,0.0,0.110369846,0.25895298,0.0,0.0,0.37992093,1.3694754,1.2949922,0.0,0.25604317,0.27693766,1.9788339,0.0,0.0,0.0,0.043000698,1.4576359,0.8805822,0.0,0.0,1.3834244,0.2885427,0.2976178,0.0,0.20021799,0.0,0.0,0.38297394,0.33994222,1.5926763,0.052152127,0.08718909,1.1947364,0.0,0.21325743,0.0
U00813,0.0,0.16535771,0.0,0.0,0.0,0.9390558,0.0,0.0,0.0,0.93100923,0.85585034,0.0,0.0,0.4477011,0.08332288,0.0,2.0151863,0.9478762,0.0,0.49657464,0.40375435,1.1386664,0.6710653,0.6556252,0.40374804,0.0,0.39190114,0.763667,1.2958093,0.0,0.0,0.87237084,1.2202117,0.0,0.7349179,0.0,0.9021456,0.0,0.49134985,0.8701364,0.5328043,0.61652124,0.5035125,1.0468404,0.340685,0.55032104,0.7793701,0.26552236,0.577039,0.0,0.0,1.1205446,0.0,0.07606274,1.0233208,0.0,0.0,0.0,0.0,0.0,0.0,1.1926554,0.27763662,0.2582761
U00814,0.0,0.4875626,0.0,0.0,0.0,1.0255557,0.0,0.0,0.0,1.2809727,0.98800814,0.0,0.0,0.4342292,0.60249174,0.0,1.033801,1.114858,0.0,0.76498306,0.45066977,1.0407896,0.37915832,0.59052795,0.546986,0.0,1.201175,0.7607814,0.59337294,0.0,0.0,0.030578732,0.64737487,0.0,0.34941286,0.0,1.174791,0.0,0.21280226,1.0657005,0.07378465,0.18059176,0.5287057,0.9488665,0.0,0.025752068,0.55226016,0.42760816,0.77114594,0.0,0.0,0.9705535,0.0,0.15855578,0.32760954,0.0,0.0,0.0,0.0,0.0,0.0,1.7195357,0.0,0.32144737
U00815,0.0,0.0,0.0,0.0,0.0,1.218335,0.0,0.0,0.0,1.0962083,1.636782,0.0,0.0,0.0,0.0,0.0,1.4310514,0.11392522,0.0,1.2050701,0.0,1.0270557,1.1781023,0.0,1.6153774,0.0,0.0,0.0,2.2502484,0.0,0.0,0.5832554,1.9647312,0.0,0.0,0.06405711,1.1627597,0.0,0.04907632,0.82263935,0.63582635,0.15360826,0.0,0.5960307,1.179748,0.0,0.0,0.465283,0.5306732,0.0,0.0,1.0099822,0.0,0.0,0.0,0.0,0.0,0.0,0.0,0.0,0.0,0.0,0.14094794,0.54113126
U00816,0.0,0.8878621,0.0,0.0,0.0,0.0,0.0,0.0,0.0,0.59513766,0.0,0.0,0.0,2.1588702,2.1770716,0.0,0.0,1.2669089,0.0,0.4412477,1.8666644,0.0,0.16779333,0.6113301,0.0,0.0,1.9926219,1.3669156,0.0,0.0,0.0,0.0,0.0,0.0,0.9554615,0.0,0.0,0.0,1.9038566,1.0533756,0.0,0.16359037,0.9761666,1.1485028,0.0,1.2707874,0.7686113,0.0,0.8449012,0.0,0.0,0.0,0.0,0.37828842,1.6091799,0.0,0.0,0.15913081,0.0,0.16225542,0.43927795,0.92286503,0.0,0.16076541
U00817,0.0,0.59991556,0.0,0.0,0.0,0.4225668,0.0,0.0,0.0,0.36134994,0.0,0.0,0.0,1.5922458,1.2429918,0.0,1.9058632,0.0,0.0,0.0,1.4272339,0.91694474,0.40995818,0.4150747,0.0,0.0,0.33219624,1.1109347,0.12129277,0.0,0.0,0.42873228,0.2990234,0.0,1.5709505,0.0,0.4000036,0.0,1.6759489,1.0055792,0.0,0.043495595,0.23206156,1.3771992,0.49983513,0.4319886,1.0702909,0.0,0.44218588,0.0,0.0,0.60514617,0.0,0.0,2.035521,0.0,0.0,1.1418276,0.0,0.0,0.0,0.48513016,0.0,0.059902728
U00818,0.0,0.41125625,0.0,0.0,0.0,0.2950285,0.0,0.0,0.0,0.0,0.0,0.0,0.0,0.9637169,2.2201648,0.0,2.0678442,0.0,0.0,0.0,1.1564043,0.7170421,2.1335711,0.7398724,0.5954515,0.0,0.8801558,0.49191618,0.0,0.0,0.0,0.0,0.0,0.0,1.0219855,0.0,0.0,0.0,3.2601302,0.00045633316,0.0,0.17695299,0.6838794,1.1889238,0.5870295,0.75304705,0.6634379,0.0,0.05278206,0.0,0.0,0.0,0.0,0.0,2.3789425,0.0,0.0,0.5476405,0.0,0.0,0.03427142,0.6525543,0.0,0.30296826
U00819,0.0,0.7290507,0.0,0.0,0.37063807,0.9234235,0.0,0.0,0.0,2.8618374,2.2267294,0.0,0.640776,0.0,0.0,0.0,0.0,0.0,0.0,1.4653733,0.0,0.9693388,0.0,0.0,2.1318715,0.0,0.0,0.0,2.3558226,0.0,0.0,0.035307705,1.7911516,0.0,0.0,0.12845612,1.6521373,0.0,0.0,0.3659984,0.0,0.0,0.0,0.0,0.0,0.0,0.0,0.0,1.4268086,0.0,0.24055845,1.7760506,0.046326354,0.0,0.0,0.0,0.012327313,0.0,0.07352258,0.0,0.0,0.0,1.4056942,1.1725256
U00820,0.0,1.1489892,0.0,0.0,0.0,0.054424867,0.0,0.0,0.0,1.4944041,0.43490237,0.0,0.0,2.2740269,0.6115061,0.0,0.0,2.1330605,0.0,1.725754,1.3956057,0.30472824,0.0,0.17914784,0.0,0.0,1.3620117,0.89803714,0.68646806,0.0,0.0,0.0,0.2774524,0.0,0.78060395,0.0,0.20048305,0.0,0.0453361,1.6754475,0.0,0.0,0.0,0.0,1.5332704,0.21232629,0.5940339,0.07048985,1.0993667,0.0,0.0,0.1862395,0.0,0.0,0.0,0.0,0.0,1.805129,0.0,0.0,0.8541476,0.20334001,0.0,0.0
U00821,0.0,0.18262738,0.0,0.0,0.0,1.038837,0.0,0.0,0.0,0.0,0.6515858,0.0,0.0,0.2558508,0.84189,0.0,1.8419552,0.47057104,0.0,0.2303257,0.10389912,0.40350392,1.2798319,1.3490747,0.3884076,0.0,0.36473715,0.0,0.0,0.1581872,0.045124307,1.0702217,0.57781744,0.0,0.6291187,0.0,0.0,0.0,0.3675958,0.7314836,1.198561,0.75359213,1.3574755,0.43112874,0.9279614,0.9792061,2.456379,1.9817816,0.0,0.0,0.0,0.48043564,0.0,0.2486923,0.6697594,0.0,0.0,0.50814986,0.0,0.09937685,0.6511914,1.0043625,0.09111208,0.20106506
U00822,0.03146285,0.0,0.0,0.0,0.07453497,1.0257593,0.0,0.0,0.0,0.0,0.70952916,0.0,0.0,0.0,0.0,0.0,0.0,0.90153396,0.0,0.7809684,0.0,0.559765,1.4126992,0.0,1.4682758,0.0,0.0,0.0,1.5507891,0.0,0.0,1.2993815,1.8032912,0.0,0.0,0.0,0.0,0.0,1.9293147,0.0,1.3702374,1.0989647,0.79810715,0.0,0.75843954,0.6694088,1.9824532,1.6146072,0.0,0.0,0.0,0.0,0.0,0.0,1.2668413,0.0,0.0,0.53487384,0.0,0.0,0.32782567,0.51019156,0.0,0.6831317
U00823,0.0,0.56763804,0.0,0.0,0.0,0.22214055,0.0,0.0,0.0,0.0,0.0,0.0,0.0,1.2515523,1.793926,0.0,1.4272027,0.0,0.0,0.0,1.4142066,0.5668292,1.4933803,0.5284954,0.0,0.0,0.84064204,0.6222839,0.0,0.0,0.0,0.021123528,0.0,0.0,0.85743576,0.0,0.0,0.0,3.2096322,0.8688178,0.0,0.3328122,0.88486695,0.8571895,0.7356814,1.0451807,1.3810219,0.04418032,0.14937127,0.0,0.0,0.0,0.0,0.0,2.2303934,0.0,0.0,1.0720726,0.0,0.0,0.0,0.0,0.0,0.0
U00824,0.0,0.38306016,0.0,0.0,0.0,1.0540837,0.0,0.0,0.0,0.0,0.0,0.19283019,0.90786964,1.0870514,1.1049131,0.0,1.8580747,0.0,0.0,0.0,1.2476282,2.1552618,1.9242785,2.4682672,0.0094566345,0.0,0.42658734,0.33962893,0.0,0.0,0.0,0.032244742,0.0,0.0,0.87891865,0.0,0.0,0.0,3.7717035,0.05028391,0.0,0.9311371,1.4691763,1.9982367,0.0,0.34354258,1.4298192,0.0,0.0,0.0,0.0,0.0,0.0,0.14091739,3.9623961,0.0,0.0,0.49117804,0.033894375,0.0,0.0,2.59614,0.0,0.2610258
U00825,0.04504049,0.20822513,0.0,0.0,0.0,0.31067595,0.0,0.041925058,0.0,0.0,0.0,0.0,0.0,0.6804596,0.48956382,0.0,1.8095576,0.5637518,0.0,0.0,0.0874244,0.17376623,0.9968242,0.993374,0.15495044,0.0,0.0,0.0,0.0,0.0141626,0.0,1.2732911,0.4578188,0.0,0.42979646,0.0,0.0,0.0,1.3984765,0.0,1.2141135,1.1315076,1.1307235,0.3751639,1.5924625,1.3854061,2.57547,1.3651667,0.0,0.0,0.0,0.0,0.0,0.04056889,2.0707603,0.0,0.0,0.55305547,0.0,0.0,0.79550487,1.0364548,0.34356254,0.17049801
U00826,0.0,1.3195946,0.09168455,0.14148992,0.0009898245,0.0,0.056824267,0.16891357,0.34031984,1.1853625,0.0,0.17060985,0.23917572,1.518548,1.3581501,0.20645207,0.19481856,0.72107995,0.26359457,0.0,2.253031,0.0,0.0,0.89339626,0.0,0.07785526,1.8824021,1.5922679,0.0,0.006727596,0.0,0.0,0.0,0.22936365,1.3587774,0.0,0.0,0.285416,0.64697385,1.6131996,0.0,0.0,0.49162194,0.6461632,0.0,0.37116188,0.6505467,0.0,0.933985,0.3510544,0.0,0.0,0.25238255,0.0,0.70650995,0.27090093,0.1632638,1.5486786,0.23968825,0.0,0.9111772,0.4403861,0.0,0.0
U00827,0.57509416,1.0476931,0.35961074,0.75454676,0.542874,0.0,0.6889732,0.5785481,0.9383534,1.2587469,0.0,0.8558256,0.81510204,0.34989893,0.63978374,0.93914694,0.6245592,0.91955197,0.7528018,0.21356797,1.4744412,0.0,0.0,0.115734205,0.0,0.65777075,1.9199358,0.93086237,0.0,1.0585276,0.63938946,0.0,0.0,0.7312014,0.5975481,0.0,0.0,0.84440386,0.0,1.644676,0.0,0.0,0.122223645,0.47753638,0.0,0.0047608614,0.0,0.0,0.8399601,0.82847095,0.45144665,0.0,1.1432598,0.0,0.0,0.81640136,0.6374739,1.0571724,0.9784655,0.0,0.0,0.27730662,0.0,0.0
U00828,0.27213758,0.0,0.12671855,0.6922826,0.0,0.54290974,0.47559777,0.37563384,0.063192315,0.0,0.025718264,0.03985739,0.11836809,0.6474726,1.3583305,0.19165057,1.068266,0.0,0.05444354,0.0,0.0,0.4773525,2.168928,1.0853957,0.486264,0.4574273,0.29944777,0.0,0.0,0.16576834,0.3275083,0.6548635,0.0,0.3027859,0.23573428,0.39803207,0.0,0.11645976,2.3006246,0.0,0.8397998,0.70214105,1.0952915,0.29058188,0.73187834,0.94838774,2.1376104,0.85909045,0.0,0.28354418,0.3202654,0.0,0.45418632,0.0,1.9929241,0.13720024,0.4399402,0.099342465,0.0,0.0,0.45342183,2.3724,0.0,0.345312
U00829,0.0,0.0,0.22759496,0.0,0.0,0.9448519,0.0,0.0,0.25154236,0.0,0.0,0.19757271,0.0,1.4113951,0.42824924,0.0,1.0668263,0.0,0.48414496,0.0,0.0021202564,0.49867687,0.34717673,2.1414912,0.0,0.31129184,0.0,0.0,0.0,0.11045302,0.28906083,1.8310461,0.0,0.0,0.35794246,0.041552782,0.8287101,0.15479022,0.75372744,0.0,0.4826557,1.7980812,1.9783967,0.60843676,0.07622969,0.5191664,4.1931376,3.1486092,0.0,0.2128064,0.0,0.0,0.0,0.0,3.3652687,0.0,0.0,0.0,0.0,0.0,0.5270648,2.1642168,0.38260987,1.3134198
U00830,0.0,1.8039587,0.0,0.0,0.0,0.0,0.0,0.0,0.0,2.0585377,0.41637874,0.0,0.0,0.0,0.15150559,0.0,0.46514314,1.1162746,0.0,0.9361378,1.4661846,0.0,0.0,0.0,0.36057353,0.0,1.7702847,1.4571176,1.102946,0.0,0.0,0.0,0.9348003,0.0,0.25033468,0.0,0.0,0.0,0.0,1.5820049,0.42257404,0.0,0.0,0.37019503,0.10351765,0.398938,0.0,0.0,1.280834,0.0,0.0,0.23171365,0.0,0.066583335,0.0,0.0,0.0,1.2644588,0.0,0.0,0.74410725,0.49638098,0.0,0.0
U00831,0.0,0.2719789,0.0,0.0,0.0,0.73577833,0.0,0.12316288,0.0,0.2037946,1.1103177,0.0,0.0,0.0,0.18894786,0.0,0.0,0.43516278,0.0,0.8038603,0.0,0.5355365,1.0242395,0.0,1.4667764,0.0,0.45503718,0.0,1.5442748,0.0,0.0,0.79498434,1.8552928,0.0,0.0,0.0,0.06606446,0.0,0.53459275,0.0,1.0382621,0.5153122,0.6048794,0.0,0.0,0.13850808,1.5188004,1.5189517,0.0,0.0,0.0,0.33741313,0.0,0.0,0.18419564,0.0,0.0,0.04132855,0.0,0.0,0.18733156,0.84470356,0.0,0.78279364
U00832,0.0,0.027683735,0.0,0.0,0.0,1.2969137,0.0,0.0,0.0,0.42953694,1.0666864,0.0,0.0,0.2988596,0.57071626,0.0,1.8218114,0.0,0.0,0.0,0.050130963,1.8048215,1.5756462,0.5968001,1.0766523,0.0,0.0,0.6389566,1.2339627,0.0,0.0,0.393322,1.3830189,0.0,0.28004628,0.0,0.8115699,0.0,1.2788454,0.39670599,0.0,0.7197412,0.28221336,1.0444858,0.0,0.08251274,0.53608906,0.6361929,0.3431257,0.0,0.0,1.115194,0.0,0.1413256,1.0904611,0.0,0.0,0.0,0.0,0.0,0.0,1.0592864,0.07356578,0.63435423
U00833,0.0,0.24351281,0.0,0.0,0.0,1.0513151,0.0,0.0,0.0,1.3714572,1.4471321,0.0,0.0,0.0,0.0,0.0,0.81146926,0.14839482,0.0,1.0387646,0.0,1.331478,0.21803343,0.0,1.226243,0.0,0.0,0.07454753,2.030677,0.0,0.0,0.54931664,2.02023,0.0,0.0,0.0,1.1833878,0.0,0.06487297,0.79856694,0.30165797,0.23642278,0.0,0.07852566,0.0,0.0,0.4314655,0.73345387,0.53407216,0.0,0.0,1.2651181,0.0,0.0,0.0,0.0,0.0,0.0,0.0,0.0,0.0,0.61693203,0.31837514,0.49079597
U00834,8.762512,0.0,11.610588,8.900964,10.812915,0.0,10.471809,8.772491,9.459811,0.0,0.0,9.915731,8.136665,0.0,0.0,9.486208,0.0,0.0,10.062045,0.0,0.0,0.0,1.7111619,0.0,0.0,9.949968,0.0,0.0,0.0,10.219277,12.6379385,0.0,0.0,11.457539,0.0,0.76705647,0.0,9.851898,1.3109034,0.0,0.0,0.0,0.0,0.0,0.0,0.0,2.2969031,0.0,0.0,11.164571,10.715426,0.0,8.146931,0.0,2.5420098,9.029322,9.834054,0.0,11.017371,0.0,0.0,1.5954016,0.0,0.0
U00835,0.0,0.0,0.0,0.0,0.0,1.1634568,0.0,0.0,0.0,0.23517942,0.28346795,0.0,0.0,1.6585172,0.86184627,0.0,0.50307447,1.8763137,0.0,0.16895914,0.98982173,0.20543137,0.0,1.1408142,0.0,0.0,0.3300507,1.3253661,0.0,0.0,0.0,1.1847662,0.0,0.0,1.3883126,0.0,1.1848027,0.0,0.25736415,1.2703342,0.49371308,0.9355401,1.4650484,1.114814,0.8297283,1.0965891,1.985602,1.3948584,0.7438283,0.0,0.0,0.6115025,0.0,0.29396984,0.8524581,0.0,0.0,0.38143992,0.0,0.2988989,0.8134844,0.7543813,0.0,0.6933212
U00836,0.0,0.17669588,0.0,0.0,0.0,0.19500327,0.0,0.0,0.0,0.0,0.0,0.0,0.0,1.5905823,2.464427,0.0,0.45899278,0.92306376,0.0,0.48425102,1.8058078,0.0,0.35228103,1.2430494,0.0,0.0,0.92116123,1.548946,0.0,0.0,0.0,0.44827616,0.0,0.0,1.3855617,0.082541585,0.3643214,0.0,1.7311345,0.0028198957,0.15519452,0.76956725,0.99656427,1.3291826,0.23598146,1.129397,1.1185749,0.7287971,0.4633476,0.0,0.0,0.0,0.0,0.5519359,1.3703316,0.0,0.0,0.0,0.0,0.38714197,0.43458572,0.34162113,0.0,0.8162447
U00837,0.22863936,0.0,0.08358252,0.20312297,0.4072677,1.283254,0.5407034,0.0,0.42242265,0.3715223,1.7924206,0.012742758,0.0,0.0,0.0,0.057718992,1.2226129,0.0,0.16056961,1.3814476,0.0,1.5211372,1.4627972,0.0,2.1271486,0.22106488,0.0,0.0,3.0225978,0.12653984,0.013169512,1.2784832,2.8617222,0.25803852,0.0,0.25656438,0.9183732,0.5857779,0.17393592,0.0,0.89926785,1.0353112,0.0,0.22663577,0.7351088,0.0,0.0,0.35162845,0.0,0.025183588,0.0,1.1250105,0.20312554,0.0,0.25291455,0.30488646,0.2632662,0.0,0.0,0.0,0.0,0.0,0.85750365,1.0854456
U00838,0.0,0.541564,0.0,0.0,0.0,0.0,0.048324227,0.06924297,0.0,0.0,0.0,0.0,0.0,1.3531202,1.9855022,0.0,1.3732071,0.0,0.0,0.0,0.6639163,0.24250147,1.1923041,1.2319252,0.14045173,0.0,1.1231713,0.50207925,0.0,0.0,0.0,0.0,0.0,0.0,0.2989645,0.0,0.034107894,0.0,1.6739084,0.0,0.0,0.38600618,0.62220055,0.7003615,0.0,0.6824152,1.0347528,0.8717691,0.0,0.0,0.0,0.0,0.0,0.0,1.9118389,0.0,0.0,0.12505436,0.0,0.0,0.38212,2.1810138,0.0,0.45554936
U00839,0.0,0.17166305,0.0,0.085297585,0.0,0.20619693,0.0,0.30086708,0.0,0.0,0.0,0.0,0.16096963,0.84990406,2.0843484,0.0,0.19350886,0.0,0.0,0.120857,0.80734026,0.0,1.4953618,0.8342087,0.547397,0.0,0.8827658,0.0,0.0,0.0,0.0,0.7568233,0.0,0.0,0.5855187,0.0,0.0,0.0,2.4373646,0.13062131,0.8704788,0.81867063,0.93631446,0.0,1.4539998,1.1634251,1.671678,1.0119556,0.0,0.0,0.19270575,0.0,0.0,0.07175806,0.5795908,0.0,0.0,0.9657979,0.0,0.0,1.2121173,0.0,0.0,0.2254765
U00840,0.0,1.0894111,0.0,0.0,0.0,0.49532536,0.0,0.0,0.0,1.7855461,1.1281704,0.0,0.0,0.0,0.3062439,0.0,0.41673958,0.6585406,0.0,1.2948031,0.3819809,1.0673027,0.19691509,0.0,0.7541852,0.0,1.2882537,0.6516193,1.4263824,0.0,0.0,0.0,1.1333778,0.0,0.14708048,0.0,0.73859537,0.0,0.1357071,1.5012385,0.0,0.0,0.0,0.0,0.0013395548,0.0,0.0,0.027640328,0.9997103,0.0,0.0,0.76782715,0.0,0.0,0.0,0.0,0.0,0.4510728,0.0,0.0,0.072808325,1.1327848,0.13332999,0.0
U00841,0.0,1.5954194,0.0,0.0,0.0,0.0,0.0,0.0,0.15909861,0.5871738,0.0,0.11190571,0.45623273,0.0,2.193883,0.0,0.0,0.0,0.0,0.0,1.5233469,0.0,0.9892437,1.2322441,0.0,0.13514717,3.0904956,0.6864355,0.0,0.10981606,0.0,0.0,0.0,0.0,0.84152275,0.10242939,0.0,0.0,1.6181692,1.6042837,0.0,0.0,1.2339832,0.6163421,0.0,0.3215577,0.3535664,0.6005298,0.7459077,0.08505282,0.0,0.0,0.21932353,0.0,0.2889639,0.0,0.0,1.3174027,0.058083907,0.0,0.87251437,0.7275907,0.0,0.0
U00842,0.0,1.8312752,0.0,0.0,0.0,0.0,0.098493755,0.038988873,0.0,0.27323258,0.0,0.0,0.40646845,0.5006606,2.033299,0.005276084,0.0,0.8262658,0.0,0.7598094,1.662938,0.0,0.08709991,0.0,0.0,0.0,1.8451481,1.1278284,0.0,0.0,0.0,0.0,0.0,0.0,0.5918648,0.0,0.0,0.0,2.483541,1.0972874,0.09714782,0.0,0.5939611,0.0,1.1519927,1.1427625,0.32871026,0.49059525,0.36322492,0.032964706,0.12198274,0.0,0.0,0.0,0.17023146,0.1227164,0.0,1.967761,0.0,0.0,1.474289,0.0,0.0,0.0
U00843,0.0,0.0,0.0,0.0,0.0,1.0971706,0.0,0.0,0.0,0.029167295,0.37968087,0.0,0.0,0.8051741,1.3199914,0.0,1.6821055,0.9565054,0.0,0.273412,0.8219947,1.2286448,1.0832822,0.3796959,0.49333382,0.0,0.41346383,0.6548386,0.8379265,0.0,0.0,0.66401744,0.9844302,0.0,0.7245078,0.0,0.53830135,0.0,1.8367848,0.2249862,0.39308727,0.9380444,0.6633731,1.4308584,0.9386593,0.68755025,0.8309161,0.33128625,0.15153694,0.0,0.0,0.5884701,0.0,0.0,1.0866281,0.0,0.0,0.52237636,0.0,0.0,0.0,0.886305,0.0,0.45778596
U00844,0.0,0.0,0.0,0.0,0.0,1.1528457,0.0,0.0,0.0,0.0,0.1484606,0.0,0.0,1.037766,0.73359776,0.0,1.3524945,0.0,0.0,0.0,0.44627833,1.1638737,1.5953102,1.0629027,0.6860082,0.0,0.030884027,0.13039494,0.4510939,0.0,0.0,1.0681288,0.34749657,0.0,0.6265948,0.0,0.17101893,0.0,2.3560119,0.0,0.60799414,1.3770896,1.3713286,0.877784,0.8368303,1.027733,2.0212507,1.195711,0.0,0.0,0.0,0.27194622,0.0,0.16933563,1.9184982,0.0,0.0,0.26073086,0.0,0.23188078,0.20162857,1.0292017,0.20197469,0.9017453
U00845,0.0,0.0,0.0,0.0,0.0,1.4827564,0.0,0.0,0.0,0.0,0.95514655,0.0,0.0,0.75606525,0.32202685,0.0,0.0,1.547324,0.0,0.0,0.10814452,0.46387738,0.67864746,1.2884159,0.59039044,0.0,0.0,0.22883081,0.3256597,0.0,0.0,2.0720274,0.66838866,0.0,0.10240269,0.0,1.1882914,0.0,0.6770437,0.0,0.9375767,2.5022938,1.7623956,0.71523434,0.0,0.5230328,3.1118493,2.302938,0.0,0.0,0.0,0.49543974,0.0,0.23729375,1.9867824,0.0,0.0,0.0,0.0,0.23500067,0.41315752,2.1658943,0.0020968318,1.8643548
U00846,0.0,1.1166434,0.0,0.0,0.0,0.676957,0.0,0.0,0.0,0.0,0.6794187,1.8819418,5.4633822,0.0,0.34445637,0.0,0.0,0.0,0.0,0.0,1.8416079,1.6803672,1.5826283,3.3052044,1.211695,0.0,0.0,0.0,0.0,0.0,0.0,0.0,0.0,0.0,0.0,0.0,0.0,0.0,4.4540286,0.0,0.0,0.5946416,2.912562,0.8272134,0.0,0.0,1.6788198,0.0,0.0,0.0,0.0,0.0,0.0,0.0,4.241418,0.0,0.0,2.0985188,0.9252015,0.0,0.0,1.5969731,0.0,0.70862913
U00847,0.0,1.6302732,0.0,0.0,0.0,0.0,0.0,0.0,0.0,1.2528613,0.0,0.0,0.0,1.0907078,1.1398971,0.0,0.0,1.1930268,0.0,0.67173254,2.0696084,0.0,0.0,0.37944227,0.0,0.0,1.9057145,1.9770398,0.0,0.0,0.0,0.0,0.0,0.0,1.3428495,0.0,0.38540703,0.0,0.0,2.2830088,0.0,0.0,0.7203894,0.752496,0.5268849,0.4837194,0.22246057,0.08533175,1.5053546,0.0,0.0,0.01960561,0.0,0.0,0.0,0.0,0.0,1.6798646,0.0,0.32527775,0.95916134,0.0,0.0,0.0
U00848,0.0,1.0937766,0.0,0.0,0.0,0.59812427,0.0,0.0,0.0,0.8231912,0.5175122,0.0,0.0,0.079769254,1.2754333,0.0,0.9694262,0.38682938,0.0,0.5627538,0.993014,1.0529401,0.56241935,0.4318177,0.6689944,0.0,1.0639716,0.40640998,0.6194422,0.0,0.0,0.0,1.1584655,0.0,0.35378414,0.0,0.7279102,0.0,1.5589182,0.57206523,0.06842986,0.22614628,0.54607606,0.5707278,0.0,0.16460818,0.9877013,1.0617716,0.4349032,0.0,0.0,0.41258746,0.0,0.010159969,0.7671131,0.0,0.0,0.2809937,0.0,0.0,0.21014857,1.4863019,0.0,0.19052625
U00849,0.0,0.90865827,0.0,0.0,0.0,0.38862076,0.0,0.0,0.0,0.91258574,0.6628058,0.0,0.0,0.4043452,0.879103,0.0,0.7629157,1.3647696,0.0,1.0659041,0.58050907,0.63833976,0.48134404,0.15412527,0.983552,0.0,0.84564614,0.1686728,1.1028361,0.0,0.0,0.09227127,1.3497993,0.0,0.0,0.0,0.55256236,0.0,1.3662182,0.0,0.18776548,0.22896427,0.036762744,0.36732826,0.2499013,0.26822966,0.52357316,0.75825024,0.29589957,0.0,0.0,0.4125174,0.0,0.0,0.9332074,0.0,0.0,0.0,0.0,0.0,0.36386326,1.7494005,0.26158682,0.79080856
U00850,0.0,0.0,0.0,0.0,0.0,0.9887711,0.0,0.0,0.0,0.0,0.23212254,0.0,0.0,0.63405764,0.8233375,0.0,1.2038094,0.0,0.0,0.0,0.0,0.8623653,2.5226676,1.1998023,1.4508576,0.0,0.0,0.0,0.0,0.0,0.0,1.2633817,0.20965534,0.0,0.15583247,0.0,0.0,0.0,3.4570327,0.0,1.0270932,1.3785536,1.3232635,0.22730228,1.1533517,0.9985579,2.4775028,1.4608597,0.0,0.0,0.0,0.0,0.0,0.19885185,2.5405908,0.0,0.0,0.36683357,0.0,0.0,0.5467627,0.5304271,0.103345335,1.0590667
U00851,0.0,1.5128152,0.0,0.0,0.0,0.0,0.0,0.0,0.0,1.8823656,0.5253321,0.0,0.0,0.34886992,0.7356454,0.0,0.0,0.7899282,0.0,1.3008833,1.3782377,0.36983186,0.0,0.0,0.5174178,0.0,1.591533,1.1901013,0.9953864,0.0,0.0,0.0,0.5021947,0.0,0.55088866,0.0,0.3757692,0.0,0.7164935,1.6181548,0.0,0.0,0.0,0.0,0.4573673,0.11017609,0.0,0.0,1.5032159,0.0,0.0,0.11461981,0.0,0.0,0.0,0.0,0.0,1.5541794,0.0,0.032430127,0.6622417,0.40472496,0.0,0.0
U00852,0.0,0.15764683,0.0,0.029874861,0.0,1.2919935,0.0,0.0,0.0,1.4585887,1.4964986,0.0,0.0,0.0,0.0,0.0,1.9959501,0.0,0.0,0.7939378,0.0,1.5592055,0.5910229,0.0,1.3722733,0.058000475,0.0,0.33085966,2.3598475,0.0,0.0,0.54151773,2.0423615,0.0,0.0,0.13578022,1.3918729,0.0,0.0,1.2294748,0.0890556,0.047670215,0.0,0.6831044,0.31279743,0.0,0.0,0.0,0.90855134,0.0,0.0,1.7445647,0.0,0.0,0.018607378,0.0,0.0,0.0,0.0,0.0,0.0,0.0,0.609811,0.21191204
U00853,0.0,0.8411378,0.0,0.0,0.0,0.88441455,0.0,0.0,0.0,2.4030142,1.9526111,0.0,0.05467639,0.0,0.0,0.0,0.0,0.28041816,0.0,1.0080718,0.0,1.2146621,0.0,0.0,1.7708166,0.0,0.0,0.022250772,2.4869938,0.0,0.0,0.0,1.8848505,0.0,0.0,0.05822766,1.1448005,0.0,0.0,1.0325218,0.0,0.0,0.0,0.0,0.16764641,0.0,0.0,0.0,1.2921482,0.0,0.0,1.3088546,0.0,0.0,0.0,0.0,0.0,0.0,0.0,0.0,0.0,0.6295339,0.7096935,0.637133
U00854,0.0,0.0,0.006346315,0.0,0.05870676,1.2564404,0.0,0.0,0.0,0.0,0.6257961,0.0,0.0,0.5544163,0.12945181,0.0,0.19738781,0.7216052,0.17815241,0.40405297,0.0,0.22928178,1.4457757,0.6786235,0.7729019,0.0,0.0,0.0,0.053101122,0.2820354,0.0,2.238624,0.9864854,0.0,0.0,0.0,0.0,0.09131518,0.46248758,0.0,1.5960603,1.9289973,1.6699716,0.0,1.3300827,1.0761093,3.512776,2.9840589,0.0,0.0,0.0,0.0,0.0,0.0,2.0305638,0.0,0.0,0.027095556,0.0,0.0,0.54645395,0.91631985,0.0053192973,1.316293
U00855,0.0,0.7331914,0.0,0.0,0.0,0.0,0.0,0.0,0.0035998598,0.0,0.0,0.24408324,0.023004249,2.6211438,2.0669594,0.0,1.697398,0.0,0.0,0.0,2.0664988,0.0,0.0,2.31238,0.0,0.0,0.23931682,1.4828695,0.0,0.023741987,0.0,0.7550236,0.0,0.0,2.0205207,0.13372982,0.22297241,0.0,0.06812583,1.1763144,0.0,0.6067378,1.8202153,1.5282066,0.47586656,1.0828485,2.2504406,1.9388365,0.4317354,0.00040900707,0.0,0.0,0.0,0.34056142,1.458932,0.0,0.0,1.6472043,0.0,0.08793559,1.0677775,0.0,0.050644815,0.0
U00856,0.0,0.9626255,0.0,0.0,0.0,0.8002553,0.0,0.0,0.0,0.608733,0.49612442,0.0,0.0,0.32760066,1.1385331,0.0,0.56164086,1.4434888,0.0,0.5221181,1.0082548,0.022064984,0.0,0.991653,0.20524722,0.0,1.502132,0.8738311,0.26511228,0.0,0.0,0.54754233,0.31605715,0.0,0.89411485,0.0,0.69175494,0.0,0.6142553,1.1229856,0.39282614,0.2414527,1.4836828,0.946306,0.0,0.73057234,1.1903669,1.3794924,0.5945696,0.0,0.0,0.58039606,0.0,0.046060443,0.681013,0.0,0.0,0.61254793,0.0,0.18088754,0.59389544,1.4103287,0.12192905,0.14738047
U00857,0.109580815,1.1200879,0.09965117,0.34571064,0.0,0.0,0.22996616,0.38054422,0.8540383,0.5806517,0.0,0.41346198,0.6727865,1.8431867,2.792848,0.33346364,0.0,0.0,0.0,0.0,2.622067,0.0,0.08619517,1.1181972,0.0,0.29882458,2.0742269,1.660677,0.0,0.40916884,0.14781061,0.0,0.0,0.07172537,1.3268036,0.3793782,0.0,0.0,1.0199114,0.98080564,0.0,0.0,0.22413263,1.1254201,0.0,0.11887622,0.0,0.0,0.93597096,0.35649836,0.026852084,0.0,0.51167595,0.0,0.15932798,0.062474787,0.29474768,1.1751578,0.42097217,0.0,0.4210964,0.0,0.0,0.0
U00858,0.0,1.4777277,0.0,0.0,0.0,0.0,0.0,0.0,0.0,0.5485168,0.0,0.0,0.0,0.0,1.0642265,0.0,1.5996848,0.2585492,0.0,0.0,1.4161671,0.0,0.9315105,1.0649656,0.0070135593,0.0,2.3637927,0.27486777,0.046192825,0.0,0.0,0.42985594,0.2343079,0.0,0.86853284,0.0,0.0,0.0,1.6928434,1.6266414,1.0284708,0.3816656,0.9886701,0.67870086,0.5176935,1.45062,1.6544145,0.6889937,0.35337412,0.0,0.0,0.005446188,0.0,0.11801031,1.4418968,0.0,0.0,1.6000665,0.0,0.13504118,1.0110574,1.1674497,0.0,0.0
U00859,0.0,0.6723769,0.0,0.0,0.0,0.5109358,0.0,0.0,0.0,1.3553194,1.098645,0.0,0.0,0.0,0.41242033,0.0,0.37982517,0.37994337,0.0,0.966702,0.0,0.48317945,0.5099955,0.0,1.3745054,0.0,0.883889,0.0,1.7649952,0.0,0.0,0.30538148,1.5055103,0.0,0.0,0.0,0.5820906,0.0,0.33785206,0.6065186,0.48980612,0.26837027,0.021133482,0.11401659,0.1881442,0.37103492,0.0,0.20427254,0.7097979,0.0,0.0,0.7471074,0.0,0.0,0.0,0.0,0.0,0.27023685,0.0,0.0,0.2506789,1.2675081,0.15040857,0.31708133
U00860,0.0,0.9839492,0.0,0.0,0.19009604,0.42404607,0.0,0.0,0.0,2.6534567,1.6094619,0.0,0.33011806,0.0,0.0,0.0,0.0,0.63790905,0.0,1.5848808,0.0,0.5112376,0.0,0.0,1.2660654,0.0,0.0,0.6677695,2.1135345,0.0,0.0,0.21079785,1.6393278,0.0,0.0,0.21763062,1.5677065,0.0,0.0,1.4806672,0.0,0.0,0.0,0.0,0.4643203,0.0,0.0,0.0,1.741036,0.0,0.09876079,1.3426758,0.0,0.0,0.0,0.0,0.0,0.58787024,0.0,0.0,0.0,0.0,1.0733504,0.29377365
U00861,0.0,1.4144297,0.0,0.0,0.0,0.0,0.0,0.0,0.1692924,1.303974,0.0,0.0641015,0.06972447,0.71779054,1.7832044,0.05705446,0.16800934,0.3278041,0.16120043,0.0,2.4772494,0.0,0.0,0.72681606,0.0,0.037219822,2.357798,1.6748333,0.0,0.0,0.0,0.0,0.0,0.0,1.2620039,0.329611,0.0,0.0,0.31427395,2.0090559,0.0,0.0,0.5248276,1.0115182,0.0,0.5396108,0.0,0.0,1.3476518,0.0,0.0,0.0,0.17485912,0.0,0.0,0.0,0.10180478,1.6327913,0.0,0.0,0.97527456,0.0,0.0,0.0
U00862,0.06809914,1.3324941,0.0,0.0,0.0,0.29409796,0.0,0.0,0.0,1.1998636,0.43351665,0.03332663,0.06516416,0.41014826,0.83680403,0.0,0.5028464,0.18609715,0.09565511,0.4561026,1.1829169,0.49011654,0.0,0.46527106,0.0,0.0,1.2832435,1.0827574,0.0,0.023832861,0.0,0.0,0.09725876,0.0,0.9970262,0.0,0.5990559,0.08564359,0.0,2.0388207,0.0,0.0,0.47272608,0.43761122,0.23913133,0.0,0.7193475,0.5340481,1.1106205,0.2771982,0.0,0.4042665,0.0,0.0,0.0,0.08737093,0.0,1.1516559,0.0,0.0,0.63107836,0.0,0.0,0.0
U00863,0.0,0.0,0.14608285,0.0,0.0,1.1422977,0.033320904,0.0,0.063636556,0.14314926,0.50730956,0.176473,0.0,0.0,0.0,0.0,1.5697651,0.0,0.0,0.0,0.0,1.8025334,1.737895,0.0,0.7079258,0.0,0.0,0.481413,1.608679,0.0,0.114527695,0.6590762,1.4749987,0.0,0.0,0.0,0.3993732,0.0,2.2643738,0.0,0.0,0.7019167,0.0,0.8430475,0.0,0.0,0.0,0.0,0.0,0.07735953,0.0,1.3773491,0.004332572,0.0,1.7046882,0.0,0.09982619,0.0,0.017547846,0.0,0.0,0.45483422,0.7352023,0.36788535
U00864,0.13479698,0.0,0.0,0.004031241,0.33514434,1.1549557,0.1288535,0.0,0.0,0.21931386,1.373888,0.0,0.0,0.0,0.0,0.0,0.0,0.44984293,0.0,1.2454114,0.0,0.6258339,1.2401874,0.0,1.9629607,0.0,0.0,0.0,2.5710816,0.0,0.0,1.3990259,2.4779587,0.0,0.0,0.0,0.4332748,0.10589445,0.30022374,0.0,1.4098749,0.81897235,0.0,0.0,0.0,0.0,0.9269787,0.95704377,0.0,0.0,0.0,0.5260587,0.00685367,0.0,0.5820693,0.30962753,0.0,0.0,0.0,0.0,0.0,0.21936977,0.20171967,1.1271148
U00865,0.0,0.9545953,0.0,0.0,0.0,0.1903246,0.0,0.0,0.0,2.3255787,1.2921319,0.0,0.0,0.0,0.0,0.0,0.92670834,0.42128158,0.0,0.6816331,0.32359695,0.55830514,0.0,0.0,0.93283737,0.0,0.6919412,0.7169947,1.5719305,0.0,0.0,0.0,1.2537678,0.0,0.0,0.0,0.89363253,0.0,0.0,1.6386962,0.0,0.0,0.0,0.10284603,0.0,0.0,0.0,0.0,1.5797424,0.0,0.0,1.1353095,0.0,0.0,0.0,0.0,0.0,0.65364355,0.0,0.0,0.29839423,0.9609592,0.15065926,0.0
U00866,0.0,0.041596293,0.0,0.0,0.0,0.54130304,0.0,0.0,0.0,1.040394,1.6033697,0.0,0.0,0.31589139,0.0,0.0,0.0,1.918934,0.0,1.7680295,0.0,0.26849547,0.14162517,0.0,1.4546494,0.0,0.0,0.0,1.8138378,0.0,0.0,0.77800775,1.578539,0.0,0.0,0.0,0.66246754,0.0,0.0,0.28424072,0.9995124,0.14909655,0.0,0.0,1.5805942,0.26315075,0.4648437,0.99326885,0.28631008,0.0,0.0,0.4183763,0.0,0.0,0.0,0.0,0.0,0.62072927,0.0,0.0,0.86968625,0.47166795,0.22248378,0.56498885
U00867,0.28715828,0.0,0.45411515,0.3089395,0.0,1.8524401,0.21439987,0.0,0.16066879,0.0,1.6526712,0.047551088,0.0,0.0,0.0,0.068341434,1.7275121,0.0,0.2859518,0.35384703,0.0,1.5615697,1.47469,0.0,2.0213206,0.27462336,0.0,0.0,2.192049,0.11465624,0.72968394,1.8949928,2.3554688,0.13432917,0.0,0.434183,1.7026783,0.10442302,0.3270843,0.0,0.8090431,1.1878666,0.0,0.53762275,0.06077659,0.0,0.8449124,1.7856808,0.0,0.0,0.21985485,1.2568573,0.0,0.0,1.4595035,0.17351577,0.20567393,0.0,0.0,0.0,0.0,0.0,0.79419696,1.6470137
U00868,0.0,2.0771544,0.0,0.0,0.0,0.0,0.0,0.0,0.0,0.3713944,0.18065697,0.0,0.3541271,0.0,1.0660865,0.0,0.0,0.16524076,0.0,0.0,0.52808297,0.0,1.0538056,0.24047433,0.49834454,0.0,2.637889,0.11444318,0.13831323,0.0,0.0,0.0,0.31244615,0.0,0.0,0.0,0.0,0.0,3.2882771,0.3655454,0.21856612,0.08093214,0.72443044,0.0,0.48000264,0.57531613,0.53029794,0.9231266,0.023440838,0.0,0.0,0.0,0.0,0.0,1.5007898,0.0,0.0,1.6352007,0.0,0.0,1.6756635,0.8329351,0.0,0.0
U00869,0.0,2.1189773,0.0,0.0,0.0,0.0,0.0,0.0,0.0,1.7070001,0.4385504,0.0,0.0,0.5197869,0.843869,0.0,0.0,2.5544868,0.0,0.7672075,1.3652642,0.0,0.0,0.15179187,0.371741,0.0,3.1171784,0.97795665,0.62480235,0.0,0.0,0.0,0.29564333,0.0,0.5172826,0.0,0.0,0.0,0.64472973,1.396685,0.24281073,0.0,0.5764638,0.0,0.42872298,0.94551915,0.0,0.0,1.3829651,0.0,0.0,0.0,0.0,0.0,0.0,0.0,0.0,2.1430252,0.0,0.075964995,1.1852335,1.5913169,0.0,0.0
U00870,0.0,1.1331297,0.0,0.05395055,0.064071834,0.0,0.132195,0.092594415,0.15070583,1.0875154,0.0,0.21800956,0.0,1.4760512,1.2236139,0.17854032,0.7019261,0.54828274,0.0,0.0,2.070739,0.023000956,0.0,0.30792275,0.0,0.0,1.3688077,1.895796,0.0,0.0,0.0,0.0,0.0,0.07236475,1.432131,0.0,0.19042054,0.43812224,0.60609496,1.5412462,0.0,0.0,0.17305559,0.925345,0.11600828,0.24907917,0.6625957,0.0,0.9363798,0.34630626,0.0,0.0,0.22423625,0.0,1.0207716,0.104441166,0.08291575,1.6042664,0.13976696,0.0,0.5383292,0.3399034,0.0,0.0
U00871,0.7838706,0.0,0.86259854,1.1832435,0.44150388,0.4951131,1.0607175,0.48123187,0.5593793,0.0,0.3332602,0.16981275,0.4270143,1.0918579,0.0,0.6669958,0.5563115,0.5053462,0.9720384,0.609213,0.0,0.44924253,1.4308367,1.01125,0.3021351,0.6782452,0.0,0.0,0.0,1.1988862,0.12146399,1.1852087,0.33831903,1.0041244,0.0,0.6506405,0.0,0.80807924,0.0,0.0,1.3176277,1.3392845,0.999118,0.0,1.7954458,0.93967414,2.8341546,2.4431365,0.0,0.28993806,0.86830366,0.0,0.65772474,0.0,1.4858795,0.53875583,0.43309796,0.0,0.0,0.0,0.637887,1.4626855,0.4933506,0.75365686
U00872,0.19343263,0.25032693,0.0,0.10621393,0.0,0.13208425,0.11320734,0.3328048,0.019712187,0.0,0.0,0.19232056,0.24488093,1.2538645,1.8299329,0.121667296,1.7258074,0.0,0.0,0.0,0.94005084,0.4029382,1.8169503,1.3216233,0.102243304,0.08704969,0.0,0.0,0.0,0.07070645,0.0,0.5236683,0.0,0.16099766,0.63795567,0.39194143,0.0,0.0,3.665995,0.0,0.0,0.7950864,1.2409414,0.7580061,0.7344381,1.008226,2.0002341,1.1126702,0.0,0.18576647,0.3094285,0.0,0.25216988,0.12627357,2.802011,0.12112266,0.05971019,0.6731022,0.048513725,0.0,0.42234486,0.0,0.28478515,0.36783206
U00873,0.55622685,0.6804494,0.3725906,0.48531398,0.880085,0.0,0.6669843,0.37330407,0.88257533,1.1528826,0.0,0.61946803,0.43367422,0.5036238,2.0012794,0.50217795,0.0,0.0,0.4257946,0.0,2.0504682,0.0,0.0,0.1829946,0.0,0.6953582,2.3766375,1.9619472,0.0,0.5487133,0.4119166,0.0,0.0,0.51337814,1.2701995,0.2593975,0.0,0.58925396,0.0,1.4968926,0.0,0.0,0.007836938,0.9163959,0.0,0.07956207,0.0,0.0,1.0529441,0.4210029,0.4171801,0.0,0.8285678,0.0,0.0,0.31661105,0.7497585,1.3592247,0.6068323,0.0,0.4524868,0.0,0.0,0.0
U00874,0.0,0.0,0.0,0.0,0.0,1.2093153,0.0,0.0,0.0,0.0,0.114427835,0.0,0.0,1.4027467,1.2536068,0.0,1.1990339,0.45543623,0.08989161,0.0,0.33235288,0.27335674,0.8730692,1.8932321,0.0,0.0,0.0,0.0,0.0,0.005960878,0.0,1.3842978,0.0,0.0,0.9687632,0.062214732,0.45102662,0.0,0.64601827,0.40305734,0.67486966,1.2434614,1.8670689,0.6208631,0.6572718,1.1783272,3.0326586,2.38584,0.0,0.0,0.0,0.118205026,0.0,0.16409135,1.2602254,0.0,0.0,0.15840578,0.0,0.15339802,0.7844218,0.8725145,0.22631776,0.9623641
U00875,0.0,0.37565142,0.08042002,0.23587885,0.0,0.54915357,0.25759077,0.0,0.27757674,1.4530686,1.1869221,0.0,0.052676953,0.0,0.0,0.0,1.9210076,0.0,0.33040702,0.6807562,0.0,1.4203472,0.56269544,0.0,1.2033263,0.054558933,0.0,0.0,2.3769045,0.0,0.0,0.38334346,2.211959,0.15321124,0.0,0.0,0.80120254,0.10806328,0.5492419,0.34879422,0.0,0.19716215,0.0,0.39878666,0.0,0.0,0.0,0.0,0.5164821,0.1891241,0.0,1.2982036,0.15560071,0.0,1.1157502,0.26849404,0.23669633,0.0,0.020108327,0.0,0.0,0.0,0.6372263,0.05265653
U00876,0.0,0.41016436,0.0,0.0,0.079574004,0.020151988,0.08135432,0.0,0.0,0.9339435,0.14604463,0.0,0.0,0.2648604,1.2390059,0.0,0.99890924,0.50829566,0.0,0.31646013,1.2153461,1.2343338,0.6168565,0.0,0.26017654,0.0,0.96963835,1.3415682,0.75741637,0.0,0.0,0.0,0.7540061,0.0,0.25368047,0.0,0.0,0.0,1.2950497,0.79522085,0.0,0.26273757,0.0,1.1384873,0.0,0.30534983,0.0,0.0,0.9126911,0.0,0.0,0.039518446,0.0,0.0,0.5086465,0.0,0.05910763,0.85905784,0.049165934,0.0,0.0,0.60092103,0.0,0.0
U00877,0.0,0.93094516,0.0,0.0,0.0,0.5642674,0.0,0.0,0.0,1.0028253,0.24532136,0.0,0.0,1.0487267,1.1704614,0.0,1.6798111,0.5142399,0.0,0.779446,1.0460534,0.86882365,0.31803542,0.4104383,0.24176711,0.0,0.8643621,1.2925537,0.7406294,0.0,0.0,0.13437808,0.7101253,0.0,0.85888267,0.2551793,0.94470835,0.0,1.0341469,0.84613144,0.0,0.16271856,0.49240035,1.1981797,0.29849565,0.45151335,0.19936049,0.18391067,0.83460015,0.0,0.0,0.73937714,0.0,0.0,0.80505645,0.0,0.0,0.3624205,0.0,0.0,0.07932985,0.8085767,0.62644213,0.12626755
U00878,0.0,0.5694215,0.0,0.0,0.0,0.6057769,0.0,0.0,0.0,0.76535136,0.6950568,0.0,0.0,0.0,0.16066033,0.0,1.678813,0.9432893,0.0,1.3346413,0.25407612,1.0330544,0.4465807,0.0,1.0492419,0.0,0.28639722,0.379403,1.6305971,0.0,0.0,0.5393677,1.6204807,0.0,0.25707215,0.007893324,0.5714617,0.0,0.57020867,0.66124976,0.4410326,0.25014228,0.07408287,0.6942403,1.016348,0.6094488,0.24083251,0.40585122,0.35871023,0.0,0.0,0.720369,0.0,0.0,0.41630566,0.0,0.0,0.5457333,0.0,0.0,0.0,0.0,0.43875268,0.076529264
U00879,0.0,1.3958427,0.0,0.0,0.0,0.0,0.0,0.0,0.0,0.7424151,0.0,0.0,0.0,0.5687759,0.8181531,0.0,1.0632362,2.5258722,0.0,0.87475026,1.3282721,0.0,0.0,0.9374867,0.0,0.0,2.4568305,0.96653795,0.0,0.0,0.0,0.37238765,0.0,0.0,1.0123768,0.02079606,0.0,0.0,0.0,1.5048501,1.1479657,0.24336392,1.1312183,0.8314376,0.9602556,1.4355854,1.006368,0.7845448,0.7756061,0.0,0.0,0.0019179881,0.0,0.17464462,0.13464963,0.0,0.0,1.2293122,0.0,0.13464516,1.3483483,1.6270678,0.17278108,0.0
U00880,0.20706904,1.669626,0.0,0.22287601,0.0,0.0,0.0,0.0,0.0,1.6304442,0.22371373,0.0,0.0,1.1542794,0.7404992,0.29631302,0.058276176,3.3764586,0.0,3.6130419,1.77341,0.0,0.0,0.21430382,0.0,0.0,0.11107576,2.4008179,0.26159805,0.0,0.048870772,0.0,0.0,0.0,1.1253257,0.61348444,0.20138198,0.0,0.0,1.4112942,0.0,0.0,0.2656134,0.0,2.0453644,0.7828501,0.0,0.0,1.6352742,0.052434057,0.0,0.0,0.0,0.14259103,0.0,0.0,0.0,1.4963336,0.0,0.037360847,0.77628696,0.0,1.4372066,0.0
U00881,0.0,0.716244,0.0,0.0,0.0,0.4076412,0.0,0.0,0.0,1.6250062,0.73934424,0.0,0.0,0.0,0.0,0.0,1.4846599,0.7601727,0.0,0.884442,0.5929707,0.23480709,0.0,0.0,0.57122374,0.0,0.91614014,0.7153713,1.6012573,0.0,0.0,0.44360673,1.2810193,0.0,0.35494834,0.0,0.81049705,0.0,0.0,1.575932,0.5923615,0.0,0.17123231,0.91187054,0.0,0.19345206,0.0,0.037557468,0.948107,0.0,0.0,1.132049,0.0,0.106056064,0.43533874,0.0,0.0,0.09068179,0.0,0.0,0.0,0.51921064,0.13183457,0.0
U00882,0.0,1.8782771,0.0,0.0,0.0,0.0,0.0,0.0,0.0,2.973068,0.023001157,0.0,0.18305793,1.834753,0.0,0.0,0.0,1.1613892,0.0,0.8515893,1.2198107,0.0,0.0,0.0,0.0,0.0,2.981402,1.5327829,0.17657721,0.0,0.0,0.0,0.0,0.0,0.24610376,0.0,0.0,0.0,0.43140793,2.4020722,0.0,0.0,0.0,0.0,0.7712613,0.0,0.0,0.0,2.2668118,0.0,0.0,0.0,0.0,0.0,0.0,0.0,0.0,1.4320719,0.0,0.0,0.26730072,1.4669739,0.0,0.0
U00883,0.0,0.6416472,0.0,0.0,0.0,0.3868778,0.0,0.0,0.0,0.0,0.0,0.0,0.0,1.2513237,1.8510115,0.0,0.61063635,0.4772501,0.0,0.019695282,1.7466052,0.40464354,0.95670706,1.1808172,0.4091161,0.0,1.5373019,1.1776522,0.009507775,0.0,0.0,0.49675715,0.0,0.0,1.1589438,0.0,0.0,0.0,2.6193807,0.44780707,0.50454193,0.6425522,1.3024411,1.0063066,0.28999543,1.267675,1.5735763,0.88012636,0.08182001,0.0,0.0,0.0,0.0,0.2728844,1.1767129,0.0,0.0,0.8826078,0.0,0.326163,0.65460205,0.118755415,0.0,0.33478594
U00884,0.0,1.4181848,0.0,0.0,0.0,0.0,0.0,0.0,0.0,1.764951,0.104585156,0.0,0.0,1.3847723,0.56326574,0.0,0.3161736,0.9594494,0.0,1.0670283,1.5121613,0.20872587,0.0,0.16809061,0.0,0.0,1.3091114,1.719598,0.6000384,0.0,0.0,0.0,0.11273382,0.0,0.87597346,0.0,0.63376546,0.0,0.040197,1.8469678,0.0,0.0,0.0,0.21944836,0.9408905,0.1942501,0.019138575,0.0,1.5599136,0.0,0.0,0.4476914,0.0,0.004406035,0.0,0.0,0.0,1.2021179,0.0,0.010908345,0.74069315,0.0,0.15821102,0.0
U00885,0.0,0.09721863,0.0,0.0,0.23240803,0.7218772,0.0,0.0,0.0,1.5895683,1.877979,0.0,0.0,0.0,0.0,0.0,1.9336376,0.0,0.0,0.65678,0.0,0.96217024,1.1453009,0.0,1.8946278,0.0,0.0,0.0,2.2371445,0.0,0.0,0.0,2.3180094,0.0,0.0,0.0,1.1406405,0.0,0.0,0.09409547,0.10927141,0.0,0.0,0.63166094,0.07863331,0.0,0.0,0.0,0.6314272,0.0,0.0,1.5680988,0.0,0.0,0.102994084,0.0,0.0,0.0,0.0,0.0,0.0,0.47303796,0.26205045,0.7459214
U00886,0.0,1.2888033,0.0,0.0,0.0,0.0,0.0,0.0,0.0,2.5084262,0.6000005,0.0,0.0,0.099956036,0.0,0.0,0.0,2.2652433,0.0,2.1294734,0.76056135,0.0,0.0,0.0,0.21880955,0.0,0.8999008,0.55037796,1.6418078,0.0,0.0,0.0,0.9118098,0.0,0.0,0.0,0.038565367,0.0,0.0,1.707935,0.24586603,0.0,0.0,0.0,0.7445006,0.0,0.0,0.0,1.3832074,0.0,0.0,0.31260425,0.0,0.0,0.0,0.0,0.0,1.7042098,0.0,0.0,0.9007105,0.34632853,0.16139251,0.0
U00887,0.0,0.16543394,0.0,0.0,0.0,0.38456705,0.0,0.08946489,0.0,0.0,0.0,0.0,0.0,1.5030134,1.7489188,0.016210139,0.966278,0.0,0.0,0.0,1.2651083,1.0108068,1.5176401,1.4972693,0.0,0.028072894,0.8846877,0.6329069,0.0,0.0,0.19713917,0.038725138,0.0,0.0,0.7990084,0.06899071,0.0,0.0,3.1226482,0.0,0.0,0.75219345,0.80250883,0.7043187,0.0,0.60739505,1.9302515,0.87531364,0.0,0.0,0.0,0.0,0.0,0.0,2.1101155,0.0,0.0,0.54937035,0.0,0.0,0.41768983,2.131916,0.0,0.040534317
U00888,0.0,0.0,0.08937663,0.0,0.0,0.86986697,0.0,0.0,0.0,0.0,0.0,0.0,0.0,0.0,0.0,0.0,2.0952466,0.43218994,0.0,0.24767351,0.0,1.1144581,1.267055,0.8350176,0.3609866,0.0,0.0,0.0,0.949178,0.0,0.0,1.4595299,1.0606254,0.0,0.0,0.0,0.0,0.0,1.6951146,0.0,0.6211961,1.596373,1.1664354,0.5208374,0.10310781,0.42625797,1.1058383,1.0108479,0.0,0.0,0.0,0.24769524,0.0,0.0,2.576015,0.0,0.0,0.0,0.0,0.0,0.0,1.4690934,0.8296697,0.6881454
U00889,0.0,0.7114176,0.0,0.0,0.0,0.0,0.0,0.0,0.0,1.2807909,1.5094839,0.0,0.0,0.12118626,0.0,0.0,0.0,3.4010057,0.0,1.7191694,0.0,0.0,0.08484793,0.0,1.5892127,0.0,1.8381717,0.0,2.187912,0.15834069,0.0,0.0,2.0055106,0.0,0.0,0.0,0.0,0.0,0.095671274,0.48052585,1.7872493,0.0,0.0,0.0,1.3795419,0.42725146,1.0683529,1.681851,0.028823018,0.0,0.0,0.0,0.0,0.0,0.0,0.0,0.0,2.3059363,0.0,0.0,1.5513492,2.0873477,0.0,0.13243103
U00890,0.0,0.0,0.0,0.0,0.0,2.2925763,0.0,0.0,0.0,0.0,0.28074688,0.0,0.0,0.165102,0.0,0.0,0.44184488,0.0,0.0,0.0,0.0,1.3262609,2.948261,0.9400868,1.5256183,0.0,0.0,0.0,0.27751297,0.0,0.0,2.7302566,0.5342472,0.0,0.0,0.0,0.42916822,0.0,3.1779447,0.0,1.4755516,2.7434201,1.827641,1.1021159,0.25709045,0.5403389,3.1347613,1.8267192,0.0,0.0,0.0,0.19440193,0.0,0.21355918,3.5717468,0.0,0.0,0.0,0.0,0.0,0.0,0.80238295,0.0,2.5883398
U00891,0.0,0.0,0.0,0.0,0.0,0.7574197,0.0,0.0,0.0,0.39735126,1.6963975,0.0,0.0,0.0,0.0,0.0,0.0,0.91090524,0.0,0.7022424,0.0,0.37373573,1.5853233,0.0,1.7278671,0.0,0.0,0.0,2.3285222,0.0,0.0,1.2418742,2.0615926,0.0,0.0,0.0,0.03497842,0.0,0.62905705,0.0,1.5990357,1.1517621,0.0,0.0,0.5840217,0.18345046,1.3109587,1.270139,0.0,0.0,0.0,0.31718963,0.0,0.0,0.55914044,0.0,0.0,0.0,0.0,0.0,0.6164598,1.6311854,0.0,1.31494
U00892,0.39839736,0.7321643,0.4662178,0.44640613,0.1058528,0.0,0.4991464,0.37102482,0.85728186,0.0,0.0,0.37695545,0.71368957,2.3467176,2.8988013,0.54022926,0.0,0.6134553,0.2871153,0.20965815,2.8859258,0.0,0.0,1.0653126,0.0,0.41809738,1.4640896,1.4391443,0.0,0.52691984,0.37890464,0.0,0.0,0.23319879,1.9554739,1.3156023,0.0,0.120842665,1.7544917,1.524107,0.0,0.0,0.5493835,0.5797174,1.0053906,1.4134771,0.0,0.0,0.67492723,0.46781135,0.6549748,0.0,0.8415418,0.0,0.0,0.31489068,0.41808012,1.6406126,0.20144847,0.11504708,1.2974474,0.0,0.0,0.0
U00893,0.0,0.0,0.0,0.0,0.0,1.3426638,0.0,0.0,0.0,0.0,0.8024545,0.0,0.0,0.0,0.0,0.0,0.0,0.65924704,0.0,0.6678965,0.0,0.7257099,1.1701169,0.006801158,1.2278912,0.0,0.0,0.0,1.358063,0.0,0.0,1.1521491,1.4407892,0.0,0.0,0.0,0.85920084,0.0,0.76889646,0.0,0.6779764,1.1997507,1.018694,0.101227224,0.0,0.08564007,1.9971026,1.5172926,0.0,0.0,0.0,0.5183493,0.0,0.0,1.3461651,0.0,0.0,0.0,0.0,0.0,0.0,1.2795836,0.2552529,1.6692314
U00894,0.0,1.7602627,0.0,0.0,0.0,0.23056999,0.0,0.0,0.0,1.667204,0.4228773,0.0,0.0,0.986594,0.0,0.0,0.6234612,1.2579528,0.0,0.95978975,1.3218051,0.108741835,0.0,0.25390327,0.0,0.0,1.0418379,1.6938393,0.5779062,0.0,0.0,0.11610454,0.4302289,0.0,1.3536801,0.0,0.85881424,0.0,0.0,2.5352278,0.0,0.0,0.0,0.52513057,0.996672,0.0,0.16859367,0.0,1.7364142,0.0,0.0,0.8975222,0.0,0.1424905,0.0,0.0,0.0,1.4906938,0.0,0.042217948,0.6953338,0.0,0.0,0.0
U00895,0.0,0.20774472,0.0,0.0,0.0,0.91644716,0.0,0.0,0.0,0.37790644,0.6010996,0.0,0.0,0.8241087,0.81490755,0.0,2.497486,0.0,0.0,0.2735076,0.489578,1.3226621,0.5375052,0.6610158,0.67534375,0.0,0.08663046,0.7498306,0.49552098,0.0,0.0,0.54944015,0.9459007,0.0,0.6024602,0.0007625818,0.97564435,0.0,0.82467806,0.67843497,0.0,0.43526292,0.7051301,1.5760932,0.11852014,0.46964312,0.75897914,0.98863304,0.41738588,0.0,0.0,0.9983816,0.0,0.12625602,1.5188986,0.0,0.0,0.41538376,0.0,0.0,0.0,1.1425431,0.36563137,0.38282514
U00896,0.0,0.0,0.0,0.0,0.0,1.2504458,0.0,0.0,0.0,0.0,0.019227043,1.9010558,4.8500466,0.0,0.0,0.0,0.0,0.0,0.0,0.0,1.3133112,0.9918081,1.7764864,3.8135073,0.94985795,0.0,0.0,0.0,0.0,0.0,0.0,0.5434245,0.0,0.0,0.0,0.0,0.0,0.0,3.6935253,0.0,0.18371668,1.0605638,3.3160968,1.9349742,0.0,0.0,2.7742667,0.5035081,0.0,0.0,0.0,0.0,0.0,0.0,5.641226,0.0,0.0,0.24324179,0.6243978,0.0,0.0,2.5630255,0.0,2.0850978
U00897,1.5135286,0.82143694,1.3772821,1.668075,0.78470343,0.0,1.7248725,1.1491404,1.4587262,1.1513085,0.0,0.7429207,1.0022401,1.4555442,0.6573328,1.465125,0.0,2.1065266,1.5077198,1.9944324,1.3118887,0.0,0.0,0.0,0.0,1.2642856,1.1030276,1.2897122,0.0,1.1979868,1.2556968,0.0,0.0,1.5882382,0.7118187,2.2196488,0.0,1.4886973,0.0,1.2522457,0.0,0.0,0.0,0.0,0.9252015,0.4338416,0.0,0.0,0.9920271,1.4036889,1.2696301,0.0,1.1589788,0.0,0.0,1.5546439,1.3334558,0.95280683,0.84520346,0.0,0.7518876,0.0,0.56790036,0.0
U00898,0.0,0.08349383,0.38755742,0.0,0.0,0.0,0.0,0.0,0.0,0.20248187,0.5709373,0.0,0.0,0.0,0.0,0.0,0.0,4.0642834,0.0,1.1225462,0.0,0.0,0.79786664,0.0,0.23295552,0.0,1.604863,0.0,1.0617111,0.4332986,0.18117644,0.74895453,1.0609552,0.0551129,0.0,0.0,0.0,0.0,0.0,0.0,3.2603843,0.8907559,0.22781873,0.0,1.1561316,1.6238526,1.6619558,1.4287974,0.0,0.0,0.0,0.0,0.0,0.0,0.07813084,0.0,0.0,0.45520484,0.0,0.0,1.8835632,3.032999,0.4636305,0.0
U00899,0.0,1.3614953,0.0,0.0,0.0,0.0,0.0,0.0,0.0,2.6890516,0.4674237,0.0,0.0,0.3744095,0.0,0.0,0.0,0.98917365,0.0,1.4446266,1.4061939,0.0,0.0,0.0,0.0,0.0,0.65763754,1.7745428,1.3609829,0.0,0.0,0.0,0.73865783,0.0,0.75301856,0.0,0.9921495,0.0,0.0,2.0391693,0.0,0.0,0.0,0.0,0.31181276,0.0,0.0,0.0,1.8500394,0.0,0.0,0.8505043,0.0,0.0,0.0,0.0,0.0,1.5432782,0.0,0.0,0.06446576,0.0,0.23509496,0.0
U00900,0.0,0.091117084,0.0,0.0,0.0,0.34313965,0.0,0.0,0.0,0.0,0.26929295,0.0,0.0,0.0,2.345231,0.0,0.6890495,0.0,0.0,0.099426985,0.8215293,0.12449749,1.5313504,0.5447273,0.57098067,0.0,1.4211091,0.08733487,0.0,0.0,0.0,0.57639515,0.23248595,0.0,0.7916889,0.0,0.0,0.0,1.9118841,0.33908796,0.80984885,0.4489265,0.93504214,0.37158543,0.93518347,0.951444,1.408703,0.8254248,0.0,0.0,0.0,0.0,0.0,0.0,0.11698735,0.0,0.0,0.78726435,0.0,0.0,0.8205504,0.0,0.0,0.3085823
U00901,0.0,1.2508111,0.0,0.0,0.0,0.0,0.0,0.0,0.0,1.6908679,0.16157928,0.0,0.0,0.91066074,1.3171095,0.0,0.0,1.0425981,0.0,1.1603056,1.740989,0.3735057,0.0,0.0,0.0,0.0,1.7538223,1.4291953,0.74449456,0.0,0.0,0.0,0.13459142,0.0,0.8756161,0.0,0.4788366,0.0,0.5158423,1.5115898,0.0,0.0,0.0,0.014662474,0.42752838,0.032328725,0.0,0.0,1.3224492,0.0,0.0,0.17306307,0.0,0.0,0.0,0.0,0.0,1.2312317,0.0,0.0,0.412305,0.08109724,0.0,0.0
U00902,0.18653274,0.82394147,0.026714295,0.2663546,0.069825456,0.0,0.3644007,0.18661863,0.35686094,0.8426817,0.0,0.0,0.37074727,0.8256341,2.052606,0.4660545,0.96230596,0.31072736,0.37410313,0.0,1.4630193,0.0,0.19479549,0.8421141,0.0,0.22845094,1.8439205,1.0237188,0.0,0.0465048,0.11629592,0.0,0.0,0.24505919,1.1106738,0.49694943,0.0,0.13285357,0.3450902,1.6134613,0.0,0.0,0.6281444,0.7688674,0.50523686,0.8821548,0.0,0.09599222,0.90763676,0.10997282,0.20536518,0.0,0.15227756,0.0,0.0,0.25369564,0.09518799,1.0985004,0.0,0.0,0.9411355,0.21800917,0.0,0.0
U00903,0.0,0.1556794,0.0,0.0,0.0,0.61572945,0.0,0.0,0.0,0.0,0.0,0.0,0.0,1.6126443,1.5296605,0.0,2.220583,0.0,0.0,0.0,1.2332833,0.8965368,1.842325,1.1416209,0.5276649,0.0,0.25078285,0.10524309,0.0,0.0,0.0,0.6103667,0.0,0.0,1.1534357,0.0,0.0,0.0,3.0404754,0.30774152,0.0,0.5593297,0.7039374,1.1635277,1.033782,0.8315865,1.8425306,0.34034997,0.0,0.0,0.0,0.12752645,0.0,0.16967943,2.4284973,0.0,0.0,0.7562323,0.0,0.002774039,0.0,0.0,0.0,0.42250383
U00904,0.0,0.5783018,0.0,0.0,0.0,0.50190926,0.0,0.0,0.0,0.3387524,0.0,0.0,0.0,1.5950687,1.4644096,0.0,1.5353464,0.08062363,0.0,0.01684475,1.6387309,0.22401428,6.723404e-05,0.7390879,0.0,0.0,0.5817983,1.6254535,0.10389483,0.0,0.0,0.41000557,0.0,0.0,1.6131163,0.2652328,0.789438,0.0,1.3254961,1.2592807,0.0,0.18323636,0.8667203,1.4935915,0.85604036,0.9337809,0.592538,0.34401432,0.93289745,0.0,0.0,0.4948497,0.0,0.24387828,1.0061973,0.0,0.0,0.548834,0.0,0.17389421,0.21177882,0.0,0.5821614,0.13672042
U00905,0.0,0.0,0.0,0.0,0.0,1.3354268,0.0,0.0,0.0,0.0,0.671425,0.0,0.0,0.5147373,0.9117007,0.0,1.8935485,0.0,0.0,0.19182277,0.5032253,0.99234,0.9374003,0.86129975,1.0415311,0.0,0.0,0.17198169,0.46100104,0.0,0.0,1.3446935,0.7271698,0.0,0.869775,0.0,0.97903335,0.0,0.9339204,0.6463094,0.79786736,0.6312916,0.9280343,1.0926142,0.9559532,0.6418756,1.7074193,1.7710557,0.0,0.0,0.0,0.7915404,0.0,0.45323756,0.9716681,0.0,0.0,0.099851966,0.0,0.3224223,0.11592734,0.00738921,0.055393755,0.6792004
U00906,0.0,0.7544277,0.0,0.0,0.0,0.38999918,0.0,0.0,0.0,0.0,0.0,0.0,0.0,1.9688652,1.5413623,0.0,1.376702,0.6634028,0.0,0.0,1.4607338,0.0,0.0,2.4471345,0.0,0.0,0.8765344,1.139947,0.0,0.0,0.0,0.7304059,0.0,0.0,1.8556638,0.0,0.06987785,0.0,0.0,1.5909956,0.29765642,0.5820647,1.8656534,1.355324,0.9415304,1.5935168,1.8721715,1.2893378,0.80431765,0.0,0.0,0.0,0.0,0.4867666,0.84888875,0.0,0.0,1.1095148,0.0,0.44979018,1.0970157,0.0,0.0,0.096191764
U00907,0.0,0.48660564,0.0,0.0,0.0,1.1211748,0.0,0.0,0.0,1.6864338,1.4663557,0.0,0.0,0.0,0.0,0.0,0.018635154,1.6160107,0.0,1.4200345,0.11032963,0.78367203,0.0,0.0,0.7760899,0.0,0.18169463,0.81197524,1.8073859,0.0,0.0,0.53961957,1.3374689,0.0,0.44382888,0.13187778,1.6082247,0.0,0.0,1.325033,0.2783018,0.0,0.0,0.19671382,0.0,0.0,0.0,0.12930319,1.30936,0.0,0.0,1.4768683,0.0,0.0,0.0,0.0,0.0,0.00950408,0.0,0.0,0.0,0.2767321,0.42277426,0.3038224
U00908,0.0,0.0,0.0,0.0,0.3282082,0.78400075,0.0,0.0,0.0,1.7445536,1.8873155,0.0,0.202561,0.0,0.0,0.0,0.0,1.085629,0.0,1.1206379,0.0,0.49828792,0.0,0.0,1.7982986,0.0,0.0,0.0,2.7771728,0.0,0.0,0.6632174,2.2287083,0.0,0.0,0.0,0.64113575,0.0,0.0,0.0,0.78699654,0.0,0.0,0.0,0.3126068,0.0,0.0,0.0,0.24167067,0.0,0.0,0.7905898,0.0,0.0,0.0,0.0,0.0,0.0,0.11743373,0.0,0.0,0.36015132,0.45235646,1.1510537
U00909,0.0,0.6873951,0.0,0.0,0.0,0.0,0.0,0.0,0.0,1.5759931,1.0049794,0.0,0.0,0.0,0.0,0.0,2.4119072,0.61824334,0.0,1.795291,0.0,0.6199297,0.14764738,0.0,0.3929147,0.0,0.0,0.77487093,1.4069736,0.0,0.0,0.0,1.5520765,0.0,0.0,0.0,0.47617623,0.0,0.2980845,0.0,0.0,0.0,0.0,0.34246045,0.0,0.0,0.0,0.0,0.76896936,0.0,0.0,1.0258191,0.0,0.099345,1.7238611,0.0,0.0,0.0,0.0,0.0,0.0,1.4785591,1.3284473,0.28459322
U00910,0.0,0.6796504,0.0,0.0,0.0,0.77402854,0.0,0.0,0.0,0.97834337,0.056832477,0.0,0.0,0.47116154,0.71954584,0.0,1.1879948,0.5385846,0.0,0.53986573,1.3178824,0.46391267,0.0,0.3598774,0.27814215,0.0,0.9344006,0.98462445,0.8292978,0.0,0.0,0.48325467,0.63127226,0.0,1.033022,0.0,0.9295901,0.0,0.77712715,1.3482945,0.17537418,0.115276754,0.62707907,1.0514731,0.21160853,0.373119,0.9469756,0.5595547,0.83199704,0.0,0.0,0.8444238,0.0,0.15408143,0.66159475,0.0,0.0,0.60877496,0.0,0.02198482,0.0,0.0,0.0,0.07575929
U00911,0.53966445,0.39808512,0.061536998,0.23527151,0.5013061,0.8004651,0.29991406,0.43296856,0.23703396,1.4304615,1.0072572,0.3151899,0.21618836,0.0,0.0,0.22802907,0.4667884,0.0,0.223513,1.5468347,0.0,0.86713225,0.16749799,0.0,1.4254186,0.26338306,0.0,0.0,2.2195277,0.29231137,0.12744075,0.15361595,2.0544717,0.50165606,0.0,0.0,0.6912439,0.40400788,0.0,0.44992602,0.32162088,0.0,0.0,0.0,0.0,0.0,0.0,0.0,0.3141995,0.4342438,0.27690113,0.90997696,0.419091,0.0,0.0,0.5180042,0.39972457,0.0,0.38472235,0.0,0.0,0.0,0.08607572,0.22798562
U00912,0.0,0.87065387,0.0,0.0,0.0,0.29783735,0.0,0.040976033,0.0,0.0,0.28101254,0.0,0.0,1.6767663,1.6008741,0.0,0.3380093,0.0,0.0,0.120871305,1.0097826,0.94297415,1.8107018,0.9065979,0.71428776,0.0,0.9608896,0.09630132,0.0,0.0,0.0,0.06465846,0.04189028,0.0,0.401985,0.0,0.0,0.0,2.8654213,0.0,0.10386765,0.4972474,0.1827081,0.0,1.3663381,0.3838845,1.6003863,1.0040365,0.0016796589,0.0,0.0,0.0,0.0,0.15701053,1.0772496,0.0,0.0,1.0817099,0.0,0.1593684,0.8520733,0.07274993,0.0,0.5029888
U00913,0.0,1.5362809,0.0,0.0,0.0,0.0,0.0,0.034252346,0.13524598,1.2668502,0.0,0.111297876,0.3344956,0.3187595,1.832674,0.0,0.029016852,0.0,0.0,0.0,1.6345904,0.29439384,0.36821705,0.6740384,0.0,0.0076026917,2.4807239,1.2604351,0.0,0.14724602,0.0,0.0,0.0,0.0,0.7914322,0.015826225,0.0,0.0,0.8489158,1.5521938,0.0,0.0,0.37913507,0.53487897,0.0,0.0,0.0,0.013423458,1.118466,0.17958461,0.0,0.0,0.09842745,0.0,0.0,0.0,0.0,1.065098,0.14013135,0.0,0.3232112,0.19662435,0.0,0.0
U00914,0.6570842,0.46428537,0.4650554,0.86211526,0.45587116,0.8923737,0.4848232,0.22531956,0.5146455,1.8374488,1.5944539,0.3324116,0.65836406,0.0,0.0,0.57168174,1.3465515,0.0,0.65136105,1.4641849,0.0,1.1323996,0.0,0.0,1.6219244,0.45528218,0.0,0.0,2.9442072,0.39898247,0.38782042,0.26628023,2.712248,0.6643007,0.0,0.47860247,1.0791714,0.50400007,0.0,0.22563195,0.11077094,0.0,0.0,0.0,0.0,0.0,0.0,0.0,0.44370574,0.74198174,0.5866965,1.581268,0.6670943,0.0,0.0,0.787817,0.6069273,0.0,0.26558954,0.0,0.0,0.0,0.93728805,0.19249868
U00915,0.23256159,1.6336596,0.15744606,0.059029996,0.0,0.0,0.021360695,0.0,0.0,1.9871384,0.111626804,0.0,0.1763021,1.663864,0.22478068,0.30606169,0.0,2.999078,0.027565211,2.9247484,1.6478091,0.0,0.0,0.0,0.0,0.18542106,1.2112794,1.9612777,0.5297847,0.0,0.1412372,0.0,0.0,0.20174804,1.1755893,1.1352892,0.20174156,0.100912064,0.0,2.1545932,0.0,0.0,0.0,0.0,1.9326442,0.33573723,0.0,0.0,1.8346124,0.07598403,0.18027367,0.0,0.0,0.0,0.0,0.08210343,0.0,1.5490543,0.0,0.026209997,1.0592985,0.0,0.7876497,0.0
U00916,0.0,0.0,0.0,0.0,0.0,0.88118505,0.0,0.0,0.0,0.17237735,0.6060941,0.0,0.0,0.0,0.3067143,0.0,0.0,1.7257228,0.0,0.97061193,0.062934875,0.1356302,0.9373786,0.017850727,0.9144126,0.0,0.43035424,0.0,1.3028903,0.0,0.0,0.93272185,1.1371958,0.0,0.0,0.0,0.30706728,0.0,0.85100687,0.0,0.95811266,0.84599817,1.1261722,0.0,0.0,0.80200064,1.7570598,1.1884178,0.0,0.0,0.0,0.16266125,0.0,0.0,0.8113128,0.0,0.0,0.0,0.0,0.0,0.33914304,1.3418872,0.0,1.0998015
U00917,0.5164987,0.96871734,0.49907047,0.46176088,0.076519355,0.0,0.65773386,0.43930635,0.7501736,0.0,0.0,0.30849302,0.555963,2.1307397,2.4542184,0.5795523,0.0,1.1834384,0.4154727,0.9692652,2.6973405,0.0,0.0,0.72616863,0.0,0.3856182,1.4562042,1.6035385,0.0,0.43731898,0.39804596,0.0,0.0,0.3423494,1.7778326,1.3804619,0.0,0.3082469,1.2211246,1.6585566,0.0,0.0,0.32681137,0.3683724,1.1635234,1.2155732,0.0,0.0,0.92782223,0.46825874,0.5876187,0.0,0.62719417,0.0,0.0,0.44550657,0.4216281,1.5585071,0.20427567,0.10851509,1.1665103,0.0,0.0,0.0
U00918,1.0345137,1.0543224,0.7862195,1.0336705,0.8890847,0.0,0.8503638,0.63946104,1.3902065,0.78040713,0.0,0.846911,0.97511363,0.54444474,1.2331383,0.88399583,0.0,0.0,1.2943096,0.0,1.8137885,0.0,0.0,1.2726395,0.0,1.0407041,2.394784,1.3327116,0.0,1.0941133,0.9642275,0.0,0.0,0.93224597,1.1094326,1.0739882,0.0,1.1255702,0.0,1.2771828,0.0,0.0,0.7308215,0.43314928,0.0,0.3000397,0.32497862,0.0,0.85604405,1.1723516,0.85189867,0.0,1.15517,0.0,0.31830645,1.1198864,1.2066481,1.1245944,1.1227274,0.0,0.8770428,0.5696765,0.0,0.0
U00919,0.0,0.0,0.0,0.0,0.0,1.2096382,0.0,0.0,0.0,0.0,0.53055596,0.0,0.0,0.16566277,0.8322605,0.0,2.225369,0.0,0.0,0.0,0.0,1.5145354,2.2925067,0.4285643,1.7780473,0.0,0.0,0.0,0.84991324,0.0,0.0,1.3230436,0.93445545,0.0,0.18937898,0.0,0.40545338,0.0,2.125156,0.0,0.6687474,1.1540694,0.47619125,1.0907845,1.2129674,0.6609117,1.0427442,0.78168416,0.0,0.0,0.0,0.5446359,0.0,0.16125986,1.6664039,0.0,0.0,0.0,0.0,0.056202378,0.0,0.0,0.11446458,1.1865795
U00920,0.0,0.66147363,0.0,0.0,0.0,0.5591636,0.0,0.0,0.0,1.4550083,0.6817843,0.0,0.0,0.38045633,0.1645686,0.0,0.0,1.8610084,0.0,1.4410335,0.9731937,0.20918539,0.0,0.0,0.30298722,0.0,0.8330897,1.2274103,1.2229788,0.0,0.0,0.6335248,0.6550212,0.0,0.96582806,0.0,1.0772843,0.0,0.0,1.609363,0.45289904,0.0,0.2583574,0.28518403,0.73745376,0.28283423,0.60575414,0.3747848,1.1773822,0.0,0.0,0.76637566,0.0,0.0,0.0,0.0,0.0,0.8856125,0.0,0.0,0.4784696,0.0,0.0,0.0
U00921,0.02772677,2.3402252,0.08013095,0.14210993,0.1802835,0.0,0.22426784,0.39837033,0.61773884,1.9194046,0.0,0.5387722,0.8320528,0.9082917,1.2697148,0.5080752,0.0,0.28968906,0.17942426,0.0,2.7108107,0.0,0.0,0.0,0.0,0.52480567,3.3765893,1.9678453,0.0,0.17366701,0.04579027,0.0,0.0,0.10898605,0.71961355,0.022477508,0.0,0.0,0.19610442,1.8492205,0.0,0.0,0.0,0.06030795,0.0,0.0,0.0,0.0,1.5832034,0.6507591,0.3398967,0.0,0.5224105,0.0,0.0,0.158245,0.4881261,2.0596228,0.73131865,0.0,0.64730304,0.0,0.0,0.0
U00922,0.0,1.5977926,0.0,0.0,0.0,0.0,0.0,0.014750451,0.0,0.53003,0.0,0.0,0.0,0.79408586,2.114799,0.0,1.019463,0.49478316,0.0,0.21181798,1.3238603,0.0,0.6603766,0.79096276,0.0,0.0,1.8977835,0.82199556,0.0,0.0,0.0,0.0,0.15684775,0.0,0.59332407,0.0,0.0,0.0,2.0967033,0.4884025,0.0,0.07165012,0.8661896,0.9707398,0.0,0.7375228,0.3579688,0.5215417,0.46084863,0.0,0.0,0.0,0.0,0.0,1.098143,0.0,0.0,0.69863236,0.0,0.0,0.6926257,0.5328127,0.0,0.23112547
U00923,0.121421516,0.8604466,0.19359808,0.35100245,0.41651696,0.0,0.47068918,0.32753664,0.3006664,0.6127538,0.0,0.28687918,0.34900272,0.94483733,1.3763843,0.14841104,0.80364835,0.0,0.18406457,0.0,1.326822,0.8091295,0.7632753,0.46367365,0.0,0.17408222,1.5711871,1.1724532,0.0,0.35580724,0.49621886,0.0,0.0,0.37722564,0.71293294,0.31146514,0.0,0.2513008,2.7725775,0.0,0.0,0.0,0.06212005,1.129911,0.0,0.0,0.07880157,0.0,0.5912371,0.37258226,0.12771115,0.0,0.59703237,0.0,2.0613046,0.13984492,0.26842985,0.03839147,0.3639301,0.0,0.0,2.8685248,0.027271092,0.0
U00924,0.0,0.0,0.0,0.0,0.0,1.1330181,0.0,0.0,0.0,0.0,0.0,0.0,0.0,1.0364625,1.3203951,0.0,1.671154,0.0,0.0,0.0,0.09499204,1.3263024,2.5279622,1.6044356,0.6457691,0.0,0.0,0.0,0.0,0.0,0.0,1.0692056,0.0,0.0,0.5333313,0.16208649,0.0,0.0,3.3336294,0.0,0.5064082,1.460671,1.3061908,1.1673946,0.16035485,0.7995456,2.4989433,1.0030875,0.0,0.0,0.0,0.0,0.0,0.0678941,3.0705638,0.0,0.0015191734,0.0,0.0,0.0,0.0,2.0487587,0.02824217,1.2207837
U00925,0.0,0.33627194,0.0,0.0,0.0,0.8756726,0.0,0.0,0.0,1.8770247,1.3479959,0.0,0.0,0.0,0.0,0.0,0.46148556,1.2471812,0.24306077,1.2816286,0.0,0.6667042,0.0,0.0,0.77016497,0.0,0.1384604,0.60349846,2.113489,0.0,0.0,0.54189575,1.5970634,0.0,0.045309722,0.0,1.3020563,0.0,0.0,0.8116367,0.08628261,0.0,0.0,0.18910483,0.0,0.0,0.0,0.0,1.010389,0.0,0.0,1.5111259,0.0,0.0,0.0,0.0,0.0,0.0,0.0,0.0,0.0,0.064159766,0.3141702,0.3402723
U00926,0.0,0.927805,0.0,0.0,0.0,0.0,0.0,0.0,0.0,0.0,0.18106076,0.0,0.120028585,0.0,1.587348,0.0,0.0,0.91813314,0.0,0.5297079,0.72584945,0.0,0.4219578,0.10416792,0.7487726,0.0,2.2207165,0.0,0.0,0.0,0.0,0.77813387,0.87840456,0.0,0.22774601,0.0,0.0,0.0,1.5569034,0.27666938,1.5639238,0.0,1.5581586,0.0,0.6913059,1.419142,1.2998041,1.9311515,0.0,0.0,0.0,0.0,0.0,0.0,0.078419685,0.0,0.0,1.7427568,0.0,0.0,1.2402375,0.0,0.0,0.0
U00927,0.0,0.16584486,0.0,0.0,0.0,0.7561681,0.0,0.0,0.0,0.3226254,0.49490324,0.0,0.0,0.36066693,1.6456625,0.0,0.0,1.1281106,0.0,0.0,1.1659172,0.0049793124,0.6000863,1.354511,0.26140624,0.0,2.3105223,0.5960814,0.08333832,0.0,0.0,0.42119896,0.11612122,0.0,1.0451657,0.0,0.0053295195,0.0,0.6429024,1.008143,0.8340669,0.58165854,1.6257528,0.8077792,0.0,0.83646345,1.4958853,0.87587714,0.15789843,0.0,0.0,0.17979135,0.0,0.0,0.0,0.0,0.0,0.39231396,0.0,0.11326316,0.32446143,1.4621226,0.0,0.02227199
U00928,0.0,0.95934016,0.0,0.0,0.0,0.0,0.0,0.0,0.0,0.58823335,0.0,0.0,0.0,2.2775967,2.7521918,0.0,0.010656238,0.8264396,0.0,0.0,2.66381,0.0,0.0,1.6714219,0.0,0.0,1.939313,2.240131,0.0,0.0,0.0,0.0,0.0,0.0,1.897757,0.104692936,0.19724391,0.0,0.8833064,1.1604319,0.0,0.13770744,1.0796365,1.8196795,0.0,1.0745411,0.5533885,0.0,1.1769915,0.0,0.0,0.0,0.0,0.15221795,0.64852965,0.0,0.0,0.7063304,0.0,0.38956746,0.7248501,0.0,0.0,0.0
U00929,0.18429297,0.30361038,0.30734515,0.0,0.32407188,0.055410072,0.33178774,0.18259808,0.13703229,0.50124,0.27931416,0.34428203,0.0,0.37519127,1.4004354,0.0,0.1416964,2.4295356,0.010379076,1.9434159,1.4066427,0.0,0.0,0.0,0.0,0.27612522,1.5516086,0.8561371,1.2489967,0.104921125,0.2054535,0.133834,0.8137362,0.034609586,0.5931616,0.0,0.0,0.5144611,0.90762556,1.6301694,0.74770063,0.0,0.043196738,0.24796823,1.8997291,0.63709724,0.22644618,0.5721729,0.5566429,0.0,0.1324608,0.0,0.041709512,0.0,0.0,0.0,0.0,2.0190783,0.0,0.0,0.42072067,0.0,0.0,0.0
U00930,0.25964138,0.0,1.0566746,0.31487572,0.49698633,1.0534549,0.0,0.11317168,0.059462465,0.0,0.59544444,0.09941667,0.18109676,0.0,0.0,0.0,0.0,0.0,0.5328465,0.0,0.0,0.0,2.433942,0.50652134,1.4015516,0.38513702,0.0,0.0,0.0,0.83880246,0.2896241,1.6071868,0.9922219,0.015847743,0.0,0.04467845,0.0,0.0,2.0158308,0.0,2.0063386,2.2001534,2.3733222,0.0,0.0,0.891901,4.1322875,3.4751956,0.0,0.22897217,0.43776393,0.0,0.06452322,0.0,1.8135668,0.05799371,0.36727458,0.0,0.041857585,0.0,0.9382604,1.5016242,0.0,1.7738905
U00931,0.48567763,1.5448556,0.5336255,0.0,1.0036446,0.0,0.49478647,0.57662535,1.0714246,1.7436323,0.0,1.3024986,0.9659455,1.5334444,0.9994805,0.86349034,0.0,1.1310852,0.5378613,0.6508949,2.8220644,0.0,0.0,0.0,0.0,0.36821583,2.1873224,2.0668368,0.0,0.75821054,0.46204913,0.0,0.0,0.6347684,1.2674725,0.0,0.0,1.0219946,0.0,2.011646,0.0,0.0,0.0,0.0,0.0,0.0,0.0,0.0,1.4843018,0.8799422,0.59546316,0.0,0.70135576,0.0,0.0,0.2457304,0.6458946,2.12272,1.0756178,0.0,0.19314569,0.0,0.0,0.0
U00932,0.0,1.2021049,0.0,0.0,0.0,0.907496,0.07179546,0.0,0.0,1.1916883,1.4529682,0.0,0.35571003,0.0,0.2910449,0.0,1.3307914,0.0,0.0,0.3113973,0.12778866,1.3980546,1.0028841,0.13914125,1.1529428,0.0,1.0844765,0.014116883,1.2880375,0.07349511,0.0,0.0,1.7301184,0.0,0.0,0.0,0.6225172,0.0,0.037477076,1.4073763,0.101887465,0.0,0.43341812,0.59315205,0.0,0.0,0.14935032,0.45976177,0.48871773,0.0,0.0,0.9188663,0.0,0.0,0.012044907,0.1925444,0.0,0.0,0.0,0.0,0.0,0.97744703,0.0,0.0
U00933,0.0,1.3412123,0.0,0.0,0.0,0.12258211,0.0,0.0,0.0,1.2211727,0.6299051,0.0,0.0,0.7049025,0.52149355,0.0,0.19144166,1.6954193,0.0,1.1391792,1.1255293,0.32872075,0.0,0.16832167,0.49630523,0.0,1.5449849,0.5403433,1.2500011,0.0,0.0,0.31241727,1.2143565,0.0,0.5068095,0.0,0.17526394,0.0,0.48930222,1.7486811,0.70257133,0.0,0.28682676,0.0,1.180502,0.75158143,0.99600446,0.79699886,0.7190855,0.0,0.0,0.42019564,0.0,0.0,0.0,0.0,0.0,1.8472003,0.0,0.0,1.0307438,0.38317975,0.0,0.0
U00934,0.3070672,1.6729735,0.30093315,0.20733649,0.0,0.0,0.14863229,0.0,0.0,2.3363662,0.19672555,0.0,0.22295196,2.1862187,0.0,0.35680073,0.0,3.361084,0.10612643,3.155772,1.3926978,0.0,0.0,0.0,0.0,0.20701918,1.4369816,1.9567127,0.5367447,0.05978868,0.21948735,0.0,0.0,0.30625266,0.8825873,1.3022282,0.18752831,0.29256678,0.0,2.0613174,0.0,0.0,0.0,0.0,1.8727472,0.010613084,0.0,0.0,1.8921022,0.16361926,0.35939994,0.0,0.018813297,0.0,0.0,0.099606514,0.1389944,1.379597,0.0,0.0,1.0444317,0.0,0.8595041,0.0
U00935,0.0,0.7737957,0.0,0.0,0.0,0.7096859,0.0,0.0,0.0,1.2751279,0.4534537,0.0,0.0,0.0,0.84303284,0.0,0.41776478,0.75816405,0.0,0.8365085,0.8902465,0.8137584,0.14834285,0.13141222,0.3592643,0.0,1.5903823,0.9300299,1.3760172,0.0,0.0,0.0,1.0671183,0.0,0.44049662,0.0,0.528572,0.0,1.206987,1.2178941,0.3858549,0.21208227,0.45842332,0.36612365,0.0,0.31059235,0.6251587,0.46739885,0.7320641,0.0,0.0,0.7320063,0.0,0.0,0.37844503,0.0,0.0,0.4635902,0.0,0.0,0.0,0.7397821,0.0,0.0
U00936,0.0,1.142361,0.0,0.0,0.0,0.17594573,0.0,0.0,0.0,1.3532302,0.3175829,0.0,0.0,1.4021041,1.7296228,0.0,0.73900133,0.6284169,0.0,0.58248985,1.350853,0.7015308,0.95083624,0.6168815,0.6524743,0.0,2.0451343,1.1810977,0.5000169,0.0,0.0,0.0,0.03907925,0.0,1.0604345,0.0,0.22603542,0.0,1.6715707,0.9689628,0.0,0.0,0.18600067,0.5188704,0.94901574,0.7931502,0.0,0.0,1.2594103,0.0,0.0,0.16618066,0.0,0.23311391,0.7877506,0.0,0.0,0.6678084,0.0,0.31734607,0.8213658,1.451014,0.0,0.24931002
U00937,0.0,0.90535766,0.0,0.0,0.0,0.2027747,0.0,0.0,0.0,0.0,0.100874364,0.0,0.0,0.23454118,1.5636773,0.0,2.0590916,0.0,0.0,0.0,0.91418743,1.0032686,1.5381143,0.3119528,0.795223,0.0,0.5391158,0.61312926,0.5616912,0.0,0.0,0.3141364,0.5683263,0.0,0.55236185,0.0,0.0030807853,0.0,2.6191099,0.45355117,0.15327513,0.25981367,0.5572932,0.83730984,1.0977824,0.8950502,0.75428975,0.5892513,0.17262268,0.0,0.0,0.15500884,0.0,0.0,2.0597486,0.0,0.0,0.9047977,0.0,0.0,0.48898205,0.2355541,0.0,0.0
U00938,0.33691671,1.2475611,0.27378294,0.18942389,0.0,0.0,0.45560893,0.24977918,0.39471656,0.57127887,0.0,0.08606324,0.27676237,2.0798287,2.2213626,0.37821054,0.0,1.8741875,0.23583856,1.7649689,2.6876793,0.0,0.0,0.5064856,0.0,0.17800167,1.5371389,1.9032191,0.0,0.13024364,0.18207934,0.0,0.0,0.17729184,1.7479328,1.2417948,0.0,0.18502012,0.7428529,1.9183856,0.0,0.0,0.15102412,0.28151536,1.4249973,1.108517,0.0,0.0,1.2564099,0.22583064,0.31081226,0.0,0.24589121,0.0,0.0,0.26047534,0.14523974,1.6108733,0.0,0.25927782,1.207274,0.0,0.0,0.0
U00939,0.121675014,1.6664183,0.13884859,0.0,0.0,0.0,0.0,0.0,0.0,2.329769,0.44949952,0.0,0.3144033,1.4878392,0.0,0.31045452,0.0,3.0411525,0.0,3.0138078,1.3884889,0.0,0.0,0.0,0.0,0.18104155,0.994728,1.7848197,0.7607232,0.0,0.13889524,0.0,0.0,0.13763788,0.984869,1.1160887,0.32881558,0.04570952,0.0,2.1362839,0.0,0.0,0.0,0.0,1.9278531,0.0,0.0,0.0,1.9432403,0.052768588,0.22594859,0.0,0.0,0.0,0.0,0.0,0.0,1.4675683,0.0,0.0,0.93721044,0.0,0.91199565,0.0
U00940,0.0,1.4632761,0.0,0.0,0.0,0.0,0.0,0.0,0.0,0.808364,0.0,0.0,0.0,1.8818665,1.3051745,0.0,0.09133273,0.74107814,0.0,0.032336473,2.002717,0.0,0.0,0.6842458,0.0,0.0,1.1192048,1.6474628,0.0,0.0,0.0,0.0,0.0,0.0,1.4434162,0.0,0.25329807,0.0,0.0,2.252947,0.0,0.0872536,0.93210435,0.05665201,1.2568468,0.8434025,1.4745617,0.58021724,1.1966422,0.0,0.0,0.24901214,0.0,0.027373523,0.0,0.0,0.0,2.2301917,0.0,0.18574528,1.4037266,0.0,0.0,0.0
U00941,0.5275087,0.0,0.16903889,0.7588028,0.31410807,1.2214469,0.800322,0.0,0.274349,1.7612337,2.1472123,0.09143365,0.08815263,0.0,0.0,0.35441118,0.9777907,0.0,0.6985333,1.8115788,0.0,1.0542966,0.0,0.0,1.982851,0.6004853,0.0,0.0,3.402699,0.18234684,0.50124055,0.8018359,2.8876493,0.4336998,0.0,0.7532661,2.0993996,0.4170636,0.0,0.75035393,0.28187442,0.0,0.0,0.23942244,0.1441021,0.0,0.0,0.0,0.8618655,0.38851777,0.5419866,2.0504005,0.561872,0.0,0.0,0.5836892,0.44122058,0.0,0.03990671,0.0,0.0,0.0,0.9675827,0.50560236
U00942,0.0,1.5931629,0.0,0.0,0.0,0.0,0.0,0.0,0.0,1.9041072,0.6388068,0.0,0.0,0.83612835,0.0,0.0,0.97359526,2.0693521,0.0,1.5191103,1.0214903,0.0,0.0,0.0,0.0,0.0,1.3884823,1.4392271,1.1832871,0.0,0.0,0.0,0.632076,0.0,0.88201225,0.0,0.37238944,0.0,0.0,2.260727,0.30789363,0.0,0.0,0.0624671,1.3080323,0.2791373,0.0,0.0,1.4078137,0.0,0.0,0.5726454,0.0,0.0,0.0,0.0,0.0,1.2210357,0.0,0.0,0.84874177,0.3608287,0.26449314,0.0
U00943,0.0,1.6661289,0.0,0.0,0.0,0.0,0.0,0.08099346,0.0,0.80976117,0.0,0.0,0.0,0.5790573,2.2592893,0.0,1.9479053,0.0,0.0,0.0,1.3540317,0.9215828,1.6825726,0.8742822,0.45425498,0.0,2.4006238,1.2260864,0.0,0.0,0.0,0.0,0.0,0.0,0.8688213,0.0,0.0,0.0,2.069063,0.45351303,0.0,0.0,0.36876464,1.3614738,0.0,0.021680236,0.0,0.0,0.9208596,0.0,0.0,0.2936606,0.0,0.0,1.8859874,0.0,0.0,0.48114884,0.0,0.0,0.0,1.8398567,0.0,0.0
U00944,0.0,1.5221422,0.0,0.0,0.0,0.0,0.0,0.0,0.0,1.3306664,0.89515364,0.0,0.5828528,0.0,0.5163272,0.0,2.0796041,0.0,0.0,0.0,0.97628796,0.7260576,0.8372527,0.0,0.61592805,0.0,1.3848376,0.0,0.84479696,0.0,0.0,0.0,1.7227389,0.0,0.0,0.0,0.41106772,0.0,0.74160147,0.6469916,0.0,0.0,0.010936439,0.92034096,0.0,0.0,0.0,0.0,0.2662393,0.0,0.0,0.4546077,0.0,0.0,1.8638846,0.0,0.0,0.0,0.0,0.0,0.0,1.6113081,0.0,0.0969702
U00945,0.0,0.8261143,0.0,0.0,0.0,0.7413708,0.0,0.0,0.0,0.8966447,0.8605317,0.0,0.0,0.0,0.8332157,0.0,0.08207685,1.1910312,0.0,1.3291172,0.7640278,0.257503,0.0,0.0,0.66091037,0.0,1.5580058,0.61172426,1.6044025,0.0,0.0,0.47110474,1.4257944,0.0,0.4641377,0.0,0.48031697,0.0,0.34569484,1.6749903,0.9019721,0.0,0.5252898,0.16219154,0.61867696,0.2565803,0.33726314,0.9346509,0.7005205,0.0,0.0,0.5058694,0.0,0.0,0.0,0.0,0.0,0.9718487,0.0,0.082441844,0.27777976,0.0,0.0,0.0
U00946,0.0,0.48496026,0.0,0.0,0.0,0.97752535,0.0,0.0,0.0,2.4350529,1.8651541,0.0,0.0,0.0,0.0,0.0,0.08313626,0.61942184,0.0,1.3574276,0.0,1.0029272,0.0,0.0,1.5451674,0.0,0.0,0.083333254,1.9726508,0.0,0.0,0.0,1.4201536,0.0,0.0,0.0,1.265734,0.0,0.0,0.49345136,0.0,0.0,0.0,0.0,0.0,0.0,0.0,0.0,1.1884508,0.0,0.016788352,1.5630827,0.0,0.0,0.0,0.0,0.0,0.0,0.0,0.0,0.0,1.2847859,0.7358066,0.96833324
U00947,0.0,0.0,0.0,0.0,0.055761665,0.60906565,0.0,0.0,0.0,0.0,0.6371559,0.0,0.0,2.0057926,0.065796316,0.0,1.1776034,1.5721815,0.0,0.8501321,0.0,0.2588397,0.0,0.8318052,0.0,0.0,0.0,0.3275888,0.0,0.0,0.0,1.6307387,0.0077409744,0.0,0.46515208,0.0,1.173074,0.0,0.0,0.0,0.0,0.9482682,1.165215,0.44461507,1.1030632,0.56902194,2.3644981,1.7776413,0.056046963,0.0,0.0,0.7028613,0.0,0.04569882,1.9207889,0.0,0.0,0.24458742,0.0,0.0,0.1612556,1.4196044,1.0690435,0.98678875
U00948,0.0,1.2183968,0.0,0.0,0.0,0.0,0.0,0.0,0.0,0.024670243,0.0,0.0,0.0,2.2686262,2.4521804,0.0,1.238388,0.0,0.0,0.0,2.5387807,0.0,0.46053082,1.1331565,0.0,0.0,1.6482035,1.4325793,0.0,0.0,0.0,0.0,0.0,0.0,1.8384714,0.0,0.0,0.0,2.6619554,1.216536,0.0,0.0,0.7260417,1.446913,0.25938702,0.8439622,0.78654027,0.0,0.8901123,0.0,0.0,0.0,0.0,0.19250688,1.8014902,0.0,0.0,1.328532,0.0,0.043750152,0.46991727,0.0,0.0,0.0
U00949,0.0,0.8076764,0.0,0.0,0.0,0.500093,0.0,0.0,0.0,0.7329783,0.55108416,0.0,0.0,0.3268423,1.6134253,0.0,0.9105094,0.0,0.0,0.0,1.0502734,0.59282863,1.6679924,0.99018025,0.45876825,0.0,2.0115592,0.7005979,0.13990134,0.0,0.0,0.0,0.38132375,0.0,0.42511433,0.0,0.0020597577,0.0,2.2265043,1.0691746,0.14636323,0.3512782,0.65109396,0.7016151,0.0,0.39686012,1.3906521,0.74098384,0.5520846,0.0,0.0,0.25188443,0.0,0.2434366,1.1617719,0.0,0.0,0.31809115,0.0,0.050394442,0.32896295,1.7442633,0.0,0.0
U00950,0.0,0.5864084,0.0,0.0,0.0,0.73357797,0.0,0.0,0.0,0.9321358,0.61520445,0.0,0.0,0.3237638,0.1688276,0.0,2.0855212,0.39680624,0.0,0.84560275,0.60371196,1.2949975,0.5183255,0.0,0.9701483,0.0,0.0,0.6018039,1.5996003,0.0,0.0,0.9128945,1.401361,0.0,0.63733715,0.0,0.9090282,0.0,0.5101609,1.0104027,0.1537511,0.267896,0.0,0.6484246,1.6809931,0.53241307,0.10799506,0.1222412,0.65021664,0.0,0.0,1.0772555,0.0,0.0,0.41200936,0.0,0.0,0.6718639,0.0,0.042334065,0.0024285316,0.0,0.3629804,0.19503522
U00951,0.0,0.0,0.0,0.118855536,0.3570398,1.9077932,0.0,0.0,0.0,0.0,1.8039271,0.02661882,0.0,0.0,0.0,0.09630814,0.7863846,0.0,0.0,1.1886547,0.0,1.7691612,1.5479763,0.0,2.1400006,0.06536788,0.0,0.0,2.1356914,0.14806591,0.0,1.6875043,2.4207892,0.0,0.0,0.0,1.3983148,0.21046677,0.0,0.0,1.0272803,1.086108,0.0,0.0,0.96128213,0.0,1.1534003,1.5662099,0.0,0.12984328,0.033970777,1.1166471,0.0,0.0,0.0,0.07005674,0.16074206,0.0,0.0,0.0,0.0,0.0,0.2680348,1.4874029
U00952,0.0,1.4856838,0.0,0.0,0.0,0.0,0.0,0.0,0.0,2.369852,1.0730951,0.0,0.0,1.4196359,0.0,0.0,0.0,1.3919446,0.0,1.5553969,1.0310149,0.29420936,0.0,0.0,0.64010453,0.0,0.8999682,1.1136255,1.3165728,0.0,0.0,0.0,0.3756723,0.0,0.14903402,0.0,0.6165981,0.0,0.08844055,1.1353157,0.0,0.0,0.0,0.0,1.0038521,0.0,0.0,0.0,1.489742,0.0,0.0,0.4314033,0.0,0.0,0.0,0.0,0.0,1.1707046,0.0,0.0,0.66577023,1.05239,0.18566924,0.363806
U00953,0.0,0.6290872,0.0,0.0,0.0,0.7153145,0.0,0.0,0.0,0.4813068,0.19883385,0.0,0.0,0.94206244,0.67350554,0.0,1.698616,1.0796883,0.0,0.81914663,0.79593533,0.69412255,0.31256717,0.4128,0.37514514,0.0,0.10634041,0.77577376,0.40999734,0.0,0.0,0.6367098,0.8012144,0.0,0.6784897,0.0,0.9063959,0.0,0.664016,0.14869237,0.0,0.36633337,0.62425363,1.0070889,0.22543645,0.30294126,1.0746555,0.71286726,0.37656957,0.0,0.0,0.91073084,0.0,0.0,1.3586246,0.0,0.0,0.05907643,0.0,0.0,0.0,0.9983289,0.32273018,0.62411
U00954,0.0,1.2473226,0.0,0.0,0.0,0.64514184,0.0,0.0,0.0,2.0468004,0.88302827,0.0,0.0,0.94289505,0.0,0.0,0.0,1.7958266,0.0,1.0807225,1.1224889,0.0,0.0,0.0,0.27324206,0.0,0.90099126,1.6274505,1.402513,0.0,0.0,0.5340483,0.4123156,0.0,1.0390468,0.0,1.4002284,0.0,0.0,1.3411335,0.0,0.0,0.0,0.0,0.2658193,0.0,0.06534845,0.0,1.5650315,0.0,0.0,1.2889038,0.0,0.15560818,0.0,0.0,0.0,0.4434896,0.0,0.08546193,0.044066846,0.0,0.3315784,0.49973357
U00955,0.0,0.0,0.0,0.0,0.0,1.0319948,0.0,0.0,0.0,1.377245,2.2964132,0.0,0.0,0.2889307,0.0,0.0,0.0,1.5552409,0.0,1.1471058,0.0,0.8770339,0.08490056,0.0,1.8753779,0.0,0.0,0.0,1.8263385,0.0,0.0,0.42274272,1.7280985,0.0,0.0,0.0,1.0743204,0.0,0.0,0.0,0.42890406,0.58950776,0.0,0.0,0.0,0.0,0.0,1.0877576,0.38181615,0.0,0.0,1.3679043,0.0,0.0,0.0,0.0,0.0,0.0,0.0,0.0,0.0,2.0796647,0.5223934,1.5619438
U00956,0.0,2.2867641,0.0,0.0,0.3034683,0.0,0.0,0.0,0.1556102,3.69934,0.020655438,0.0,0.26420337,2.8178504,0.0,0.0,0.0,1.818561,0.0,1.3821496,1.3277836,0.0,0.0,0.0,0.0,0.0,2.8814,2.3343055,0.0,0.071949236,0.029364958,0.0,0.0,0.0,0.0,0.13382375,0.2729219,0.0,0.0,1.503872,0.0,0.0,0.0,0.0,0.0,0.0,0.0,0.0,2.4641194,0.32696062,0.3890338,0.0,0.0,0.0,0.0,0.0,0.39177454,1.4771273,0.17999548,0.0,0.3121919,3.243965,0.09370136,0.0
U00957,0.0,0.8857822,0.0,0.0,0.12331097,0.5465834,0.0,0.0,0.0,2.086339,1.087295,0.0,0.0,0.5158364,0.0,0.0,0.04793954,1.2742044,0.0,1.5138717,0.6957217,0.3731792,0.0,0.0,0.28938425,0.0,0.18685353,1.6540898,1.3814749,0.0,0.0,0.2887113,0.7509094,0.0,0.97955674,0.0,1.4530419,0.0,0.0,1.996936,0.0,0.0,0.0,0.12377295,0.375499,0.0,0.0,0.0,1.6969632,0.07541908,0.0,1.3558441,0.0,0.0,0.0,0.0,0.0,0.85700834,0.0,0.0,0.0,0.0,0.23440847,0.0
U00958,0.0,1.0409155,0.0,0.13989842,0.26466882,0.43152967,0.0,0.0,0.0,3.2910266,1.8669448,0.0,0.44487262,0.0,0.0,0.0,0.0,0.43536496,0.0,1.7005193,0.0,0.6800774,0.0,0.0,1.1834507,0.0,0.0,0.81777966,2.4969683,0.0,0.0,0.0,1.6222426,0.0,0.0,0.31663108,1.5251262,0.0,0.0,1.5924304,0.0,0.0,0.0,0.0,0.0,0.0,0.0,0.0,1.9038217,0.25989205,0.5504651,1.9121234,0.0,0.0,0.0,0.0,0.0,0.0,0.0,0.0,0.0,0.0,1.065515,0.29912555
U00959,0.0,0.91839516,0.0,0.0,0.0,0.7519959,0.0,0.0,0.0,1.2855299,0.7453356,0.0,0.0,0.00067698956,0.5505378,0.0,0.7258044,0.9116852,0.0,1.2584862,0.5675875,0.98205686,0.33282012,0.0,0.7037163,0.0,1.0531856,0.7699617,1.4097136,0.0,0.0,0.054786026,1.1685706,0.0,0.31012917,0.0,0.8719281,0.0,0.9793892,1.6278591,0.3678161,0.3333491,0.36703727,0.42119876,0.74852145,0.55464303,0.48701006,0.43523183,1.0109345,0.0,0.0,0.60064495,0.0,0.046142697,0.018231273,0.0,0.0,0.5506122,0.0,0.15654883,0.40780365,0.5596775,0.2821263,0.0
U00960,0.0,1.6396205,0.0,0.0,0.0,0.0,0.0,0.0,0.0,1.5791401,0.38629228,0.0,0.0,0.0,0.77999353,0.0,0.0,0.5642518,0.04365933,1.0274173,1.2676535,0.059657663,0.0,0.0,0.055722475,0.0,1.8018944,1.8603096,0.18022609,0.0,0.0,0.0,0.0,0.0,0.8184603,0.28442574,0.64628243,0.01320681,0.0,1.9311321,0.0,0.0,0.36121097,0.5473936,0.0,0.0,0.0,0.0,1.7024357,0.03995365,0.0,0.47817197,0.0,0.0,0.0,0.0,0.0,0.9597699,0.0,0.0,0.03752494,0.0,0.0,0.0
U00961,0.0,0.0,0.14905098,0.0,0.88729894,0.44324055,0.42561495,0.23214152,0.8600207,0.0,0.7449728,0.1943671,0.0,0.0,0.0,0.105317175,1.917012,2.2167287,0.009265929,2.3768647,0.0,0.0,0.2101115,0.0,0.69291043,0.0,0.0,0.0,0.244775,0.0,0.0,1.3825514,2.0811377,0.0,0.0,0.0,0.6238768,0.0,0.0,0.0,0.0,1.0346141,0.293703,0.43561083,0.0,0.0,0.12695894,1.0308691,0.0,0.0,0.0,1.0291921,0.21494666,0.0,2.7120194,0.0,0.0,0.0,0.0,0.0,0.0,2.7683406,2.001952,1.928515
U00962,0.0,0.0,0.0,0.0,0.0,1.0466084,0.0,0.0,0.0,0.0,0.0,0.0,0.0,1.4107804,1.1217312,0.0,1.3194125,0.19622421,0.0,0.0,0.8618294,0.8927239,1.0846915,1.4578942,0.2680601,0.0,0.0,0.59500027,0.0,0.0,0.0,1.1994125,0.0,0.0,1.0954324,0.0,0.60412526,0.0,1.9117184,4.7445297e-05,0.544169,1.371244,1.4191095,1.1754253,0.8904512,1.10241,2.2169757,1.2380433,0.0,0.0,0.0,0.27424705,0.0,0.33716038,1.8640398,0.0,0.0,0.1272943,0.0,0.26189783,0.39064375,1.0262425,0.25073707,0.9054667
U00963,0.65938663,0.0,0.62997615,0.5271081,0.049928904,0.0,0.91670066,0.6796167,0.92181766,0.0,0.0,0.5694506,0.0025320873,0.0,0.0,0.08612901,2.2215877,1.3296875,0.54324347,0.0,0.0,0.0,0.8855973,1.9924164,0.0,0.259894,0.0,0.0,0.0,1.1672761,0.4825847,1.0276731,0.0,0.4670253,0.0,0.0,0.0,0.5330441,0.22951981,0.0,1.8818426,1.9308009,2.2964923,0.0,0.4855615,2.2457998,2.4002333,1.9101056,0.0,0.4553886,0.7886926,0.0,0.77367306,0.15204376,3.1313972,0.19808409,0.1090817,0.0,0.17955965,0.0,0.01898545,3.177072,1.615938,0.0
U00964,0.0,1.8014698,0.0,0.0,0.0,0.0,0.0,0.0,0.0,1.2402227,0.8872862,0.0,0.0,0.0,0.5705085,0.0,0.0,1.3166596,0.0,0.7991252,0.58261704,0.11091876,0.07622415,0.0,1.2479936,0.0,1.60185,0.2869978,1.3139944,0.0,0.0,0.0,1.4129775,0.0,0.0,0.0,0.0,0.0,0.97950673,1.0468383,0.6049709,0.0,0.14448209,0.0,0.51302063,0.7302731,0.0,0.33873117,0.69927585,0.0,0.0,0.31203875,0.0,0.0,0.26539707,0.0,0.0,1.2870585,0.0,0.0,0.9242983,0.56454206,0.0,0.0040403605
U00965,0.0,0.0,0.0,0.0,0.0,1.4118134,0.0,0.0,0.0,0.0,1.125595,0.0,0.0,0.0,0.2375589,0.0,1.1910446,0.0,0.0,0.024022102,0.0,1.5648193,2.1750891,0.3326192,1.6531348,0.0,0.0,0.0,1.114639,0.0,0.0,1.5513408,1.7597427,0.0,0.0,0.0,0.42362115,0.0,1.9512278,0.0,1.0110617,1.6297189,0.54797816,0.40246683,0.36195517,0.13612413,1.6819314,1.6767141,0.0,0.0,0.0,0.52708316,0.0,0.0,2.0233736,0.0,0.0,0.0,0.0,0.0,0.0,1.4564792,0.38302836,1.6097398
U00966,0.0,0.36775118,0.0,0.0,0.0,0.7716764,0.0,0.0,0.0,1.7275062,1.1906061,0.0,0.0,0.0,0.0,0.0,0.0,1.2236769,0.0,1.120725,0.0,1.2418969,0.011645019,0.0,1.000252,0.0,1.0814353,0.5566672,1.7609966,0.0,0.0,0.2710995,1.5180157,0.0,0.1239813,0.0,0.9701747,0.0,0.4851757,0.18246245,0.1335235,0.6820375,0.0,0.16715829,0.0,0.0,0.0,0.0,0.8954031,0.0,0.0,1.1149184,0.0,0.0,0.0,0.0,0.0,0.0,0.0,0.0,0.0,1.1655501,0.47907495,0.49330056
U00967,0.0,0.40092325,0.0,0.0,0.0,1.0420543,0.0,0.0,0.0,1.6137775,1.2886281,0.0,0.0,0.0,0.0,0.0,0.52711993,0.0,0.0,1.0388649,0.0,1.3710928,0.33292574,0.0,1.177969,0.0,0.20428038,0.1318599,1.8745986,0.0,0.0,0.30118614,1.4892956,0.0,4.172325e-07,0.0,1.1665115,0.0,0.4917923,0.8961685,0.0,0.26695484,0.0,0.0,0.11511779,0.0,0.41897613,0.4323018,0.8117995,0.0,0.0,0.9730921,0.0,0.0,0.02027142,0.0,0.0,0.084775805,0.0,0.0,0.0,0.66228247,0.31411028,0.43497026
U00968,0.01084131,0.0,0.0,0.34801215,0.0,0.20091102,0.14377344,0.16362554,0.18497242,0.25366187,0.07760477,0.0,0.03216152,1.9198978,1.7233981,0.0682227,1.0871813,0.65917623,0.0,0.9088392,1.0413064,0.796564,0.8943395,0.8162588,0.09698987,0.0,0.43343294,0.37788606,0.0,0.0,0.0,0.16923034,0.0,0.0027510524,0.9275477,0.4195435,0.15503152,0.0,0.673218,0.764838,0.18899113,0.30954438,0.28208053,0.30327287,1.6710287,0.880373,1.1763978,0.6992384,0.47536987,0.0,0.0,0.0,0.061453983,0.0,0.0,0.0,0.0,0.73784,0.0,0.0,0.7973093,0.08480619,0.0,0.01270771
U00969,0.0,1.2121394,0.0,0.0,0.0,0.0,0.0,0.0,0.0,0.24639702,0.0,0.007786693,0.01985947,0.55605495,2.0826406,0.0,0.13039082,0.0,0.0,0.0,1.9014472,0.0,0.92558295,0.7850743,0.0,0.0,2.520544,0.72331965,0.0,0.0,0.0,0.0,0.0,0.0,0.9692226,0.0,0.0,0.0,2.5502963,1.4334548,0.0,0.0,1.0172403,0.48897722,0.0,0.67142,0.7710832,0.21553239,0.3906728,0.0,0.0,0.0,0.03371592,0.0,0.70130455,0.0,0.0,1.4038887,0.0,0.016017444,0.60757846,0.0,0.0,0.0
U00970,0.0,1.0184373,0.0,0.0,0.0,0.0,0.0,0.0,0.0,0.73643374,0.0,0.0,0.0,1.8336556,1.9961348,0.0,0.0,1.1734121,0.0,0.0,2.2468352,0.0,0.0,1.0748194,0.0,0.0,2.2893581,2.2331674,0.0,0.0,0.0,0.0,0.0,0.0,1.2888404,0.0,0.24521767,0.0,1.5579798,1.1942694,0.0,0.5728656,1.2113028,1.4006104,0.0,1.0595933,0.79910344,0.0035629869,0.99259186,0.0,0.0,0.0,0.0,0.15888092,1.0829996,0.0,0.0,0.25440288,0.0,0.12745546,0.7224851,0.8867209,0.0,0.0
U00971,0.0,0.6423655,0.0,0.0,0.11506392,0.4880338,0.041170537,0.0,0.0,1.9281468,1.7656391,0.0,0.46998292,0.0,0.0,0.0,0.5602115,0.4298737,0.0,1.1112998,0.0,0.83064234,0.0071374774,0.0,1.5409863,0.0,0.0,0.0,2.2158341,0.0,0.0,0.0,2.0388343,0.0,0.0,0.0,0.8510393,0.0,0.0,0.31985664,0.09963074,0.0,0.0,0.0,0.0,0.0,0.0,0.0,0.72039473,0.0,0.019372068,1.1427503,0.0,0.0,0.0,0.020117164,0.0,0.0,0.0,0.0,0.0,0.47313493,0.16065666,0.5468217
U00972,0.0,0.4825899,0.0,0.0,0.0,0.90804553,0.0,0.0,0.0,0.11599064,1.2020172,0.0,0.0,0.1414833,1.0233302,0.0,0.8491372,0.1995604,0.0,0.31810784,0.0,0.72587574,1.6341441,0.71529096,1.3922645,0.0,0.92873794,0.0,0.84735787,0.0,0.0,0.6569184,1.2738307,0.0,0.06605351,0.0,0.14161585,0.0,1.1483669,0.24149394,0.82781845,0.57682383,0.93016267,0.36290002,0.33132005,0.7863668,1.39393,1.3020355,0.0,0.0,0.0,0.5258298,0.0,0.09469181,0.80198634,0.0,0.0,0.46539992,0.0,0.106344834,0.71504366,1.4304111,0.0,0.63145626
U00973,1.4372206,0.8021715,1.3819298,1.7165685,0.7154654,0.0,1.5482517,0.96132123,1.4345635,1.9119579,0.0,0.67387694,0.8532481,2.1471567,0.0,1.4646437,0.0,3.6082916,1.4616339,3.0927866,1.0030183,0.0,0.0,0.0,0.0,1.1931815,1.503084,1.4096335,0.0,1.4008296,1.3429079,0.0,0.0,1.7371056,0.110162675,2.230988,0.0,1.5666615,0.0,1.2051075,0.0,0.0,0.0,0.0,1.2708738,0.04625082,0.0,0.0,1.1536813,1.2593068,1.1731069,0.0,1.1626824,0.0,0.0,1.2714224,1.3415091,1.026542,0.8495894,0.0,0.9313727,1.3690386,0.9152875,0.0
U00974,0.0,0.3439569,0.0,0.0,0.0,0.8708334,0.0,0.0,0.0,0.3474729,0.63040924,0.0,0.0,0.448743,1.4492217,0.0,0.90358716,0.8427932,0.0,0.98233736,1.0131221,0.34026414,0.3082788,0.7063661,0.37730682,0.0,1.2332228,0.35776055,0.5421262,0.0,0.0,0.74173725,0.54661256,0.0,0.76494217,0.0,0.2096574,0.0,0.5195191,1.1634963,0.6501821,0.06542915,0.9157901,0.6323955,0.38656878,0.64440376,1.2657832,0.9970211,0.15103078,0.0,0.0,0.42622468,0.0,0.0,0.0,0.0,0.0,0.7111992,0.0,0.13861795,0.30314383,0.0,0.0,0.0
U00975,0.0,1.5607667,0.0,0.0,0.0,0.0893611,0.0,0.0,0.0,1.9715825,0.5278835,0.0,0.0,1.3343098,0.152538,0.0,0.8861275,1.1895474,0.0,1.1014144,1.3318938,0.34308073,0.0,0.107691504,0.0,0.0,1.0030607,1.7430983,0.77638346,0.0,0.0,0.0,0.35002273,0.0,1.0448135,0.0,0.77028424,0.0,0.0,2.2728472,0.0,0.0,0.0,0.23445559,1.4201357,0.0,0.0,0.0,1.8230234,0.0,0.0,0.83686435,0.0,0.082330465,0.0,0.0,0.0,1.3011677,0.0,0.0,0.6818251,0.0,0.24700499,0.0
U00976,0.23159856,1.6327661,0.1833161,0.07976705,0.0,0.0,0.015467167,0.0,0.0,2.0762577,0.15340213,0.0,0.17899747,1.7497846,0.11216986,0.30690485,0.0,3.0736032,0.019119322,2.9662123,1.5953372,0.0,0.0,0.0,0.0,0.18607196,1.2342719,1.941305,0.5509913,0.0,0.13627565,0.0,0.0,0.19741324,1.1363745,1.1577238,0.20306852,0.115483075,0.0,2.161923,0.0,0.0,0.0,0.0,1.9193048,0.27158713,0.0,0.0,1.852146,0.07371135,0.19972835,0.0,0.0,0.0,0.0,0.07142717,0.015404224,1.5416632,0.0,0.0,1.0731208,0.0,0.79538494,0.0
U00977,0.0,0.4083323,0.0,0.0,0.0,0.7380041,0.0,0.0,0.0,1.7502463,1.0754998,0.0,0.0,0.0,0.0,0.0,0.7482658,0.5218171,0.0,1.1388353,0.21306014,0.71400094,0.0,0.0,0.7170454,0.0,0.02948165,0.8086781,1.6726791,0.0,0.0,0.54866207,1.3724169,0.0,0.2623427,0.14275849,1.5348401,0.0,0.0,1.1466064,0.0,0.0,0.0,0.38659945,0.0,0.0,0.1296651,0.0,1.1243291,0.0,0.0,1.4131894,0.0,0.0,0.244349,0.0,0.0,0.0,0.0,0.0,0.0,0.29520473,0.68049204,0.41032183
U00978,0.0,0.6302707,0.0,0.0,0.0,1.1166476,0.0,0.0,0.0,0.92853206,0.648648,0.0,0.0,0.18721378,1.1916994,0.0,1.3541058,0.0,0.0,0.26294065,0.58689404,1.3817964,1.2576344,0.16380677,1.1282789,0.0,1.1747181,0.84118384,1.2694728,0.0,0.0,0.3369586,1.1063985,0.0,0.7768819,0.0,0.8605088,0.0,2.0091014,0.41617048,0.0,0.5891618,0.32462484,0.96366334,0.0,0.0419662,0.39018697,0.0,0.7352197,0.0,0.0,1.008263,0.0,0.13929585,1.0978347,0.0,0.0,0.0,0.0,0.13459332,0.0,0.6536734,0.0,0.7532184
U00979,0.0,1.7646544,0.0,0.0,0.0,0.0,0.0,0.0,0.0,1.7156667,0.52530634,0.0,0.03186711,0.0,0.76673746,0.0,0.0,0.22544074,0.0,1.0210037,0.8402112,0.505245,0.0,0.0,0.39345372,0.0,1.5321562,1.3881598,0.5649837,0.0,0.0,0.0,0.64891076,0.0,0.3741094,0.08729577,0.8247273,0.0,0.0,1.5695834,0.0,0.0,0.0,0.3958162,0.0,0.0,0.0,0.0,1.4962543,0.0,0.0,0.45239022,0.0,0.0,0.0,0.0,0.0,0.8766822,0.0,0.0,0.0,0.30730313,0.0,0.0
U00980,0.0,0.79534155,0.0,0.0,0.0,0.0,0.0,0.0,0.0,0.0,0.0,0.19243419,0.0,2.8407502,2.0844321,0.0,1.3089985,0.119549274,0.0,0.0,2.4157948,0.0,0.0,1.8390318,0.0,0.0,0.38983464,1.9958273,0.0,0.0042271633,0.0,0.4041643,0.0,0.0,2.2943869,0.27346122,0.17923585,0.0,0.0,1.4067752,0.0,0.035905838,1.3469509,1.7208431,0.4934429,1.025322,1.4830447,1.0449483,0.77039915,0.0,0.0,0.0,0.03326349,0.17461047,0.96286476,0.0,0.0,1.5140893,0.0,0.017776571,0.85054666,0.0,0.0,0.0
U00981,0.0,0.0,0.0,0.0,0.0,1.4271684,0.0,0.0,0.0,0.0,0.17704555,0.0,0.0,0.90083367,0.690452,0.0,1.3609669,0.0,0.0,0.0,0.0,1.9693658,1.9616079,1.3829305,0.37517232,0.0,0.0,0.0,0.0,0.0,0.0,1.1594718,0.4116668,0.0,0.5001962,0.18738985,0.39118212,0.0,2.3304753,0.0,0.34982485,1.7372241,1.0717065,1.3935423,0.0,0.6808645,1.6680756,0.26202014,0.0,0.0,0.0,0.6700163,0.0,0.0,2.6469083,0.0,0.0,0.0,0.0,0.0,0.0,2.673085,0.4909274,1.0423625
U00982,0.0,0.36985612,0.0,0.0,0.05101627,0.14367273,0.0,0.0,0.0,0.5526359,1.5176494,0.0,0.0,0.0,0.0,0.0,0.0,1.6228868,0.0,1.1056207,0.0,0.0145922005,0.44067687,0.0,1.7252309,0.0,0.10259986,0.0,2.3715134,0.0,0.0,1.0175021,2.1926632,0.0,0.0,0.0,0.0,0.0,0.85450983,0.0,1.5410907,0.4762717,0.0,0.0,0.8881608,0.22811788,1.4538196,1.5060782,0.0,0.0,0.0,0.0,0.0,0.0,0.11055195,0.0,0.0,1.2295192,0.0,0.0,0.9726526,0.3233757,0.0,0.8137901
U00983,0.7246801,1.0133605,0.724812,0.7202445,0.17953412,0.0,0.86167717,0.50727624,0.73468065,0.75421125,0.0,0.2769804,0.55032116,1.6984982,1.9079046,0.7853811,0.0,1.9320927,0.6184873,1.6935,2.3818355,0.0,0.0,0.30697834,0.0,0.45146245,1.4061189,1.5910577,0.0,0.46778542,0.4729738,0.0,0.0,0.5962956,1.3649489,1.4893275,0.0,0.47402164,0.6847186,1.7159513,0.0,0.0,0.0,0.16945276,1.1284186,1.0004516,0.0,0.0,1.0804893,0.57831967,0.58321714,0.0,0.57402694,0.0,0.0,0.64366883,0.638585,1.4716551,0.35404748,0.0,1.153765,0.0,0.0,0.0
U00984,0.0,0.036506295,0.0,0.0,0.0,1.2071573,0.0,0.0,0.0,0.91293263,1.0475754,0.0,0.0,0.30922914,0.0,0.0,0.6664531,1.2050593,0.0,0.78848124,0.4132657,0.87105894,0.0,0.06160339,0.75718963,0.0,0.08010113,0.13501441,1.2611061,0.0,0.0,1.122828,1.2517436,0.0,0.5433781,0.0,1.0623376,0.0,0.0,0.79773104,0.4992211,0.58444214,0.5359576,0.523809,0.69592947,0.23219442,1.2199483,0.51809597,0.6123838,0.0,0.0,1.1160439,0.0,0.0,0.42991364,0.0,0.0,0.31361675,0.0,0.04984446,0.0,0.39497304,0.08771372,0.47451413
U00985,0.0,0.0,0.0,0.0,0.0,1.0517198,0.0,0.0,0.0,0.0,0.13862693,0.0,0.0,0.08268523,0.4805919,0.0,0.3327312,0.0,0.0,0.0,0.0,0.86366105,2.1314776,0.79256636,0.8082192,0.0,0.0,0.0,0.37809098,0.0,0.0,1.5260146,0.55731416,0.0,0.0,0.0,0.0,0.0,2.6760113,0.0,1.108516,1.8138874,1.416137,0.0188075,0.6534244,0.7107878,2.9403348,1.8885406,0.0,0.0,0.0,0.0,0.0,0.0,2.549111,0.0,0.0,0.0,0.0,0.0,0.20709884,1.1774294,0.105893016,1.3681595
U00986,0.0,0.6466203,0.0,0.0,0.0,0.24219453,0.0,0.0,0.0,0.73788595,0.0,0.0,0.0,0.79478633,1.2284685,0.0,0.8579403,0.03964877,0.0,0.23357391,1.2459782,0.5888442,0.6855807,0.19053817,0.035351813,0.0,1.2629261,0.8178841,0.58820164,0.0,0.0,0.0767256,0.5356078,0.0,0.5173042,0.0,0.22313502,0.0,2.0347412,1.3047571,0.051481754,0.28528678,0.73422956,0.702529,0.23301506,0.7955982,1.1795167,0.1942811,0.46886253,0.0,0.0,0.30237755,0.0,0.0,1.3907481,0.0,0.0,1.0392119,0.0,0.0,0.0,0.29258156,0.0,0.0
U00987,0.14575738,0.14579332,0.0,0.22263771,0.0,1.1586626,0.012081802,0.0,0.0,0.0,1.0522861,0.02696526,0.0,0.0,1.0511495,0.3500943,1.255614,0.0,0.0,0.27022934,0.0,1.0345025,1.5882027,0.8883278,1.1679229,0.44124007,0.24910581,0.0,0.17780125,0.31430906,0.21896338,0.6355748,0.9034044,0.04380083,0.04571998,0.42380977,0.15180893,0.01827842,1.4365028,0.45668554,0.42860377,0.5930966,0.99067605,0.41329598,0.13351619,0.2356497,1.6814021,1.9053942,0.0,0.22719106,0.0,0.4088022,0.028501004,0.062740296,0.54556537,0.0,0.19922268,0.051205873,0.0,0.0,0.35700122,0.77119565,0.30719358,0.33918202
U00988,0.32015467,0.6490874,0.16871864,0.2035906,0.0,0.31077933,0.22936475,0.0,0.23810273,1.1459138,0.7225169,0.024071056,0.0,0.0,0.27667445,0.0,1.4253985,0.0,0.29747605,1.1369897,0.37639117,0.8367045,0.15820754,0.0,0.6734134,0.3364271,0.57902807,0.44011068,1.3896422,0.11717677,0.11658574,0.14270622,1.342409,0.21399981,0.0,0.22950184,0.19056049,0.18477741,0.6823567,1.5832559,0.21116853,0.0,0.118776366,0.51772064,0.03822589,0.39503974,0.038236856,0.480292,0.7802763,0.09251174,0.029690046,0.3736917,0.14785433,0.0,0.0516963,0.22404149,0.45177543,0.8654716,0.079438195,0.0,0.0,0.0,0.21743059,0.0
U00989,0.0,0.21478677,0.0,0.0,0.0,0.9465592,0.0,0.0,0.0,0.06273615,0.27073678,0.0,0.0,1.48632,1.2455293,0.0,1.5607201,0.72809076,0.0,0.09628248,1.0874941,1.1209476,1.0160649,1.2562021,0.2825516,0.0,0.78480864,0.7876379,0.2521363,0.0,0.0,0.56004333,0.4027992,0.0,1.2376233,0.059099793,0.42934695,0.0,1.5280322,0.9133655,0.3874864,0.54529893,1.0098803,1.0778663,0.7836113,0.99856013,1.7249329,1.009715,0.16253018,0.0,0.0,0.3964621,0.0,0.113756984,1.0595428,0.0,0.0,0.7954265,0.0,0.18191428,0.56756264,1.3149698,0.0,0.36306298
U00990,0.0,0.0,0.0,0.0,0.0,0.72975767,0.0,0.0,0.0,0.0,0.11794719,0.0,0.0,0.0,1.2617118,0.0,0.0,0.0,0.0,0.0,0.8353375,0.28850937,1.6466675,1.5971043,0.5392666,0.0,2.293171,0.2225709,0.15674275,0.0,0.0,0.5850458,0.0,0.0,0.73664486,0.0,0.0,0.0,2.6772351,0.026207924,0.98810154,1.1989026,1.6006634,0.29971838,0.0,1.2489922,2.1510782,0.36805645,0.0,0.0,0.0,0.0,0.0,0.0014642179,1.777448,0.0,0.0,0.35887778,0.0,0.066634834,0.41892055,2.1496198,0.0,0.43330145
U00991,0.06706911,0.0,0.0,0.0,0.3632425,0.37340695,0.14959437,0.0,0.2803675,0.0,0.7321011,0.0,0.0,0.0,0.27548677,0.057590306,0.0,2.4206543,0.059782952,2.157024,0.0,0.0,0.30882353,0.0,1.0284175,0.0,0.0,0.0,1.2009919,0.0,0.0,1.1494291,1.5936556,0.10975349,0.0,0.0,0.0,0.14591905,0.0,0.0,1.309725,0.7436439,0.19179763,0.0,1.3265961,0.8898405,1.1584235,1.201019,0.0,0.0,0.0,0.0,0.111387864,0.0,0.009636402,0.24350065,0.0,0.025256038,0.0,0.0,0.492497,0.9974061,0.29318556,0.8011756
U00992,0.0,0.0,0.0,0.0,0.0,1.0763332,0.0,0.0,0.0,0.3117349,0.31067178,0.0,0.0,0.75901026,0.37665397,0.0,1.4494798,0.48581767,0.0,0.0,0.56965125,1.1759193,0.92346376,0.17074528,0.23987389,0.0,0.43080378,0.61301446,0.97258085,0.0,0.0,0.58393705,0.76847523,0.0,0.6601764,0.0,0.353373,0.0,1.339494,0.9771535,0.21377268,0.52485234,0.48005486,1.0739207,0.5001118,0.66480184,0.6632956,0.0,0.23239219,0.0,0.0,0.75633156,0.0,0.0,0.93548715,0.0,0.0,0.5163613,0.0,0.0,0.0,0.52401876,0.0,0.18365514
U00993,0.33033466,1.8815613,0.0,0.4347885,0.46202987,0.0,0.0,0.0,0.0,1.7259326,0.0,0.12387626,0.0,1.5679111,0.53153163,0.21142569,0.13550645,0.7504374,0.0,0.60601985,2.207452,0.0,0.0,0.0,0.0,0.0,1.173108,2.7414026,0.0,0.0,0.0,0.0,0.0,0.029215068,1.5049491,0.34676528,0.47372845,0.0,0.0,2.3188279,0.0,0.0,0.0,0.7523958,0.7545166,0.0,0.0,0.0,1.6844553,0.43140855,0.14330488,0.0,0.09819131,0.0,0.0,0.14791715,0.0,1.9937176,0.0,0.0,0.7231146,0.0,0.0,0.0
U00994,0.0,0.9576484,0.0,0.0,0.0,0.42964628,0.0,0.0,0.0,1.5096502,0.66318965,0.0,0.0,1.0032331,0.35781276,0.0,0.9744189,0.9495573,0.0,0.93965137,0.584064,0.76579934,0.0,0.1356927,0.3956974,0.0,0.79561764,1.2370291,0.69290626,0.0,0.0,0.0,0.96683776,0.0,0.3883713,0.0,0.84635293,0.0,0.0,0.74103904,0.0,0.0,0.0,0.5195918,0.0,0.0,0.1212022,0.0,0.955405,0.0,0.0,0.9877534,0.0,0.0,0.63338935,0.0,0.0,0.19280684,0.0,0.0,0.0,1.8396765,0.0,0.34398687
U00995,0.0,0.032329082,0.0,0.0,0.0,0.6999507,0.0,0.0,0.0,0.38845813,0.9154296,0.0,0.0,0.0,0.5361494,0.0,0.9815264,0.8392767,0.0,0.7771566,0.2727574,1.2977862,1.0014648,0.0,0.92152464,0.0,0.30182242,0.25834072,1.5845419,0.0,0.0,0.57853985,1.8191011,0.0,0.120970845,0.0,0.43406218,0.0,1.1919758,0.15808618,0.6944514,0.44586265,0.23966044,0.35039985,0.40094793,0.4368049,0.96491337,1.0283813,0.0,0.0,0.0,0.62707865,0.0,0.0,0.7253965,0.0,0.0,0.44005227,0.0,0.0,0.0,0.6925858,0.0,0.4134519
U00996,0.0,0.616236,0.0,0.0,0.0,0.14996108,0.0,0.0,0.0,0.0,0.0,0.0,0.028137818,0.65003043,2.5939226,0.0,0.27651995,0.0,0.0,0.0,1.1518807,0.0,1.4888723,1.1137813,0.6938685,0.0,1.9164217,0.20269775,0.0,0.0,0.0,0.44759429,0.0,0.0,1.2030579,0.0,0.0,0.0,2.1404598,0.45025706,0.9883037,0.38539904,1.5653647,0.4150403,0.9899119,1.4305129,1.4890739,1.3397933,0.0,0.0,0.0,0.0,0.0,0.23275515,0.37862277,0.0,0.0,1.348198,0.0,0.15460384,1.0694249,0.0,0.0,0.16598618
U00997,0.0,0.0,0.0,0.0,0.0,1.5190456,0.0,0.0,0.0,1.1970643,1.0515676,0.0,0.0,0.9241606,0.0,0.0,0.0,1.6490359,0.0,0.0,0.8281957,0.43910915,0.0,0.0,0.90327144,0.0,0.5285757,1.1884229,1.3077992,0.0,0.0,1.5775836,0.89351404,0.0,1.0300145,0.0,1.8046541,0.0,0.68254066,0.7065984,0.57620025,1.3998171,0.78227925,1.3188438,0.07438779,0.17162234,0.94776344,0.083306104,1.0374591,0.0,0.0,1.5189168,0.0,0.4232466,1.0126876,0.0,0.0,0.0,0.0,0.32935244,0.32393944,0.3681126,0.0,1.0679815
U00998,0.0,0.9874414,0.0,0.0,0.0,0.7360265,0.0,0.0,0.0,1.0664896,1.0190432,0.0,0.0,0.0,0.6801622,0.0,1.3438553,0.0,0.0,0.5755408,0.08176899,1.4344697,1.4289324,0.0,1.4224734,0.0,0.67480683,0.26398802,1.7448306,0.0,0.0,0.13787818,1.6557025,0.0,0.0,0.0,0.46733344,0.0,1.6386516,1.0589842,0.39629006,0.19647968,0.0,0.029643327,0.97382784,0.0,0.29060873,0.2978536,0.62641263,0.0,0.0,0.6826651,0.0,0.0,0.7789017,0.0,0.0,0.6404703,0.0,0.016013226,0.0,0.042384792,0.0,0.15656972
U00999,0.0,0.5806383,0.0,0.0,0.0,0.30455706,0.0,0.0,0.0,0.0,0.222745,0.0,0.0,0.0,0.37159985,0.0,1.3378376,2.0560184,0.0,1.3955376,0.30547798,0.0,0.45665687,0.9998234,0.0,0.0,0.27680802,0.6424627,0.5750463,0.0,0.0,0.3360424,0.70151263,0.0,0.0315395,0.0,0.0,0.0,0.6492895,0.19353545,0.8232612,0.81376433,1.5571836,0.20829152,1.0450829,1.1164705,0.7264556,1.4369435,0.23656732,0.0,0.0,0.20637634,0.0,0.0,1.3562292,0.0,0.0,0.70945376,0.0,0.0,0.2343356,1.9476893,0.5172689,0.0
U01000,0.0,0.79602826,0.0,0.0,0.0,0.52789855,0.0,0.0,0.0,1.3826797,0.5104736,0.0,0.0,0.6263542,0.09238386,0.0,1.3477701,0.611146,0.0,0.706218,0.9779981,0.6993721,0.0,0.37412196,0.16744322,0.0,0.9489052,1.3819072,0.78333664,0.0,0.0,0.27323347,0.56300867,0.0,1.1598139,0.0,0.81877446,0.0,0.0,1.8861964,0.0,0.0,0.30598307,1.0207596,0.39908922,0.30937392,0.15240425,0.0,1.2508949,0.0,0.0,0.9379202,0.0,0.0,0.0,0.0,0.0,0.8390506,0.0,0.0,0.032840848,0.0,0.16790047,0.0
U01001,0.0,0.9895172,0.0,0.0,0.0,0.3668984,0.0,0.0,0.0,1.7510412,1.1414782,0.0,0.0,1.2579203,0.46325803,0.0,0.467265,1.5762324,0.0,1.4602443,0.53157294,0.7129755,0.25345016,0.24362992,1.0196209,0.0,1.2557578,0.5553738,1.3910785,0.0,0.0,0.0,0.95287776,0.0,0.0,0.00944674,0.33159187,0.0,0.3595521,1.2121203,0.08852911,0.0,0.0,0.0,0.87744266,0.19690806,0.0,0.0,0.9911217,0.0,0.0,0.59512067,0.0,0.0,0.0,0.0,0.0,0.5631024,0.0,0.0,0.7035583,1.830321,0.0,0.2346499
U01002,0.0,0.0,0.0,0.0,0.0,1.1248386,0.0,0.0,0.0,0.0,1.4450462,0.0,0.0,0.0,0.34806293,0.0,0.58159614,0.0,0.0,0.12966895,0.0,0.31680876,1.9704771,0.0,1.4630721,0.0,0.0,0.0,1.3865423,0.0,0.04750082,1.4551561,1.7986953,0.0,0.0,0.0,0.0,0.0,0.8237635,0.0,1.6206758,1.1617715,0.88878155,0.0,0.8075733,0.27669555,2.091652,1.9762963,0.0,0.0,0.0,0.06584052,0.0,0.0,0.55670834,0.0,0.0,0.0,0.0,0.0,0.37193257,0.28841457,0.0,0.8875662
U01003,0.0,1.3197323,0.0,0.0,0.0,0.0,0.0,0.0,0.0,2.7077615,0.969988,0.0,0.0,1.1021022,0.0,0.0,0.0015138388,1.0243477,0.0,1.4580648,1.0532942,0.39609626,0.0,0.0,0.5847485,0.0,1.0611036,1.6067663,1.1755942,0.0,0.0,0.0,0.61232287,0.0,0.24991524,0.0,0.8615544,0.0,0.0,1.7010789,0.0,0.0,0.0,0.0,0.14138758,0.0,0.0,0.0,1.8358753,0.0,0.0,0.8553119,0.0,0.0,0.0,0.0,0.0,0.9409914,0.0,0.0,0.51048505,1.1608245,0.21467844,0.020607948
U01004,0.79533726,0.8596101,0.7490119,0.7906408,0.30501938,0.0,0.96552444,0.65649104,0.993444,0.0,0.0,0.47869766,0.744939,1.8819735,2.1622791,0.8321893,0.0,1.0562476,0.70748824,0.8718898,2.4207067,0.0,0.0,0.6194806,0.0,0.65420836,1.3107628,1.446673,0.0,0.6728742,0.63972306,0.0,0.0,0.6387063,1.5818051,1.5991293,0.0,0.5945829,1.0632186,1.5022676,0.0,0.0,0.24436672,0.2273415,1.0349047,1.091028,0.0,0.0,0.8338362,0.75625646,0.8207122,0.0,0.8433193,0.0,0.0,0.7601758,0.6923547,1.3996794,0.40119338,0.0,1.0494013,0.0,0.0,0.0
U01005,0.0,0.9254557,0.0,0.0,0.0,0.46812072,0.0,0.0,0.0,0.36738324,0.0,0.0,0.0,1.3886286,2.0001497,0.0,1.1256435,0.49162078,0.0,0.0,1.9870266,0.9222806,1.1686709,1.0840822,0.0,0.0,1.7860322,1.1292782,0.28905034,0.0,0.0,0.0,0.26198673,0.0,1.1803944,0.0,0.23704734,0.0,3.3740804,0.6500584,0.0,0.6049097,1.0499023,1.1035453,0.0,0.75164366,1.3009194,0.2849727,0.53680253,0.0,0.0,0.1841891,0.0,0.19364467,1.9798654,0.0,0.0,0.9530302,0.0,0.055715866,0.26847994,1.817778,0.0,0.1457603
U01006,0.6153351,1.2553285,0.60469925,0.5909474,0.0,0.0,0.59052896,0.31803116,0.39620012,1.4295521,0.0,0.061669275,0.21771495,1.8449814,1.2793939,0.61244565,0.0,2.7370284,0.4412655,2.5126383,2.1332831,0.0,0.0,0.0,0.0,0.37857792,1.4963596,1.8137151,0.0,0.2302052,0.37152153,0.0,0.0,0.5754066,1.2135918,1.4275415,0.0,0.363748,0.014157491,1.9199286,0.0,0.0,0.0,0.0,1.3961114,0.7640079,0.0,0.0,1.3877795,0.40511215,0.42255858,0.0,0.2959237,0.0,0.0,0.49365044,0.4725182,1.5372124,0.11057684,0.0,1.1800022,0.0,0.28779808,0.0
U01007,0.0,0.58148223,0.0,0.0,0.0,1.0755471,0.0,0.0,0.0,0.9653638,1.0757511,0.0,0.0,0.0,0.04934585,0.0,0.98459154,0.0,0.0,0.78576946,0.0,1.1913486,1.306309,0.0,1.6661215,0.0,0.44794148,0.0,1.964797,0.0,0.0,0.5181807,1.617664,0.0,0.0,0.0,0.71519077,0.0,1.301783,0.45942652,0.41016364,0.4791776,0.0,0.21168934,0.5517208,0.12882024,0.016481146,0.067257166,0.37460464,0.0,0.0,0.74606264,0.0,0.0,0.55010116,0.0,0.0,0.0,0.0,0.012838007,0.0,0.24194086,0.37982494,0.55789757
U01008,0.17386782,0.31277496,0.0,0.0,0.0,0.15516937,0.26054835,0.31420565,0.08021891,0.0,0.0,0.18353125,0.0,1.323231,1.3961306,0.0381009,1.7578833,0.0,0.070881516,0.0,1.0710557,0.0,0.9973772,1.3620875,0.0,0.0,0.416682,0.24380136,0.0,0.029753424,0.108799666,0.6334653,0.0,0.07187736,1.0524795,0.32835245,0.0,0.05839795,1.8012924,0.44764614,0.30381233,0.67967695,1.2954106,0.8392397,0.8300408,1.4236337,1.8648916,0.9647652,0.0,0.08711353,0.0,0.0,0.0635162,0.0,1.6772398,0.07050419,0.0,0.84855646,0.15862069,0.0,0.6741311,0.63556945,0.3749403,0.0
U01009,0.0,1.6309444,0.0,0.0,0.0,0.0,0.0,0.005032614,0.0,0.07170892,0.0,0.039741337,0.37387574,1.1712108,1.9126484,0.0,0.0,0.0,0.0,0.0,1.8642458,0.18180531,0.88044876,0.88602465,0.0,0.0,1.5581886,0.49474716,0.0,0.0,0.0,0.0,0.0,0.0,1.0409633,0.0,0.0,0.0,2.726716,0.93556774,0.0,0.20490187,0.5782854,0.0,0.83771974,0.296156,1.3572148,1.0617551,0.34389466,0.123570696,0.0,0.0,0.0,0.010085344,0.8500086,0.0,0.0,1.9264212,0.0,0.20489591,1.5002737,0.0,0.0,0.0
U01010,0.0,0.09365344,0.0,0.0,0.0,0.94482064,0.0,0.0,0.0,0.0,0.8489597,0.0,0.0,0.0,0.12958592,0.0,2.3671503,0.0,0.0,0.0,0.0,1.4240243,1.4903407,0.0,1.3456014,0.0,0.0,0.014432907,1.4692724,0.0,0.0,1.17737,1.4818355,0.0,0.0,0.0,0.57727647,0.0,1.9301931,0.0,0.20960459,0.91976166,0.22222947,1.0933452,0.9181317,0.605987,0.0,0.0023296326,0.047115803,0.0,0.0,1.3753302,0.0,0.0,2.0689182,0.0,0.0,0.0,0.0,0.0,0.0,0.0,0.97015667,0.5040618
U01011,0.0,0.0,0.0,0.0,0.0,0.52508783,0.0,0.027492136,0.0,0.0,0.0,0.0,0.0,1.0144768,2.0312858,0.0,1.6521423,0.9695083,0.0,0.94925165,0.6989838,0.25400662,1.1957874,0.8782403,0.6258161,0.0,0.6318702,0.30140328,0.0,0.0,0.0,0.42386806,0.20823286,0.0,0.93753475,0.0,0.0,0.0,1.5048983,0.0,0.6014436,0.8283112,0.69991064,1.3049202,0.6611664,1.0786948,0.83747536,0.043293342,0.0,0.0,0.0,0.0,0.0,0.0,1.2445406,0.0,0.0,0.0,0.0,0.0,0.0,1.4445695,0.0,0.6436629
U01012,0.0,0.2744494,0.0,0.0,0.0,0.7143661,0.0,0.0,0.0,2.181028,1.7031313,0.0,0.0,0.0,0.0,0.0,0.21200675,0.77437854,0.0,0.5853144,0.0,0.63563406,0.0,0.0,1.5544779,0.0,0.0,0.0,2.1892905,0.0,0.0,0.31809533,1.7674185,0.0,0.0,0.0,1.1511948,0.0,0.0,0.36563957,0.14168897,0.0,0.0,0.0,0.5490093,0.0,0.0,0.0,0.9737159,0.0,0.0,1.4244846,0.0,0.0,0.38301647,0.0,0.0,0.0,0.0,0.0,0.06522167,1.5888435,0.27696902,1.1468189
U01013,0.0,2.3150883,0.0,0.0,0.0,0.0,0.0,0.029233292,0.0,2.446448,0.0,0.0,0.47019506,1.3737313,1.3144208,0.0,0.0,0.0,0.0,0.0,2.0851803,0.0,0.0,0.0,0.0,0.0,3.4628944,1.3957244,0.0,0.0,0.0,0.0,0.0,0.0,0.0,0.0,0.0,0.0,1.990319,0.88609207,0.0,0.0,0.0,0.6202563,0.0,0.0,0.0,0.0,1.925756,0.0,0.0,0.0,0.0,0.0,1.5214602,0.0,0.07346879,1.257217,0.43052799,0.0,0.0,2.9267623,0.0,0.0
U01014,0.0,0.0,0.0,0.0,0.0,1.1147671,0.0,0.0,0.0,0.0,0.74195945,0.0,0.0,0.0,0.09109664,0.0,0.2412166,0.49400258,0.0,0.0,0.0,1.4070888,1.4986131,0.0,0.9313867,0.0,0.0,0.0,1.4955134,0.0,0.0,1.032075,1.5643493,0.0,0.0,0.0,0.65923464,0.0,2.1843023,0.0,0.5582011,1.4812206,0.8336252,0.48944247,0.0,0.11649704,1.4883794,0.95585036,0.0,0.0,0.0,0.6851499,0.0,0.0,1.8158604,0.0,0.0,0.0,0.0,0.0,0.0,1.2107891,0.000665009,1.2685583
U01015,0.0,0.58010733,0.0,0.0,0.0,0.6456034,0.0,0.0,0.0,1.2388686,0.4037738,0.019729514,0.0,0.62026745,0.21725613,0.0,1.6971593,0.11273646,0.0,0.72238004,0.74140996,1.2379985,0.27127558,0.0019166544,0.2635212,0.0,0.46248972,1.2614032,1.1598538,0.0,0.0,0.18819052,0.8410616,0.0,0.85812235,0.17202938,0.9369347,0.0,0.45491925,1.3678285,0.0,0.0,0.0,0.78766555,0.42725074,0.0,0.014610693,0.0,1.0740647,0.0,0.0,1.0090142,0.0,0.0,0.2608329,0.0,0.0,0.44618642,0.0,0.0,0.0,0.0,0.40973932,0.0
U01016,0.0,1.9673731,0.0,0.0,0.0,0.0,0.0,0.0,0.0,2.0825052,0.04198324,0.0,0.0,1.901329,0.27822787,0.0,0.0,1.3393575,0.0,0.49481368,1.9592985,0.0,0.0,0.12740703,0.0,0.0,1.8613935,1.9121755,0.3398534,0.0,0.0,0.0,0.25387126,0.0,0.77699864,0.0,0.6717651,0.0,0.24471672,2.0726666,0.0,0.0,0.0,0.17025292,0.39976072,0.0,0.12016046,0.0,1.6230435,0.0,0.0,0.36119902,0.0,0.08014965,0.2785585,0.0,0.0,1.9606429,0.0,0.0,0.8008736,0.95898926,0.0,0.0
U01017,0.86653656,1.1208787,0.83728004,0.9314358,0.24670781,0.0,0.963154,0.59419084,0.76051146,1.3458683,0.0,0.26129377,0.4673829,1.7731726,1.1262386,0.86274445,0.0,2.5548942,0.7709895,2.3802557,1.8644013,0.0,0.0,0.0,0.0,0.635309,1.4039862,1.6387956,0.0,0.5441114,0.63962847,0.0,0.0,0.9053532,1.0972033,1.6870177,0.0,0.70334226,0.0,1.7065136,0.0,0.0,0.0,0.0,1.2143029,0.6918658,0.0,0.0,1.2758464,0.71752024,0.6994965,0.0,0.5664065,0.0,0.0,0.83225036,0.71741164,1.3596592,0.32863516,0.0,1.0662036,0.0,0.3406909,0.0
U01018,0.0,0.0,0.0,0.0,0.0,0.73201215,0.0,0.0,0.0,0.16446722,0.45534846,0.0,0.0,1.2372911,1.2488155,0.0,0.80970085,1.8646201,0.0,1.550077,0.110351086,0.48177174,1.2362993,0.69948006,0.57188594,0.0,0.77304024,0.0,0.40339696,0.0,0.0,0.21853554,0.84606016,0.0,0.4138807,0.0014067888,0.15617485,0.0,0.32524985,0.0,0.61100906,0.49493742,0.7783531,0.7624964,0.64758646,0.6881558,1.0804707,0.51720095,0.0,0.0,0.0,0.04590714,0.0,0.0,0.47430825,0.0,0.0,0.0,0.0,0.0,0.16648257,2.265378,0.0,0.7481296
U01019,0.0,1.641923,0.0,0.0,0.0,0.0,0.0,0.11228043,0.0,1.6361529,0.41840756,0.0,0.0,2.0081563,1.1610351,0.0,0.62210107,0.7963319,0.0,1.2305247,0.657431,0.51798016,0.7356786,0.16457641,0.39916646,0.0,1.8869181,0.8223871,0.0,0.0,0.0,0.0,0.0,0.0,0.33734274,0.0,0.45330775,0.0,1.6213912,0.0,0.0,0.0,0.0,0.15830205,0.0,0.0,0.0,0.0,1.0563169,0.0,0.0,0.26587394,0.0,0.0,0.7743305,0.0,0.0,0.02889347,0.0,0.0,0.0,2.3210638,0.0,0.5539954
U01020,0.0,0.4001224,0.0,0.0,0.0,1.1883597,0.0,0.0,0.0,1.3361539,1.1473039,0.0,0.0,0.4100631,0.446401,0.0,0.42832798,1.2308477,0.0,1.315627,0.15091872,1.042505,0.09803927,0.09362525,0.7664993,0.0,0.8770844,0.81214863,1.1776335,0.0,0.0,0.32239568,0.9581204,0.0,0.79827714,0.0,1.1929537,0.0,0.0,0.7052002,0.016070276,0.2803806,0.27711606,0.63597655,0.0,0.0,0.32979277,0.0,0.752622,0.0,0.0,1.1832587,0.0,0.0,0.0,0.0,0.0,0.0,0.0,0.0,0.0,0.9278817,0.0,0.6739464
U01021,5.8717146,0.0,6.240242,4.151559,7.036076,0.0,6.514506,5.964365,6.43671,0.0,0.0,6.728377,5.8314066,0.0,0.0,7.1283236,0.0,0.0,5.769019,0.0,0.0036485195,0.0,0.0,0.0,0.0,6.059049,0.0,0.0,0.0,7.077517,6.8777857,0.0,0.0,6.8487287,0.0,0.0,0.0,6.543222,0.0,0.0,0.0,0.0,0.0,0.0,0.0,0.0,0.0,0.0,0.0,6.08786,6.078294,0.0,6.480035,0.0,0.0,6.057149,6.6298766,0.0,6.941796,0.0,0.0,0.0,0.0,0.0
U01022,0.0,0.26946306,0.0,0.0,0.0,0.33833212,0.0,0.0,0.0,0.0,0.0,0.0,0.0,1.2588588,2.0367706,0.0,0.5543424,0.12036753,0.0,0.0,1.5317075,0.31704167,1.1207135,1.246007,0.11795086,0.0,1.6093612,1.2183368,0.0,0.0,0.0,0.0,0.0,0.0,1.3572462,0.0,0.0,0.0,3.0400097,0.0,0.11377606,0.7346972,1.0126781,1.4192834,0.0,1.0079424,0.9664953,0.0,0.28155524,0.0,0.0,0.0,0.0,0.37063769,2.038766,0.0,0.0,0.0,0.0,0.082046464,0.16775006,1.595044,0.0,0.447778
U01023,0.0,0.19828588,0.0,0.0,0.0,0.7006221,0.0,0.0,0.0,0.0,0.0,0.0,0.0,1.4159106,1.8606329,0.0,2.276074,0.0,0.0,0.0,1.1845973,0.752905,1.5510099,1.2615573,0.60786915,0.0,0.46978456,0.18881857,0.0,0.0,0.0,0.5759996,0.0,0.0,1.1369687,0.0,0.0,0.0,2.4481466,0.45745456,0.12004641,0.40530497,1.1959331,1.5243506,0.6305689,0.93067,1.696874,0.7885419,0.0,0.0,0.0,0.22041395,0.0,0.22326234,1.9815215,0.0,0.0,0.618984,0.0,0.13031942,0.012918174,0.27885026,0.0,0.4287144
U01024,0.0,0.0,0.0,0.0,0.0,1.7960997,0.0,0.0,0.0,0.030354023,1.3370272,0.0,0.0,0.0,0.0,0.0,0.0,1.0536246,0.0,0.4697113,0.0,0.44116175,1.1305122,0.0,1.7184169,0.0,0.0,0.0,2.2612596,0.0,0.0,2.0340884,1.7526047,0.0,0.0,0.0,0.84856784,0.0,0.32365313,0.0,1.0960727,1.5454725,0.740755,0.0,0.0,0.0,2.1077485,1.2877271,0.0,0.0,0.0,0.48888496,0.0,0.0,1.0107664,0.0,0.0,0.0,0.0,0.0,0.0,0.2317847,0.24539477,2.2732325
U01025,0.02574873,0.6569273,0.0,0.0,0.0,0.0239937,0.10278386,0.08673507,0.213221,0.0,0.0,0.2454695,0.19714688,1.4905744,2.0004747,0.17591918,1.0827395,0.0,0.14023867,0.0,1.8918188,0.0,0.3392424,1.1015974,0.0,0.16498516,1.149796,0.987908,0.0,0.019671692,0.056711078,0.0,0.0,0.06200692,1.2694674,0.2948923,0.0,0.04167521,1.5395252,1.1108162,0.0,0.0,0.9288316,1.0108478,0.28914273,0.6507539,1.139975,0.81387913,0.26743805,0.06518519,0.0,0.0,0.22162366,0.0,0.8770977,0.0,0.0,1.1778871,0.0,0.0,0.6937664,0.0,0.0,0.0
U01026,0.35752335,1.5530322,0.28047022,0.19107628,0.0,0.0,0.14971006,0.0,0.008653589,1.8383203,0.0,0.0,0.06635458,1.9304292,0.59164846,0.35200143,0.0,3.088716,0.12402046,2.8985505,1.8184556,0.0,0.0,0.0,0.0,0.2223762,1.4454076,2.0286324,0.31644166,0.0,0.17780516,0.0,0.0,0.33427182,1.231112,1.2347224,0.041074887,0.2005733,0.0,2.112009,0.0,0.0,0.0,0.0,1.7827692,0.5289156,0.0,0.0,1.720717,0.14739199,0.20587867,0.0,0.0,0.0,0.0,0.17664307,0.10334641,1.5662354,0.0,0.067691766,1.1778467,0.0,0.6367847,0.0
U01027,0.0,1.9445866,0.0,0.0,0.0,0.0,0.0,0.0,0.0,1.9783064,0.45571128,0.0,0.0,0.47386777,1.200958,0.0,0.0,0.3995707,0.0,0.0,1.3009183,0.0,0.4780913,0.037846558,0.31074703,0.0,3.3845997,0.92026454,0.55444264,0.0,0.0,0.0,0.08772245,0.0,0.30332333,0.0,0.056298226,0.0,1.9344343,1.3824043,0.0,0.0,0.18309474,0.0,0.0,0.16122103,0.0,0.0,1.5145493,0.0,0.0,0.0,0.0,0.0,0.68622196,0.0,0.0,1.5482885,0.0,0.02029152,0.85118884,2.6217458,0.0,0.0
U01028,0.0,1.0364238,0.0,0.0,0.28789967,0.6252849,0.0,0.0,0.0,1.8560479,1.7759396,0.0,0.9939233,0.0,0.0,0.0,0.03995037,0.0,0.0,0.0,0.0,1.0484538,1.1058075,0.0,1.9408679,0.0,0.4278475,0.0,2.2643259,0.0,0.0,0.0,2.2918162,0.0,0.0,0.0,0.4199098,0.0,0.0,0.0,0.0,0.0,0.0,0.0,0.0,0.0,0.0,0.0,0.19710785,0.0,0.0,0.7913846,0.0,0.0,0.937904,0.0,0.0,0.0,0.056698516,0.0,0.0,1.149696,0.0,1.1362085
U01029,0.0,0.6598538,0.0,0.0,0.0,0.48498324,0.0,0.0,0.0,2.4184234,1.5813736,0.0,0.0045522675,0.0,0.0,0.0,0.9095571,0.0,0.0,0.97668207,0.0,1.3039935,0.0,0.0,1.4514167,0.0,0.0,0.320454,2.4429493,0.0,0.0,0.0,2.2055807,0.0,0.0,0.073898315,1.3191214,0.0,0.0,0.94322944,0.0,0.0,0.0,0.0,0.0,0.0,0.0,0.0,1.3344105,0.0,0.0,1.6042708,0.0,0.0,0.0,0.0,0.0,0.0,0.0,0.0,0.0,0.017904036,0.7471442,0.4207263
U01030,0.0,0.39275336,0.0,0.0,0.0,1.1026596,0.0,0.0,0.0,0.85246116,0.91040206,0.0,0.0,0.0,0.07853532,0.0,1.2407306,0.3290739,0.0,0.72628415,0.20081973,1.3521361,0.7605465,0.0,1.0667729,0.0,0.5040123,0.33253264,1.7224715,0.0,0.0,0.6742426,1.5415767,0.0,0.4180212,0.0,0.72273827,0.0,0.87206316,0.96243274,0.4637372,0.5605453,0.20117033,0.38500303,0.54861414,0.31508386,0.6675241,0.5067949,0.34252048,0.0,0.0,1.0265146,0.0,0.028036356,0.32109797,0.0,0.0,0.37820905,0.0,0.03942095,0.0,0.0,0.0,0.3494705
U01031,0.0,1.5771139,0.0,0.0,0.0,0.21715197,0.0,0.0,0.0,1.1603845,0.41495335,0.0,0.0,0.023130536,1.0605859,0.0,0.7007747,1.0920445,0.0,0.8946142,0.8476909,0.0,0.006967187,0.31696367,0.51870275,0.0,2.0437245,0.67450076,0.97566605,0.0,0.0,0.0,0.91026235,0.0,0.3946997,0.0,0.16273361,0.0,0.8305799,1.421936,0.36962008,0.0,0.5694869,0.55545497,0.0,0.58513784,0.22197065,0.34238082,0.65229756,0.0,0.0,0.6614814,0.0,0.0,0.2465241,0.0,0.0,0.9974812,0.0,0.0335181,0.29167765,0.5960258,0.0,0.0
U01032,2.382978,0.43904454,2.1887727,2.681148,1.463806,0.0,2.531864,1.709147,2.3795447,1.3160685,0.0,1.4363805,1.633012,1.2759948,0.0,2.2530055,0.0,2.3748581,2.4830127,2.1519778,0.39936268,0.0,0.0,0.0,0.0,2.16039,0.8862428,0.9367346,0.0,2.1315575,2.111056,0.0,0.0,2.597484,0.0,2.9481492,0.0,2.558743,0.0,0.6428119,0.0,0.0,0.0,0.0,0.74029034,0.0,0.0,0.0,0.7305528,2.2548425,2.0446446,0.0,1.9369066,0.0,0.0,2.3387122,2.2044265,0.49353117,1.5730112,0.0,0.4543132,1.3549001,1.1596427,0.0
U01033,0.0,0.0,0.0,0.0,0.0,1.012019,0.0,0.0,0.0,0.0,0.0,0.0,0.0,0.78961444,1.1335318,0.0,1.7796208,0.0,0.0,0.0,0.46504152,1.0564204,1.4742155,0.9609708,0.57795095,0.0,0.0,0.4064703,0.40964586,0.0,0.0,1.00034,0.7741388,0.0,0.47656095,0.0,0.7607615,0.0,2.5470347,0.0,0.0,1.307434,1.4092385,1.7956946,0.0,0.74038637,0.9751357,0.6839335,0.0,0.0,0.0,0.82450783,0.0,0.098750144,2.9759111,0.0,0.0,0.0,0.0,0.0,0.0,1.5108622,0.2936843,1.3770819
U01034,0.0,1.7782203,0.0,0.0,0.0,0.0,0.0,0.0,0.0,2.264185,0.15674184,0.0,0.0,2.096801,0.22304344,0.0,0.0,1.871424,0.0,1.2394034,1.7626438,0.0,0.0,0.15515465,0.0,0.0,2.2584429,2.1598012,0.0,0.0,0.0,0.0,0.0,0.0,1.3851874,0.11529398,0.48668396,0.0,0.0,2.3503184,0.0,0.0,0.0,0.19568537,0.5279176,0.12658727,0.0,0.0,2.0838332,0.0,0.0,0.11810696,0.0,0.0,0.0,0.0,0.0,1.5625871,0.0,0.05746043,0.80619925,0.56114835,0.27280468,0.0
U01035,0.0,1.1930845,0.0,0.0,0.0,0.3128806,0.0,0.0,0.0,1.4748125,0.55050373,0.0,0.0,1.2708817,1.0601035,0.0,0.12455636,1.1354164,0.0,0.52943873,1.2411666,0.62465024,0.012530863,0.846565,0.0,0.0,1.8828079,0.9014134,0.12069905,0.0,0.0,0.0,0.0,0.0,0.98758024,0.056912065,0.59088904,0.0,0.19995318,1.8181356,0.0,0.0,0.6429708,0.12361474,0.66162676,0.62029684,0.5228152,0.08183123,1.2900229,0.0,0.0,0.2578393,0.0,0.035033584,0.0,0.0,0.0,1.014098,0.0,0.16770022,0.942642,1.1562988,0.0,0.0
U01036,0.0,1.190279,0.0,0.0,0.0,0.035822093,0.08714962,0.0,0.0,1.1410819,0.3708498,0.10013957,0.0,0.18150365,1.3019067,0.0,0.75823206,1.1418226,0.0,1.3992902,1.4414055,0.5547819,0.43798512,0.0,0.31182456,0.0,1.4318991,1.3151577,1.1364483,0.0,0.0,0.0,0.6571797,0.0,0.5837612,0.0,0.13434535,0.0,1.6741294,1.3905063,0.0,0.0,0.0,0.21667117,1.22715,0.50305426,0.0,0.0,0.9110347,0.0,0.0,0.010705575,0.0,0.0,0.0,0.0,0.0,1.4667786,0.0,0.0,0.11049396,0.0,0.0,0.0
U01037,0.0,0.32882547,0.0,0.0,0.0,0.95411503,0.0,0.0,0.0,0.63371676,1.4747427,0.0,0.0,0.9671818,0.6952145,0.0,0.7073932,0.83703005,0.0,0.9911108,0.21197963,1.1422933,1.070507,0.5700209,1.0219997,0.0,0.44231975,0.0,1.0081834,0.0,0.0,0.3459463,1.1326345,0.0,0.10240877,0.0,0.5212929,0.0,0.86624146,0.9752829,0.33964485,0.42459625,0.35092607,0.0,1.0990516,0.35283387,1.4411415,1.419378,0.22612935,0.0,0.0,0.51942337,0.0,0.0,0.21134841,0.0,0.0,0.69796926,0.0,0.0650928,0.89947706,1.4292152,0.07567412,0.40225363
U01038,0.7919672,0.0,0.61350656,0.013708591,0.39678442,1.2868311,0.3959593,0.0,0.18257885,0.0,1.221572,0.35321116,0.0,0.0,0.0,0.024513066,0.89067364,0.0,0.45709273,0.0,0.0,1.1778057,2.6430695,0.0,2.4601915,0.5965972,0.0,0.0,1.7834418,0.39586902,0.6924895,2.2535546,1.8000546,0.22070569,0.0,0.0,0.0,0.5115056,2.6624978,0.0,1.7569313,1.5144924,0.2906765,0.0,1.8683152,0.0247432,1.2196395,1.728363,0.0,0.24409786,0.6082294,0.0,0.086769596,0.0,2.3052983,0.24106824,0.65756065,0.0,0.0,0.0,0.0,0.0,0.24206573,1.4312587
U01039,0.0,1.5144098,0.90977967,0.6287962,0.6346917,0.0,0.14199626,0.5503027,0.96938294,1.3225356,0.0,0.8970423,0.57094145,0.0,0.0,0.44017965,0.0,2.422179,1.0536333,0.0,0.7224415,0.0,0.0,0.29776952,0.0,0.6573638,3.2775052,0.0,0.0,0.9214165,1.5074737,0.0,0.0,0.69762564,0.0,0.0,0.0,0.23695976,0.5913942,1.3349646,1.3202055,0.0,0.0,0.0,0.02946651,1.0541373,0.0,0.0,0.33234823,0.58876485,0.94324017,0.0,1.2292608,0.0,0.25512683,1.121576,0.75162286,1.2386037,1.1327043,0.0,1.3748574,3.543239,0.30635923,0.0
U01040,0.0,1.017311,0.0,0.0,0.0,0.0,0.031307578,0.0,0.0,0.88369024,0.0,0.0,0.0,1.449451,1.508089,0.0,0.7034411,0.85629594,0.0,0.11032963,1.93647,0.23469877,0.0,0.5942022,0.0,0.0,1.6696478,1.6536826,0.12783462,0.0,0.0,0.0,0.0,0.0,1.2577286,0.0,0.3356351,0.0,0.90193427,1.439928,0.0,0.0,0.55569786,0.91269535,0.39168072,0.6869636,0.6347358,0.39175913,0.77598584,0.0,0.0,0.0,0.0,0.0,0.45816815,0.0,0.0,1.3239188,0.0,0.0,0.76920307,0.40725324,0.0,0.0
U01041,0.0,0.33342403,0.124754444,0.06286925,0.0,0.20675096,0.0,0.08697514,0.0,0.0,0.0,0.1434863,0.0,1.2973979,1.4055417,0.0,1.3388269,0.0,0.0,0.0,1.1271145,0.5903805,1.521903,1.1346471,0.0,0.12704614,0.8527634,0.4311074,0.0,0.0,0.048901334,0.14275002,0.0,0.0,1.0005689,0.0,0.0,0.0,3.09311,0.23477161,0.0,0.34141868,0.8946372,1.0725913,0.0,0.7302147,1.4593854,0.0,0.0,0.08484179,0.0,0.0,0.1710693,0.0,2.627337,0.0,0.24201778,0.5830088,0.17394888,0.0,0.0,1.5832367,0.0,0.0
U01042,0.0,1.038099,0.0,0.0,0.0,0.36258322,0.0,0.0,0.0,0.91825694,0.6194246,0.0,0.0,2.4736094,0.5681531,0.0,0.8647641,1.8955883,0.0,1.2600085,0.8816816,0.5830895,0.0,0.680532,0.0,0.0,0.5140215,1.2617102,0.29585928,0.0,0.0,0.05580747,0.06738004,0.0,0.5947685,0.02807355,0.7261503,0.0,0.16778593,1.3495669,0.03296879,0.033890247,0.1314676,0.0,1.7283142,0.6522434,1.2218565,0.8332441,0.93293107,0.0,0.0,0.46783173,0.0,0.24186811,0.25606132,0.0,0.0,1.0665941,0.0,0.14082569,1.109555,1.135506,0.38219082,0.34894562
U01043,0.0,0.0,0.1025853,0.0,0.0,1.4124806,0.0,0.12445116,0.0,0.0,0.0,0.16331673,0.0,2.5668406,1.4040045,0.0,2.3728113,0.0,0.0,0.0,0.17912579,0.8737313,1.2943003,1.9769812,0.06299645,0.0,0.0,0.0,0.0,0.22779411,0.0,1.9553802,0.0,0.0,1.4692566,0.0,0.13742335,0.0,0.9528996,0.0,1.1106713,1.3286549,1.5970695,1.3924398,1.6643492,1.238382,3.4352484,2.2494304,0.0,0.0,0.0,0.0,0.13980736,0.20768496,1.8902625,0.0,0.0,0.37559497,0.0,0.046131715,0.047394454,0.0,0.0,1.022126
U01044,0.0,1.6432695,0.0,0.0,0.0,0.0,0.0,0.0,0.0,1.3770262,0.61961114,0.0,0.0,0.0,0.55755085,0.0,0.0,0.4275117,0.0,0.5766009,0.597355,0.4256518,0.35876948,0.0,0.7779355,0.0,2.185549,0.49016738,1.3145337,0.0,0.0,0.0,1.2530974,0.0,0.0,0.0,0.0,0.0,1.5407875,1.4116411,0.39584374,0.0,0.23460731,0.0,0.08390355,0.27502608,0.2599968,0.0,0.7322564,0.0,0.0,0.21930952,0.0,0.0,0.122042656,0.0,0.0,1.2753557,0.0,0.0,0.3476991,0.65759885,0.0,0.0
U01045,0.13345188,0.2173661,0.0,0.0,0.0,0.44858304,0.0,0.0,0.0,0.0,0.64760315,0.0,0.0,0.0,0.3806756,0.0,1.2998857,0.0,0.0,0.12578559,0.0,0.90437,1.5245383,0.0,1.4755104,0.11122036,0.0,0.0,1.2645408,0.0,0.0,0.9854342,1.1224054,0.0,0.0,0.0,0.0,0.0,2.3911092,0.0,0.7903102,0.6820893,0.25857902,0.05030948,2.0143366,0.684171,0.4991796,0.79261744,0.0,0.0,0.020346334,0.0,0.0,0.0,1.359322,0.0,0.19416574,0.561925,0.0,0.0,0.49740097,0.0,0.15388024,0.35192525
U01046,0.0,0.77357113,0.0,0.0,0.0,0.03771971,0.0,0.0,0.0,0.047004938,0.06277983,0.0,0.0,0.93893564,0.87861824,0.0,0.0,1.1167005,0.0,0.72470546,0.6985577,0.0,0.798397,0.601814,0.18662578,0.0,1.5523642,0.23670042,0.27092224,0.0,0.0,0.0,0.0,0.0,0.30801678,0.26075983,0.0,0.0,1.5673046,1.0938115,0.6957402,0.53140426,0.9694501,0.0,1.1768379,1.4411196,1.2314292,0.7762172,0.1808269,0.0,0.0,0.0,0.0,0.0,0.121468544,0.0,0.0,1.3352107,0.0,0.2377925,1.3866417,0.28381795,0.0,0.0
U01047,0.039366186,1.4444956,0.0,0.0,0.0,0.2610265,0.0,0.0,0.0,1.7433916,0.52469313,0.0,0.0,0.037068367,0.68902725,0.0,0.6882609,0.5813695,0.0,1.094664,0.94227046,0.5723572,0.0,0.030210175,0.3312087,0.0,1.618198,1.1075156,0.80770916,0.0,0.0,0.0,0.44995964,0.0,0.7417408,0.04875648,0.57683873,0.0,0.0,1.8020253,0.0,0.0,0.20707269,0.33468467,0.44118035,0.108950734,0.0,0.0,1.4243624,0.0,0.0,0.6432642,0.0,0.0,0.0,0.0,0.0,0.7682735,0.0,0.0,0.038394272,0.36428356,0.14081907,0.0
U01048,0.0,0.74394464,0.0,0.0,0.0,0.36836195,0.0,0.0,0.0,1.4783589,0.6820898,0.0,0.0,0.0,0.11181909,0.0,1.1426615,0.9661523,0.0,0.8941901,0.6425665,0.7920066,0.0,0.0,0.47173715,0.0,1.0165019,0.89074785,1.520282,0.0,0.0,0.048152447,1.3775944,0.0,0.4486537,0.0,0.46718472,0.0,0.0,1.0865586,0.15517491,0.0,0.0,0.686225,0.0,0.12659085,0.0,0.0,0.8175354,0.0,0.0,0.79031336,0.0,0.0,0.0139017105,0.0,0.0,0.6500454,0.0,0.0,0.0,0.39526272,0.0,0.0
U01049,0.0,0.0,0.0,0.0,0.0,1.5301254,0.0,0.0,0.0,0.0,0.5389501,0.0,0.0,0.0,1.31112,0.0,0.0,0.0,0.0,0.0,0.0,0.17169562,2.2436593,0.97709423,1.3632219,0.0,0.0,0.0,0.0,0.0,0.0,1.932035,0.61691904,0.0,0.124462545,0.0,0.0,0.0,1.7793521,0.0,1.8889983,1.9466972,1.6404481,0.0,0.17618608,0.77606475,3.7168727,2.603869,0.0,0.0,0.0,0.0,0.0,0.121795595,1.11684,0.0,0.0,0.0,0.0,0.0,0.28890133,0.44710857,0.0,1.8620183
U01050,0.0,1.8808234,0.0,0.0,0.0,0.0,0.0,0.0,0.0,1.9980494,0.15623698,0.0,0.0,0.86565137,0.0,0.0,0.0,0.5410433,0.0,0.73453486,1.607622,0.0,0.0,0.0,0.0,0.0,1.3819925,2.161369,0.0,0.0,0.0,0.0,0.0,0.0,1.2731875,0.04049456,0.90056634,0.0,0.0,2.5653017,0.0,0.0,0.0,0.40083337,0.5243931,0.0,0.0,0.0,2.0953143,0.15786143,0.0,0.4502373,0.0,0.0,0.0,0.0,0.0,1.600859,0.0,0.0,0.6509266,0.0,0.347416,0.0
U01051,0.0,2.0280094,0.0,0.0,0.0,0.0,0.0,0.0,0.0,1.739831,0.37531036,0.0,0.025031537,0.0,1.1443591,0.0,0.18367618,0.1167295,0.0,0.6194054,1.3303282,0.0,0.0,0.0,0.26382458,0.0,2.2091725,1.389302,0.6008101,0.0,0.0,0.0,0.23450817,0.0,0.5734817,0.0,0.3323416,0.0,0.47268727,2.125313,0.0,0.0,0.0,0.13422179,0.45522654,0.011441946,0.0,0.0,1.5392306,0.0,0.0,0.09038198,0.0,0.0,0.0,0.0,0.0,1.5093594,0.0,0.0,0.84925044,0.0,0.0,0.0
U01052,0.0,0.65493023,0.0,0.0,0.0,0.6918012,0.0,0.0,0.0,0.5096339,0.20818093,0.0,0.0,0.99850607,1.558121,0.0,1.4830668,0.5414455,0.0,0.5035157,1.2016149,0.945105,0.77671665,0.7998774,0.594836,0.0,1.1481881,1.3195691,0.638878,0.0,0.0,0.20210344,0.7837985,0.0,0.8755867,0.0,0.68545383,0.0,1.431231,0.29438567,0.0,0.4406106,0.8115753,1.2514987,0.15872645,0.7319638,0.83718795,0.69733155,0.5529432,0.0,0.0,0.6565943,0.0,0.10533321,1.3012401,0.0,0.0,0.22224712,0.0,0.234058,0.14650714,1.3807857,0.08993882,0.6258203
U01053,0.40736818,0.9353663,0.0,0.1619947,0.018499017,0.0,0.3747346,0.41543436,0.1691024,0.0,0.0,0.23835687,0.2406177,1.1698307,2.2405849,0.12248433,2.2984047,0.0,0.2744164,0.0,1.6102102,0.10372196,0.19395876,0.7431444,0.0,0.0,0.08527851,1.0369873,0.0,0.0,0.18279913,0.0,0.0,0.29785222,1.0295318,0.36328351,0.08639531,0.2398265,2.4948213,0.0,0.0,0.0,0.8483554,1.8371453,0.0,0.83457756,0.7313015,0.41432557,0.14953125,0.2819771,0.14948657,0.0,0.4052124,0.0,2.4553537,0.380962,0.0,0.45552844,0.20586699,0.0,0.0,0.50239563,0.32431343,0.10356128
U01054,0.0,0.0,0.0,0.0,0.0,0.5617684,0.19269782,0.0,4.4040382e-05,0.0,0.39226145,0.0,0.0,0.0,0.0,0.0,1.2757146,1.3523611,0.0,1.0275521,0.0,0.23355307,1.1775136,0.5845177,0.0,0.0052689016,0.0,0.0,1.2648727,0.0,0.506066,0.28641152,1.3325981,0.0,0.0,0.0,0.0,0.0,0.9299946,0.0,0.81054443,1.4093003,1.3468754,0.0,0.0,0.0,0.0,1.0573477,0.0,0.0,0.0,0.48505828,0.0,0.0,2.5849848,0.0,0.0,0.0,0.0,0.0,0.0,3.5434535,1.1607373,0.61721003
U01055,0.0,0.27133733,0.0,0.0,0.0,0.66416764,0.0,0.0,0.0,1.8889216,1.3759068,0.0,0.0,0.0,0.0,0.0,0.11182648,1.1676359,0.0,1.3673909,0.0,0.73903143,0.0,0.0,1.1269556,0.0,0.0,0.03283739,1.882749,0.0,0.0,0.47191763,1.6855181,0.0,0.0,0.0,1.3006608,0.0,0.0,0.7388011,0.18725961,0.0,0.0,0.0,0.77815217,0.0,0.0,0.0,0.95256245,0.0,0.0,1.0985041,0.0,0.0,0.0,0.0,0.0,0.12883735,0.0,0.0,0.0,0.41098568,0.6636164,0.69057953
U01056,0.113483965,1.0658693,0.0,0.30124587,0.096425906,0.37021604,0.0,0.0,0.0,1.6552984,0.91658986,0.0,0.0,0.0,0.0,0.046810508,0.7208594,0.54953086,0.06168291,1.4252857,0.449188,0.41330916,0.0,0.0,0.43296385,0.0,0.32297146,1.4164342,1.8065842,0.0,0.0,0.057325125,1.4639769,0.02126214,0.36465245,0.2346164,1.1053606,0.0,0.0,1.6106864,0.009070426,0.0,0.0,0.6639015,0.3613454,0.0,0.0,0.0,1.1855115,0.100223735,0.062287077,1.0109955,0.035706744,0.0,0.0,0.09149462,0.0,0.64877313,0.0,0.0,0.0,0.0,0.10049051,0.0
U01057,0.0,1.0521598,0.0,0.0,0.0,0.16560593,0.0,0.0,0.0,0.7367204,0.24206805,0.0,0.0,0.85001624,1.1868951,0.0,0.0,2.088111,0.0,1.4613739,1.4226029,0.0,0.0,0.38972968,0.32067585,0.0,1.8050956,0.8133526,0.6328421,0.0,0.0,0.02124393,0.28818393,0.0,0.84497565,0.0708586,0.0,0.0,1.0363804,1.3927972,0.62819034,0.24950075,0.8628838,0.0,1.1140523,1.3740838,0.6871189,0.61927724,0.6997972,0.0,0.0,0.0,0.0,0.0,0.0,0.0,0.0,1.5806537,0.0,0.3789592,1.3179278,0.0,0.0,0.0
U01058,0.0,0.60502225,0.0,0.0,0.0,0.42957923,0.0,0.0,0.0,0.10488379,0.0,0.0,0.0,1.4153402,1.5845921,0.0,1.1140769,0.7389569,0.0,0.0,1.2225518,0.3223507,0.60296255,1.4290239,0.0,0.0,0.8932623,0.8785068,0.0,0.0,0.0,0.169128,0.0,0.0,0.97989666,0.3597389,0.3633181,0.0,0.71073115,0.7658014,0.004554644,0.5781401,1.3366696,0.86508906,0.22635424,0.9248426,1.5893788,1.3799992,0.40371054,0.0,0.0,0.0,0.0,0.015424877,0.7985388,0.0,0.0,0.7284237,0.0,0.11017492,0.795999,1.0133268,0.07340628,0.34859324
U01059,0.36940098,1.5636152,0.19518457,0.1338991,0.0,0.0,0.2365405,0.05639285,0.09944543,1.5063443,0.0,0.0,0.09921239,1.6706007,1.0171726,0.35702303,0.0,2.645794,0.18095428,2.6732168,1.930195,0.0,0.0,0.0,0.0,0.285403,1.3361331,2.0908823,0.10964781,0.0,0.20025371,0.0,0.0,0.348463,1.3527578,1.2219603,0.024799526,0.21108758,0.0,2.0739286,0.0,0.0,0.0,0.0,1.8017898,0.6579057,0.0,0.0,1.6812209,0.2134707,0.21945703,0.0,0.0,0.0,0.0,0.24677119,0.008922815,1.4922425,0.0,0.16892688,1.1162994,0.0,0.5307379,0.0
U01060,0.56030834,0.0,0.98054254,0.49820083,1.0684974,0.07707152,0.7195742,0.774276,0.81555086,0.0,0.0,0.8743367,0.5722376,1.5447626,1.6552873,0.5491865,0.603601,0.9747281,0.46936563,0.0,1.5402509,0.0,0.076894045,0.83784324,0.0,0.71171,0.92567307,0.0,0.0,1.0869613,0.755455,0.0,0.0,0.5836354,1.0097272,0.13589084,0.0,0.85006654,1.8332989,0.21908772,0.16788113,0.0,0.71738005,0.72359294,0.35211384,0.6526613,1.5704482,0.021002382,0.0,0.4516538,0.6888503,0.0,1.0771775,0.0,0.73451626,0.28626055,0.9321706,1.1484652,0.63580656,0.0,0.0,0.0,0.0,0.0
U01061,0.0,0.87524587,0.0,0.0,0.0,0.7465259,0.0,0.0,0.0,2.1593795,1.0821614,0.0,0.0,1.9441893,0.0,0.0,0.0,2.4258125,0.0,0.75073886,0.6352462,0.0,0.0,0.0,0.18674242,0.0,0.13576412,1.613622,0.70752734,0.0,0.0,1.244218,0.0,0.0,1.4180315,0.0,1.5811133,0.0,0.0,2.274468,0.0,0.0,0.0,0.0,1.5598053,0.0,0.44238484,0.0,1.9161433,0.0,0.0,1.5694306,0.0,0.45896128,0.0,0.0,0.0,0.6572845,0.0,0.23661713,0.74902475,0.0,0.37367797,0.68749106
U01062,0.0,0.21741253,0.0,0.0,0.0,1.291559,0.0,0.0,0.0,0.16242015,0.5604595,0.0,0.0,0.30247593,0.86053014,0.0,1.5135106,0.07891321,0.0,0.4841094,0.26847458,0.8560687,0.69098717,0.83594537,0.8515769,0.0,0.370031,0.0,0.12361127,0.0,0.0,0.6256231,0.68514144,0.0,0.35371262,0.0,1.0463679,0.0,0.9061866,0.5362147,0.48841727,0.5483045,1.1130354,0.91960025,0.0,0.33302587,1.729017,1.3738905,0.19857436,0.0,0.0,0.7311443,0.0,0.20801994,1.0744759,0.0,0.0,0.0,0.0,0.08799447,0.0,1.2386472,0.2888721,0.6556239
U01063,0.17850047,0.0,0.24220246,0.0,0.5455023,0.609782,0.15726751,0.0,0.17843765,0.0,1.1499596,0.0,0.0,0.0,0.0,0.0,0.0,1.2297517,0.0,0.6995319,0.0,0.0,1.4475167,0.0,1.2800001,0.08559644,0.0,0.0,1.4378221,0.3066163,0.0,1.8652565,1.6648743,0.09851998,0.0,0.0,0.0,0.28677556,0.4028412,0.0,1.9791312,1.7086086,0.5771754,0.0,1.1473075,0.64695334,2.9454403,2.3061478,0.0,0.0,0.0,0.0,0.0,0.0,1.1779195,0.21048462,0.0,0.0,0.0,0.0,0.8091341,0.7129785,0.65263563,1.1492672
U01064,0.0,0.0,0.0,0.0,0.0,0.60608625,0.0,0.0,0.0,0.0,0.0,0.0,0.0,1.5691304,1.8563969,0.0,1.9815209,0.0,0.0,0.0,0.7140056,1.074009,1.966629,1.1145607,0.030906975,0.0,0.02466917,0.6277425,0.0,0.0,0.0,0.21876311,0.0,0.0,0.9245082,0.0,0.15349649,0.0,3.4300368,0.0,0.0,0.74359965,0.9832171,1.7055697,0.0,0.8306024,1.6605152,0.2199024,0.0,0.0,0.0,0.29518855,0.0,0.0,3.12287,0.0,0.0,0.0,0.0,0.0,0.0,1.6222204,0.0,0.8470267
U01065,0.0,0.25967348,0.0,0.0,0.0,0.90676403,0.0,0.0,0.0,0.24419916,0.4833505,0.0,0.0,0.84232205,1.0931449,0.0,1.9192181,0.0,0.0,0.07077932,0.4917693,1.3189859,1.1030595,0.81709737,0.6412951,0.0,0.3539232,0.6509564,0.7622559,0.0,0.0,0.64439726,0.8144628,0.0,0.5020808,0.0,0.7355746,0.0,1.7154791,0.16901016,0.0,0.8562988,0.84867644,1.2443576,0.402982,0.84922624,0.8885331,0.70640385,0.28753245,0.0,0.0,0.91276467,0.0,0.0,1.652129,0.0,0.0,0.13143086,0.0,0.08812439,0.0,1.162974,0.63760144,0.5707669
U01066,0.0,1.4507568,0.0,0.0,0.0,0.0076307356,0.0,0.0,0.0,1.6766175,0.50610507,0.0,0.0,0.0,1.0678694,0.0,0.45347315,0.0,0.0,0.48668718,1.1623465,0.5218885,0.3127519,0.0,0.3360842,0.0,1.9035746,0.9076394,1.0664505,0.0,0.0,0.0,0.8324635,0.0,0.4460773,0.0,0.19824788,0.0,0.988837,1.8857061,0.0,0.0,0.0,0.1764774,0.5587047,0.15478122,0.0,0.0,1.2117192,0.0,0.0,0.25657076,0.0,0.0,0.0,0.0,0.0,1.2667983,0.0,0.0,0.21402597,0.20947427,0.0,0.0
U01067,0.0,0.21671069,0.0,0.0,0.0,0.4353092,0.0,0.0,0.0,0.32009482,0.097273976,0.0,0.0,0.56177545,1.7894847,0.0,0.0,0.0,0.0,0.0,1.3077171,0.55650634,1.5875952,1.1556648,0.6281117,0.0,1.91173,0.6355004,0.50812733,0.0,0.0,0.5100496,0.14210968,0.0,0.49853,0.0,0.06165053,0.0,3.093418,0.0,0.42539454,1.1549122,1.2532426,0.39062008,0.0,0.7844954,2.12948,0.75946426,0.06270909,0.0,0.0,0.032856733,0.0,0.31341735,2.1407785,0.0,0.0,0.0,0.0,0.32102352,0.58023167,1.8196684,0.0,1.0798538
U01068,0.34912866,0.0,0.3309086,0.7231301,0.08911683,1.138211,0.42077506,0.0,0.3597722,1.8601508,1.9307479,0.2148597,0.0,0.0,0.0,0.4014926,2.2292423,0.0,0.45708504,1.0598885,0.0,1.7208071,0.2921927,0.0,1.462528,0.4487595,0.0,0.075811505,2.8432026,0.44975376,0.46298867,0.45358407,2.5704677,0.47986782,0.0,0.74652296,1.4346775,0.12750316,0.0,1.0519578,0.00044758618,0.0,0.0,0.3845087,0.0,0.0,0.0,0.0,0.7845962,0.506886,0.21336688,2.0079129,0.42888296,0.0,0.0,0.4152575,0.48806077,0.0,0.20495415,0.0,0.0,0.0,1.0555532,0.0
U01069,0.0,1.6185007,0.0,0.0,0.0,0.0,0.0,0.0,0.0,0.9345988,0.0,0.0,0.022673309,1.689122,1.7372062,0.0,0.0,0.5349635,0.0,0.0,2.2184663,0.0,0.08981073,0.55073124,0.0,0.0,2.3513095,1.0621462,0.0,0.0,0.0,0.0,0.0,0.0,1.2961423,0.0,0.0,0.0,1.4165682,1.712929,0.0,0.0,0.34044385,0.15138169,0.67677695,0.5333119,0.4397732,0.0,1.0355436,0.0,0.0,0.0,0.0,0.0,0.26139927,0.0,0.0,2.082014,0.0,0.16405173,1.0031469,0.0,0.0,0.0
U01070,0.0,0.033694923,0.0,0.0,0.0,0.0,0.0,0.0,0.0,0.30691957,1.4851793,0.0,0.0,0.0,0.0,0.0,0.0,2.0254707,0.0,1.3963443,0.0,0.0,1.0598195,0.0,1.6478214,0.0,0.6715662,0.0,1.872668,0.0,0.0,0.6250446,1.965068,0.0,0.0,0.0,0.0,0.0,0.5538198,0.0,1.5829141,0.31056088,0.08708103,0.0,1.3078601,0.39851236,1.6290193,1.8314259,0.0,0.0,0.0,0.0,0.0,0.0,0.34401572,0.0,0.0,0.85373235,0.0,0.0,1.2192183,1.694213,0.0,0.8569195
U01071,0.3968694,0.0,0.5530152,0.64231116,0.74419075,0.0,0.59375083,0.5374764,0.5809457,0.0,0.0,0.69813865,0.33280772,1.7384105,1.489386,0.2673021,0.0,1.3307749,0.7864767,0.0,1.2940333,0.0,0.011885405,1.2764193,0.0,0.54907507,1.5484049,0.42291212,0.0,0.64095473,0.4683618,0.038306832,0.0,0.40421048,0.7785958,0.0,0.0,0.82180643,0.87263894,0.8376293,0.16004771,0.0,1.1652856,0.8247134,0.0,0.757804,1.8532134,0.67240846,0.0,0.47668356,0.65138686,0.0,0.7211772,0.0,0.8960465,0.2721914,0.47016093,0.9107605,0.7673353,0.0,0.21201628,0.7692468,0.0,0.0
U01072,0.0,2.5254836,0.0,0.0,0.0,0.0,0.0,0.0,0.0,2.2392578,0.0,0.05223155,0.0,1.7179977,0.0,0.0,0.0,1.2761338,0.0,1.0489968,2.26318,0.0,0.0,0.0,0.0,0.0,1.3182434,3.1458893,0.0,0.0,0.0,0.0,0.0,0.0,1.6697078,0.0,0.6918601,0.0,0.0,2.5993774,0.0,0.0,0.0,0.18713188,0.7209245,0.0,0.0,0.0,2.3633704,0.28365618,0.0,0.23047566,0.0,0.0,0.0,0.0,0.0,2.0810113,0.0,0.0,0.72373635,0.0,0.27872828,0.0
U01073,0.0,1.2695514,0.0,0.0,0.0,0.33260334,0.0,0.0,0.0,1.1841791,0.64054334,0.0,0.0,0.11336541,1.0848365,0.0,0.29195052,0.5045867,0.0,0.36527443,0.74339855,0.24595204,0.6112911,0.29560888,0.92091763,0.0,1.706325,0.057375908,0.7640461,0.0,0.0,0.051354885,0.79289347,0.0,0.045132756,0.0,0.50342035,0.0,1.7656261,0.45885718,0.0,0.29314458,0.46865964,0.29116762,0.0,0.5497224,0.7587084,0.26590383,0.6010147,0.0,0.0,0.41913456,0.0,0.0,1.0408002,0.0,0.0,0.58831996,0.0,0.018324869,0.5054151,1.9410247,0.04258156,0.54090965
U01074,0.0,0.0,0.0,0.0,0.0,1.095115,0.0,0.0,0.0,1.3742363,1.7829463,0.0,0.0,0.0,0.0,0.0,0.7339235,0.0,0.0,0.8015572,0.0,1.4245262,0.6112878,0.0,1.5254297,0.0,0.0,0.0,2.610293,0.0,0.0,0.7001672,2.481084,0.0,0.0,0.0,1.296332,0.0,0.0,0.08381975,0.4226917,0.60914654,0.0,0.045619875,0.0,0.0,0.0,0.56259584,0.57609516,0.0,0.0,1.3306589,0.0,0.0,0.07985878,0.0,0.0,0.0,0.0,0.0,0.0,0.41346756,0.28549275,0.7803621
U01075,0.0,0.0,0.0,0.0,0.0,0.536852,0.0,0.051222697,0.0,0.0,0.0,0.0,0.0,1.5452328,2.2421532,0.0,1.3760486,0.0,0.0,0.0,1.2666929,0.6878486,2.3236296,1.5112599,0.29261792,0.018345714,0.0,0.059382677,0.0,0.0,0.0,0.83164513,0.0,0.0,1.2035396,0.09110093,0.0,0.0,4.274353,0.0,0.1370826,1.0022718,1.1106951,0.8011528,0.7943348,0.91907793,2.1732516,0.8225548,0.0,0.0,0.0,0.0,0.0,0.37130335,2.8617196,0.0,0.0,0.23022127,0.0,0.0,0.15072417,0.0,0.0,0.7158809
U01076,10.4940605,0.0,10.764299,8.406237,11.180033,0.0,11.192808,9.9780245,10.0243,0.0,0.0,10.730815,9.393272,0.0,0.0,12.045662,0.0,0.0,10.204557,0.0,0.0,0.0,0.0,0.0,0.0,9.970568,0.0,0.0,0.0,11.11354,11.183819,0.0,0.0,11.336887,0.0,0.8008511,0.0,10.801687,0.0,0.0,0.0,0.0,0.0,0.0,0.0,0.0,0.0,0.0,0.0,10.279559,10.351879,0.0,10.209438,0.0,0.6671649,9.97821,11.541159,0.0,11.223039,0.0,0.0,0.0,0.0,0.0
U01077,0.0,0.0,0.0,0.0,0.0,0.9088098,0.00826472,0.0,0.0,0.2648492,0.94823897,0.0,0.0,0.0,0.0,0.0,1.3127874,0.0,0.0,0.5520723,0.0,1.5114217,1.5295126,0.0,1.5391898,0.0,0.0,0.0,2.14785,0.0,0.0,1.0901635,1.8874366,0.0,0.0,0.0,0.54765385,0.0,1.6763499,0.0,0.5901589,0.9280106,0.0,0.32372418,0.93778056,0.1632877,0.0,0.37968013,0.0,0.0,0.0,0.8225558,0.0,0.0,1.2504319,0.0,0.0,0.0,0.0,0.0,0.0,0.0,0.37633684,0.9049411
U01078,0.0,1.5214314,0.0,0.0,0.0,0.0,0.0,0.0,0.0,1.7508194,0.4827946,0.0,0.0,1.6326635,0.0,0.0,0.0,2.939604,0.0,1.8223774,1.191477,0.0,0.0,0.0,0.0,0.0,1.4753147,1.3640467,0.8845053,0.0,0.0,0.0,0.46290815,0.0,0.5106833,0.0,0.34243494,0.0,0.0,1.7623639,0.33939195,0.0,0.0,0.0,1.3890371,0.5260964,0.3704729,0.1977148,1.3646597,0.0,0.0,0.48491713,0.0,0.0,0.0,0.0,0.0,1.8590934,0.0,0.0,0.9563217,1.0229782,0.09390873,0.0
U01079,0.0,0.33007717,0.0,0.0,0.0,0.6347072,0.0,0.0,0.0,0.0,0.06717117,0.0,0.0,1.459574,0.4662099,0.0,1.5958483,0.794479,0.0,0.27630568,0.00012624264,0.38414824,0.35329992,0.86302054,0.0,0.0,0.0,0.35156012,0.0,0.0,0.0,0.8147552,0.0,0.0,0.0960564,0.0,0.8581166,0.0,0.71649456,0.0,0.16544718,1.0792267,1.6157173,0.80354416,0.19415784,0.7767526,2.3958745,1.8240036,0.07037389,0.0,0.0,0.4593862,0.0,0.17763409,2.431284,0.0,0.0,0.0,0.0,0.0,0.14370328,1.8286153,0.7755342,0.9894179
U01080,0.26020217,1.4948175,0.22484651,0.22639838,0.9489386,0.0,0.19920522,0.067306876,0.2850785,1.111815,0.0,0.64429796,0.5293263,2.1977649,1.9381382,0.36015514,0.0,1.108421,0.5370221,0.0,3.3592985,0.0,0.0,0.23103148,0.0,0.2797585,2.4330192,2.733685,0.0,0.63539994,0.0,0.0,0.0,0.13522545,2.1208236,0.0,0.0,0.5027664,0.0,2.1131797,0.0,0.0,0.0,0.9469165,0.0,0.0,0.0,0.0,1.4752886,0.63008505,0.48338723,0.0,0.83551735,0.0,0.0,0.12023702,0.47835296,1.7125878,0.5057112,0.0,0.4343933,0.0,0.0,0.0
U01081,0.0,0.99945307,0.0,0.0,0.0,0.077879354,0.13674933,0.0,0.0,0.5934886,0.0,0.059312113,0.0,0.8591836,1.3018866,0.0,0.75112,1.3550353,0.0,0.9168223,1.5934418,0.31279683,0.3028677,0.0,0.0,0.0,1.8515737,0.9039901,0.56103563,0.0,0.024236992,0.0,0.44159806,0.0,0.70536566,0.0,0.0,0.0,1.8378325,1.8233888,0.09187746,0.0,0.4806938,0.5382273,0.82995915,1.050198,0.41641384,0.0,0.539934,0.0,0.0,0.0,0.039444193,0.0,0.15405214,0.0,0.0,1.6784765,0.0,0.0,0.033510387,0.0,0.0,0.0
U01082,0.0,0.4056216,0.0,0.0,0.0,0.39807686,0.0,0.0,0.0,1.3705555,0.5170686,0.0,0.0,0.74521273,0.0,0.0,0.0,1.3488547,0.0,0.0,0.87792873,0.6331799,0.1421715,0.69807106,0.0,0.0,1.7229667,0.9783495,0.33617675,0.0,0.2880461,0.0,0.39696592,0.0,0.1875729,0.0,0.5845051,0.0,1.1383477,1.0530293,0.0,0.5822494,0.26275223,0.42556372,0.0,0.0,0.9900414,0.22043088,0.52710634,0.0,0.0,0.45186237,0.0,0.0,1.2825516,0.0,0.0,0.37008208,0.07614012,0.0,0.0,3.1064355,0.0,0.0
U01083,0.10822284,0.2249381,0.0,0.07309258,0.03041187,1.1455779,0.11607784,0.0,0.0,0.6468688,1.4027015,0.0,0.0,0.0,0.0,0.0,0.46629816,0.6598085,0.0,1.3541664,0.0,1.1414242,1.1230567,0.0,1.6991754,0.0,0.063436985,0.0,2.196949,0.0,0.0,0.6663451,2.1754057,0.0,0.0,0.0,0.34176126,0.0,0.58430386,0.36582863,0.8410583,0.33281124,0.0,0.0,0.037755728,0.0,0.62733054,0.8980131,0.0,0.11359811,0.0,0.6781527,0.04315266,0.0,0.038701057,0.15650225,0.04048276,0.0,0.09472939,0.0,0.0,0.4618753,0.21619019,0.5793228
U01084,0.0,0.0,0.0,0.11466473,0.0,1.4034606,0.0,0.0,0.0,0.0,0.8631506,0.0,0.0,0.029024124,0.0,0.0,2.2783422,0.0,0.033561826,0.16433263,0.0,1.3831351,0.9924049,0.2494744,1.1290693,0.0,0.0,0.027546167,1.0762204,0.0,0.18554135,1.1070496,1.2878035,0.0,0.0,0.384933,1.4083457,0.0,0.94571555,0.102395415,0.18654889,0.7271584,0.36361822,1.0804014,0.1566844,0.0,1.0621605,1.4299544,0.0,0.0,0.0,1.1474456,0.0,0.08017233,1.4444433,0.0,0.0,0.0,0.0,0.0,0.0,0.19408874,0.76729506,0.8549179
U01085,0.0,1.6157268,0.0,0.0,0.0,0.0,0.0,0.01275745,0.0,1.598839,0.0,0.0,0.0,1.4731336,1.1251456,0.0,0.34327543,1.170729,0.0,1.1112612,1.5762438,0.0,0.0,0.30624965,0.0,0.0,1.7120214,1.6631632,0.0,0.0,0.0,0.0,0.0,0.0,1.4294156,0.3121093,0.34606433,0.0,0.0,2.1143942,0.0,0.0,0.11333209,0.1529347,1.2625413,0.7094989,0.0,0.0,1.6647079,0.0,0.0,0.0568747,0.0,0.0,0.0,0.0,0.0,1.2856433,0.0,0.06232195,0.9700653,0.0,0.094911516,0.0
U01086,0.0,0.0,0.0053441226,0.0,0.0,1.01836,0.0,0.13648647,0.0,0.0,0.0,0.11078763,0.0,1.6813918,1.0681956,0.0,1.8253603,0.0,0.12218103,0.0,0.0,0.26940122,1.633163,1.5913502,0.18998653,0.0,0.0,0.0,0.0,0.015213955,0.0,1.7483137,0.0,0.0,0.5119787,0.022565842,0.0,0.0,1.9470475,0.0,0.9661183,1.4027115,1.7714188,0.94444895,0.68808115,1.0961007,3.430365,2.3965507,0.0,0.0,0.0,0.0,0.0,0.054436177,3.227333,0.0,0.0,0.0,0.0,0.0,0.05849397,1.0302793,0.0,1.5445518
U01087,0.0,0.49246728,0.047842458,0.29134127,0.0,0.71717775,0.02265203,0.0,0.1328719,0.6499168,0.34560293,0.06336022,0.0,0.0,0.50557894,0.05839163,1.6700885,0.0,0.0,0.0,0.0,1.7179911,1.4797208,0.20730355,0.5269102,0.13023914,0.55535495,0.5880796,0.8514657,0.1466215,0.05057518,0.0,0.8528181,0.0,0.25249845,0.089660406,0.09541723,0.0,2.2258463,0.44044995,0.0,0.2951613,0.0,0.78232574,0.0,0.0069699287,0.0,0.0,0.40602642,0.039516807,0.0,0.81408095,0.31704214,0.0,1.7483865,0.0,0.2553081,0.0,0.0,0.0,0.0,1.994687,0.37859115,0.0
U01088,0.13787282,0.0,0.0,0.2166704,0.01848793,1.2984147,0.05911368,0.0,0.0,1.1905748,1.3804052,0.0,0.0,0.0,0.0,0.0,0.32870322,1.0000262,0.076994,1.6842536,0.0,1.2652388,0.40707225,0.0,1.2948073,0.0,0.0,0.0,2.069961,0.0,0.0,0.55026114,1.9439102,0.0,0.0,0.2876343,1.221118,0.0,0.0,0.17584836,0.50751185,0.39762974,0.0,0.03295946,0.0,0.0,0.09958652,0.2576314,0.3678133,0.0,0.0006590113,1.2352986,0.019927844,0.0,0.0,0.15286005,0.0,0.0,0.0,0.0,0.0,0.3556449,0.55828124,0.7781378
U01089,0.6732024,1.3271145,0.63796735,0.7112381,0.04488145,0.0,0.60244423,0.30146626,0.3959074,1.9753687,0.0,0.03676697,0.19476064,2.2020988,0.31483054,0.6809337,0.0,3.3965483,0.5551363,3.118124,1.5744603,0.0,0.0,0.0,0.0,0.43058974,1.6395999,1.8302629,0.2413097,0.42835158,0.5321789,0.0,0.0,0.8087369,0.8052006,1.577773,0.0,0.6457655,0.0,1.8354363,0.0,0.0,0.0,0.0,1.5618544,0.3650006,0.0,0.0,1.5639851,0.49572563,0.4883923,0.0,0.35939485,0.0,0.0,0.4917012,0.5213251,1.3915309,0.07680613,0.0,1.1037034,0.17857932,0.7018377,0.0
U01090,0.042159736,0.0,0.0,0.0,0.0,1.1767831,0.0,0.0,0.0,0.0,0.7056333,0.0,0.0,0.5625972,0.19551408,0.0,2.0262718,0.044861317,0.0,0.41683912,0.053872585,1.2030294,1.0540192,0.35044777,1.2912554,0.0,0.0,0.0,0.9277489,0.0,0.0,1.4249787,1.1038328,0.0,0.48880234,0.0,0.47394678,0.0963608,0.8615509,0.45546544,0.8912012,0.90336096,0.69530684,0.71191573,1.9977274,0.7626515,1.5150657,1.4911869,0.0,0.0,0.0,0.3917004,0.0,0.06676039,0.7449113,0.0,0.0,0.59113115,0.0,0.0,0.18910354,0.0,0.00083470345,0.35756338
U01091,0.0,0.92005765,0.0,0.18984526,0.0,0.0,0.10860896,0.027015373,0.0,0.48827827,0.0,0.0,0.0,2.150803,1.3203013,0.0,1.6823905,0.9253619,0.0,0.4358697,1.3489141,0.0,0.0,0.9100555,0.0,0.0,0.65404546,1.4362947,0.0,0.0,0.0,0.0,0.0,0.0,1.0589963,0.6587285,0.6035565,0.0,0.08895323,0.7389858,0.0,0.0,0.4384256,1.096236,0.38740146,0.53550667,0.53632504,0.56013596,0.61047053,0.0,0.0,0.12563239,0.0,0.0,0.6352457,0.0,0.0,0.60690403,0.0,0.0,0.5250745,0.836383,0.44158116,0.10168862
U01092,0.0,0.0,0.060294375,0.0,0.0,0.7598922,0.0,0.0,0.0,0.0,0.0,0.0,0.0,0.43085492,0.7032615,0.0,0.9823721,0.07905722,0.0,0.0,0.15391529,1.5238881,1.5661325,0.76028985,0.29255676,0.0,0.63014627,0.29055798,0.4476844,0.0,0.0,0.25599593,0.59944695,0.0,0.1484524,0.09251678,0.0,0.0,3.044718,0.0,0.14578998,1.1193725,0.6788924,1.0396502,0.0,0.6351086,1.0677032,0.0,0.0,0.0,0.0,0.35104918,0.0,0.0,2.6012807,0.0,0.0,0.0,0.0,0.0,0.0,3.2207315,0.367205,0.21070719
U01093,0.0,0.0,0.0,0.0,0.0,0.86649036,0.0,0.0,0.0,0.0,0.2621584,0.0,0.0,1.3043076,1.1022733,0.0,0.07534528,1.5450809,0.0,0.13954282,1.0599003,0.36728638,0.45915145,0.9119218,0.0,0.0,0.20870614,0.6594845,0.26584476,0.0,0.0,1.099731,0.23781803,0.0,0.83484703,0.0,0.69866455,0.0,1.1996382,0.41117406,0.56733465,1.1893361,1.1743461,0.43511435,0.7202709,0.7623199,2.4227114,1.676647,0.12060952,0.0,0.0,0.09782845,0.0,0.0,1.0633792,0.0,0.0,0.5650943,0.0,0.0,0.87853587,0.9004556,0.0,0.66773427
U01094,0.0,0.33076775,0.0,0.0,0.0,0.8823339,0.0,0.0,0.0,0.0,0.7393247,0.0,0.0,0.77862084,1.4944458,0.0,1.4784303,0.0,0.0,0.10144186,0.33596325,1.0384662,1.910886,0.9990135,0.872193,0.0,0.55136406,0.0,0.0,0.0,0.0,0.19068837,0.49321657,0.0,0.296225,0.0,0.0,0.0,1.8201493,0.6279855,0.10665944,0.64950764,0.74105716,0.34362638,0.6298655,0.5560813,1.7381849,1.3356904,0.0,0.0,0.0,0.2449539,0.0,0.09820753,0.83593285,0.0,0.0,0.64672405,0.0,0.052450348,0.62254083,0.7432177,0.0,0.38501894
U01095,0.095544875,0.27418202,0.632949,0.0022046566,0.26010853,0.0,0.37009358,0.18843739,0.45221913,0.34185016,0.0,0.41082948,0.3119284,1.346541,1.1267062,0.19264036,0.0,2.975443,0.49285123,1.6763289,1.8358862,0.0,0.0,0.28034386,0.0,0.26023808,1.863048,0.6440526,0.0,0.6811072,0.29117337,0.05559528,0.0,0.22506684,0.91762245,0.0,0.0,0.6372866,0.0,1.571001,0.517221,0.0,0.47941405,0.0,0.72556394,0.7085681,1.0991433,0.71020293,0.34266388,0.3340268,0.37936455,0.0,0.50847214,0.0,0.0,0.11274958,0.4607069,2.163522,0.5197381,0.0,0.7510176,0.0,0.0,0.0
U01096,0.0,0.54516053,0.011913687,0.0,0.21275677,0.21645904,0.25378078,0.026398167,0.0,1.0793041,0.8597444,0.1008842,0.0,0.0,1.0835298,0.23671943,0.12486917,1.3989394,0.13112596,1.5421233,0.87130624,0.0,0.031751394,0.0,0.18448311,0.22662106,1.1986448,0.5704591,1.3573458,0.056607302,0.10852875,0.024510682,0.9913389,0.18331116,0.37492907,0.0,0.11383486,0.054088622,0.30915332,1.5673579,0.5324167,0.0,0.0,0.0,1.5052032,0.41969037,0.07805385,0.4286627,0.75929713,0.0,0.056082893,0.0,0.0,0.0,0.0,0.00088214874,0.15572608,1.4336323,0.0,0.0,0.8290266,0.0,0.0,0.0
U01097,0.0,0.08108044,0.26722592,0.0,0.0,0.4259028,0.0017704368,0.0,0.25510305,0.0,0.0,0.070478536,0.018109933,1.740369,0.9538965,0.0,0.86399794,0.90637445,0.183577,0.0,0.9136372,0.5702572,0.24139506,1.6044272,0.0,0.19594954,0.34925437,0.44964874,0.0,0.18208091,0.32977787,0.5937431,0.0,0.07377446,1.1827965,0.16604602,0.41998428,0.30336034,0.0,0.9731935,0.24320522,0.7850207,1.2067829,0.3415081,0.77962714,0.7329167,2.3308353,1.5259616,0.19237995,0.18866351,0.0,0.0,0.0,0.0,0.5264181,0.0014497638,0.0,0.8506347,0.0,0.0,0.9292805,0.6352992,0.0,0.04993117
U01098,0.0,1.6033099,0.0,0.0,0.0,0.20405146,0.0,0.02428843,0.0,1.9849387,1.1214212,0.0,0.0,0.0,0.47411335,0.0,1.1486427,0.0,0.0,0.45874095,0.16546726,1.3564992,0.7167074,0.0,1.2635726,0.0,1.0545669,0.9769419,1.326642,0.0,0.0,0.0,1.4670563,0.0,0.0,0.0,0.67965364,0.0,0.61054206,1.228255,0.0,0.0,0.0,0.34207878,0.0,0.0,0.0,0.0,1.6415907,0.0,0.0,0.85885966,0.0,0.0,0.32942557,0.0,0.0,0.19223738,0.0,0.0,0.0,0.9510777,0.0,0.0
U01099,0.0,2.1055136,0.0,0.0,0.0,0.0,0.0,0.0,0.0,1.4030247,0.0,0.0,0.03781376,0.80418754,2.0495853,0.0,0.0,0.19802165,0.0,0.0,1.9130172,0.0,0.35545164,0.35964626,0.0,0.0,3.0242958,1.4322124,0.0,0.0,0.0,0.0,0.0,0.0,0.6704924,0.0,0.0,0.0,1.8391415,1.4591544,0.0,0.0,0.4199894,0.24644634,0.0,0.49828357,0.0,0.0,1.2695072,0.0,0.0,0.0,0.0,0.0,0.3350799,0.0,0.0,1.8649212,0.0,0.04853092,0.905297,0.5807377,0.0,0.0
U01100,0.0,0.0,0.0,0.0,0.0,0.59560966,0.0,0.0,0.0,0.90117764,1.2503015,0.0,0.0,0.0,0.0,0.0,0.0,0.9573426,0.0,0.88757455,0.0,0.20105228,0.8944699,0.0,1.7252913,0.0,0.14370084,0.0,2.3520164,0.0,0.0,0.90298104,1.7219516,0.0,0.0,0.0,0.088056415,0.0,0.81737304,0.0,1.3110564,0.7555486,0.0,0.0,0.92938477,0.45218974,0.48284137,0.16069722,0.0,0.0,0.0,0.0,0.0,0.0,0.17659831,0.0,0.0,0.03509009,0.0,0.0,0.59831136,0.73496413,0.0,0.99915063
U01101,0.0,0.0,0.0,0.0,0.40930897,0.93385994,0.0,0.0,0.0,1.1679953,2.2921455,0.0,0.049039572,0.0,0.0,0.0,0.0,1.5343274,0.0,1.314207,0.0,0.49488726,0.14475048,0.0,2.3637657,0.0,0.0,0.0,2.67195,0.0,0.0,1.2463329,2.2663763,0.0,0.0,0.0,0.71540624,0.0,0.0,0.0,1.1485987,0.37338817,0.0,0.0,0.714989,0.0,0.5270017,0.925524,0.0,0.0,0.0,0.8312957,0.0,0.0,0.0,0.0,0.0,0.0,0.0,0.0,0.04338503,1.0684978,0.8127112,2.0246804
U01102,0.0,0.0,0.10338737,0.07013148,0.0,1.185122,0.111361384,0.0,0.0,0.29428458,1.4896846,0.0,0.0,0.0,0.0,0.020342529,1.5062747,0.16761613,0.068051696,0.45795393,0.0,1.8218801,1.0629737,0.0,1.5215285,0.0,0.0,0.0,2.2049582,0.0,0.0,1.2830372,1.9693444,0.0,0.0,0.2574165,0.90602183,0.1983352,0.72514963,0.0,0.5434726,1.2185134,0.0,0.41961998,1.0984957,0.0,0.099933,0.8064989,0.0,0.05654347,0.0,1.1425979,0.0,0.0,0.8612622,0.0,0.061224967,0.0,0.0,0.0,0.0,0.0,1.0546046,0.794559
U01103,0.0,1.0131599,0.0,0.0,0.0,0.0,0.0,0.0,0.0,1.2069671,0.47579524,0.0,0.0,2.9971168,0.31317228,0.0,1.0302298,2.0713782,0.0,1.0328448,1.602195,0.4099477,0.0,0.6808331,0.0,0.0,0.24646223,1.4893255,0.0,0.0,0.0,0.11081892,0.18595569,0.0,1.1811258,0.0,0.83742,0.0,0.0,1.6700124,0.0,0.0,0.0,0.3477167,1.19809,0.22390467,0.82988703,0.6388891,1.1178926,0.0,0.0,0.7021979,0.0,0.12810946,0.0,0.0,0.0,1.4711908,0.0,0.0075016557,1.1231904,0.31402433,0.0,0.0
U01104,0.43818745,0.0,0.26522732,0.0,0.001264736,0.57237566,0.13665992,0.63890296,0.5020937,0.0,0.0,0.3789097,0.0,0.21960366,0.0,0.0,2.0232785,0.22235727,0.0,0.0,0.0,0.0,2.2205076,2.0761378,0.0,0.11276367,0.0,0.0,0.0,0.69655323,0.0,2.0957682,0.0,0.19580865,0.43065846,0.0,0.0,0.0,0.06419681,0.0,2.6333826,2.1744049,1.4928585,0.0,1.7407135,2.0367126,3.922524,2.189185,0.0,0.5300858,0.0,0.0,0.15302517,0.63717175,2.3966532,0.0,0.0,0.0,0.03834413,0.0,1.2822297,1.3611512,0.49563643,0.5573429
U01105,0.0,1.7632241,0.0,0.0,0.0,0.08722323,0.0,0.0,0.0,2.2726595,0.65729547,0.0,0.0,0.7765579,0.0,0.0,0.098361135,0.71446955,0.0,0.9371642,1.0216951,0.45405257,0.0,0.0,0.45055902,0.0,0.8496625,1.329714,1.1631086,0.0,0.0,0.0,0.6961849,0.0,0.46280745,0.0,0.64778274,0.0,0.0,1.9095491,0.0,0.0,0.0,0.0,1.0176418,0.0,0.0,0.0,1.6781731,0.0,0.0,0.7863375,0.0,0.0,0.0,0.0,0.0,1.0504164,0.0,0.0,0.3869611,0.0,0.14938617,0.0
U01106,0.0,1.1616768,0.0,0.020368636,0.0,0.0,0.0,0.0,0.0,1.4541421,0.0,0.0,0.0,1.5912575,1.4493396,0.0,0.0,1.4566299,0.0,0.08711958,2.561922,0.0,0.0,0.6050904,0.0,0.0,2.0863729,2.1376688,0.0,0.0,0.0,0.0,0.0,0.0,1.4060864,0.3747502,0.13596967,0.0,0.095483325,1.8890896,0.0,0.0,0.3228869,0.9242117,0.11020112,0.38374013,0.15521064,0.0,1.2803398,0.08741304,0.0,0.0,0.11002436,0.0,0.0,0.0,0.0,1.5024835,0.0,0.0,0.8676371,0.0017862916,0.0,0.0
U01107,0.0,0.0,0.0,0.0,0.0,0.26684698,0.09644514,0.0,0.0,0.0,0.35685998,0.0,0.0,0.0,0.0,0.0,2.9955559,1.2635759,0.0,0.7100431,0.0,0.0,0.6684986,1.1753625,0.0,0.0,0.0,0.0,0.5025586,0.12817918,0.0,1.2127696,0.6289485,0.05125922,0.0,0.0,0.0,0.0,0.024928482,0.0,1.31246,1.6606528,1.1794587,0.0,1.2345047,1.0037261,1.4150202,1.4063122,0.0,0.0,0.0,0.62821853,0.0,0.3669906,2.4136777,0.0,0.0,0.0,0.0,0.0,0.0,1.7946302,1.6195779,0.24712813
U01108,0.0,1.8192291,0.0,0.0,0.0,0.0,0.0,0.0,0.0,2.9213526,0.5962839,0.0,0.2744282,1.2567964,0.0,0.0,0.0,1.7392251,0.0,1.2158946,1.1487591,0.0,0.0,0.0,0.0,0.0,1.8647538,1.356741,0.9621952,0.03184962,0.0,0.0,0.15861663,0.0,0.0,0.0,0.19981277,0.0,0.0,1.8967339,0.0,0.0,0.0,0.0,0.06570029,0.0,0.0,0.0,1.8920951,0.065934926,0.1607125,0.2377786,0.0,0.0,0.0,0.0,0.015640438,1.4510528,0.0052659363,0.0,0.1541478,1.4503158,0.0,0.0
U01109,0.0,1.4978821,0.0,0.0,0.0,0.0,0.0,0.43022162,0.5176504,0.72183985,0.0,0.35133582,0.70959985,0.89130056,2.496504,0.004544258,0.2210297,0.0,0.0,0.0,2.0770922,0.0,1.1504908,0.7469382,0.0,0.088813126,2.8366442,0.89311117,0.0,0.019194223,0.0,0.0,0.0,0.0,0.77048826,0.0,0.0,0.0,2.4467013,1.1408511,0.0,0.0,0.26028216,0.50927824,0.0,0.0,0.0,0.0,1.0087334,0.14265737,0.0,0.0,0.13774955,0.0,1.463648,0.0,0.10584715,1.4875599,0.38873333,0.0,0.42115828,0.19515601,0.0,0.0
U01110,0.0,1.6435941,0.0,0.0,0.0,0.39026335,0.0,0.0,0.0,2.3352034,1.3897318,0.0,0.01505807,0.0,0.0,0.0,0.0,1.5364168,0.0,1.2299217,0.09298289,0.0789257,0.0,0.0,0.9060744,0.0,1.1328427,0.27195275,2.1754503,0.0,0.0,0.0,1.498559,0.0,0.0,0.0,0.4255821,0.0,0.0,1.6582787,0.5036277,0.0,0.0,0.0,0.003337741,0.0,0.0,0.0,1.5537832,0.0,0.0,0.80780375,0.0,0.0,0.0,0.0,0.0,1.1424657,0.0,0.0,0.0,0.28036058,0.15882194,0.0
U01111,0.44577417,1.5456619,0.3006128,0.23717925,0.0,0.0,0.29017514,0.10023168,0.16984245,1.6494629,0.0,0.0,0.14157182,1.792655,0.7801244,0.41994125,0.0,2.8546534,0.22912472,2.7998812,1.8110343,0.0,0.0,0.0,0.0,0.33293653,1.4012555,2.0544276,0.18351096,0.0,0.2522269,0.0,0.0,0.44391108,1.2936846,1.3036929,0.013310164,0.31099075,0.0,2.0669544,0.0,0.0,0.0,0.0,1.7318308,0.572761,0.0,0.0,1.6763263,0.2537653,0.28274515,0.0,0.009218246,0.0,0.0,0.30471775,0.09919739,1.4832891,0.0,0.09270264,1.1191547,0.0,0.5695693,0.0
U01112,0.0,0.0,0.0,0.0,0.0,0.9553461,0.0,0.0,0.0,0.0,0.0,0.0,0.0,2.46343,1.3310411,0.0,1.7435462,0.3867209,0.0,0.0,1.1938922,0.29511067,0.0038224459,1.6122198,0.0,0.0,0.0,0.8339458,0.0,0.0,0.0,1.5865757,0.0,0.0,1.6405127,0.0,0.7213234,0.0,0.54026616,0.5435339,0.44581914,1.0688889,1.679045,1.4101532,1.1157408,1.2583721,2.853683,1.9174336,0.0044646263,0.0,0.0,0.24736565,0.0,0.29069075,1.6537892,0.0,0.0,0.76255685,0.0,0.36097097,0.3585841,0.0,0.027867973,0.78355515
U01113,0.0,1.1154842,0.0,0.0,0.0,0.17687073,0.0,0.0,0.0,1.4499354,0.3690841,0.0,0.0,2.038613,0.322887,0.0,0.75761473,2.2224195,0.0,1.3186308,1.2805091,0.0,0.0,0.27630904,0.0,0.0,0.8308594,2.04006,0.12497145,0.0,0.0,0.21116728,0.0,0.0,1.5234172,0.20648372,1.0315467,0.0,0.0,2.025442,0.0,0.0,0.27575538,0.51122135,1.1963007,0.46477175,0.38563806,0.0,1.3600144,0.0,0.0,0.73770523,0.0,0.09167194,0.0,0.0,0.0,1.0880339,0.0,0.009595866,0.7546637,0.2526518,0.39172217,0.0
U01114,0.0,0.0,0.0,0.0,0.0,0.863657,0.0,0.0,0.0,0.6004119,1.1528604,0.0,0.0,2.0922773,0.800337,0.0,0.8605591,1.9003074,0.0,0.854082,0.35137904,0.9121777,0.78977746,0.80133873,0.55250514,0.0,0.2571721,0.35666978,0.16869456,0.0,0.0,0.64394796,0.50227094,0.0,0.32881194,0.0,1.0530616,0.0,0.0,0.44112468,0.5385574,1.0686401,0.47010458,1.0044806,0.8961168,0.59708357,1.2617483,0.94069266,0.5500982,0.0,0.0,0.40361384,0.0,0.034750134,0.1840074,0.0,0.0,0.13918436,0.0,0.09753264,0.8203717,1.9365427,0.0,0.8610333
U01115,2.0156245,0.38638872,1.8328831,2.17061,1.2140931,0.0,2.2275429,1.5045902,2.0013773,0.036393523,0.0,1.2360191,1.5238969,0.92366827,1.0264049,1.8617857,0.0,0.5087038,2.034101,0.513983,1.2215002,0.0,0.0,0.17395103,0.0,1.8055868,0.6598058,0.76340574,0.0,1.6723925,1.6850808,0.0,0.0,1.9254023,0.7449027,2.524265,0.0,1.8700082,0.4144803,0.7794509,0.0,0.0,0.0,0.0,0.5036979,0.5309679,0.0,0.0,0.43187684,1.9764309,1.796999,0.0,1.7863504,0.0,0.0,2.0554583,1.834198,0.7086435,1.2573802,0.0,0.5408181,0.0,0.372276,0.0
U01116,0.0,1.8118906,0.0,0.0,0.0,0.0,0.0,0.0,0.0,2.98662,0.27976912,0.0,0.0,1.7019552,0.0,0.0,0.0,1.5086231,0.0,1.436992,1.9555953,0.0,0.0,0.0,0.0,0.0,1.8300492,1.9315187,0.7349813,0.0,0.0,0.0,0.0,0.0,0.7259108,0.0,0.7253009,0.0,0.0,2.052313,0.0,0.0,0.0,0.0,0.20429444,0.0,0.0,0.0,2.0166404,0.0,0.0,0.26226732,0.0,0.0,0.0,0.0,0.0,2.0632296,0.0,0.0,0.49304768,0.4516307,0.0,0.0
U01117,0.0,0.0,0.0,0.0,0.19675641,1.355037,0.0,0.0,0.0,1.0309551,2.0474112,0.0,0.14662239,0.0,0.0,0.0,0.0,1.2585707,0.0,1.1658342,0.0,0.93110263,0.5597878,0.0,2.2135963,0.0,0.0,0.0,2.6082377,0.0,0.0,1.0908388,2.2975495,0.0,0.0,0.0,0.7478057,0.0,0.0,0.0,1.0030711,0.65983164,0.0,0.0,0.0,0.0,0.5084999,0.7402377,0.0,0.0,0.0,0.9155506,0.0,0.0,0.0,0.0,0.0,0.0,0.0,0.0,0.0,0.69667244,0.5188118,1.459296
U01118,0.0,0.53938794,0.0,0.0,0.0,0.35097077,0.0,0.0,0.0,1.6739182,1.0042458,0.0,0.0,0.40778768,0.0,0.0,0.5790445,1.0449004,0.0,0.95643437,0.68861663,0.5452967,0.0,0.0,0.65855587,0.0,0.5777992,1.1869929,1.3055233,0.0,0.0,0.21882904,1.1599126,0.0,0.11342287,0.0,1.1396271,0.0,0.0,1.126585,0.0,0.31243032,0.0,0.7516215,0.0,0.0,0.0,0.6231545,1.3655511,0.0,0.0,0.87463236,0.0,0.016173065,0.0,0.0,0.0,0.69919574,0.0,0.013719619,0.3981827,0.43036714,0.0,0.27852464
U01119,0.0,0.0,0.0,0.0,0.33587933,1.418236,0.0,0.0,0.0,0.0,0.96712303,0.0,0.0,0.35226905,0.37169588,0.0,0.0,1.2895492,0.0,1.5485752,0.0,0.40611017,1.6443048,0.10426445,1.2950131,0.0,0.0,0.0,1.0069524,0.0,0.0,1.5808072,1.3036715,0.0,0.0,0.0,0.20769551,0.0,0.0,0.0,1.3864331,1.6531343,0.4349103,0.0,0.55914676,0.23166496,2.2158446,1.8026129,0.0,0.0,0.0,0.0,0.0,0.0,0.13205683,0.0,0.0,0.0,0.0,0.0,0.0,0.10170838,0.0,1.8102794
U01120,0.0,1.0196683,0.0,0.0,0.0,0.51763225,0.0,0.0,0.0,2.8098824,1.2342639,0.0,0.0,0.0,0.0,0.0,0.0,1.2252443,0.0,1.05406,0.7024109,0.2456738,0.0,0.0,0.472937,0.0,0.84077203,1.7921001,1.847661,0.0,0.0,0.2523588,0.9707391,0.0,0.48930785,0.0,1.4964622,0.0,0.0,1.8113545,0.0,0.0,0.0,0.36482242,0.08225584,0.0,0.0,0.0,2.1799588,0.0,0.0,1.4649049,0.0,0.0,0.0,0.0,0.0,0.5640384,0.0,0.0,0.0,0.0,0.0,0.0
U01121,0.0,0.79657,0.0,0.0,0.0,0.4190388,0.0,0.0,0.0,0.0,0.0,0.0,0.0,1.0869284,1.9925035,0.0,0.8301933,0.7912214,0.008428603,0.075229645,1.346133,0.0,0.0,1.6495614,0.0,0.0,1.4180245,0.6153529,0.0,0.0,0.0,0.59601974,0.0,0.0,1.2226632,0.019242048,0.0,0.0,0.8037317,0.94206786,0.26834694,0.65145254,1.9193833,0.9662586,0.34049737,1.3486857,1.6829323,1.6141022,0.22833103,0.0,0.0,0.0,0.0,0.19543102,0.5428548,0.0,0.0,0.9899317,0.0,0.2185022,0.8443652,0.22963507,0.0,0.0
U01122,0.0,0.0,0.0,0.0,0.5904562,1.0511158,0.11162871,0.24067086,0.5641511,0.0,1.3444418,0.0,0.0,0.0,0.0,0.0,0.0,2.3632207,0.21745512,1.6140685,0.0,0.17409678,0.5554977,0.0,1.0410254,0.0,0.0,0.0,0.9937493,0.0,0.0,2.2343845,1.7772006,0.0,0.0,0.0,1.2823209,0.08357933,0.0,0.0,0.85420316,1.1340556,0.43636346,0.0,0.13948035,0.0,2.3147588,2.093022,0.0,0.0,0.0,0.7418027,0.055655792,0.0,1.4895853,0.22113177,0.0,0.0,0.081865534,0.0,0.0,1.8388591,0.86318237,2.087887
U01123,0.0,0.7080529,0.0,0.0,0.0,0.46979406,0.0,0.0,0.0,1.1815116,0.35943624,0.0,0.0,0.5271471,1.0637143,0.0,0.8071232,1.3357877,0.0,0.6256641,1.2281001,0.60014486,0.024095595,0.41837758,0.13523275,0.0,1.4156749,1.2679217,0.6439028,0.0,0.0,0.0,0.82887334,0.0,0.5905974,0.0,0.7325648,0.0,0.42532966,0.5959281,0.0,0.0,0.4213035,1.0812569,0.0,0.045636535,0.15797192,0.14106375,0.6604734,0.0,0.0,0.55808043,0.0,0.0,0.4880705,0.0,0.0,0.097177744,0.0,0.0,0.0,2.0494556,0.0,0.027653158
U01124,0.0,0.58523273,0.0,0.0,0.0,0.41960642,0.0,0.0,0.0,0.23721123,0.27872977,0.0,0.0,0.6509525,1.6182094,0.0,1.9047041,0.5874436,0.0,0.0,0.3170998,0.8061037,1.8082561,1.2137243,0.16914451,0.0,1.3034511,0.44827902,0.0,0.0,0.0,0.0,0.69079125,0.0,0.13275188,0.0,0.0,0.0,2.118386,0.0,0.172456,0.7599691,0.82949615,1.3115759,0.0,0.4515975,1.611914,0.8949257,0.06540942,0.0,0.0,0.25024626,0.0,0.0,2.3156075,0.0,0.0,0.0,0.0,0.0,0.0,3.5534346,0.0,0.5333408
U01125,0.0,0.22372335,0.0,0.0,0.0,0.400862,0.0,0.21133001,0.0,0.0,0.2724977,0.0,0.0,0.0,1.4130279,0.0,0.0,0.39179802,0.0,0.6526501,0.34361124,0.032968372,0.9654593,0.09063827,0.6022755,0.0,0.640216,0.0,0.73059577,0.0,0.0,0.96029854,0.6602101,0.0,0.0,0.0,0.0,0.0,1.7273556,0.0,1.1179643,1.0264441,0.97995317,0.0,0.7496416,0.7791886,1.6845933,1.382136,0.0,0.09025207,0.0,0.0,0.0,0.0,0.093297124,0.0,0.0,0.3074056,0.0,0.0,1.0230384,0.30075583,0.19308987,0.5182518
U01126,0.0,0.67922497,0.0,0.0,0.0,0.27645984,0.0,0.0,0.0,0.9249364,0.10152188,0.0,0.0,1.2302687,1.3481013,0.0,0.66740775,2.015407,0.0,1.4695207,1.3447317,0.041749775,0.19775653,0.50033504,0.23652464,0.0,1.6338892,0.7500983,0.82170075,0.0,0.0,0.0,0.53677934,0.0,0.77797174,0.0,0.0,0.0,0.56961596,0.95779717,0.22946483,0.0,0.5543676,0.7014611,0.54530275,0.93308526,0.51633716,0.2493926,0.46375722,0.0,0.0,0.05327721,0.0,0.0,0.048160434,0.0,0.0,1.0658957,0.0,0.009414847,0.5375875,0.4708094,0.0,0.0
U01127,0.0,1.2871206,0.0,0.0,0.0,0.1215014,0.0,0.0,0.0,1.2702537,0.28855473,0.0,0.0,0.0,1.2515293,0.0,0.73581624,0.14271474,0.0,0.8511319,0.5806154,0.52864355,0.29010415,0.0,0.543067,0.0,1.4490459,0.77771187,0.6544286,0.0,0.0,0.0,1.049058,0.0,0.0,0.0,0.5896657,0.0,1.2756752,0.74239147,0.073034465,0.0,0.21857983,0.79581136,0.0,0.0,0.14919099,0.24628347,0.7840357,0.0,0.0,0.509223,0.0,0.0,0.41372418,0.0,0.0,0.25341082,0.0,0.0,0.0,0.8956394,0.0,0.13070428
U01128,0.29079393,0.3833139,0.020748585,0.39854428,0.0,0.0,0.5532695,0.43728828,0.44099832,0.0,0.0,0.4366393,0.4146762,1.1402773,2.029169,0.25803235,1.4765227,0.0,0.29020464,0.0,1.4435384,0.07155657,1.3084371,0.9799912,0.0,0.32192832,0.53174275,0.25658047,0.0,0.35605854,0.41098484,0.0,0.0,0.42565072,0.9275745,0.37284666,0.0,0.22052816,3.3078845,0.0,0.0,0.0,0.9096173,0.95992297,0.0,0.8758742,1.4139843,0.22835037,0.0,0.4379931,0.3271066,0.0,0.6394789,0.0,2.80056,0.3736977,0.46363518,0.7707078,0.42325097,0.0,0.19834703,0.37227336,0.0,0.0
U01129,0.4215624,1.2199491,0.35580578,0.29946968,0.0,0.0,0.550127,0.31940478,0.47204518,0.62377995,0.0,0.12696528,0.3259182,2.0306668,2.106865,0.45812893,0.0,1.8865035,0.32288685,1.7865913,2.5891688,0.0,0.0,0.45710588,0.0,0.25116503,1.5171034,1.8635447,0.0,0.20405462,0.26121932,0.0,0.0,0.280986,1.6831858,1.3139079,0.0,0.2705316,0.67084324,1.8812269,0.0,0.0,0.106688395,0.20855428,1.3794837,1.0586972,0.0,0.0,1.239486,0.31210878,0.3871274,0.0,0.30696818,0.0,0.0,0.35728884,0.23370117,1.5648077,0.057472736,0.19824171,1.1822926,0.0,0.007960141,0.0
U01130,0.0,0.4017018,0.0,0.0,0.0,0.26966697,0.0,0.0,0.0,1.2071116,0.04676336,0.0,0.0,1.2778264,1.6361337,0.0,0.5380067,1.3242074,0.0,0.93741417,1.7179033,0.24048096,0.0,0.28594178,0.0,0.0,1.8205252,1.1413658,0.19709235,0.0,0.0,0.0,0.0,0.0,1.4200901,0.0,0.052004725,0.0,0.56984544,1.7268745,0.0,0.0,0.2855529,1.0226395,0.77381414,0.62258285,0.19795913,0.0,1.2035292,0.0,0.0,0.0,0.0,0.0,0.0,0.0,0.0,1.0399706,0.0,0.037424233,0.2696964,0.0,0.0,0.0
U01131,0.68502825,1.1150002,0.749523,1.0036689,0.743932,0.0,1.0794365,1.0734456,1.2621955,0.05967629,0.0,1.048282,1.2404027,0.73621553,1.7784394,1.1079978,0.40872884,0.0,0.9147064,0.0,2.2066078,0.0,0.6411547,0.35957706,0.0,1.0555174,2.0113263,0.29858017,0.0,1.0369563,1.0702295,0.0,0.0,0.9243322,0.6965045,0.0,0.0,0.7209364,3.122641,0.632635,0.0,0.0,0.011336535,0.2593164,0.0,0.18120724,0.18814087,0.0,0.22762853,1.0634329,1.0003501,0.0,1.4337531,0.0,2.353345,1.1229554,1.4843163,1.507745,1.2946856,0.0,0.0,0.42762712,0.0,0.0
U01132,0.0,0.70109844,0.0,0.0,0.0,0.8039694,0.0,0.0,0.0,1.150349,0.5370754,0.0,0.0,1.168526,0.46257848,0.0,1.7428199,0.45190048,0.0,0.5960612,1.062341,0.9151702,0.0,0.5245767,0.28864735,0.0,0.49275196,1.3574752,0.7576349,0.0,0.0,0.73146904,0.63372195,0.0,1.221956,0.0,1.191511,0.0,0.0,1.6908689,0.0,0.086194456,0.35466245,1.0084314,1.000333,0.42619407,0.7173175,0.2593051,1.1600145,0.0,0.0,1.1966093,0.0,0.096780956,0.38572323,0.0,0.0,0.8428116,0.0,0.114237115,0.20955718,0.0,0.42400682,0.09446967
U01133,0.0,0.0,0.0,0.0,0.0,1.0906882,0.0,0.0,0.0,0.0,0.0,0.0,0.0,2.201969,1.886134,0.0,1.1357567,0.86208475,0.0,0.0,1.2278941,0.17067449,0.57343596,1.6049136,0.0,0.0,0.0,0.6330338,0.0,0.0,0.0,1.1580918,0.0,0.0,1.3561049,0.0,0.57289124,0.0,0.70036817,0.282593,0.7621442,0.9864632,1.7014613,1.4104254,0.43479323,1.2629616,2.6971874,1.7099013,0.0,0.0,0.0,0.040805854,0.0,0.21920368,1.087746,0.0,0.0,0.17626321,0.0,0.33714592,0.2748948,0.14857054,0.0,0.97360003
U01134,0.0,0.0,0.22016004,0.0,0.0,0.9106518,0.0,0.33712366,0.0,0.0,0.073186696,0.18694466,0.0,0.055534005,0.83459175,0.0,1.6765223,0.05318451,0.0,0.0,0.0,0.0,2.1358147,1.7593473,0.07929546,0.048404872,0.0,0.0,0.0,0.55439246,0.0,1.9882455,0.0,0.0,0.5241135,0.0,0.0,0.0,0.06614221,0.0,2.4612856,1.7678916,1.6974268,0.0,1.5831175,1.6945894,3.5925012,2.376328,0.0,0.13875589,0.0,0.0,0.0,0.5054803,1.0866364,0.0,0.0,0.0,0.0,0.012910217,1.3076216,0.59741855,0.0,0.4032663
U01135,0.0,0.36417043,0.0,0.0,0.0,0.0,0.09627116,0.17062433,0.09995855,0.0,0.0,0.1955007,0.2517513,1.3986926,2.047402,0.0,0.46340448,0.0,0.0,0.0,1.529981,0.0,1.0452042,1.0426897,0.006577015,0.07809758,1.2237027,0.2694521,0.0,0.15706126,0.0,0.0,0.0,0.0,0.9465441,0.14286137,0.0,0.0,2.2592447,0.6278769,0.004144609,0.036923885,1.1085448,0.48973995,0.42803097,1.0205476,1.3501107,0.62824786,0.0,0.0,0.0,0.0,0.20499346,0.0,0.8543893,0.0,0.0,1.2866766,0.01171793,0.03787156,0.67289793,0.0,0.0,0.0
U01136,0.0,0.41346884,0.0,0.0,0.0,0.2785624,0.0,0.0,0.0,0.79765797,0.5173582,0.0,0.0,0.82710254,1.408829,0.0,0.34629446,0.75242317,0.0,1.2080487,1.1815693,0.5358531,0.38148254,0.15176977,0.69050217,0.0,0.47653174,0.3639444,0.7478998,0.0,0.0,0.4174025,0.9054495,0.0,0.49817935,0.0,0.4608197,0.0,1.5025884,0.36599934,0.24292892,0.55214584,0.0,0.05519703,1.2827446,0.38660073,1.048854,0.89338994,0.56177634,0.0,0.0,0.08367597,0.0,0.025694013,0.15281212,0.0,0.0,0.8514435,0.0,0.034971785,0.9574797,0.29178172,0.0,0.33610606
U01137,0.0,1.7338405,0.0,0.0,0.0,0.0,0.0,0.0,0.0,3.7886446,1.3795819,0.0,0.1817758,0.7216022,0.0,0.0,0.0,1.0669396,0.0,1.1155878,0.26063776,0.0,0.0,0.0,0.437348,0.0,1.5750432,1.5669177,1.4550338,0.013023501,0.0,0.0,0.19601297,0.0,0.0,0.0,0.7539948,0.0,0.0,1.692907,0.0,0.0,0.0,0.0,0.0,0.0,0.0,0.0,2.5138226,0.0,0.28436807,1.0082278,0.0,0.0,0.0,0.0,0.0,0.36454636,0.0,0.0,0.0,1.2794431,0.0,0.0
U01138,0.0,0.0,0.0,0.0,0.0,0.60869634,0.0,0.0,0.0,0.0,0.0,0.0,0.0,1.1801715,1.6692798,0.0,0.34236282,0.1888392,0.0,0.0,1.3339757,0.62425685,1.3612771,1.0920948,0.114269614,0.0,0.70255274,0.72216934,0.28230917,0.0,0.0,0.68432295,0.0,0.0,0.9849371,0.0,0.13963051,0.0,2.8734684,0.0,0.4002698,1.0848722,1.0459226,0.36607412,0.35841215,0.6840847,2.1482258,1.0056134,0.0,0.0,0.0,0.0,0.0,0.14586955,1.6354264,0.0,0.0,0.27805042,0.0,0.15184705,0.53589576,0.7951168,0.0,0.7294979
U01139,0.0,0.0,0.0,0.0,0.0,0.884442,0.12926435,0.0,0.0,0.0,0.8287475,0.0,0.0,0.8545512,1.1454349,0.010134876,0.42844093,0.9795668,0.0,0.50795984,0.24040413,0.8916795,1.1305718,1.0894994,0.39987963,0.14762211,0.7667039,0.0,0.0,0.11124728,0.17736171,0.35829735,0.41885242,0.0,0.35243016,0.25809085,0.29663756,0.0,0.76898754,0.36116862,0.28267065,0.6923388,1.0255033,0.0,0.039499402,0.4364515,2.0239015,1.6139699,0.0,0.0,0.0,0.18923,0.0,0.0,0.30759537,0.0,0.0,0.21397102,0.0,0.0,0.6158591,1.8566535,0.06720787,0.42555583
U01140,0.40141797,0.002686739,0.19386609,0.540167,0.32754272,1.0143226,0.43174505,0.0,0.24220067,1.6941931,1.7663054,0.014153611,0.17447713,0.0,0.0,0.23194307,1.2894877,0.0,0.52350044,1.5264274,0.0,1.489723,0.055193424,0.0,1.7488062,0.15579242,0.0,0.0,2.9352417,0.15096846,0.2758371,0.5223317,2.7040045,0.28807363,0.0,0.6755225,1.6634582,0.25672445,0.0,0.22302496,0.2965055,0.0,0.0,0.3113428,0.15977311,0.0,0.0,0.0,0.8935281,0.25356227,0.25327897,1.6966394,0.3189122,0.0,0.0,0.39757,0.24848267,0.0,0.0,0.0,0.0,0.0,1.0246297,0.5709492
U01141,0.3241869,1.5533569,0.21787673,0.1284582,0.0,0.0,0.14371121,0.0,0.0050246045,1.6859605,0.0,0.0,0.07218302,1.7762102,0.79324365,0.35530108,0.0,2.9112477,0.12254515,2.8205352,1.8996592,0.0,0.0,0.0,0.0,0.2226659,1.3910799,2.0492392,0.27689314,0.0,0.16456714,0.0,0.0,0.32083464,1.2970862,1.1968106,0.047801122,0.16522315,0.0,2.1177976,0.0,0.0,0.0,0.0,1.8355229,0.61138093,0.0,0.0,1.7000825,0.13794349,0.1626386,0.0,0.0,0.0,0.0,0.17396569,0.04071465,1.5762873,0.0,0.11398412,1.1494659,0.0,0.6119503,0.0
U01142,0.25547743,0.5062318,0.2809068,0.16401207,0.110775545,0.0,0.36905703,0.32594752,0.6666519,0.16236424,0.0,0.44610405,0.50872165,1.6875783,2.3648534,0.2745722,0.18603718,0.0,0.2770611,0.0,2.0491514,0.0,0.57104856,0.65849066,0.0,0.22518264,1.5586102,1.2632618,0.0,0.15386713,0.49457914,0.0,0.0,0.18913591,1.2188586,0.26127172,0.0,0.15518075,2.2063885,1.1281223,0.0,0.08598593,0.5784116,0.5592806,0.091255665,0.7790589,1.0539871,0.115679115,0.60363847,0.34079817,0.20994864,0.0,0.38246036,0.0,0.5506865,0.17518076,0.32110268,1.2990702,0.43556213,0.0,0.42250633,0.0,0.0,0.0
U01143,0.0,0.07147896,0.0,0.0,0.0,0.88877606,0.0,0.0,0.0,0.45012355,0.9952918,0.0,0.0,2.215229,0.67518914,0.0,0.6880862,1.5447427,0.0,0.82684577,0.35533988,0.95883733,0.89557165,1.000285,0.53547204,0.0,0.39643443,0.49277806,0.4432212,0.0,0.0,0.3178286,0.4127434,0.0,0.20984304,0.0,0.71278214,0.0,0.4948019,0.4584676,0.42986256,0.6442223,0.31491593,0.037354916,1.1778147,0.45429647,1.7837452,1.5109164,0.23435915,0.0,0.0,0.42539003,0.0,0.101748645,0.5380851,0.0,0.0,0.49344438,0.0,0.12211344,0.889342,1.7893215,0.009830952,0.85393524
U01144,0.0,0.19780892,0.0,0.0,0.0,1.4280276,0.0,0.0,0.0,1.3629247,1.3779037,0.0,0.0,0.0,0.0,0.0,0.6399931,0.050743103,0.0,0.9439182,0.0,1.283232,0.42338473,0.0,1.3978738,0.0,0.38912177,0.2474395,1.8235778,0.0,0.0,0.44388115,1.5831453,0.0,0.11859846,0.060014844,1.3778642,0.0,0.0,0.56477666,0.20546368,0.2717867,0.13043025,0.46034703,0.0,0.0,0.19010904,0.23633975,0.68017447,0.0,0.0,1.2947639,0.0,0.0,0.0,0.0,0.0,0.0,0.0,0.0,0.0,1.0231347,0.23526675,0.79840016
U01145,0.0,0.0,0.0,0.0,0.0,0.8613757,0.0,0.0,0.0,0.0,0.8643019,0.0,0.0,0.0,0.12300521,0.0,0.0,1.2316663,0.0,0.66257656,0.0,0.49175596,0.86665696,0.0,0.95089114,0.0,0.0,0.0,1.5429764,0.0,0.0,1.2041702,1.6044898,0.0,0.0,0.0,0.5740819,0.0,1.279691,0.0,0.94422764,1.0790309,1.0498108,0.14706606,0.26989782,0.6289259,1.5801384,1.4437293,0.0,0.0,0.0,0.4321372,0.0,0.0,1.2148973,0.0,0.0,0.0,0.0,0.0,0.200023,0.9688833,0.0,0.92167675
U01146,0.0,1.437536,0.0,0.0,0.0,0.0,0.0,0.0,0.0,0.45556855,0.0,0.0,0.0,0.7582771,3.0342393,0.0,1.6235938,0.0,0.0,0.0,1.5899239,0.61067015,1.3502951,0.4509114,0.0,0.0,1.7840025,1.1382551,0.0,0.0,0.0,0.0,0.25725037,0.0,0.29905212,0.0,0.0,0.0,3.73151,0.0,0.0,0.06400114,0.56136394,2.0574872,0.0,0.0,0.9697629,0.34092712,0.31695807,0.0,0.0,0.0,0.0,0.0,3.086115,0.0,0.0,0.083512425,0.16906703,0.0,0.0,1.8493702,0.0,0.32574904
U01147,0.0,0.0,0.0,0.0,0.0,1.4399704,0.0,0.0,0.0,0.0,8.143857e-05,0.0,0.0,0.6974457,0.7391242,0.0,0.0,0.27835798,0.0,0.0,0.53041935,0.8155346,1.4611118,1.2333405,0.5730761,0.0,0.37825036,0.43340743,0.29069352,0.0,0.0,1.4262252,0.20042592,0.0,0.960611,0.0,0.6461067,0.0,2.5243769,0.0,0.72447497,1.7419784,1.4804496,1.4462667,0.0,0.6477387,1.9610213,0.23007601,0.0,0.0,0.0,0.4717143,0.0,0.18226841,2.5613399,0.0,0.0,0.0,0.0,0.25055757,0.0,1.7274587,0.0,1.626333
U01148,0.90470755,1.2262264,0.7961085,0.9300202,0.22103705,0.0,0.92734146,0.57641864,0.7006276,1.7194091,0.0,0.280899,0.43814945,1.9241667,0.47590953,0.89722204,0.0,2.977594,0.81005883,2.8493323,1.5326508,0.0,0.0,0.0,0.0,0.68567026,1.4602988,1.7397373,0.011953354,0.5832125,0.7122775,0.0,0.0,1.0265851,0.8754717,1.7580938,0.0,0.9156608,0.0,1.7188947,0.0,0.0,0.0,0.0,1.3827047,0.42320508,0.0,0.0,1.4287399,0.7438346,0.6990086,0.0,0.4995405,0.0,0.0,0.8287005,0.68302804,1.2709128,0.27656722,0.0,0.9746833,0.0,0.64338905,0.0
U01149,0.0,1.2205985,0.16934642,0.0,0.71124226,0.0,0.039583266,0.13536003,0.0,1.1573503,0.0,0.42767334,0.35764807,1.044128,1.191222,0.43971425,0.8962543,0.10201669,0.28134042,0.0,2.2052517,0.0,0.0,0.0,0.0,0.123099536,0.9430413,1.5718867,0.0,0.18671744,0.0,0.0,0.0,0.3426203,1.378835,0.0,0.2953287,0.49619052,0.0,2.0493698,0.0,0.0,0.0,0.95073974,0.21965456,0.0,0.0,0.0,1.0158151,0.1613889,0.22740659,0.107480004,0.21309759,0.0,0.0,0.3913102,0.34862074,1.8888931,0.0,0.0,0.32842407,0.0,0.0,0.0
U01150,0.25811487,0.0,0.3111766,0.25429565,0.009419069,0.920869,0.13018662,0.0,0.0,0.0,0.1115056,0.0,0.0,0.04789555,0.29517496,0.0,0.6405167,0.0,0.0,0.0,0.0,0.69896615,2.085507,0.77118325,0.9865707,0.19190256,0.0,0.0,0.11491728,0.24439716,0.056689054,1.0927165,0.5813048,0.0,0.0,0.07648802,0.0,0.0,3.0729766,0.0,1.2233481,1.3416176,1.4824817,0.15822154,0.5647299,1.0793244,2.5123205,1.350869,0.0,0.04578209,0.062094785,0.0,0.060496986,0.0,2.6720967,0.0,0.45172623,0.13757932,0.0,0.0,0.047978938,2.0155919,0.0,0.6866045
U01151,0.0,0.0,0.24666847,0.0,0.0,1.3125397,0.0,0.0,0.0,0.0,0.7078867,0.0,0.0,0.76453406,0.30865067,0.0,2.2772653,0.0,0.0,0.0,0.0,2.0339718,1.5086634,0.6282323,0.97652316,0.0,0.0,0.0,0.76442105,0.054306217,0.0,1.3849058,0.8334447,0.0010867715,0.16614383,0.0051004887,0.58057916,0.0,1.7624111,0.0,0.16993397,1.4049008,0.63465405,0.9869198,1.2274576,0.4996165,1.5500654,1.2583346,0.0,0.0,0.0,0.68341947,0.0,0.0,1.8631834,0.0,0.02534604,0.13031042,0.0,0.0,0.0,0.32879972,0.6187198,0.62261784
U01152,0.0,0.97036076,0.0,0.0,0.0,0.17417079,0.0,0.0,0.0,0.0,0.0,0.0,0.0,1.3127508,2.113959,0.0,1.0235934,0.6541314,0.0,0.22167349,1.5291765,0.0,0.21132296,1.9823887,0.0,0.0,0.8396487,1.6754106,0.0,0.0,0.0,0.14741558,0.0,0.0,1.2778184,0.0,0.0,0.0,0.40483436,0.37848878,0.0,0.9812646,2.4253194,0.94813854,0.19989252,1.6632949,0.7298807,0.92047715,0.87499547,0.0,0.0,0.0,0.0,0.45340696,1.3784295,0.0,0.0,0.26130652,0.0,0.32320988,0.25073433,0.90654373,0.62216127,0.17324948
U01153,0.0,0.0047450066,0.0,0.0,0.0,1.0696162,0.0,0.0,0.0,0.0,0.0,0.0,0.0,0.6436292,2.6764205,0.0,0.17375982,0.0,0.0,0.0,0.6016619,0.6260184,3.4326296,2.0121117,1.0969393,0.0,1.6180743,0.0,0.0,0.0,0.0,0.63969994,0.0,0.0,0.64784265,0.0,0.0,0.0,3.9287322,0.0,0.5967242,1.402657,2.0044506,0.19005765,0.0,0.5594318,3.1267262,1.5843445,0.0,0.0,0.0,0.0,0.0,0.45135227,2.3147326,0.0,0.0,0.11141622,0.0,0.16129176,0.40937084,1.2537662,0.0,1.5287166
U01154,0.0,1.1420734,0.0,0.0,0.0,0.58239007,0.0,0.0,0.0,2.0194938,1.1294392,0.0,0.0,0.3519675,0.0,0.0,0.0,0.3192289,0.0,1.1575422,0.4549886,0.69595003,0.0,0.0,0.97988546,0.0,0.87897414,0.98686826,1.3381386,0.0,0.0,0.0,0.81245136,0.0,0.5237555,0.0,1.0353892,0.0,0.0,1.231502,0.0,0.0,0.0,0.0,0.38438094,0.0,0.0,0.0,1.4639186,0.0,0.0,0.9567677,0.0,0.0,0.0,0.0,0.0,0.44710076,0.0,0.0,0.1856929,0.42752638,0.40726626,0.3927021
U01155,0.0,0.2763095,0.0,0.0,0.0,0.5193529,0.0,0.0,0.0,0.43428588,0.19180349,0.0,0.0,1.0674981,1.1879864,0.0,1.5765841,0.95302904,0.0,0.4739573,0.70490813,0.18951857,0.18936223,1.1685479,0.15777326,0.0,0.33056223,0.37512684,0.0,0.0,0.0,0.6313741,0.03785111,0.0,0.79587424,0.0,0.55444837,0.0,0.6049398,0.6195923,0.15454751,0.63994545,0.9489659,0.985934,0.76726466,1.1805587,1.4049069,0.5938827,0.46264708,0.0,0.0,0.53347397,0.0,0.07761878,1.2478467,0.0,0.0,0.15095282,0.0,0.14414978,0.5269624,1.4957755,0.3370313,0.5197127
U01156,0.0,0.0,0.17725435,0.0,0.34576845,0.89685893,0.0,0.0,0.0,0.0,1.3673457,0.0,0.0,0.0,0.0,0.0,0.0,1.2601025,0.0,0.8472774,0.0,0.019406438,0.884844,0.0,1.4881704,0.0,0.0,0.0,1.7917826,0.40859205,0.0,2.238263,2.367163,0.0,0.0,0.0,0.0,0.23092707,0.28093883,0.0,2.0620148,1.5112027,0.98851323,0.0,0.7203659,0.29764724,3.1880865,2.9196842,0.0,0.0,0.0,0.0,0.0,0.0,1.0343753,0.0,0.0,0.0,0.0,0.0,0.6552686,0.8126602,0.0,1.3683417
U01157,0.0,0.0,0.0,0.0,0.0,1.3040619,0.0,0.0,0.0,0.0,0.0,0.0,0.0,0.5726797,0.9107919,0.0,1.985301,0.0,0.0,0.0,0.0,1.3253613,2.4556992,0.9753631,1.1992483,0.0,0.0,0.0,0.10915351,0.0,0.0,1.3405281,0.17707571,0.0,0.34615093,0.05729091,0.0,0.0,3.1127617,0.0,0.5347786,1.5898099,1.2045019,1.0770895,0.7562828,0.84347546,1.8585476,0.9685514,0.0,0.0,0.0,0.06639934,0.0,0.1389435,2.5566158,0.0,0.0,0.0,0.0,0.0,0.0,0.47238907,0.27034473,1.2048624
U01158,0.0,0.81693757,0.021009892,0.0,0.28279173,0.0,0.0,0.0,0.15238813,0.33086145,0.73856664,0.0,0.0,0.0,0.0,0.0,0.016057372,3.389995,0.0,1.4812104,0.0,0.0,0.0,0.0,0.29729915,0.0,0.04353547,0.0,1.3610519,0.0,0.06893656,0.7941189,1.2166111,0.2851541,0.0,0.0,0.0,0.0008164048,0.0,0.05623293,2.102629,1.0306412,0.1561985,0.0,1.2060748,1.3385408,1.1410569,0.3793871,0.0,0.0,0.0,0.23350543,0.24582352,0.07205823,0.77943313,0.0,0.0,0.0,0.0,0.0,0.6781472,1.8028914,1.7137076,0.0
U01159,0.9856492,0.8560875,0.9358702,1.0298588,0.42070657,0.0,1.1635044,0.74486583,1.0722764,0.43518865,0.0,0.5097506,0.7855198,1.6273444,1.8148766,1.0186396,0.0,1.4914249,0.91414577,1.3137419,2.1583319,0.0,0.0,0.36410987,0.0,0.7497696,1.2719721,1.4191403,0.0,0.75424963,0.742579,0.0,0.0,0.8627423,1.3043883,1.7148948,0.0,0.768865,0.69763136,1.4993664,0.0,0.0,0.021294743,0.06169921,0.97005606,0.9479926,0.0,0.0,0.8996186,0.89493895,0.8676696,0.0,0.86816835,0.0,0.0,0.95845795,0.85936797,1.2998214,0.53942966,0.0,1.0268593,0.0,0.010458887,0.0
U01160,0.0,0.0,0.0,0.0,0.0,0.74574065,0.13522434,0.0,0.09545267,0.0,0.70142114,0.0,0.0,0.71597064,0.0,0.0,0.23549187,1.4245677,0.12456474,0.99970496,0.0,0.56569546,0.9402936,0.33743903,0.5527891,0.0,0.0,0.0,0.43768835,0.030220192,0.0,1.3009459,0.9417796,0.0,0.0,0.0,0.21830097,0.0,0.3127874,0.0,0.8660204,1.3308511,1.050532,0.0,1.063089,0.6943689,2.925716,2.3661356,0.0,0.0,0.0,0.05424702,0.0,0.0,1.3501769,0.07433492,0.0,0.0,0.0,0.0,0.55983204,1.5348884,0.5712572,1.1043222
U01161,0.0,1.5528076,0.0,0.0,0.0,0.0,0.0,0.0,0.0,2.459415,1.3174447,0.0,0.0,0.6808641,0.0,0.0,0.0,2.751627,0.0,0.9496174,0.0,0.0,0.0,0.0,1.1194984,0.0,1.8752987,0.0,1.4517651,0.0,0.0,0.0,0.8679829,0.0,0.0,0.0,0.0,0.0,0.0,0.85011816,0.967382,0.16549635,0.0,0.0,0.45920622,0.0,0.0,0.0,1.2651051,0.0,0.0,0.2227855,0.0,0.21776071,0.0,0.0,0.0,0.2764238,0.0,0.0,1.3016858,3.347866,0.66888434,0.11020243
U01162,0.0,0.8694064,0.0,0.0,0.0,0.47343585,0.0,0.0,0.0,0.1679498,0.0,0.0,0.0,0.5714834,1.441284,0.0,2.1087537,0.0,0.0,0.0,1.2534324,0.69696856,1.6967669,1.0179973,0.43499827,0.0,1.1153839,0.27584362,0.22734296,0.0,0.0,0.11872977,0.2819944,0.0,0.5664878,0.0,0.13846175,0.0,2.2858827,0.50733256,0.0,0.084748834,0.98428535,1.3041346,0.0,0.26953268,1.0312976,0.054223463,0.23779678,0.0,0.0,0.3654074,0.0,0.0,2.4528732,0.0,0.0,0.0,0.0,0.00040758797,0.0,0.7638376,0.0,0.4138012
U01163,0.0,0.0,0.0,0.0,0.0,1.563224,0.0,0.0,0.0,0.7250505,1.8336078,0.0,0.0,0.0,0.07538968,0.0,0.095725834,0.5182375,0.0,1.1282198,0.0,1.2294421,1.3228669,0.094051495,1.5304399,0.0,0.26947355,0.0,1.8418237,0.0,0.0,0.6921115,1.7099149,0.0,0.0,0.0,0.72863233,0.0,0.2777205,0.6381972,0.8996385,0.57132906,0.40626687,0.0,0.10357487,0.012697816,0.9356288,1.059018,0.084588885,0.0,0.0,0.9881271,0.0,0.011352986,0.0,0.0,0.0,0.0,0.0,0.075175285,0.0,1.0587962,0.0,0.65390325
U01164,0.0,0.37207556,0.0,0.0,0.0,0.7454754,0.0,0.0,0.0,0.0,0.2030401,0.0011914913,0.0,1.0029105,1.1558177,0.0,1.3663596,0.0,0.0,0.0,0.544031,1.5823665,2.0172503,0.8322912,0.5994241,0.0,0.43114913,0.0,0.39744323,0.0,0.0,0.553128,0.14289272,0.0,0.45089817,0.0,0.0,0.0,3.163515,0.12591326,0.25939542,0.8857782,0.4859177,0.1265905,1.2136729,0.67283356,1.5213791,0.17065388,0.0,0.07154769,0.0,0.1326695,0.0,0.0,1.9511527,0.0,0.068549454,0.67627734,0.0,0.0,0.0041196942,1.318794,0.0048422813,0.23125863
U01165,0.0,0.9852458,0.0,0.0,0.0,0.7470721,0.0,0.0,0.0,1.1623701,0.8746084,0.0,0.0,0.71818197,0.80474573,0.0,0.0,1.189195,0.0,1.156448,0.5766065,0.69712627,0.6779732,0.5105691,0.7058649,0.0,1.826101,0.27891755,0.9764138,0.0,0.0,0.0,0.7685441,0.0,0.44068038,0.0,0.20999902,0.0,0.98339736,1.1175646,0.31058818,0.17687586,0.56126404,0.0,0.3227576,0.42459357,0.8619076,0.4927915,0.5781817,0.0,0.0,0.30768934,0.0,0.0,0.0,0.0,0.0,0.7649893,0.0,0.12916164,0.41336793,1.4834191,0.0,0.1844436
U01166,0.13580912,0.0,0.0,0.055178523,0.0319124,1.7754803,0.0,0.0,0.0,0.0,1.6427711,0.0,0.0,0.0,0.0,0.0,0.3955866,0.6100335,0.0,1.5104717,0.0,0.96924365,1.3763642,0.0,1.8253789,0.016688168,0.0,0.0,1.8127418,0.0,0.0,1.5242085,1.8807291,0.0,0.0,0.04260969,1.2888082,0.0,0.0,0.0,1.146873,1.159027,0.32513285,0.32934076,0.8614099,0.0,0.9622861,1.599681,0.0,0.0,0.0,0.81898904,0.0,0.0,0.0,0.009699643,0.0,0.0,0.0,0.0,0.0,0.021949701,0.16751051,1.4251449
U01167,0.03526181,0.0,0.0,0.0,0.0,0.60749495,0.0,0.23295258,0.06482347,0.0,0.0,0.0,0.0,1.6144352,1.7211156,0.0032148957,1.3515639,0.0,0.0,0.0,0.8270686,0.67494535,2.0747347,1.242181,0.40037733,0.087539494,0.11288822,0.0,0.0,0.0,0.0,0.5660863,0.0,0.0,0.8466143,0.06472266,0.0,0.0,2.8493054,0.111863494,0.078419,0.7633343,1.002746,0.2665965,0.9963877,0.796789,2.0685434,1.0470606,0.0,0.2477999,0.0,0.0,0.0,0.0044234097,1.5854315,0.0,0.0,0.6550521,0.0,0.0,0.51438713,0.0,0.0,0.55423903
U01168,0.0,0.0,0.02888307,0.0,0.0,0.78576374,0.0,0.0,0.0,0.0,0.3160644,0.0,0.0,0.7364393,1.0866346,0.0,0.091038585,0.45700216,0.0,0.0,0.48758388,0.15858832,1.0122757,1.2957613,0.250893,0.0,0.28011847,0.0,0.0,0.0,0.0,1.4670582,0.17637843,0.0,0.57116824,0.0,0.0,0.0,0.83782744,0.030833364,1.2615898,1.4017677,1.6562549,0.028962791,0.83486664,1.2060156,3.0917468,2.3570971,0.0,0.0,0.0,0.0,0.0,0.005507916,0.59314,0.0,0.0,0.841758,0.0,0.0,1.0185537,0.3752519,0.0,0.71722484
U01169,0.0,2.1431718,0.0,0.0,0.0,0.0,0.0,0.0,0.0,0.9108149,0.0,0.0,0.0,0.63964945,0.8265419,0.0,0.6261203,1.2868701,0.0,0.0,2.2350938,0.0,0.0,1.0697873,0.0,0.0,2.2735906,1.9514886,0.0,0.0,0.21115068,0.0,0.0,0.0,1.532495,0.036248446,0.0,0.0,0.0,1.8956432,0.349872,0.014126122,0.3108092,0.8367635,0.6444292,1.491291,0.034723446,0.0,1.1491535,0.0,0.0,0.0,0.00805968,0.45527253,0.540897,0.0,0.0,1.4412581,0.5095655,0.0,1.7677872,0.53662074,0.76966804,0.0
U01170,0.23657823,0.5363198,0.3066334,0.7735139,0.234392,0.32357654,0.43756676,0.048144236,0.27601147,0.53912044,0.0,0.28878218,0.15851045,0.0,0.21942902,0.35846594,0.98376095,0.0,0.47268787,0.0,0.34550047,1.2220633,0.93745655,0.0,0.0,0.20967174,0.5692442,0.8217028,0.8353867,0.44052267,0.5037409,0.0,0.71137667,0.3101185,0.0,0.2439847,0.05615671,0.38861477,1.7669164,0.43612587,0.0,0.31097704,0.0,0.88520795,0.0,0.0040512085,0.0,0.0,0.37966752,0.6005501,0.3795762,0.4869956,0.58536583,0.0,1.3662778,0.35100505,0.40661702,0.14539945,0.60766006,0.0,0.0,1.8394469,0.4685821,0.0
U01171,0.0,1.3058044,0.0,0.0,0.0,0.10426976,0.0,0.0,0.0,1.5288961,0.40998378,0.0,0.0,1.348658,1.2590667,0.0,0.99015003,0.62256515,0.0,0.77891254,1.4221137,0.42753062,0.035268188,0.3131486,0.30935842,0.0,1.5875412,1.1123731,0.5105524,0.0,0.0,0.0,0.43480736,0.0,0.53893185,0.0,0.6936436,0.0,1.1032332,1.2645359,0.0,0.0,0.0,0.5970829,0.66011906,0.29946697,0.0,0.006937459,1.1722596,0.0,0.0,0.38342136,0.0,0.015221775,0.35869586,0.0,0.0,1.1120975,0.0,0.0,0.74679273,0.69731045,0.0,0.0
U01172,0.0,0.0,0.0,0.032423496,0.0,1.6426158,0.0,0.0,0.0,0.6145863,1.408238,0.0,0.0,0.0,0.4141931,0.0,0.9312037,0.0,0.0,1.1262782,0.0,1.6477861,1.3716736,0.0,1.5806351,0.0,0.0,0.0,1.4589051,0.0,0.0,0.7446717,1.477737,0.0,0.0,0.0,1.1477635,0.0,0.4215956,0.49424708,0.37654728,0.6493909,0.0,0.11068718,0.34846783,0.0,1.0510299,0.9877434,0.16272187,0.0019823909,0.0,0.92395854,0.0,0.0,0.0,0.0,0.0,0.0,0.0,0.0,0.0,0.1269713,0.11745459,0.75908613
U01173,0.034421563,0.5917201,0.346077,0.5692451,0.21828125,0.0,0.42732328,0.41666043,0.380818,0.7259857,0.0,0.4755937,0.44225425,0.077498674,0.7922861,0.5668517,0.5971556,0.0,0.16420326,0.0,0.5430616,1.1428779,1.349617,0.2447522,0.0,0.1984606,1.4562813,0.7677805,0.0,0.32223243,0.80503017,0.0,0.0,0.56440735,0.15595287,0.0,0.0,0.35495192,2.957432,0.1324606,0.0,0.19504166,0.0,0.6811985,0.0,0.0,0.0,0.0,0.5060353,0.7117205,0.20211887,0.053037964,0.65257126,0.0,2.4272041,0.1570437,0.30516177,0.0,0.97908455,0.0,0.0,3.4659235,0.0,0.0
U01174,0.0,0.59274495,0.0,0.0,0.0,0.0,0.0,0.0,0.0,0.0,0.02270554,0.0,0.0,0.0,0.23844028,0.0,0.5494657,0.83289635,0.0,0.0,0.0,0.0,1.8099065,0.42910033,0.4754479,0.0,1.4182674,0.0,0.5254662,0.0,0.0,0.70835817,0.9869558,0.0,0.0,0.0,0.0,0.017665714,2.068466,0.0,1.8290739,1.0101697,1.3734484,0.0,0.0,1.3700722,2.281148,0.7807437,0.0,0.0,0.0,0.0,0.0,0.0,1.8051053,0.0,0.0,0.0,0.0,0.0,0.32855478,1.6434404,0.0,0.20271611
U01175,0.0,0.0,0.0,0.06007135,0.0,0.5134443,0.0,0.24230054,0.0,0.0,0.5657172,0.0,0.0,0.5080123,1.2381709,0.06647235,0.90584624,0.0,0.0,0.52239966,0.0,0.13156302,2.0027025,0.51452017,1.1765832,0.0,0.0,0.0,0.19116926,0.0,0.0,0.8801985,0.89412886,0.0,0.0,0.0,0.0,0.0,1.462552,0.0,0.95081025,0.8282589,0.49665973,0.0,1.3859322,0.49089712,1.8402182,1.6653963,0.0,0.0,0.0,0.0,0.0,0.0,0.8725966,0.0,0.0,0.18289721,0.0,0.0,0.9292751,0.38905036,0.0,0.9351815
U01176,0.0,1.7517581,0.0,0.0,0.0,0.0,0.0,0.0,0.0,0.7662068,0.0,0.0,0.0,1.4478072,1.9086895,0.0,1.2960498,0.11963391,0.0,0.0,2.195127,0.0,0.0,1.2218244,0.0,0.0,1.6126498,2.0404005,0.0,0.0,0.0,0.0,0.0,0.0,1.4923644,0.0,0.35815656,0.0,0.45419246,1.3966086,0.0,0.0,1.0933249,1.8236904,0.059523225,0.47395307,0.5680993,0.5372267,1.3509771,0.0,0.0,0.06506737,0.0,0.19710281,0.9862505,0.0,0.0,1.5678027,0.0,0.1929249,0.6913288,0.20303029,0.0,0.0
U01177,0.0,1.3744876,0.0,0.0,0.0,0.1447447,0.0,0.0,0.0,1.7570604,0.81222105,0.0,0.0,0.43696368,0.64023155,0.0,0.27606744,0.3162892,0.0,0.8449683,0.8864973,0.8766496,0.45997602,0.0,0.9783492,0.0,1.3380315,0.86349624,1.3289485,0.0,0.0,0.0,1.1289991,0.0,0.13546723,0.0,0.42659235,0.0,1.0744523,1.0189592,0.0,0.0,0.0,0.0,0.616599,0.0,0.0,0.0,1.0170959,0.0,0.0,0.5467684,0.0,0.0,0.50542665,0.0,0.0,0.94862384,0.0,0.0,0.37258357,0.5876014,0.0,0.26416743
U01178,0.057183087,0.0,0.20470655,0.21307442,0.60644126,1.7547991,0.19512528,0.0,0.3466981,0.0,2.8824463,0.0,0.0,0.0,0.0,0.0,0.0,0.0,0.13148034,0.1250794,0.0,1.4783766,2.1943755,0.0,2.9884236,0.0,0.0,0.0,3.41187,0.35396403,0.31997985,2.2913353,3.4690416,0.0,0.0,0.0,0.31403235,0.065404564,0.181389,0.0,2.0251431,2.200438,0.0,0.0,0.5180844,0.0,0.744262,1.7343206,0.0,0.12464243,0.0,0.84455216,0.12958267,0.0,0.590683,0.058380365,0.45877686,0.0,0.25235885,0.0,0.0,0.0,0.30114564,2.3396595
U01179,0.0,0.56887645,0.0,0.0,0.0,0.3438369,0.0,0.060249314,0.0,0.2017293,0.0,0.0,0.0,0.72748727,1.325207,0.0,1.2845607,0.40547085,0.0,0.0,1.0211763,1.0037515,1.5234313,0.66531694,0.21498322,0.0,1.4366927,0.37372136,0.470375,0.0,0.0,0.0,0.34138674,0.0,0.4755535,0.0,0.0,0.0,2.9666107,0.48344076,0.17092136,0.39627415,0.7760682,0.7269635,0.41722023,0.8640795,0.93052125,0.0,0.18712926,0.0,0.0,0.0,0.0,0.0,1.8849989,0.0,0.0,0.74532396,0.0,0.0,0.0,2.411238,0.0,0.0
U01180,0.008882821,0.0,0.37319446,0.01320833,0.0,1.3517169,0.19703138,0.0,0.21505025,0.0,1.1664407,0.14575711,0.0,0.0,0.0,0.0,2.0184042,0.0,0.21617487,0.108878374,0.0,1.9853718,1.4220495,0.0,1.6817079,0.01857701,0.0,0.0,1.9534063,0.0087722195,0.22338882,1.7321694,2.0164824,0.014420271,0.0,0.09714317,0.9075228,0.1496385,1.6760781,0.0,0.27439785,1.4596779,0.04003632,0.59340787,0.2773775,0.0,0.65028054,1.2997586,0.0,0.11142832,0.12816554,1.2130644,0.04425524,0.0,2.454564,0.0,0.15881434,0.0,0.0,0.0,0.0,0.2646035,1.2808249,1.1995552
U01181,0.0,0.0,0.0,0.0,0.2073441,0.3815479,0.10635394,0.0,0.0,0.2572328,0.9077749,0.05489958,0.0,0.0,0.0,0.0,0.3048522,0.19866109,0.0,0.19831371,0.0,1.1993141,1.208461,0.0,1.1640072,0.0,0.0,0.0,1.9675254,0.0,0.0,0.70229113,1.9912337,0.0,0.0,0.0,0.049430817,0.003720969,1.8478892,0.0,0.75749785,1.009665,0.0,0.0,0.488737,0.0,0.43165678,0.0,0.0,0.0,0.0,0.5385659,0.0,0.0,1.2628564,0.0,0.09745303,0.0,0.0,0.0,0.0,0.49042293,0.0,0.6015301
U01182,0.0,0.20925903,0.0,0.0,0.0,0.82042706,0.0,0.0,0.0,0.0,0.0,0.0,0.0,1.5261501,2.279551,0.0,1.8347152,0.0014371872,0.0,0.010476828,1.6356121,0.66685843,0.6052653,1.1213791,0.3535213,0.0,0.5816192,0.9190039,0.0,0.0,0.0,0.6446421,0.0,0.0,1.6564822,0.0,0.5912709,0.0,1.3081127,0.60516334,0.20958063,0.8286507,1.0278847,1.6317532,0.8706107,1.0539947,1.3571196,0.80574656,0.43242937,0.0,0.0,0.32591602,0.0,0.41034934,0.82398546,0.0,0.0,0.50505215,0.0,0.29257625,0.2015506,0.0,0.0,0.65630376
U01183,0.5206183,0.0,1.1764922,0.6547217,0.62877434,1.9914962,0.8145911,0.0,0.66509044,0.0,1.9007502,0.47857457,0.0,0.0,0.0,0.26820195,3.6939611,0.0,0.9798801,0.17604542,0.0,2.9983225,1.8554978,0.0,2.43782,0.5556975,0.0,0.0,3.775998,0.69727695,0.6246457,2.504552,3.7485867,0.24318498,0.0,0.3717255,1.6537232,0.9550065,0.0,0.0,0.31200773,1.996136,0.0,1.4658873,0.16251981,0.0,0.0,0.55963516,0.0,0.8946421,0.5628427,2.6214097,0.5112006,0.0,2.0843315,0.37866965,0.7068596,0.0,0.0,0.0,0.0,0.0,2.7285013,1.6670339
U01184,0.0,0.9258414,0.0,0.053183854,0.0,0.0,0.3576877,0.0,0.06702073,0.32863152,0.0,0.0,0.0,0.0,0.0,0.0,2.0139115,2.297085,0.0,1.4093481,0.2507677,0.0,0.0,0.8636933,0.0,0.0,0.65310603,0.8713664,0.76438,0.3066811,0.26645738,0.08573437,0.34699976,0.0,0.0,0.0,0.0,0.0637092,0.031871274,0.7343235,1.0482416,0.28925854,1.2708806,0.08606778,0.0016720295,0.9647127,0.4100052,0.8511256,0.17833674,0.0,0.0,0.30956742,0.019515604,0.0,1.5315002,0.0,0.0,0.34347332,0.0,0.0,0.0,2.735639,0.8100003,0.0
U01185,0.0,0.33142018,0.0,0.0,0.0,0.89698863,0.0,0.0,0.0,0.5960399,1.2348741,0.0,0.0,0.11625278,1.5011305,0.0,1.497947,0.0,0.0,0.0,0.07913518,1.2863102,2.0893452,0.7165897,1.0253311,0.0,1.2594004,0.5437895,0.13731277,0.0,0.0,0.0,0.8007189,0.0,0.01227355,0.0,0.46505025,0.0,1.5940795,0.52614534,0.0,0.0,0.31612307,1.2264254,0.0,0.0,0.20118994,0.2306203,0.444995,0.0,0.0,0.74034953,0.0,0.0,1.0293692,0.0,0.0,0.0,0.0,0.0,0.0,2.5813324,0.0,0.30137467
U01186,0.0,1.6277108,0.0,0.05598128,0.0,0.0,0.0,0.0,0.0,0.15123403,0.0,0.0,0.0,0.0,1.0594217,0.0,2.7803779,1.8757961,0.0,2.8220758,0.6404529,0.0,0.0,0.94017875,0.0,0.0,0.0,1.9331629,0.0,0.0,0.0,0.37912226,0.06926216,0.0,0.44029778,0.0,0.49984947,0.0,0.0,0.0,0.0,0.11598456,1.6058072,0.43788132,0.0,0.19769025,0.0,0.024536699,0.6843104,0.0,0.0,0.67070293,0.0,0.40441892,1.7319392,0.0,0.0,0.0,0.23279575,0.0,0.0,1.175793,2.1626787,0.0
U01187,0.0,0.24063158,0.0,0.0,0.0,0.76304626,0.0,0.0,0.0,0.0,0.23484659,0.0,0.0,0.9939774,0.83084506,0.0,1.8029505,0.0,0.0,0.0,0.63404405,1.3832607,1.3863904,0.6268734,0.8113301,0.0,0.0,0.17014694,0.6212944,0.0,0.0,0.7258346,0.4948827,0.0,0.427451,0.0,0.2812957,0.0,2.4101853,0.58214366,0.42058444,0.9197811,0.5853847,0.5470265,1.8554976,0.8978231,1.5467088,1.0729035,0.068694115,0.0,0.0,0.21534002,0.0,0.13720694,1.6332937,0.0,0.0,0.8856305,0.0,0.082758226,0.5359156,0.01941904,0.32563487,0.42977858
U01188,0.0,0.0,0.0,0.0,0.0,1.7294228,0.0,0.0,0.0,0.0,0.3841002,0.0,0.0,0.6484454,0.1878277,0.0,1.9066856,0.0,0.0,0.0,0.0,1.7316186,1.7012541,0.59250563,1.3020297,0.0,0.0,0.0,0.40779334,0.0,0.0,1.8751452,1.0428743,0.0,0.32426596,0.0,0.9742546,0.0,1.7892207,0.0,0.76049894,1.8115437,1.0917082,1.5036647,0.73107177,0.7097745,1.6579369,1.4236829,0.0,0.0,0.0,0.6280689,0.0,0.13251153,2.46445,0.0,0.0,0.0,0.0,0.0,0.0,0.778818,0.36671358,1.6122186
U01189,0.0,0.22783506,0.0,0.0,0.0,0.5775682,0.0,0.0,0.0,0.0,1.0086608,0.0,0.0,0.0,0.0,0.0,0.43354416,0.9854368,0.0,0.1722076,0.0,0.35341674,1.1845105,0.057791665,1.3116964,0.0,0.29917455,0.0,1.4410033,0.0,0.0,1.0239359,1.6822892,0.0,0.0,0.0,0.0,0.0,1.4386979,0.0,1.2989278,0.9660758,1.0710508,0.0,0.25642753,0.7719406,1.981922,1.7223326,0.0,0.0,0.0,0.24357095,0.0,0.0,1.5764927,0.0,0.0,0.06254363,0.0,0.0,0.61236775,1.4759973,0.26644927,0.5514177
U01190,0.0,0.0,0.0,0.0,0.0,1.1541538,0.0,0.0,0.0,1.6997204,1.6030265,0.0,0.0,0.0,0.0,0.0,0.25613242,0.80772877,0.0,1.1922617,0.0,1.0970447,0.0,0.0,1.2028252,0.0,0.0,0.46609652,2.0893779,0.0,0.0,0.8202765,1.5305823,0.0,0.0,0.00069999695,1.6434901,0.0,0.0,0.850371,0.16417328,0.24040723,0.0,0.20530167,0.0,0.0,0.0,0.2102477,0.9937335,0.0,0.0,1.4608183,0.0,0.0,0.0,0.0,0.0,0.0,0.0,0.0,0.0,0.01781299,0.13212883,0.6199529
U01191,0.47565457,0.27599835,0.8628199,0.89816463,0.4634903,0.0,0.7609311,0.6599224,0.87101287,0.0,0.0,0.7630191,0.44091982,0.21682286,0.7321632,0.68276054,0.9527567,0.0,0.7648787,0.0,0.0,0.0,1.5787208,1.0077076,0.0,0.8651595,0.8510462,0.0,0.0,0.8116544,0.45099306,0.22677714,0.0,0.7141915,0.0,0.49365187,0.0,0.82370055,1.4282992,0.0,0.963553,0.9456663,0.7390409,0.0,0.42897058,1.1123405,2.227621,1.2960292,0.0,0.97686553,0.61132395,0.0,0.8808589,0.0,1.7589217,0.6217073,0.39889994,0.27176082,0.483218,0.0,0.9577744,2.699443,0.5551847,0.0
U01192,0.0,1.4717616,0.0,0.0,0.0,0.0,0.19927108,0.31394777,0.3007388,0.0,0.0,0.3415892,0.6685656,1.0178225,2.6005473,0.0,0.0,0.0,0.0,0.0,2.4224112,0.0,0.97596973,0.5826491,0.0,0.0,2.535901,0.42098594,0.0,0.0,0.12448431,0.0,0.0,0.0,0.9647808,0.0,0.0,0.0,4.27298,1.006426,0.0,0.0,0.6773505,0.0,0.0,0.6529025,0.4814304,0.0,0.16102493,0.19278224,0.23212782,0.0,0.28720936,0.0,1.6313504,0.0,0.0,2.063592,0.5704522,0.0,0.9194171,0.0,0.0,0.0
U01193,0.0,0.85201013,0.0,0.0,0.0,0.29170424,0.0,0.0,0.0,1.4746526,0.4625124,0.0,0.0,1.5755582,0.15977919,0.0,0.43120378,1.9067178,0.0,1.6224629,1.0095794,0.36200157,0.0,0.0782368,0.0,0.0,0.60997695,1.4491618,0.6952275,0.0,0.0,0.14008117,0.3116566,0.0,1.1045958,0.0,0.82445157,0.0,0.0,1.5180345,0.0,0.0,0.0,0.14257729,0.83851814,0.26808637,0.19296831,0.0,1.2114922,0.0,0.0,0.8328146,0.0,0.0,0.0,0.0,0.0,0.7367434,0.0,0.0,0.39619523,0.23172949,0.17019296,0.0
U01194,0.0,0.0,0.0,0.0,0.0,1.393266,0.0,0.0,0.0,0.47860968,1.3189043,0.0,0.0,0.0,0.0,0.0,0.0,0.37894058,0.0,0.0,0.0,0.21307181,0.7719143,0.0,1.3657193,0.0,0.17833602,0.0,2.0512176,0.0,0.0,1.6459727,1.7638327,0.0,0.0,0.0,1.2984382,0.0,1.0084101,0.0,1.0992725,1.5802808,1.1680536,0.5467088,0.0,0.21657604,1.6284171,1.1422193,0.0,0.0,0.0,1.3861898,0.0,0.28272513,2.1948738,0.0,0.0,0.0,0.0,0.18160634,0.0,0.95538425,0.23553947,1.4992673
U01195,0.06496751,0.0,0.035905823,0.0,0.14041175,0.042470157,0.18444115,0.14542964,0.034597002,0.0,0.43824148,0.0,0.0,0.0,0.3219176,0.0,0.0,1.2046812,0.0,0.8476305,0.0,0.0,1.4774761,0.0,0.9248949,0.0,0.342857,0.0,1.1446064,0.040655565,0.0,0.8750646,1.6047506,0.0,0.0,0.0,0.0,0.10067317,1.1445241,0.0,1.8814266,0.6216469,0.9185871,0.0,0.9431474,1.0785444,1.6485399,1.19854,0.0,0.0,0.0,0.0,0.0111011565,0.0,0.7965461,0.15279883,0.0,0.087687016,0.0,0.0,0.791651,0.9523605,0.0,0.39775074
U01196,0.0,0.0,0.0,0.0,0.0,1.615747,0.0,0.0,0.0,1.3549412,3.0031242,0.0,0.0,0.0,0.0,0.0,0.0,0.9452001,0.0,0.89867806,0.0,1.3578634,0.25189763,0.0,2.3887994,0.0,0.0,0.0,2.410329,0.0,0.0,1.0029883,2.4094746,0.0,0.0,0.0,1.6109174,0.0,0.0,0.0,0.45418757,0.7565253,0.0,0.0,0.0,0.0,0.14956135,1.3840488,0.1341821,0.0,0.0,1.7720058,0.0,0.0,0.052234292,0.0,0.0,0.0,0.0,0.0,0.0,1.4104978,0.8192439,2.2711594
U01197,0.08446193,1.6000036,0.01589942,0.19144228,0.37604642,0.0,0.0,0.2234268,0.5453817,1.4112741,0.0,0.17458501,0.2872088,2.1605575,1.8130814,0.1422478,0.0,0.79581916,0.0,0.007422209,2.7891636,0.0,0.0,0.44996607,0.0,0.0,2.2221332,2.063267,0.0,0.0,0.0,0.0,0.0,0.0,1.4423501,0.28136772,0.0,0.0,0.8195627,1.4049666,0.0,0.0,0.0,0.7032681,0.0,0.024764061,0.0,0.0,1.3135577,0.5123236,0.09628896,0.0,0.3503881,0.0,0.15454924,0.0072803497,0.16725883,1.7766267,0.33304894,0.0,0.8575761,0.0,0.0,0.0
U01198,0.0,0.0,0.0,0.0,0.0,0.83399546,0.0,0.0,0.0,0.0,0.0,0.0,0.0,1.5319664,1.6025176,0.0,1.9172195,0.0,0.0,0.0,0.47180843,0.7377231,2.31936,1.588699,0.83190846,0.0,0.0,0.0,0.0,0.030352272,0.0,0.7848009,0.0,0.0,0.738678,0.0,0.0,0.0,3.300446,0.0,0.45262188,0.83014405,1.4552732,1.1977658,0.5780848,1.1556053,2.3552823,1.3142501,0.0,0.0,0.0,0.0,0.017755494,0.26960066,2.855986,0.0,0.0,0.5783772,0.0,0.0,0.09723067,0.17775665,0.0,0.6934316
U01199,0.0,0.0,0.0,0.0,0.0,1.1106114,0.0,0.0,0.0,0.0,0.46671274,0.0,0.0,0.0,0.8759183,0.0,0.12470722,0.27262783,0.0,0.0,0.0,0.0,1.7166972,1.1975513,0.86989427,0.0,0.2907387,0.0,0.1961447,0.0,0.0,1.5389762,0.64955974,0.0,0.0,0.0,0.0,0.0,1.0547365,0.0,1.7657075,1.6416605,2.0631819,0.11095597,0.0,1.4061116,2.7697797,1.9473861,0.0,0.0,0.0,0.00808965,0.0,0.21842006,1.5843698,0.0,0.0,0.0,0.0,0.0,0.61683786,2.1646717,0.009907126,1.1828878
U01200,0.0,0.91923445,0.0,0.0,0.0,0.058255523,0.0,0.0,0.0,1.8772941,1.2584773,0.0,0.0,0.0,0.0,0.0,0.0,1.1759944,0.0,1.051494,0.22544539,0.20910624,0.0,0.0,1.3000404,0.0,0.38643885,0.0,1.993759,0.0,0.0,0.0,1.4287993,0.0,0.0,0.0,0.19892634,0.0,0.0,0.7907671,0.45193648,0.0,0.0,0.0,0.8879889,0.0,0.0,0.038231343,0.80930644,0.0,0.0,0.55687535,0.0,0.0,0.0,0.0,0.0,0.9027029,0.0,0.0,0.70522785,0.7902119,0.12722206,0.25111175
U01201,0.26610473,0.0,0.21894349,0.0,0.8742596,1.3641021,0.16416663,0.17826049,0.560719,0.0,1.4102716,0.039500367,0.0,0.0,0.0,0.0,0.0,0.50325525,0.27057648,1.0400977,0.0,0.33093002,2.1081636,0.0,1.8462739,0.16181228,0.0,0.0,1.7325537,0.45139372,0.16562906,2.198642,1.9465133,0.22091827,0.0,0.0,0.0,0.36931986,0.42061642,0.0,1.7559905,1.9207015,0.12869109,0.0,0.8408773,0.0,2.859149,2.3049636,0.0,0.023540735,0.13543904,0.0,0.08593709,0.0,0.67866695,0.43420938,0.052895606,0.0,0.31926107,0.0,0.2669133,0.0,0.008209348,1.8711722
U01202,0.0,2.5389366,0.0,0.0,0.0,0.0,0.0,0.0,0.0,2.8336163,0.80711293,0.0,0.2786386,0.04911101,0.0,0.0,0.0,1.178514,0.0,0.7401663,1.1452835,0.0,0.0,0.0,0.701944,0.0,1.6596899,1.3039713,1.2975544,0.0,0.0,0.0,0.57473034,0.0,0.27460945,0.0,0.6648991,0.0,0.0,1.5864358,0.0,0.0,0.0,0.0,0.25276065,0.0,0.0,0.0,1.8625487,0.0,0.0,0.862733,0.0,0.0,0.0,0.0,0.0,1.4996631,0.0,0.0,0.17627722,0.0,0.0,0.0
U01203,0.1764161,1.0423706,0.11890194,0.0,0.0,0.0,0.0,0.0022388399,0.009486958,1.432056,0.13222477,0.041600905,0.28784037,1.1673611,0.99507517,0.0,0.0,1.6162481,0.042607993,1.7537378,1.4414744,0.14052889,0.0,0.0,0.0,0.0,1.730236,1.2137828,0.21692944,0.0,0.0,0.0,0.0,0.0,1.2875375,0.17861772,0.3621485,0.30769086,0.0,2.1448562,0.0,0.0,0.27166742,0.0,0.9477058,0.2610588,0.028959751,0.0,1.4041408,0.0,0.030166436,0.0,0.0,0.0,0.0,0.0,0.0,1.4488083,0.0,0.0,0.41169527,0.0,0.0,0.0
U01204,0.8149347,0.0,0.97271264,1.2051803,0.6282389,1.4752862,1.3570061,0.0,1.0466523,1.9214866,3.0493777,0.6921344,0.65775836,0.0,0.0,0.8055517,3.1195002,0.0,1.2085917,0.6617502,0.0,2.2967846,0.53670746,0.0,3.0464823,0.97036934,0.0,0.0,4.692962,0.8409827,1.0433679,0.71249974,4.607216,0.7944805,0.0,0.9720018,2.318921,0.87258506,0.0,0.0,0.0,0.0,0.0,0.5615513,0.0,0.0,0.0,0.0,0.5250121,0.9158951,0.8251878,3.276008,1.1819617,0.0,0.114130616,0.8883732,1.1069136,0.0,0.45738363,0.0,0.0,0.0,1.8250177,0.82984686
U01205,0.03496933,0.849941,0.0,0.0,0.0,0.44133356,0.0,0.0,0.0,0.76630646,0.22045538,0.18064815,0.0,0.0,0.15573329,0.0,2.068491,0.0,0.0,0.31020355,0.46171606,0.8245443,0.43487495,0.0,0.7780477,0.0,0.0,0.3317907,1.0805656,0.0,0.0,0.5049175,0.87994397,0.0,0.3242761,0.0,0.5580721,0.0,0.89124954,1.1767008,0.0,0.0,0.0,0.60949695,0.93987644,0.12636805,0.59110963,0.34257525,0.6043182,0.10214643,0.0,0.773314,0.0,0.0,1.3342179,0.13196531,0.0,0.5811156,0.0,0.0,0.0,0.0,0.30794492,0.0
U01206,0.0,0.48076254,0.0,0.0,0.0,0.9795191,0.0,0.0,0.0,0.93119377,0.7206768,0.0,0.0,0.0,0.41082215,0.0,2.4102883,0.0,0.0,0.8085787,0.17231202,1.4792459,1.2006176,0.0,1.3053328,0.0,0.19981778,0.6378626,1.6462286,0.0,0.0,0.3735162,1.4325913,0.0,0.52049655,0.0,0.915964,0.0,0.737537,0.812431,0.0,0.21370119,0.0,1.171726,0.63383657,0.24452913,0.0,0.0,0.6981299,0.0,0.0,1.1712457,0.0,0.07379696,0.48173356,0.0,0.0,0.0,0.0,0.075866945,0.0,0.0,0.32588086,0.2442441
U01207,0.0,0.0,0.0,0.0,0.0,1.520933,0.0,0.0,0.0,0.0,0.0,0.0,0.0,1.9399505,1.1375419,0.0,0.0,0.0,0.0,0.0,1.1793382,0.0,0.92762214,2.429201,0.0,0.0,0.0,0.020730972,0.0,0.0,0.0,2.1945121,0.0,0.0,1.3592244,0.0,0.29256082,0.0,1.9812593,0.0,1.1079564,2.095174,2.4029012,0.86295956,0.0,0.797012,4.5821133,2.6526763,0.0,0.0,0.0,0.0,0.0,0.31515875,3.211944,0.0,0.0,0.0,0.0,0.14895304,0.2356658,0.0,0.0,1.7767208
U01208,0.0,0.0,0.0,0.0,0.31445372,1.3880194,0.0,0.0,0.0,0.007373452,1.4615821,0.0,0.0,0.0,0.0,0.0,0.0,0.59347343,0.0,0.8323989,0.0,1.0554985,1.6996446,0.0,1.9547086,0.0,0.0,0.0,2.0189824,0.0,0.0,1.1807399,2.0624998,0.0,0.0,0.0,0.6002357,0.0,0.77979743,0.0,0.8975014,0.90068734,0.0,0.0,0.0,0.0,1.5262408,1.3554817,0.0,0.0,0.0,0.40560138,0.0,0.0,0.8229779,0.09898597,0.0,0.0,0.0,0.0,0.0,1.0362049,0.34400535,1.7581987
U01209,0.46616665,1.384125,0.36486027,0.3266244,0.0,0.0,0.5044774,0.27903098,0.3128118,1.2394881,0.0,0.058397606,0.21710889,1.8158531,1.4073913,0.4744423,0.0,2.4328437,0.31452262,2.3954182,2.1339421,0.0,0.0,0.10182503,0.0,0.34037364,1.441874,1.948495,0.0,0.10530509,0.30249462,0.0,0.0,0.41948783,1.4415531,1.3405181,0.0,0.3225574,0.00793655,1.9741619,0.0,0.0,0.0,0.0,1.5306323,0.7876153,0.0,0.0,1.4887996,0.35084206,0.35657758,0.0,0.16511764,0.0,0.0,0.4198364,0.19138786,1.4887059,0.003115937,0.13931204,1.1763773,0.0,0.27748844,0.0
U01210,0.0,0.0,0.0,0.0,0.0,1.5563568,0.0,0.0,0.0,0.0,0.7165271,0.0,0.0,0.79277307,1.0689747,0.0,1.9627621,0.0,0.0,0.0,0.0,1.6750708,2.1235228,0.82644457,1.0652812,0.0,0.0,0.12920833,0.5467424,0.0,0.0,0.69357204,0.67032903,0.0,0.31571072,0.30026513,0.6765429,0.0,2.2096937,0.0,0.0,1.227561,0.7451706,1.2977507,0.35516953,0.3865313,1.0384071,0.95472395,0.0,0.0,0.0,0.7015873,0.0,0.19088253,1.6522998,0.0,0.0,0.0,0.0,0.01238146,0.0,1.1025751,0.3877462,0.9194536
U01211,0.0,0.0,0.0,0.08407664,0.09577973,1.2319882,0.0,0.0,0.0,1.3426551,1.9921159,0.0,0.32327813,0.0,0.0,0.0,0.0,0.5542532,0.0,1.1708844,0.0,1.1283364,0.31696647,0.0,1.9649484,0.0013248622,0.0,0.0,2.9222546,0.07929684,0.0011885166,0.8838235,2.5635006,0.0,0.0,0.0,1.0730833,0.11167371,0.0,0.0,0.83859223,0.5237642,0.0,0.0,0.0,0.0,0.0,0.11424932,0.2730465,0.0,0.0,1.2249764,0.062256664,0.0,0.0,0.045638263,0.0,0.0,0.0685948,0.0,0.0,0.0,0.25152528,0.99619067
U01212,0.0,0.82707256,0.0,0.0,0.054152578,0.5418025,0.0,0.0,0.0,2.1878242,1.0946096,0.0,0.0,0.58544147,0.0,0.0,0.0,1.4291047,0.0,1.5967493,0.50894177,0.4682933,0.0,0.0,0.41949737,0.0,0.24208236,0.8266642,1.8037729,0.0,0.0,0.13688779,1.084323,0.0,0.27996123,0.0,1.088547,0.0,0.0,1.350436,0.0,0.0,0.0,0.0,0.59610957,0.0,0.0,0.0,1.3344959,0.0,0.0,1.2067925,0.0,0.0,0.0,0.0,0.0,0.6086849,0.0,0.0,0.0,0.0,0.33104527,0.18876827
U01213,0.0,1.2142488,0.0,0.0,0.0,0.5843421,0.0,0.0,0.0,1.2829539,0.5354947,0.0,0.0,0.94046974,0.71677506,0.0,1.2275618,0.40609908,0.0,0.9888661,0.80704373,1.0932782,0.40660876,0.0,0.3410483,0.0,0.84848064,1.4763762,1.1212392,0.0,0.0,0.11471051,0.8235048,0.0,0.87615985,0.0,0.7619196,0.0,0.4624295,1.0030689,0.0,0.0,0.0,0.53527546,0.77870345,0.10285318,0.0,0.0,1.0590863,0.0,0.0,0.8824656,0.0,0.0,0.22501361,0.0,0.0,0.6851077,0.0,0.0,0.11294228,0.0,0.40789217,0.07865679
U01214,0.0,1.8249059,0.0,0.0,0.0,0.0,0.0,0.0,0.0,0.6397746,0.0,0.0,0.2779559,0.5357763,1.6409016,0.0,0.0,0.7686075,0.0,0.30327582,1.5748315,0.0,0.17280209,0.5456267,0.0,0.0,2.3909032,0.7841568,0.0,0.0,0.0,0.0,0.0,0.0,0.76802486,0.16857743,0.0,0.0,1.6334006,1.6311768,0.11771062,0.0,1.0269033,0.012127817,0.68312,0.99313927,0.42590553,0.5390506,0.6251092,0.0,0.0,0.0,0.0,0.0,0.0,0.0,0.0,1.8712258,0.0,0.024129933,1.3876863,0.0,0.0,0.0
U01215,0.0,1.3685479,0.0,0.0,0.0,0.0,0.0,0.0,0.09397851,0.7303273,0.0,0.0,0.038490638,0.6624773,1.7666149,0.0,1.315064,0.0,0.0,0.0,1.6379261,0.04018897,0.9119827,1.0682373,0.0,0.0,2.0938215,0.7074566,0.0,0.0,0.0,0.0,0.0,0.0,1.1144007,0.0,0.0,0.0,1.6972932,1.6332165,0.0,0.24593788,0.66017133,0.68347466,0.40302253,0.8445097,1.229399,0.3021562,0.7921689,0.0,0.0,0.0,0.056258067,0.0389843,0.825328,0.0,0.0,1.4000419,0.033457786,0.0,1.073012,0.50077176,0.0,0.0
U01216,0.0,1.1593637,0.0,0.0,0.0,0.06294769,0.0,0.0,0.0,0.82208884,0.00557898,0.0,0.0,2.3321273,1.0608727,0.0,0.8973675,0.9279915,0.0,0.7858993,1.7138977,0.46388838,0.0,0.54917866,0.0,0.0,0.42010093,1.3395233,0.0,0.0,0.0,0.15791243,0.0,0.0,1.6228619,0.0,0.5670775,0.0,0.102951795,1.671285,0.0,0.0,0.037622944,0.2612549,2.022921,0.5908806,0.97402644,0.28484803,1.1435558,0.0,0.0,0.36534986,0.0,0.19502392,0.0,0.0,0.0,1.669569,0.0,0.17315021,1.0828778,0.0,0.0,0.0
U01217,0.0,0.0,0.079153255,0.0,0.3855958,0.6442821,0.0,0.0,0.0,0.0,1.1854004,0.0,0.0,0.0,0.0,0.0,0.0,0.72220767,0.0,0.0,0.0,0.0,1.9109051,0.0,1.9686675,0.0,0.0,0.0,1.1730646,0.13775095,0.0,1.2084864,1.7022097,0.0,0.0,0.0,0.0,0.0,1.68833,0.0,1.6528027,1.5704738,1.1191542,0.0,0.48402476,0.76908875,2.7424655,2.4136624,0.0,0.0,0.0,0.0,0.0,0.0,1.5055591,0.0,0.0,0.10270882,0.0,0.0,1.0728955,1.1761419,0.0,1.5417898
U01218,0.0,1.5055087,0.0,0.0,0.0,0.33802515,0.0,0.0,0.0,1.8698727,0.5272516,0.0,0.0,1.0867715,0.031541944,0.0,0.26757228,0.8541851,0.0,1.1800544,1.1858013,0.0,0.0,0.0,0.23482847,0.0,0.6594305,2.4670956,0.49601677,0.0,0.0,0.0,0.15859501,0.0,1.4236455,0.063718915,1.1783069,0.0,0.0,1.2926679,0.0,0.0,0.0,0.7949692,0.3477906,0.0,0.0,0.0,1.9060782,0.0,0.0,1.2148454,0.0,0.20285603,0.0,0.0,0.0,0.31886876,0.0,0.0,0.0,0.0,0.53286654,0.06925166
U01219,0.0,0.38243842,0.0,0.0,0.0,1.0218091,0.0,0.0,0.0,0.37826324,0.77154994,0.0,0.0,0.37434816,1.7031338,0.0,1.2077112,0.4805298,0.0,0.2699468,0.84024197,0.8458312,1.0090404,1.3129154,0.5506778,0.0,1.248039,0.5995039,0.0,0.0,0.002851352,0.0,0.43607312,0.0,0.571579,0.27559197,0.5562789,0.0,0.9889554,0.66381156,0.1103428,0.2637446,0.99129367,1.007858,0.0,0.48606873,1.1116103,1.0719396,0.18648314,0.0,0.0,0.5457181,0.0,0.06479514,0.4134493,0.0,0.0,0.0,0.0,0.026640428,0.07256299,1.9944715,0.0,0.29979277
U01220,0.23187256,0.0,0.35806334,0.0,0.10438518,1.1795622,0.058952153,0.0,0.0,0.0,1.1612127,0.06461515,0.0,0.0,0.0,0.0,0.43899006,0.25123549,0.0,0.19233727,0.0,0.5125167,2.012389,0.0,1.5161602,0.23942192,0.0,0.0,1.306248,0.23073457,0.084371254,1.7897735,1.5885955,0.0,0.0,0.09821713,0.0,0.14702818,1.0909847,0.0,1.9508233,1.5089024,0.8094188,0.0,0.88202125,0.46860665,2.1426015,1.7861867,0.0,0.042773634,0.0,0.0,0.0,0.0,1.1015819,0.0,0.17709154,0.0,0.0,0.0,0.059964955,0.35224947,0.22973272,1.0702214
U01221,0.0,0.0,0.14493527,0.28487113,0.0,1.7510445,0.2950679,0.0,0.13233644,0.6298794,1.9360613,0.0,0.0,0.0,0.0,0.09205428,1.6173769,0.0,0.01177004,0.2298727,0.0,2.0642707,1.4004011,0.0,2.1030703,0.030485809,0.0,0.0,2.7877312,0.0,0.008061916,1.420562,2.612382,0.0,0.0,0.28338134,1.1546791,0.0,0.44302708,0.0,0.52230376,1.0069858,0.0,0.3654732,0.0,0.0,0.0,0.39608917,0.0,0.045263797,0.0,1.861048,0.062126547,0.0,1.2632612,0.07213372,0.1470331,0.0,0.0,0.0,0.0,0.20336565,1.1166837,1.3580432
U01222,0.0,1.3938285,0.0,0.0,0.0,0.0,0.0,0.0,0.0,1.9700081,0.0,0.0,0.0,0.9368561,0.20903087,0.0,0.0,1.8732202,0.0,1.3726935,1.799582,0.0,0.0,0.0,0.0,0.0,2.0652966,1.7497467,0.60343343,0.0,0.0,0.0,0.028491989,0.0,0.8226277,0.0,0.29009363,0.0,0.0,2.5118039,0.0599733,0.0,0.0,0.45293123,0.8092504,0.46223402,0.0,0.0,1.5228813,0.0,0.0,0.1656939,0.0,0.0,0.0,0.0,0.0,2.1155288,0.0,0.0,0.44556776,0.0,0.0,0.0
U01223,0.0,0.102083445,0.0,0.0,0.0,0.96894693,0.0,0.0,0.0,0.24009252,0.60681045,0.0,0.0,0.0,1.0852392,0.0,0.5189804,0.33350396,0.0,0.3868811,0.78326124,0.83578384,1.0569804,0.6809088,0.77490294,0.0,0.72080624,0.56314516,1.1687295,0.0,0.0,0.6461928,0.9856782,0.0,0.4238099,0.0,0.48564595,0.0,1.454683,0.3855945,0.6638141,0.8416064,0.94675934,0.5104146,0.0,0.45475823,1.6121788,1.2268802,0.10220516,0.0,0.0,0.54068875,0.0,0.11003068,0.90050447,0.0,0.0,0.07973242,0.0,0.15781784,0.26338607,0.84771276,0.0,0.5293673
U01224,0.0,0.0,0.002056986,0.0,0.0,1.1121143,0.117819905,0.026405662,0.020147905,0.0,0.68487227,0.030539434,0.0,1.8962095,0.19188172,0.0,0.9203532,0.0,0.20680466,0.112290144,0.0,1.2870805,1.7919993,1.2762544,0.5038253,0.19993672,0.0,0.0,0.0,0.19534412,0.0,1.4531672,0.0,0.067587435,0.0,0.10061991,0.4448182,0.15497297,0.4237501,0.0,0.8945952,1.6592615,0.7792556,0.0,1.4520854,0.38822818,3.2346444,2.574641,0.0,0.07686685,0.0,0.0,0.0,0.0,1.4940296,0.0,0.0,0.0,0.0,0.0,0.59795415,0.93247116,0.54765403,1.4421909
U01225,0.0,0.29861057,0.0,0.0,0.0,0.7850909,0.0,0.0,0.0,0.42380893,0.3541543,0.0,0.0,1.1894913,1.6558826,0.0,0.9317149,1.0866394,0.0,0.0,0.9364315,0.4506153,0.9529154,1.5387441,0.10620397,0.0,1.3581306,0.554811,0.0,0.0,0.0,0.42150247,0.0,0.0,0.8214474,0.0,0.5287864,0.0,1.1237183,0.5942451,0.2896688,0.8345939,1.2857978,0.83486485,0.0,1.150655,1.674826,1.0073686,0.39299434,0.0,0.0,0.22863483,0.0,0.07934824,1.0078951,0.0,0.0,0.14714837,0.0,0.26707736,0.661034,2.120259,0.0,0.62242603
U01226,0.0,1.093112,0.0,0.0,0.0,0.01514107,0.0,0.0,0.0,0.47632682,0.0,0.0,0.0,0.9326705,2.013249,0.0,1.2260911,0.6016468,0.0,0.213444,1.5861262,0.47976542,0.7296749,0.953129,0.23997736,0.0,2.294251,0.89303213,0.0,0.0,0.0,0.0,0.017039016,0.0,0.9225323,0.0,0.0,0.0,1.5561411,1.0248466,0.038604587,0.0,1.0011101,1.0981109,0.21825755,1.0950546,0.5552299,0.2681338,0.52145356,0.0,0.0,0.06774487,0.0,0.0,0.76824176,0.0,0.0,1.3642396,0.0,0.16420867,0.5160744,1.1537327,0.0,0.0
U01227,0.0,1.092313,0.0,0.025067866,0.0,0.58064413,0.0,0.0,0.0,1.4927009,0.7754288,0.0,0.0,0.0,0.54076654,0.0,1.1786261,0.0,0.0,1.0648104,0.47740984,1.0740488,0.1004616,0.0,0.8701347,0.0,0.69710267,0.93833447,1.1945984,0.0,0.0,0.0,1.1984292,0.0,0.3595189,0.0,0.81160486,0.0,0.027827352,1.2012055,0.0,0.0,0.0,0.37712374,0.21193016,0.0,0.0,0.0,1.1433259,0.0,0.0,0.9632913,0.0,0.0,0.0,0.0,0.0,0.18002689,0.0,0.0,0.0,0.07121162,0.07765299,0.0
U01228,4.1240864,0.0,3.6690936,4.4645953,2.7650747,0.0,4.244567,2.8398902,3.8085485,0.0,0.0,2.7159147,2.8660007,0.0,0.0,3.5382872,0.0,0.0,4.260016,0.0,0.0,0.0,0.0,0.0,0.0,3.9565833,0.0,0.0,0.0,3.4917896,3.662918,0.0,0.0,4.0620427,0.0,4.057768,0.0,4.088396,0.0,0.0,0.0,0.0,0.0,0.0,0.0,0.0,0.0,0.0,0.0,4.088839,3.6742964,0.0,3.4864388,0.0,0.20549285,4.172086,3.7909904,0.0,2.9020038,0.0,0.0,1.2260168,1.361387,0.0
U01229,0.0,0.0,0.0,0.0,0.09825368,1.3269606,0.0,0.0,0.0,1.5041522,2.0910072,0.0,0.0,0.0,0.0,0.0,0.0,0.957252,0.0,1.3443666,0.0,1.3304026,0.0,0.0,1.8911283,0.0,0.0,0.0,2.6677032,0.0,0.0,1.3135749,2.335353,0.0,0.0,0.0,1.5494978,0.0,0.0,0.0,0.6364598,0.6446617,0.0,0.0,0.0,0.0,0.0,0.30732715,0.56758076,0.0,0.0,1.5414587,0.0,0.0,0.0,0.0,0.0,0.0,0.0,0.0,0.0,0.0,0.53354436,1.1373637
U01230,0.0,1.5728707,0.0,0.0,0.0,0.11459912,0.0,0.0,0.0,1.7403831,0.0,0.0,0.0,0.8764514,0.6665633,0.0,0.0,0.39607167,0.0,0.0,1.677332,0.0,0.0,0.592028,0.0,0.0,2.8348293,1.9689605,0.0,0.0,0.0,0.0,0.0,0.0,0.923061,0.0,0.30896875,0.0,0.6698773,2.5457597,0.0,0.0,0.9864613,0.6702517,0.0,0.14499706,0.79595536,0.0,1.5939047,0.0,0.0,0.25958622,0.0,0.223402,0.8711704,0.0,0.0,1.1781547,0.0,0.0,0.42669836,0.8549619,0.0,0.0
U01231,0.07655269,0.0,0.0,0.39688796,0.0,1.3790685,0.12694913,0.0,0.10665026,0.50248015,2.1070507,0.0,0.0,0.0,0.0,0.08842152,0.07859099,0.38501954,0.0,0.83686197,0.0,1.6593344,0.9901232,0.0,2.1784408,0.0,0.0,0.0,2.6186275,0.0,0.0,1.2064395,2.6608522,0.0,0.0,0.08785105,0.81371665,0.0,0.0,0.0,0.9269176,1.2321668,0.0,0.0,0.0,0.0,0.15696555,1.0681932,0.0,0.0,0.0,1.270515,0.10855542,0.0,0.33112264,0.04835534,0.26244012,0.0,0.0,0.0,0.0,0.8030188,0.78129214,1.365058
U01232,0.0,0.9481879,0.0,0.0,0.0,0.081041455,0.0,0.0,0.0,0.8873416,1.106397,0.0,0.0,0.40336132,0.12168795,0.0,0.0,2.3790574,0.0,1.5536921,0.17740846,0.0,0.25429857,0.0,1.2975059,0.0,1.0468103,0.0,1.3175832,0.0,0.0,0.466532,1.2670437,0.0,0.0,0.0,0.0,0.0,0.4637093,0.0,0.87478155,0.25648034,0.1302303,0.0,1.158061,0.6876157,0.9058888,1.0990446,0.078292966,0.0,0.0,0.0,0.0,0.0,0.0,0.0,0.0,0.8592017,0.0,0.0,1.2242175,1.2086335,0.095973074,0.64764833
U01233,0.0,1.3153498,0.0,0.0,0.0,1.3404633,0.0,0.0,0.0,0.0,1.1380427,1.6704932,5.419618,0.0,0.0,0.0,0.0,0.0,0.0,0.0,1.740748,1.1042016,0.81962377,3.033953,1.4278932,0.0,0.33796716,0.0,0.0,0.0,0.0,0.0,0.0,0.0,0.0,0.0,0.0,0.0,3.1823273,0.0,0.0,0.26440132,2.7116354,1.1851053,0.0,0.0,1.3800704,0.0,0.0,0.0,0.0,0.0,0.0,0.0006058514,2.8061929,0.0,0.0,1.4919453,0.75008744,0.0,0.0,1.1661596,0.0,0.86873615
U01234,0.0,0.9549155,0.0,0.0,0.0,0.41588446,0.0,0.0,0.0,0.42108595,0.12909743,0.0,0.0,1.0221167,1.6512272,0.0,1.6410699,0.0,0.0,0.038015842,1.1345005,1.0140873,1.273515,0.52044564,0.48601544,0.0,0.8576744,0.596791,0.12927067,0.0,0.0,0.0,0.22914848,0.0,0.77375853,0.0,0.23302163,0.0,1.8215275,1.1002812,0.0,0.08273211,0.47456732,0.6936108,1.3031472,0.6116751,0.8329478,0.26716504,0.5680382,0.0,0.0,0.15722442,0.0,0.03026545,0.8437866,0.0,0.0,0.9604088,0.0,0.008249136,0.464313,0.104749426,0.0,0.0
U01235,4.24601,0.0,4.075053,5.2145658,4.2076173,0.0,4.710767,3.64518,4.7999015,0.0,0.0,4.261055,4.7173595,0.0,0.0,5.348651,0.0,0.0,4.878535,0.0,0.0,0.0,0.0,0.0,0.0,4.3403535,0.0,0.0,0.0,5.2071376,4.174241,0.0,0.0,4.34135,0.0,0.91160774,0.0,4.857753,0.0,0.0,0.0,0.0,0.0,0.0,0.0,0.0,0.0,0.0,0.0,4.842676,4.3924046,0.0,5.62655,0.0,0.08089495,4.7032824,5.0339823,0.0,5.1060534,0.0,0.0,0.0,0.0,0.0
U01236,0.10121411,1.7391732,0.0,0.0,0.12060012,0.0,0.0,0.0,0.13365348,1.7226051,0.0,0.3501721,0.30655485,0.7621816,1.1496389,0.0,0.0,0.0,0.0010790825,0.0,2.2207856,0.0,0.0,0.17888103,0.0,0.06462261,2.403071,2.2545044,0.0,0.12488744,0.0,0.0,0.0,0.005257666,1.3179812,0.0,0.10636467,0.09207773,0.0,2.1599903,0.0,0.0,0.0,0.46097454,0.0,0.0,0.0,0.0,1.8651099,0.22821891,0.0,0.0,0.037725493,0.0,0.0,0.0,0.0,1.6065826,0.09522185,0.0,0.4371757,0.0,0.0,0.0
U01237,0.0,0.0,0.28207895,0.0,0.28572053,1.9076725,0.0,0.0,0.0,0.0,0.48128662,0.0,0.0,0.0,0.44651556,0.0,0.0,0.014248371,0.04519555,0.0,0.0,0.0,2.5825138,1.0164858,1.0556135,0.0,0.0,0.0,0.0,0.0,0.0,2.3848073,0.82597125,0.0,0.0,0.0,0.2860563,0.0,0.099770546,0.0,2.0651488,2.5628662,1.8804278,0.48967335,0.0,0.5944343,3.5629978,2.4516013,0.0,0.0,0.0,0.0,0.0,0.0,2.0500875,0.0,0.0,0.0,0.0,0.0,0.0,2.0122254,0.0,2.7107532
U01238,0.0,0.19455177,0.0,0.0,0.0,0.9965838,0.0,0.0,0.0,0.11915398,0.83355045,0.0,0.0,0.5371419,1.2972243,0.0,1.8056393,0.2132616,0.0,0.7033267,0.2667253,1.3771839,1.5340664,0.6614896,1.0655863,0.0,0.2756654,0.26375663,0.82792896,0.0,0.0,0.6869906,1.0812514,0.0,0.4579355,0.0,0.5790802,0.0,1.4842558,0.1937592,0.40982336,0.89922917,0.68453586,0.94571704,0.8976539,0.7772194,1.0883751,0.9312167,0.0,0.0,0.0,0.6662688,0.0,0.21163443,1.00364,0.0,0.0,0.22148871,0.0,0.110680886,0.21527678,1.2619065,0.17831671,0.59639657
U01239,0.0,0.705511,0.0,0.0,0.30485004,0.42113832,0.0,0.0,0.0,0.3713429,1.2479386,0.0,0.0,0.0,0.0,0.0,0.0,0.073164225,0.0,0.56274366,0.0,0.6029309,1.4418993,0.0,1.8481765,0.0,0.283301,0.0,2.4233727,0.0,0.0,0.5149528,2.4582248,0.0,0.0,0.0,0.0,0.0,2.3094053,0.0,1.2919881,0.46908003,0.0,0.0,0.37188387,0.0,0.56585985,1.0524327,0.0,0.0,0.0,0.10365757,0.0,0.0,0.70805633,0.0,0.0,0.28594947,0.0,0.0,0.20760918,0.0,0.0,0.87443936
U01240,0.0,1.3596917,0.0,0.0,0.0,0.0,0.0,0.0,0.0,0.7141204,0.75386846,0.0,0.12271221,0.0,0.54403234,0.0,0.0,1.7399563,0.0,1.4650819,0.7858775,0.0,0.0,0.0,1.0369124,0.0,0.44456875,0.0,1.3173268,0.0,0.0,0.6107222,1.4836583,0.0,0.0,0.0,0.0,0.0,1.316328,0.19064236,1.0484211,0.008898199,0.0,0.0,1.7162508,0.75617146,0.22871023,0.9078932,0.21138883,0.0,0.0,0.0,0.0,0.0,0.044549584,0.0,0.0,1.6734804,0.0,0.0,1.4520099,0.0,0.0,0.0
U01241,0.0,0.22814184,0.0,0.0,0.0,0.7338712,0.0,0.0,0.0,0.0,0.0,0.0,0.0,1.0175414,1.6739106,0.0,0.78180015,0.0,0.0,0.0,0.58076024,0.32176906,2.126383,1.6513679,0.5745455,0.0,0.72798944,0.0,0.0,0.0,0.0,0.56450367,0.0,0.0,0.5640671,0.0,0.0,0.0,2.7715235,0.0,0.49015445,1.0924354,1.7582127,0.41963282,0.24942076,1.0629061,2.4915318,1.545374,0.0,0.0,0.0,0.0,0.0,0.18265125,1.7071542,0.0,0.0,0.50551987,0.0,0.07473436,0.71090215,0.6855508,0.0,0.7131574
U01242,0.48112282,0.0,0.10490915,0.5024961,0.16596366,0.6485933,0.6057798,0.81599283,0.55844456,0.0,0.0,0.33303422,0.20662253,0.9200414,1.1108118,0.23814613,0.77502567,0.2698493,0.63784164,0.27922726,0.0,0.085805744,1.6808865,0.8295093,0.09790796,0.40459034,0.0,0.0,0.0,0.09975569,0.15788546,0.86470735,0.0,0.26467082,0.0,0.6924425,0.0,0.39429927,1.3312495,0.0,0.7163605,1.0564191,1.0757,0.0,0.5845909,0.80331004,2.2303672,1.8877159,0.0,0.36539847,0.4877451,0.0,0.43881863,0.0,1.3649684,0.59849066,0.2899862,0.0,0.0,0.0,0.455604,0.89271224,0.35478508,1.1577618
U01243,0.0,0.0,0.0,0.0,0.0,1.2985651,0.0,0.0,0.0,1.7499238,2.363258,0.0,0.0,0.0,0.0,0.0,0.2075088,0.8853737,0.0,0.84608674,0.0,0.9363686,0.38230377,0.0,1.6727054,0.0,0.0,0.32659626,2.2999358,0.0,0.031297892,0.21718395,1.865028,0.0,0.0,0.0,1.371566,0.0,0.0,0.1135571,0.18045858,0.57811975,0.0,0.04584691,0.0,0.0,0.0,0.119841576,0.9703166,0.0,0.0,1.5291948,0.0,0.0,0.0,0.0,0.0,0.0,0.0,0.0,0.0,0.7727784,0.0,0.6517898
U01244,0.0,1.2032652,0.0,0.0,0.0,0.48274234,0.0,0.0,0.0,1.8705884,1.293629,0.0,0.0,0.0,0.0,0.0,0.31990135,1.3321122,0.0,0.7892841,0.0,0.082803875,0.0,0.0,0.98265004,0.0,1.2010248,0.3800677,1.9736904,0.0,0.0,0.15076065,1.3400812,0.0,0.0,0.0,0.5194365,0.0,0.0,1.6760033,0.92585844,0.0,0.0,0.0,0.08147466,0.14653987,0.0,0.0,1.0651025,0.0,0.0,1.1198442,0.0,0.0,0.0,0.0,0.0,0.2050817,0.0,0.0,0.091914415,0.97169864,0.2841423,0.0
U01245,0.0,0.0,0.0,0.0,0.0,0.85582995,0.0,0.0,0.0,0.0,0.0,0.0,0.0,0.7015341,1.7245631,0.0,0.265011,0.0,0.0,0.0,0.82233876,0.0012496114,1.8015294,1.359546,0.7019253,0.0,0.7265482,0.0,0.0,0.0,0.0,1.0091732,0.0,0.0,0.9582499,0.0,0.0,0.0,2.7118554,0.0,1.0505686,1.2200148,1.6935601,0.1596332,0.56726533,1.2310576,2.3908906,1.5456914,0.0,0.0,0.0,0.0,0.0,0.2518179,1.2497181,0.0,0.0,0.5434895,0.0,0.18776463,0.81697863,0.0,0.0,0.89443266
U01246,0.02964598,0.19749093,0.0,0.49827486,0.0,1.1568207,0.0,0.0,0.0,2.2088614,2.2010846,0.0,0.22657816,0.0,0.0,0.07748237,0.3625738,0.6656698,0.25258893,1.2291623,0.0,1.0939248,0.0,0.0,1.5148015,0.11217052,0.0,0.0,2.8830748,0.07550856,0.19959864,0.47113454,2.2534165,0.0,0.0,0.24355161,1.7568288,0.0,0.0,0.8980664,0.27332532,0.0,0.0,0.0,0.0,0.0,0.0,0.091007486,1.1200236,0.19233108,0.32131168,1.9240978,0.07165592,0.0,0.0,0.18492559,0.18647997,0.0,0.0,0.0,0.0,0.08714144,0.6774561,0.4900236
U01247,0.0,0.73032594,0.0,0.0,0.0,0.3416943,0.0,0.0,0.0,0.0,0.17015854,0.0,0.0,0.01503396,1.403029,0.0,1.1901714,0.45957208,0.0,0.2766266,0.89004284,0.0,1.3330002,0.9740163,0.46403003,0.0,1.4931157,0.0,0.31592882,0.0,0.0,0.7704599,0.49999732,0.0,0.798408,0.0,0.0,0.0,1.3172169,0.87131464,1.294745,0.81587076,1.319036,0.22495022,0.73642683,1.3801675,1.7289189,1.0794586,0.0,0.0,0.0,0.008499537,0.0,0.20694545,0.47779882,0.0,0.0,1.0534253,0.0,0.24117455,0.8237413,0.5566155,0.0,0.0
U01248,0.0,0.7942479,0.0,0.0,0.0,0.0,0.0,0.0,0.0,0.0,0.0,0.0,0.44888294,0.7661166,2.2826533,0.0,0.0,0.23087287,0.013736159,0.0,1.4467237,0.0,0.7088224,1.208572,0.0,0.0,1.7159022,0.34468997,0.0,0.04078248,0.0,0.19267315,0.0,0.0,1.0335158,0.5663301,0.0,0.0,1.816865,0.8842182,0.7003884,0.5757233,1.6203908,0.0,1.1026492,1.5525904,1.36297,1.503774,0.0,0.007188022,0.080522045,0.0,0.047424182,0.09242779,0.0,0.0,0.0,1.5962573,0.0,0.13020582,1.5848706,0.0,0.0,0.0
U01249,0.0,2.264907,0.0,0.0,0.0,0.0,0.0,0.0,0.0,2.8195474,0.46123597,0.0,0.0,0.9138025,0.0,0.0,0.0,0.8210727,0.0,0.50733113,1.5112169,0.0,0.0,0.0,0.0,0.0,1.998914,1.9293069,0.6207663,0.0,0.0,0.0,0.0738876,0.0,0.5931629,0.0,0.44868097,0.0,0.0,2.0325882,0.0,0.0,0.0,0.0,0.14455783,0.0,0.0,0.0,2.2049732,0.0,0.0,0.6006793,0.0,0.0,0.0,0.0,0.0,1.3160646,0.0,0.0,0.32835644,1.0853763,0.0,0.0
U01250,0.0,0.35634047,0.0,0.0,0.0,0.25186035,0.0,0.0,0.0,0.0,0.0,0.0,0.0,1.3154045,1.6834606,0.0,1.0411049,0.23131108,0.0,0.0,1.6641208,0.12064576,0.56489724,0.827852,0.27692997,0.0,1.4778637,0.63377774,0.0,0.0,0.0,0.53435373,0.0,0.0,1.1481342,0.0,0.0,0.0,2.1913614,0.73230183,0.5238074,0.124246955,1.1367617,1.1922908,0.5919319,1.4858233,1.5551184,0.8517231,0.0,0.0,0.0,0.0,0.0,0.0,1.2673863,0.0,0.0,1.4267014,0.0,0.013250902,0.5321465,0.018427107,0.0,0.0
U01251,0.0,0.0,0.0,0.0,0.0,0.81758595,0.0,0.0,0.0,0.0,0.096211925,0.0,0.0,0.7196086,1.0323409,0.0,0.7372419,1.9495037,0.0,0.56452143,0.9784636,0.0,0.53646857,0.0064052567,0.3434968,0.0,1.4651641,0.42971206,0.81346107,0.0,0.0,0.4646244,0.81892735,0.0,0.476705,0.0,0.0,0.0,1.863679,0.54258657,0.66033155,0.30143398,0.9511136,1.280653,0.941108,0.91274464,0.74112624,0.20366275,0.029662848,0.0,0.0,0.0,0.0,0.0,0.8579372,0.0,0.0,0.99778837,0.0,0.0,0.0,1.0371418,0.0,0.0
U01252,0.0,0.45343822,0.0,0.0,0.0,1.0494014,0.0,0.0,0.0,1.1963013,0.97439384,0.0,0.0,1.2145009,0.0,0.0,0.0,1.8033276,0.0,0.79513764,0.77959996,0.22882053,0.0,0.11261614,0.47249234,0.0,0.5218415,1.1349225,1.1145173,0.0,0.0,1.1313581,0.62846166,0.0,0.9147415,0.0,1.375361,0.0,0.0,0.7745048,0.09303796,0.42886704,0.5719029,0.31566077,0.42671072,0.11398828,1.1126343,0.33988717,1.0282527,0.0,0.0,1.1911728,0.0,0.32436994,0.43244386,0.0,0.0,0.0,0.0,0.43264666,0.28973898,0.20719333,0.33658832,1.0740151
U01253,0.0,0.7838283,0.0,0.0,0.0,0.50459206,0.0,0.0,0.0,0.5869077,1.018535,0.0,0.0,0.0,1.0813292,0.015623271,1.1566331,0.06806779,0.0,0.2948997,0.41108036,0.9209041,1.1291015,0.40451646,0.8083458,0.0,1.0359906,0.5527426,0.841393,0.0,0.0,0.028981864,1.3749845,0.0,0.0,0.0,0.30560875,0.0,1.6610273,0.89504826,0.16803163,0.11547786,0.39460674,0.60051423,0.0,0.3084523,0.5012039,0.9189757,0.3521332,0.0,0.0,0.59380066,0.0,0.0,0.7014183,0.0,0.0,0.5229078,0.0,0.0,0.2454738,1.5601538,0.0,0.0
U01254,0.0,0.6397515,0.0,0.0,0.0,0.81592655,0.0,0.0,0.0,0.6313828,0.98676956,0.0,0.0,1.0989702,1.1153126,0.0,0.53899395,0.74307764,0.0,0.6303644,0.76555884,0.744282,1.1651621,0.75313675,0.7523979,0.0,1.6196011,0.4386809,0.7202636,0.0,0.0,0.1786415,0.8214896,0.0,0.41142452,0.0,0.37464786,0.0,1.3954043,1.0807819,0.38598597,0.19760156,0.7127782,0.13600874,0.4035685,0.6517969,1.5934165,1.1966455,0.23381793,0.0,0.0,0.4457381,0.0,0.043222547,0.38757098,0.0,0.0,0.97948754,0.0,0.27798492,0.6882411,1.5169733,0.0,0.36076188
U01255,0.17657489,1.7444204,0.035144433,0.0,0.0,0.0,0.0,0.0,0.0,2.0249245,0.22504288,0.0,0.29333144,1.4778198,0.046022892,0.28318933,0.0,2.9022813,0.0,2.9161854,1.5407562,0.0,0.0,0.0,0.0,0.19761145,1.0795267,1.975308,0.6043136,0.0,0.14176911,0.0,0.0,0.14293656,1.1325877,1.0970119,0.28729495,0.057681054,0.0,2.104494,0.0,0.0,0.0,0.0,1.9927825,0.15879482,0.0,0.0,1.9029894,0.10187951,0.24036026,0.0,0.0,0.0,0.0,0.03150797,0.0,1.4394096,0.0,0.011956526,0.90968186,0.0,0.8346017,0.0
U01256,0.5363189,0.41565347,0.36101356,0.7538844,0.073463544,0.0,0.9395341,0.48557943,0.868631,0.0,0.0,0.6661891,0.5055075,1.4782974,2.6338432,0.6201139,1.6719368,0.0,0.8510146,0.0,1.3270689,0.0,0.17883164,1.6459824,0.0,0.7026341,0.0,0.7797901,0.0,0.48013186,0.451474,0.0,0.0,0.96254796,0.6251842,0.925328,0.0,0.45921472,0.9338294,0.0,0.0,0.114219636,1.132908,1.3992984,0.0,0.5318212,1.0349449,0.78392804,0.0,0.6167859,0.26800054,0.0,0.6917497,0.0,2.2874146,0.7259344,0.45309415,0.0,0.35092992,0.0,0.0,1.8101913,0.24384242,0.10775328
U01257,0.0,1.4251878,0.0,0.0,0.0,0.0,0.0,0.0,0.0,1.6617212,0.2524109,0.0,0.0,3.0746903,0.0,0.0,0.0,3.1668944,0.0,1.5524647,1.6889132,0.0,0.0,0.15699622,0.0,0.0,0.7007243,2.2982163,0.1573779,0.0,0.0,0.31534314,0.0,0.0,1.501728,0.0,1.0224501,0.0,0.0,1.8251228,0.0,0.0,0.0,0.0,0.98236066,0.0,0.63766575,0.0,1.444302,0.0,0.0,0.82227147,0.0,0.0,0.23007119,0.0,0.0,1.242325,0.0,0.0,0.9179616,0.36733118,0.10562968,0.0
U01258,0.0,1.6588922,0.0,0.0,0.0,0.0,0.0,0.0,0.0,1.678031,0.0,0.0,0.0,1.8765724,1.2424647,0.0,0.73611504,0.89260507,0.0,0.36998892,1.6991572,0.33717,0.0,0.66761315,0.094438195,0.0,1.998661,1.7616072,0.12477332,0.0,0.0,0.0,0.0,0.0,1.2855501,0.0,0.13503811,0.0,0.6937469,0.9686785,0.0,0.0,0.0,0.76226586,0.0,0.0,0.0,0.0,1.4857931,0.0,0.0,0.4892386,0.0,0.02245605,0.76883495,0.0,0.0,0.60570055,0.0,0.0,0.3855802,1.0354114,0.0,0.0
U01259,0.0,0.0,0.0,0.0,0.0,0.96509993,0.0,0.0,0.0,0.0,0.5715163,0.0,0.0,1.2492582,1.0105898,0.0,1.1219434,0.9223603,0.0,0.18945098,0.5668007,0.9078634,0.846131,0.74000514,0.21595514,0.0,0.0,0.18270946,0.25596392,0.0,0.0,0.96127975,0.6302621,0.0,0.6240251,0.0,0.76306313,0.0,0.8922471,0.66653967,0.4781472,0.71056163,0.7440673,0.3617684,1.1854018,0.58874077,2.3457074,1.7752584,0.0,0.0,0.0,0.3621302,0.0,0.0,0.86023295,0.0,0.0,0.8847848,0.0,0.0,0.87582004,1.0697862,0.0,0.6440872
U01260,0.019683063,1.745127,0.0,0.0,0.0,0.0,0.0,0.0,0.0,2.0217915,0.013776228,0.16006799,0.1061738,0.793969,0.30610418,0.01909399,0.0,1.3520386,0.0795227,1.5547594,1.8915502,0.0,0.0,0.0,0.0,0.0,1.639169,2.0170476,0.57099015,0.0,0.0,0.0,0.0,0.021656722,0.94476247,0.0,0.41558743,0.0,0.0,2.1420906,0.0,0.0,0.0,0.0,0.67353904,0.0,0.0,0.0,1.6169999,0.19250156,0.079395205,0.029283054,0.0,0.0,0.0,0.0,0.0025207698,1.9077594,0.0,0.0,0.42350224,0.0,0.0,0.0
U01261,0.0,0.0,0.0,0.0,0.0,1.1400074,0.0,0.0,0.0,0.0,0.46050224,0.0,0.0,0.0,0.8694143,0.0,0.0,1.4053518,0.0,0.22551632,0.0,0.0,0.55633944,0.8599752,0.36844593,0.0,0.0,0.0,0.11906481,0.0,0.0,1.8119895,0.549877,0.0,0.0,0.0,0.9910066,0.0,0.5136411,0.0,1.067966,1.7782578,1.5821486,0.18552974,0.0,0.6528472,2.8068352,2.150186,0.0,0.0,0.0,0.11276202,0.0,0.0,1.5170759,0.0,0.0,0.0,0.0,0.0,0.38199958,1.9938412,0.09684503,1.6455617
U01262,0.0,0.0,0.0,0.0,0.0,0.72195864,0.0,0.0,0.0,0.0,0.57775056,0.0,0.0,0.23313081,1.2302896,0.0,0.53457683,0.02175951,0.0,0.45700884,0.0,0.121426836,1.5324206,0.24647412,1.2363626,0.0,0.07879889,0.0,0.49222705,0.0,0.0,1.2119434,1.1632664,0.0,0.0,0.0,0.0,0.0,1.2036043,0.0,1.2592041,0.9215735,0.6706921,0.0,1.146477,0.8633809,1.8350022,1.5232098,0.0,0.0,0.0,0.12906377,0.0,0.0,1.2202543,0.0,0.0,0.4769209,0.0,0.0,0.8279709,0.72292805,0.0,1.0338087
U01263,0.3697611,1.5695472,0.32720366,0.2515305,0.0,0.0,0.1520443,0.0,0.0,2.0247865,0.0,0.0,0.057255216,2.0981855,0.34721416,0.3431549,0.0,3.2293622,0.13282672,2.9991608,1.7066408,0.0,0.0,0.0,0.0,0.18843496,1.5038097,2.0140471,0.38735336,0.0,0.19285649,0.0,0.0,0.35296,1.0821773,1.2720639,0.07468614,0.2361645,0.0,2.102398,0.0,0.0,0.0,0.0,1.785371,0.38527715,0.0,0.0,1.7585537,0.15654853,0.24491069,0.0,0.017871335,0.0,0.0,0.15594515,0.16521513,1.5007178,0.0,0.009296291,1.1551975,0.0,0.7211578,0.0
U01264,0.0,1.0633566,0.0,0.0,0.0,0.059305042,0.0,0.0,0.0,0.18777168,0.0,0.0,0.0,1.2306244,1.7355978,0.0,1.2566668,0.040462494,0.0,0.0,1.6808839,0.3887337,0.89132816,0.87714964,0.0,0.0,1.492791,0.88148797,0.0,0.0,0.0,0.10571563,0.0,0.0,1.0425384,0.0,0.0,0.0,2.857897,0.6051458,0.0,0.2918948,0.9503325,0.8078755,0.40916348,0.891971,1.1570201,0.28466898,0.4148804,0.0,0.0,0.0,0.0,0.0,1.7142392,0.0,0.0,1.0729954,0.0,0.034681417,0.46551412,0.7270311,0.0,0.123343945
U01265,0.0,0.22122568,0.0,0.0,0.21511434,0.7616143,0.0,0.0,0.0,0.07867479,0.6649786,0.0,0.0,0.735921,0.2712189,0.0,1.3773228,1.485891,0.0,1.0031812,0.67686903,1.0060291,0.09743035,0.10717916,0.5372809,0.0,0.0,0.17450309,1.0257456,0.03205582,0.0,0.83806694,1.5364672,0.0,0.3996318,0.0,0.73723555,0.22627394,0.0,0.6100122,0.5969567,0.25967175,0.2244218,0.26547927,0.5835717,0.24936467,1.6055835,1.7849134,0.0,0.0,0.0,0.81777704,0.0,0.0,0.2768457,0.0,0.0,0.88798916,0.0,0.0,0.591964,0.0,0.0,0.18548
U01266,0.0,1.9191108,0.0,0.0,0.0,0.0,0.0,0.0,0.0,0.95893085,0.0,0.0,0.0,2.1582694,2.0116076,0.0,0.0,0.673324,0.0,0.0,2.5909672,0.0,0.0,2.0728655,0.0,0.0,3.1648235,2.1429856,0.0,0.0,0.0,0.0,0.0,0.0,2.3763413,0.0,0.0,0.0,0.0,2.6938756,0.0,0.0,1.129831,1.2754107,0.030379534,0.9953521,0.22393513,0.0,1.8053424,0.0,0.0,0.0,0.0,0.009568691,0.0,0.0,0.0,1.650495,0.0,0.43279085,1.4202774,0.0,0.0,0.0
U01267,0.0,0.0,0.0,0.0,0.09498109,0.9457594,0.0,0.0,0.0,1.0417774,1.6368874,0.0,0.0,0.86226654,0.0,0.0,0.0,1.5193839,0.0,1.6730008,0.0,0.8779835,0.1486364,0.0,1.2857457,0.0,0.0,0.0,1.3884568,0.0,0.0,1.0571216,1.3653703,0.0,0.0,0.0,1.146244,0.0,0.0,0.0,0.26229793,0.26079434,0.0,0.0,1.3096893,0.0,1.0779711,0.81745017,0.3403231,0.0,0.0,0.8517432,0.0,0.0,0.0,0.0,0.0,0.0,0.0,0.0,0.19843167,0.67500055,0.6071975,1.2812278
U01268,0.0,0.091766596,0.0,0.0,0.0,0.15679014,0.0,0.0,0.0,0.6705794,1.4853061,0.0,0.0,0.0,0.0,0.0,0.0,2.1339397,0.0,1.1923578,0.0,0.0,0.32833117,0.0,1.4522455,0.0,0.16480303,0.0,1.9849901,0.0,0.0,0.6606269,1.8492423,0.0,0.0,0.0,0.0,0.0,0.0,0.13346517,1.5036507,0.4015907,0.0,0.0,0.9903711,0.2836452,1.430759,1.333971,0.0,0.0,0.0,0.53315055,0.0,0.0,0.0,0.0,0.0,0.4528588,0.0,0.0,0.84771186,1.1414236,0.00088620186,0.48994792
U01269,0.0,1.2240331,0.0,0.0,0.0,0.07971956,0.0,0.0,0.0,1.846383,0.6531997,0.0,0.0,0.11138725,0.6825377,0.0,1.1887102,0.07598686,0.0,0.83733094,1.1731014,0.94503266,0.0,0.0,0.5855956,0.0,1.1221242,0.95850325,1.0902288,0.0,0.0,0.0,1.0472594,0.0,0.43420935,0.0,0.5587322,0.0,0.5601703,1.7151526,0.0,0.0,0.0,0.24883735,0.30981004,0.0,0.0,0.0,1.2438947,0.0,0.0,0.5986694,0.0,0.0,0.20508635,0.0,0.0,1.1545404,0.0,0.0,0.31047022,0.53916085,0.0,0.0
U01270,0.0,0.39750236,0.0,0.0,0.0,0.13584784,0.0,0.0,0.0,1.2784412,1.272825,0.0,0.0,0.88967216,0.37616485,0.0,0.0,1.4294344,0.0,1.4736472,0.31165624,0.3412071,0.13512725,0.0,1.2468086,0.0,0.5095819,0.0737102,1.3954489,0.0,0.0,0.30754256,1.2423635,0.0,0.0,0.0,0.47220954,0.0,0.14583293,0.061454654,0.5019241,0.38705897,0.0,0.0,0.8369168,0.0,0.36043286,1.0380365,0.5422531,0.0,0.0,0.42703718,0.0,0.0,0.015741706,0.0,0.0,0.5193801,0.0,0.04433647,0.9407345,1.6898797,0.22906351,0.65342224
U01271,0.0,1.6874168,0.0,0.0,0.0,0.0,0.0,0.0,0.0,1.0203,0.0,0.0,0.0,0.68421835,1.2897568,0.0,1.7489892,0.83737206,0.0,1.6276703,1.4940933,0.0,0.0,1.0669525,0.0,0.0,0.75352573,2.4871857,0.0,0.0,0.0,0.0,0.0,0.0,0.734756,0.0,0.26496434,0.0,0.0,0.7264074,0.0,0.0,0.8540791,0.55082226,0.02719462,0.12534153,0.0,0.23005265,1.2878551,0.0,0.0,0.52629924,0.0,0.13643527,0.55212545,0.0,0.0,1.1080775,0.0,0.0,0.05066651,1.0151819,0.6683456,0.0
U01272,0.0,0.0,0.50523925,0.0,0.31563818,0.0,0.0,0.0,0.04711058,0.0,0.0,0.42987192,0.0,0.0,0.26686823,0.0,1.3953189,0.0,0.042879045,0.0,0.0,0.0,2.6081963,1.170036,0.11598551,0.0,0.29962397,0.0,0.07998812,0.0,0.0,0.9249699,0.22284353,0.0,0.0,0.0,0.0,0.0,2.7061164,0.0,1.828011,1.6541215,1.0120621,0.033860296,0.19218218,1.8155482,1.4377202,0.0,0.0,0.099070236,0.0,0.0,0.0,0.0,3.0598555,0.0,0.40827364,0.0,0.0,0.0,0.43186358,2.8180869,0.46970147,0.0
U01273,0.0,0.36554688,0.0,0.0,0.0,0.77590203,0.0,0.0,0.0,0.6032641,0.44925514,0.0,0.0,0.44533336,1.2330811,0.0,0.87253547,0.13780832,0.0,0.28234386,0.032338858,1.0666239,1.5876379,0.0,0.73540616,0.0,1.1376495,0.7574098,0.9788294,0.0,0.0,0.0,1.2935601,0.0,0.10815257,0.0,0.48291174,0.0,2.731744,0.0,0.08575332,0.9798665,0.12127797,1.0584726,0.0,0.056909442,0.24551407,0.0,0.30358607,0.0,0.0,0.70848596,0.0,0.0,1.5849038,0.0,0.0,0.0,0.0,0.0,0.0,1.3401992,0.0,0.6423782
U01274,0.0,0.72284365,0.0,0.0,0.0,0.0,0.0,0.0,0.0,0.930993,0.0,0.0,0.0,0.6462146,2.2547777,0.0,1.1387917,0.0,0.0,0.0,1.5538074,1.0807567,0.93415946,0.6412051,0.24280322,0.0,2.5466614,1.8291451,0.13614422,0.0,0.0,0.0,0.087045014,0.0,0.9882338,0.0,0.0,0.0,1.6700293,0.7856767,0.0,0.0,0.47451258,1.3029852,0.0,0.0,0.007231444,0.0,1.39311,0.0,0.0,0.13302502,0.0,0.0,1.6728746,0.0,0.0,0.84754586,0.0,0.0039476715,0.0,2.0873375,0.0,0.0
U01275,0.33141452,0.0,0.49225223,0.38608602,0.013824984,0.3755014,0.64906806,0.39549726,0.43881428,0.0,0.112672776,0.29343522,0.36745328,1.0116708,1.1531522,0.11573142,0.0,0.9661727,0.3580544,0.95605755,0.48424184,0.042285383,0.7865208,0.62868655,0.0,0.43693542,0.77681094,0.0,0.0,0.48374254,0.3794399,0.20653498,0.0,0.1590729,0.6242419,0.7836131,0.0,0.42103827,0.85277236,0.50534153,0.60367554,0.43271202,0.780092,0.0,1.2901425,0.7955687,1.7254958,1.3970797,0.0,0.38798425,0.30398247,0.0,0.22426924,0.0,0.0,0.26865545,0.24549577,0.97571576,0.1687763,0.0,0.82664317,0.11951542,0.0,0.13246381
U01276,0.0,0.0,0.0,0.0,0.0,1.4553037,0.0,0.0,0.0,0.3990246,1.5748146,0.0,0.0,0.0,0.0,0.0,2.394228,0.0,0.0,0.4037044,0.0,1.7303176,1.8243103,0.0,2.0317662,0.0,0.0,0.0,2.1608052,0.0,0.0,0.93322015,2.3259165,0.0,0.0,0.074251056,0.87431574,0.0,0.55982137,0.0,0.60833824,0.6023767,0.0,0.98952025,0.0,0.0,0.0,0.4659013,0.0,0.0,0.0,1.5484954,0.0,0.09400651,0.7820729,0.0,0.0,0.0,0.0,0.0,0.0,0.0,0.3048749,0.64271486
U01277,0.1642127,1.570291,0.0,0.32498446,0.183297,0.0,0.0,0.0,0.0,2.4384775,0.5668297,0.14851737,0.18682581,0.0,0.0,0.3261387,0.0,0.97252584,0.3733088,1.0192064,0.98439854,0.0,0.0,0.0,0.0,0.23613775,1.496363,1.9896072,0.964091,0.308769,0.0,0.0,0.17746887,0.02113542,0.39731085,0.21711707,0.81338954,0.00816682,0.0,2.187742,0.0,0.0,0.0,0.15537752,0.0,0.0,0.0,0.0,1.9876542,0.5071225,0.2856222,0.5660372,0.30738842,0.0,0.0,0.061491966,0.20092005,1.0397568,0.0,0.0,0.0,0.0,0.0,0.0
U01278,0.0,2.357019,0.0,0.0,0.0,0.0,0.0,0.0,0.0,2.1407533,0.0,0.0,0.0,1.5680175,1.0791782,0.0,0.0,0.0,0.0,0.0,1.8680422,0.0,0.0,0.20986593,0.0,0.0,2.865522,2.3520799,0.0,0.0,0.0,0.0,0.0,0.0,0.96212184,0.0,0.069825724,0.0,0.0,1.58824,0.0,0.0,0.0,0.4200416,0.0,0.0,0.0,0.0,2.0342183,0.0,0.0,0.0,0.0,0.0,0.20522332,0.0,0.0,1.5926316,0.0,0.0,0.54263127,0.68004537,0.0,0.0
U01279,0.0,1.136924,0.053525418,0.0,0.16771139,0.0,0.0,0.166072,0.11517762,1.4945806,0.0,0.15507708,0.0,0.99530494,0.76684487,0.105629385,0.35735506,2.92382,0.051189303,1.1451114,1.774404,0.0,0.0,0.22235936,0.0,0.0,2.6917124,1.00103,0.2615822,0.25262475,0.30469674,0.0,0.0,0.13238665,0.48934454,0.0,0.0,0.06723496,0.14640795,1.6406758,0.3182217,0.0,0.14481935,0.17761351,0.49093938,0.83209956,0.027550563,0.0,1.0182359,0.03692791,0.19538502,0.0,0.31131577,0.0,0.0,0.0,0.0,1.6636341,0.3114585,0.0,0.936447,1.211275,0.0,0.0
U01280,0.047542095,0.0,0.0,0.0,0.2654841,1.1787468,0.0,0.0,0.0,0.0,1.4481938,0.0,0.0,0.0,0.0,0.0,0.43537927,0.0,0.0,0.0,0.0,1.4723959,2.78205,0.0,2.306072,0.083996266,0.0,0.0,2.0347826,0.0,0.0004915744,2.2653227,1.8367784,0.008155704,0.0,0.0,0.13857082,0.046854526,2.5579162,0.0,1.5529599,1.823803,0.01958087,0.0,2.0583282,0.055214047,1.2620538,1.5934557,0.0,0.028193533,0.08689241,0.0,0.0,0.0,1.9274892,0.0,0.2746876,0.0,0.0,0.0,0.0,0.0,0.31168342,1.6861393
U01281,0.45778018,0.22455591,0.70272493,0.28424942,0.57810915,0.0,0.60045415,0.7984172,1.0089793,0.0,0.0,0.81050456,0.55404,1.1174716,1.8412964,0.56982833,0.6092942,0.0,0.22655478,0.0,1.6897143,0.0,1.0929344,0.3955856,0.0,0.73031306,1.553179,0.36762583,0.0,0.49033064,1.010624,0.0,0.0,0.46793512,0.85572326,0.40660715,0.0,0.3164723,3.0976088,0.6011938,0.0,0.0,0.20582812,0.1675711,0.03420818,0.31921488,0.5868512,0.0,0.41488266,0.67284024,0.41836172,0.0,0.6738792,0.0,1.4910623,0.4713499,0.80472493,1.0072997,0.5469907,0.0,0.0,0.72016776,0.0,0.0
U01282,0.82189685,1.1413782,0.7930902,0.8771851,0.21551083,0.0,0.92822504,0.56673294,0.7212495,1.3126062,0.0,0.23753078,0.45144314,1.7811596,1.2000954,0.8223338,0.0,2.5216248,0.7255976,2.35151,1.9252585,0.0,0.0,0.0,0.0,0.59401274,1.418678,1.6637388,0.0,0.5017706,0.5952481,0.0,0.0,0.848427,1.1418159,1.6537545,0.0,0.6579801,0.0,1.7367513,0.0,0.0,0.0,0.0,1.2283053,0.71771324,0.0,0.0,1.2828125,0.6741594,0.66807485,0.0,0.5311908,0.0,0.0,0.78766346,0.6791469,1.3767736,0.3025874,0.0,1.0804768,0.0,0.31428376,0.0
U01283,0.0,0.075752795,0.0,0.0,0.0,0.33605334,0.0,0.0,0.0,2.0848591,2.946353,0.0,0.0,1.4150405,0.0,0.0,0.0,3.323071,0.0,1.7320868,0.0,0.0,0.0,0.0,2.1249876,0.0,0.0,0.0,2.0156736,0.0,0.0,0.590173,1.3406018,0.0,0.0,0.0,0.72680736,0.0,0.0,0.0,1.190155,0.13465354,0.0,0.0,0.8026996,0.0,0.0,1.2541914,0.68453735,0.0,0.0,0.949095,0.0,0.0,0.0,0.0,0.0,0.0,0.0,0.0,1.2042323,3.3831182,0.9680657,1.8717446
U01284,0.0,0.93927515,0.0,0.0,0.0,0.0,0.0,0.0,0.0,0.29192388,0.0,0.0,0.0,1.7334456,2.6450405,0.0,0.50378233,0.26671076,0.0,0.0,2.964032,0.0,0.0,1.0147142,0.0,0.0,1.9938828,1.8905722,0.0,0.0,0.0,0.0,0.0,0.0,1.7416801,0.0,0.0,0.0,2.094538,1.101275,0.0,0.11809522,1.0133147,1.7403824,0.0,0.7714016,1.210694,0.5737728,0.60956734,0.0,0.0,0.0,0.0,0.0,0.94968736,0.0,0.0,1.1752195,0.0,0.14201045,0.49882397,0.0,0.0,0.0
U01285,0.0,1.8306296,0.0,0.0,0.0,0.0,0.0,0.0,0.0,0.8982775,0.0,0.0,0.0,0.71747226,1.7886214,0.0,0.71012866,0.4887488,0.0,0.0,1.1417013,0.3138323,1.1562471,0.8112688,0.19046885,0.0,2.6040578,1.0707774,0.0,0.0,0.0,0.0,0.0,0.0,0.5061201,0.0,0.0,0.0,2.5439527,0.44924235,0.0,0.15009025,0.84095323,0.7444977,0.0,0.6552714,0.33148885,0.0,0.7019218,0.0,0.0,0.19696568,0.0,0.0,1.6325823,0.0,0.0,0.71002376,0.0,0.02820007,0.49967575,2.0434475,0.0,0.016979039
U01286,0.0,1.0071505,0.0,0.0,0.0,0.26197472,0.0,0.0,0.0,0.8002052,0.08720757,0.0,0.0,0.8749472,1.4361159,0.0,0.11556202,0.5955255,0.0,1.022406,1.4041827,0.5588385,0.23882782,0.40162474,0.25939578,0.0,1.350866,0.76294285,0.24117386,0.0,0.0,0.0,0.32898915,0.0,0.8131729,0.0,0.2656502,0.0,0.9392841,1.293106,0.28497386,0.17501342,0.6043842,0.075481,0.837566,0.6408889,1.014927,0.6718664,0.7668736,0.0,0.0,0.041231565,0.0,0.072990775,0.0,0.0,0.0,1.1403464,0.0,0.31440246,0.6733225,0.0,0.0,0.0
U01287,0.0,1.2910032,0.0,0.0,0.0,0.38706836,0.0,0.0,0.0,2.4082346,0.9605199,0.0,0.0,0.0,0.0,0.0,0.0,1.36455,0.0,1.7206032,0.7712929,0.28805393,0.0,0.0,0.38677025,0.0,1.0316683,1.3834035,1.6955838,0.0,0.0,0.0,0.86337066,0.0,0.6638999,0.14939594,1.12638,0.0,0.0,1.9777579,0.020464957,0.0,0.0,0.0,1.0243492,0.0,0.0,0.0,1.8325627,0.0,0.0,0.8312826,0.0,0.0,0.0,0.0,0.0,1.036258,0.0,0.0,0.0,0.0,0.26672658,0.0
U01288,0.0,1.7334055,0.0,0.0,0.0,0.0,0.0,0.0,0.0,1.6495298,0.0922465,0.0,0.0,0.9745635,0.56996816,0.0,0.71719825,2.502162,0.0,1.5067153,1.1810094,0.0,0.0,0.25666857,0.0,0.0,2.013996,0.95439225,0.541413,0.0,0.0,0.0,0.40392572,0.0,0.4279657,0.0,0.0,0.0,0.16773175,2.0221882,0.78211373,0.0,0.06369975,0.0,1.6271539,1.3587179,0.114139944,0.0,1.0111074,0.0,0.0,0.12917694,0.0,0.30296525,0.061715484,0.0,0.0,1.4442049,0.0,0.042124394,1.3768948,1.0784119,0.38087708,0.0
U01289,0.0,0.94718605,0.0,0.0,0.0,0.6791309,0.0,0.0,0.0,0.6098609,0.31280008,0.0,0.0,1.0219347,1.321197,0.0,0.80938566,0.3795054,0.0,0.50862956,1.2366128,0.82904935,0.9669278,0.5794206,0.7376647,0.0,1.388688,0.48569632,0.6226256,0.0,0.0,0.3316431,0.33184022,0.0,1.013132,0.0,0.14622542,0.0,1.503708,1.2980261,0.40216702,0.3942173,0.6803465,0.2436226,1.2922024,0.82431024,1.2206533,0.27068874,0.5872637,0.0,0.0,0.2175871,0.0,0.13631368,0.32421327,0.0,0.0,1.0725819,0.0,0.3465798,0.58386344,0.0,0.0,0.086795926
U01290,0.0,2.1363335,0.0,0.0,0.0,0.0,0.0,0.25270045,0.14350379,2.443922,0.0,0.0,0.30858058,2.0183911,0.90010184,0.0,0.0,0.0,0.0,0.0,1.480044,0.0,0.07938498,0.17082582,0.0,0.0,3.3879151,1.2162498,0.0,0.0,0.0,0.0,0.0,0.0,0.17878205,0.0,0.0,0.0,1.3010287,1.3595595,0.0,0.0,0.0,0.0,0.0,0.0,0.0,0.0,1.855486,0.0,0.0,0.0,0.0,0.0,1.0265187,0.0,0.0,1.1349463,0.078661695,0.0,0.4761207,2.9543684,0.0,0.0
U01291,0.0,0.0,0.40409532,0.6331954,0.6899681,0.5869924,0.0,0.0,0.0,3.0240462,2.4439297,0.0,0.49662215,0.0,0.0,0.4627479,0.06144011,0.0,0.35713515,1.6729987,0.0,0.51712865,0.0,0.0,1.772402,0.20886514,0.0,0.0,3.143139,0.37712818,0.20443039,0.7492944,2.4865682,0.0,0.0,0.5703053,2.188129,0.0,0.0,1.1684036,0.0,0.0,0.0,0.0,0.0,0.0,0.0,0.0,1.6243341,0.36778727,0.57524097,2.66919,0.6010086,0.0,0.0,0.04441619,0.41533646,0.0,0.10785371,0.0,0.0,0.0,1.739495,0.6482177
U01292,0.0,0.64087975,0.0,0.0,0.0,0.01073803,0.0,0.008451641,0.0,0.0,0.0,0.0,0.0,0.6642281,1.8696852,0.0,1.5931686,0.0,0.0,0.0,1.4806224,0.5701355,1.0769458,0.14080352,0.14041084,0.0,0.6518637,0.98368025,0.0,0.0,0.0,0.0,0.0,0.0,1.0381546,0.0,0.0,0.01337257,2.6871376,0.60410726,0.0,0.0,0.36978325,1.1211344,0.68603915,0.8284937,0.37281305,0.0,0.16803598,0.0,0.0,0.0,0.019370899,0.0,1.8050421,0.0,0.07515715,0.9938429,0.0,0.0,0.0,0.029846773,0.0,0.0
U01293,0.0,1.2394582,0.0,0.0,0.0,0.0,0.0,0.0,0.0,1.5202723,0.28487003,0.0,0.0,1.0839182,0.13186795,0.0,0.5353107,3.0809107,0.0,1.4550816,1.0958295,0.0,0.0,0.3346331,0.0,0.0,1.9580529,0.7002499,0.9400769,0.0,0.0,0.055684447,0.41627046,0.0,0.6365737,0.0,0.0,0.0,0.0,1.7938333,1.1299727,0.31048483,0.23929091,0.0,1.5103906,1.2726678,0.61220366,0.0,0.90618646,0.0,0.0,0.0029720291,0.0,0.17227986,0.0,0.0,0.0,0.98886526,0.0,0.079535894,1.3336394,1.3578227,0.36797038,0.0
U01294,0.0,1.8042536,0.0,0.0,0.0,0.0,0.0,0.0,0.0,1.5755616,0.0,0.0,0.0,0.77513874,0.064142406,0.0,0.69567156,2.4482605,0.0,1.0517693,1.4220337,0.0,0.0,0.14636233,0.0,0.0,1.7401242,1.2264934,0.57869554,0.0,0.0,0.0,0.4251359,0.0,0.37152016,0.0,0.0,0.0,0.0,1.5525763,0.5820685,0.05259785,0.08223203,0.10547328,0.6404709,1.0574585,0.41131735,0.0,0.791543,0.0,0.0,0.15613365,0.0,0.20686302,0.3087603,0.0,0.0,1.2633461,0.0,0.0,1.1066989,1.4646544,0.3544451,0.0
U01295,0.0,0.6681398,0.0,0.0,0.0,0.14238948,0.0,0.0,0.0,3.198873,2.0849154,0.0,0.0,0.88278896,0.0,0.0,0.0,1.364176,0.0,1.5193722,0.0,0.540226,0.0,0.0,1.3932554,0.0,0.53867584,0.37827396,2.0847235,0.0,0.0,0.0,1.2433178,0.0,0.0,0.0,0.80208445,0.0,0.0,1.1856908,0.0,0.0,0.0,0.0,0.0,0.0,0.0,0.0,1.6164724,0.0,0.047415443,1.2798742,0.0,0.0,0.0,0.0,0.0,0.0,0.0,0.0,0.0,2.1758819,0.06779122,0.4827298
U01296,0.0,0.62168974,0.0,0.0,0.0,0.7616383,0.0,0.0,0.0,0.9990787,0.41118953,0.0,0.0,0.5798757,0.4697888,0.0,1.257199,0.8532343,0.0,1.021867,0.98902416,0.5874134,0.020731032,0.0,0.59120333,0.0,0.8807407,1.1844846,1.3753052,0.0,0.0,0.6477239,1.1392756,0.0,0.9344991,0.0,0.8014313,0.0,0.3780903,0.7856579,0.0,0.1616256,0.3875976,1.0892308,0.6026646,0.3623097,0.041388407,0.0,0.750498,0.0,0.0,1.1306816,0.0,0.0,0.59036756,0.0,0.0,0.5678086,0.0,0.18215953,0.0,0.0,0.14369744,0.22664142
U01297,0.0,0.0,0.0,0.0,0.0,0.77651834,0.0,0.0,0.0,2.153851,2.2866912,0.0,0.0,0.0,0.0,0.0,0.0,0.84056664,0.0,1.1240048,0.0,0.4513227,0.0,0.0,1.8426554,0.0,0.0,0.0,2.62155,0.0,0.0,0.88457954,2.215015,0.0,0.0,0.0,1.9372556,0.0,0.0,0.0,0.3076033,0.3615827,0.0,0.0,0.0,0.0,0.0,0.372133,0.8994427,0.0,0.0,1.8154104,0.0,0.0,0.0,0.0,0.0,0.0,0.0,0.0,0.0,0.6009395,0.89273554,1.5001476
U01298,0.0,0.2259916,0.0,0.0,0.0,0.887426,0.0,0.0,0.0,0.5015323,1.2420708,0.0,0.0,0.9171982,0.62977755,0.0,0.083203554,1.11571,0.0,1.3073506,0.029838324,0.8590162,1.0874414,0.18956962,1.1940064,0.0,0.34605515,0.0,1.135821,0.0,0.0,0.66404665,1.1424751,0.0,0.0,0.0,0.542176,0.0,1.25824,0.03765428,0.53236496,0.6423686,0.123505116,0.0,1.1456585,0.1991821,1.4456867,1.3447031,0.022000432,0.0,0.0,0.30477086,0.0,0.0,0.24156237,0.0,0.0,0.26313508,0.0,0.02228442,0.7118831,1.1043118,0.21498194,0.9244926
U01299,0.0,0.7380569,0.0,0.0,0.0,0.26275006,0.0,0.0,0.0,1.3878682,0.283451,0.0,0.0,0.33071876,1.2569128,0.0,1.6584735,0.05080509,0.0,0.30906296,1.4345237,0.8165499,0.09831458,0.3981672,0.14263463,0.0,1.06761,1.4503428,0.48188695,0.0,0.0,0.0,0.49312973,0.0,0.7414799,0.07980001,0.6534304,0.0,0.88395214,1.3339534,0.0,0.0,0.11840077,1.5319839,0.0,0.37440783,0.07631543,0.0,1.0299032,0.0,0.0,0.5681323,0.0,0.0,0.62954795,0.0,0.0,0.58224344,0.0,0.0,0.085572064,0.4910994,0.10899615,0.0
U01300,0.0,0.0,0.0,0.0,0.0,0.86555433,0.0,0.0,0.0,0.0,0.5093988,0.0,0.0,0.20551121,0.5189094,0.0,2.5262375,0.0,0.0,0.0,0.0,1.5524571,1.483439,0.30474412,1.2388986,0.0,0.0,0.012841821,0.8232806,0.0,0.0,0.90864265,0.9751419,0.0,0.0,0.3358938,0.9635806,0.0,1.8745165,0.0,0.0,0.86345994,0.39591837,1.1485308,0.5872166,0.3941905,0.6310927,1.0289164,0.0,0.0,0.0,0.73731387,0.0,0.0,2.086328,0.0,0.0,0.0,0.0,0.0,0.0,0.1748434,0.8523313,0.8521248
U01301,0.001957953,1.4732491,0.0,0.0,0.0,0.15278912,0.0,0.1079271,0.0,1.3821718,0.24965349,0.0,0.0,0.15334964,0.70762426,0.0,0.5016407,0.7023479,0.0,1.3214209,1.117727,0.36508468,0.0,0.0,0.109779,0.0,0.9190239,1.4314684,0.63143814,0.0,0.0,0.0,0.77464324,0.0,0.679473,0.31636924,0.8535098,0.0,0.0,1.5819254,0.0,0.0,0.10770705,0.65066206,0.4193045,0.0,0.0,0.09573051,1.3833685,0.21299592,0.20326713,0.47781983,0.0,0.0,0.0,0.0,0.0,0.9150944,0.0,0.0,0.30639747,0.0,0.21594185,0.0
U01302,0.0,0.0,0.0,0.0,0.0,1.0001152,0.0,0.0,0.0,0.0,0.30015272,0.0,0.0,0.7894561,0.5464534,0.0,1.6518519,0.0,0.0,0.0,0.09562194,1.2430346,1.1644108,0.6262903,0.6257359,0.0,0.0,0.0,0.40990925,0.0,0.037943467,1.136283,0.8298201,0.0,0.0080292225,0.016217351,0.77706766,0.0,2.0219183,0.0,0.335182,1.2011039,0.9127691,0.95470446,0.4462887,0.44065726,1.912026,1.5408653,0.0,0.0,0.0,0.35768083,0.0,0.0,2.3621788,0.0,0.0,0.0,0.0,0.0,0.0,1.6669033,0.44673172,0.96490324
U01303,0.0,0.85684407,0.0,0.0,0.0,0.045185372,0.0,0.0,0.0,0.0,0.0,0.0,0.0,1.8145301,1.8044326,0.0,1.4602337,0.3045256,0.0,0.22848058,1.4281219,0.0,0.0,1.1417195,0.0,0.0,0.44621098,1.4437264,0.0,0.0,0.0,0.13406193,0.0,0.0,1.0464796,0.0,0.5163354,0.0,1.3996745,0.36147785,0.0,0.5436101,1.497866,1.5494347,0.06607771,1.0540186,1.4635015,0.89532554,0.6513538,0.0,0.0,0.08141909,0.0,0.379077,1.8781463,0.0,0.0,0.012171984,0.0,0.23394293,0.22823769,0.7230035,0.51178277,0.5021293
U01304,0.41772708,0.0,0.25816542,0.31468168,0.5444968,1.9402274,0.04885024,0.8147347,0.65776056,0.0,0.06203299,0.64128435,0.16484658,0.2850452,0.7581144,0.3129228,0.37715942,0.0,0.6187448,0.0,0.0,0.50668955,3.9465384,1.0372112,1.3933967,0.847129,0.0,0.0,0.0,0.8305743,0.21281129,3.1148367,0.047987446,0.11917126,0.0,0.0,0.0,0.578335,2.1248326,0.0,2.056517,2.6404612,1.3202621,0.0,1.3281126,0.18688118,4.747916,3.6896,0.0,0.76675916,0.5144907,0.0,0.5399832,0.0,2.691536,0.60117406,0.59363914,0.0,0.0,0.0,0.0,0.0,0.0,2.8566782
U01305,0.0,1.2079937,0.0,0.0,0.0,0.0,0.0,0.0,0.0,0.5453539,0.24179143,0.0,0.0,0.54499114,1.5734694,0.0,0.0,0.971359,0.0,0.7506205,1.3161356,0.0,0.33194703,0.47729772,0.33951205,0.0,2.0413895,0.69840616,0.26859605,0.0,0.0,0.007974625,0.0,0.0,0.8793193,0.0,0.0,0.0,1.5158712,1.4060702,0.61932194,0.1557307,0.83289623,0.0,1.1581826,1.2219323,0.69362885,0.70196307,0.62359166,0.0,0.0,0.0,0.0,0.0,0.0,0.0,0.0,1.6426728,0.0,0.22676408,1.5683172,0.0,0.0,0.0
U01306,0.0,0.0,0.0,0.0,0.0,0.7635504,0.0,0.27487683,0.0,0.0,0.38616955,0.0,0.0,1.6986667,1.5783185,0.0,1.008492,0.17520475,0.0,0.49526763,0.095528126,0.23079203,2.1859152,0.8532936,0.7856399,0.0,0.63606316,0.0,0.0,0.0,0.0,0.43928802,0.0,0.0,0.45971286,0.0,0.075318485,0.0,1.4949433,0.0,0.621063,0.57897776,0.52076924,0.44380563,1.174282,0.866251,1.333992,0.48597142,0.0,0.0,0.0,0.0,0.0,0.0,0.75822556,0.0,0.0,0.0,0.0,0.0,0.5972498,1.1823932,0.0,0.9297267
U01307,0.0,0.8846155,0.0,0.0,0.0,0.13453233,0.0,0.04127188,0.0,1.1336198,0.25822204,0.0,0.0,1.5687399,1.5057287,0.0,1.1992221,0.0,0.0,0.34336615,1.194207,0.7433927,1.0006018,0.73677903,0.29370296,0.0,1.5374472,0.8865243,0.0,0.0,0.0,0.0,0.0,0.0,0.751792,0.0,0.47633028,0.0,1.0729302,1.1499084,0.0,0.0,0.09808281,0.62711114,0.2527796,0.31105435,0.36173987,0.019980252,0.94901025,0.0,0.0,0.24150819,0.0,0.06166467,0.5556798,0.0,0.0,0.7608358,0.0,0.0004428503,0.6127712,1.0667187,0.0,0.0
U01308,0.0,1.4637297,0.0,0.0,0.0,0.0,0.0,0.0,0.0,1.603805,0.0,0.0,0.0,2.3694801,0.27221972,0.0,0.17355692,2.2061796,0.0,0.97590506,1.8928854,0.0,0.0,0.17872469,0.0,0.0,0.69103515,2.0778537,0.2506882,0.0,0.0,0.591807,0.0,0.0,1.7997475,0.0,0.7159316,0.0,0.0,2.1104913,0.0,0.0,0.0,0.0062406063,1.7172426,0.20765418,0.98484325,0.0,1.350528,0.0,0.0,0.64811766,0.0,0.0,0.32862067,0.0,0.0,1.9556224,0.0,0.0,1.1116256,0.0,0.0,0.0
U01309,0.3330899,0.0,0.3042043,0.06644797,0.8124567,1.3903233,0.1733582,0.5786089,0.6221865,0.0,1.2889259,0.09921543,0.5344253,0.0,0.0,0.0679481,0.0,0.72632277,0.23118848,1.0958582,0.0,0.5301059,1.9447529,0.0,1.8551333,0.60665727,0.0,0.0,1.0074533,0.7753244,0.0,1.8811116,1.6888962,0.058460057,0.0,0.0,0.0,0.7157891,0.5956236,0.0,1.4667335,1.9722078,0.6358601,0.0,0.5277581,0.0,3.4469504,3.1011424,0.0,0.5722699,0.50433284,0.0,0.5607341,0.0,0.7060095,0.7165727,0.6241655,0.0,0.45746654,0.0,0.28794158,0.9228133,0.53285074,2.03465
U01310,0.0,0.0,0.0,0.0,0.0,1.294701,0.0,0.0,0.0,0.0,0.3023262,0.0,0.0,0.6145673,1.5170839,0.0,1.200728,0.0,0.0,0.068579674,0.6762279,1.14931,1.6513529,1.1436638,0.9082426,0.0,0.4421413,0.2925073,0.4565578,0.0,0.0,0.8968818,0.5540713,0.0,0.7442427,0.0,0.59299374,0.0,2.1888216,0.0,0.4628973,1.3205348,1.1801559,0.76644075,0.0,0.56709945,2.168654,1.4481843,0.0,0.0,0.0,0.4318478,0.0,0.3032439,1.5464736,0.0,0.0,0.0,0.0,0.17967167,0.06503552,1.2140278,0.049183786,1.1344335
U01311,0.0,0.0,0.0,0.0,0.0,1.0556276,0.0,0.0,0.0,0.15062904,0.0,0.0,0.0,2.0686145,1.321706,0.0,0.6315268,1.6133803,0.0,0.0,1.4009969,0.0,0.0,1.2478577,0.0,0.0,0.8452754,1.1613812,0.0,0.0,0.0,1.1687198,0.0,0.0,2.1122518,0.0,0.7117584,0.0,0.07419261,1.6973648,0.9140802,0.44496435,1.1745576,1.6233046,1.4032769,1.3997625,1.7853625,0.6621821,0.92359066,0.0,0.0,0.18678781,0.0,0.3357236,0.6800207,0.0,0.0,0.8320651,0.0,0.3387815,0.83785605,0.0,0.0,0.4174093
U01312,0.0,0.0,0.0,0.0,0.0,1.5451258,0.0,0.0,0.0,0.7764608,2.1961284,0.0,0.0,0.0,0.0,0.0,2.0726888,0.0,0.0,0.49265623,0.0,1.477318,1.5347619,0.0,1.9371393,0.0,0.0,0.0,2.4007428,0.0,0.0,0.70311046,2.4501874,0.0,0.0,0.0,1.2278476,0.0,0.053859815,0.28497195,0.25445265,0.57241935,0.0,1.0526413,0.7799547,0.0,0.0,0.4525468,0.5711377,0.0,0.0,1.4585133,0.0,0.0,0.35983837,0.0,0.0,0.0,0.0,0.0,0.0,0.0,0.20670798,0.71666765
U01313,0.49967945,1.196471,0.42986315,0.4018544,0.0,0.0,0.63588274,0.38206488,0.5418814,0.6690486,0.0,0.16375022,0.37217075,1.9814098,2.000773,0.5308146,0.0,1.8935406,0.4034527,1.8032253,2.4954214,0.0,0.0,0.4126346,0.0,0.32005778,1.4934185,1.8242421,0.0,0.27275455,0.33107775,0.0,0.0,0.37476715,1.6205992,1.3803227,0.0,0.34713507,0.59922826,1.8449582,0.0,0.0,0.068738356,0.14211483,1.3424522,1.0150678,0.0,0.0,1.2227056,0.39379054,0.4559821,0.0,0.36205444,0.0,0.0,0.44472682,0.31438234,1.5199311,0.11782861,0.14432706,1.1567438,0.0,0.041850626,0.0
U01314,0.0,1.4311771,0.0,0.0,0.0,0.0,0.0,0.19956103,0.0,0.65708995,0.0,0.0,0.0,1.3917454,2.145947,0.0,1.2259524,0.9150542,0.0033458173,0.5738797,1.708026,0.0,0.0,0.7333868,0.0,0.0,1.0912579,1.3055713,0.0,0.0,0.0,0.0,0.0,0.0,0.80054003,0.19067895,0.28554133,0.0,0.90149605,0.008789301,0.0,0.0,0.574444,1.2311229,0.0,0.50986505,0.12816173,0.17419732,0.5961087,0.0,0.0,0.0,0.049544916,0.0,0.9091133,0.0,0.0,0.5597718,0.041158378,0.0,0.1540196,0.69801164,0.1467849,0.0
U01315,0.0,0.39213902,0.0,0.0,0.0,0.80821955,0.0,0.0,0.0,0.98507786,1.115545,0.0,0.0,1.6239724,0.6930777,0.0,0.21584487,1.2840624,0.0,1.18992,0.31939244,1.0163435,0.75732476,0.42326254,0.7295033,0.0,0.7802001,0.30000913,0.8524197,0.0,0.0,0.13757503,0.8992707,0.0,0.13882637,0.0,0.70422643,0.0,0.90195465,0.589434,0.20543572,0.4012944,0.089286,0.0,0.98843837,0.18606907,1.4234306,1.042305,0.43724883,0.0,0.0,0.45895016,0.0,0.0,0.35821056,0.0,0.0,0.6786727,0.0,0.0407815,0.49827448,1.7225665,0.0,0.693589
U01316,0.0,1.5579636,0.0,0.0,0.10749926,0.0,0.0,0.0,0.0,2.2705398,0.0,0.0061142407,0.122622535,1.8525178,0.0,0.0,0.0,2.049557,0.0,1.3280576,1.7645853,0.0,0.0,0.0,0.0,0.0,2.0981104,2.2417462,0.19873387,0.1939877,0.0,0.0,0.0,0.0,1.2720783,0.0,0.34513405,0.14851719,0.0,2.0669966,0.0,0.0,0.0,0.0,0.0,0.0,0.0,0.0,2.0116143,0.0774205,0.033034123,0.107819796,0.0,0.0,0.0,0.0,0.0,1.2194034,0.0,0.0,0.0,0.0,0.0,0.0
U01317,0.21608073,0.0,0.10432641,0.0,0.68209726,0.046614602,0.21089834,0.04987459,0.26827776,0.0,0.9202149,0.0,0.2127377,0.0,0.0,0.0,0.0,1.4833486,0.14945725,1.4378769,0.0,0.0,0.69404393,0.0,1.1270659,0.21156801,0.0,0.0,1.4583371,0.4270507,0.0,1.5239575,1.729713,0.0,0.0,0.0,0.0,0.43694407,1.0154281,0.0,1.6138208,1.1455672,0.32799426,0.0,1.8120768,0.77317655,2.1630354,2.0991015,0.0,0.0,0.08506694,0.0,0.05871147,0.0,0.502792,0.4367711,0.12823473,0.6540577,0.0,0.0,1.3742461,0.0,0.26057684,0.669659
U01318,0.39839736,0.7321643,0.4662178,0.44640613,0.1058528,0.0,0.4991464,0.37102482,0.85728186,0.0,0.0,0.37695545,0.71368957,2.3467176,2.8988013,0.54022926,0.0,0.6134553,0.2871153,0.20965815,2.8859258,0.0,0.0,1.0653126,0.0,0.41809738,1.4640896,1.4391443,0.0,0.52691984,0.37890464,0.0,0.0,0.23319879,1.9554739,1.3156023,0.0,0.120842665,1.7544917,1.524107,0.0,0.0,0.5493835,0.5797174,1.0053906,1.4134771,0.0,0.0,0.67492723,0.46781135,0.6549748,0.0,0.8415418,0.0,0.0,0.31489068,0.41808012,1.6406126,0.20144847,0.11504708,1.2974474,0.0,0.0,0.0
U01319,0.0,0.6655451,0.0,0.27681932,0.0,0.43628332,0.0,0.0,0.0,2.312975,1.8024517,0.0,0.2569219,0.0,0.0,0.0,0.0,0.56062627,0.0,1.6107252,0.0,0.8862174,0.0,0.0,1.593816,0.0,0.0,0.0,3.0145288,0.04751368,0.017118484,0.24381536,2.566104,0.0,0.0,0.051796317,1.1836524,0.0,0.0,0.8716624,0.63356835,0.0,0.0,0.0,0.0,0.0,0.0,0.0,1.1352988,0.025831968,0.08242644,1.4206729,0.2710655,0.0,0.0,0.0,0.008489698,0.0,0.0,0.0,0.0,0.0,0.45834786,0.0
U01320,1.0793023,0.9986669,0.9807416,1.1514401,0.4656669,0.0,1.2871691,0.8310423,1.0691694,0.9837196,0.0,0.47840166,0.72985816,1.6475773,1.2084026,1.0664556,0.0,2.0315008,1.0384018,1.94198,1.7883128,0.0,0.0,0.035141647,0.0,0.87356913,1.2753336,1.5071718,0.0,0.79256326,0.8603416,0.0,0.0,1.0797403,1.1125116,1.874418,0.0,0.97708744,0.0,1.5271695,0.0,0.0,0.0,0.0,1.0734118,0.68296957,0.0,0.0,1.108562,0.99140286,0.93269324,0.0,0.819229,0.0,0.0,1.1075194,0.90266424,1.1996664,0.52433246,0.0,0.9374425,0.0,0.3194579,0.0
U01321,0.0,0.56473255,0.0,0.0,0.0,0.6929475,0.0,0.0,0.0,0.50739,0.763185,0.0,0.0,1.2277083,0.99398047,0.0,0.8757739,1.7975004,0.0,1.0319939,0.55932677,0.45410138,0.39083737,1.1857527,0.489833,0.0,1.3517507,0.36939335,0.3268509,0.0,0.0,0.30596328,0.48152506,0.0,0.5194526,0.0,0.14378238,0.0,0.2489994,1.0469638,0.44792646,0.46251994,0.9969703,0.48593825,0.6439502,1.1759301,1.3364761,1.2110479,0.25988942,0.0,0.0,0.4345298,0.0,0.0,0.16691768,0.0,0.0,0.8142087,0.0,0.18455045,0.8948121,1.7792512,0.1137076,0.2298094
U01322,0.0,0.0,0.0,0.0,0.0,0.5317304,0.0,0.0,0.0,0.0,0.33751765,0.0,0.0,0.0,0.43535733,0.0,0.0,1.5260932,0.0,0.6755183,0.20399094,0.0,0.90265185,0.082438365,0.9329606,0.0,0.24784064,0.0,1.0231075,0.0,0.0,1.3270695,1.2374201,0.0,0.21039689,0.0,0.0,0.0,1.3659075,0.0,1.7333388,0.8689418,1.1343296,0.06948784,1.7230004,1.5638583,1.6119407,1.0801724,0.0,0.0,0.0,0.0,0.0,0.0,0.86042464,0.0,0.0,0.79280394,0.0,0.0,1.0228819,0.0,0.0,0.39875567
U01323,0.0,0.745554,0.0,0.0,0.0,0.4693978,0.0,0.0,0.0,0.0,0.0,0.0,0.0,1.0894449,1.0507243,0.0,1.54904,0.0,0.0,0.0,0.9254145,1.2350804,1.210355,0.72154194,0.2428608,0.0,0.4878294,0.6853732,0.19886327,0.0,0.0,0.52046645,0.19564374,0.0,0.50286,0.0,0.0062099695,0.0,2.9381552,0.5064163,0.0,0.87786424,0.9131311,0.7521535,0.848675,0.93565303,1.4988167,0.7470254,0.11030197,0.0,0.0,0.07409992,0.0,0.0,2.2213902,0.0,0.0,1.1103718,0.0,0.01457445,0.41191152,1.2017903,0.39373532,0.28473926
U01324,0.0,0.0,0.27076685,0.0,0.15987466,0.5682391,0.0679633,0.0,0.09261364,0.0,0.0,0.23043351,0.0,0.35053813,0.8892857,0.05995196,1.6164917,0.0,0.0,0.0,0.6013285,0.33162773,1.2457545,1.5363003,0.0,0.19006558,0.0,0.08147776,0.0,0.0,0.14801112,0.7616725,0.0,0.0,0.32618904,0.10601473,0.019729793,0.0,1.4569056,0.0,0.0,1.2953078,1.8228062,0.9822956,0.0,1.1147959,1.1746471,0.039211676,0.0,0.0,0.006388223,0.009992525,0.0,0.0,2.8492284,0.06906158,0.0,0.0,0.024226159,0.0,0.0,2.672764,0.39603737,0.5829569
U01325,0.0,0.0,0.0,0.0,0.03113605,0.45118883,0.0,0.0,0.0,0.0,1.246963,0.0,0.0,0.0,0.0,0.0,0.0,0.87151635,0.0,0.7154174,0.0,0.0,1.2502232,0.0,1.564419,0.0,0.19811189,0.0,1.3380325,0.021734381,0.0,1.0670644,1.8602952,0.0,0.0,0.0,0.0,0.0,1.1771009,0.0,1.4505494,1.2879847,1.1822277,0.0,0.30001593,0.7235038,2.336124,2.3897371,0.0,0.0,0.0,0.0,0.0,0.0,0.5442774,0.0,0.0,0.38729876,0.0,0.0,1.0647308,1.367315,0.086791635,1.086072
U01326,0.0,1.1771524,0.0,0.0,0.0,0.0,0.0,0.0,0.0,0.0,0.0,0.0,0.0,1.8869001,2.140796,0.0,2.4173803,0.0,0.0,0.19007015,2.211492,0.0,0.0,1.4689535,0.0,0.0,0.0,2.4572537,0.0,0.0,0.0,0.20798892,0.0,0.0,2.0827389,0.014304638,0.17795861,0.0,0.0,0.65432847,0.0,0.06900218,1.5110132,1.1968648,1.0816238,1.1733456,0.03420046,0.46934536,1.1847003,0.0,0.0,0.09045593,0.0,0.41424718,0.8467647,0.0,0.0,1.3904076,0.0,0.0,0.1992262,0.0,0.8044652,0.0
U01327,0.0,1.3095636,0.0,0.0,0.0,0.0,0.0,0.0,0.0,1.5084525,0.24218565,0.16837765,0.0,0.0,1.195605,0.061106503,0.66560555,0.5556576,0.0,0.64414465,1.6430265,0.33497405,0.0,0.0,0.0,0.0,1.6009979,1.3548621,1.0424827,0.0,0.0,0.0,0.68372697,0.05664864,0.6740016,0.0,0.23497352,0.02323389,1.0554401,1.7520869,0.0,0.0,0.0,0.4171937,0.34364617,0.23175597,0.047019348,0.0,1.060969,0.0,0.0,0.20221087,0.0,0.0,0.22049487,0.0,0.0103777945,1.6300232,0.0,0.0,0.30876723,0.0,0.0,0.0
U01328,0.0,0.21519548,0.0,0.0,0.0,0.72229457,0.0,0.0,0.0,0.7209961,1.5914532,0.0,0.0,1.4591246,0.06361723,0.0,0.22151911,1.7486874,0.0,1.2519634,0.0,0.7275814,0.74763805,0.47208452,1.2830362,0.0,0.5038857,0.0,1.0228192,0.0,0.0,0.11261505,1.0984045,0.0,0.0,0.0,0.14443669,0.0,0.0,0.5620012,0.7909511,0.5891474,0.17934723,0.0,1.0141001,0.5329768,1.0775535,1.517086,0.24443775,0.0,0.0,0.659847,0.0,0.10883093,0.39158404,0.0,0.0,0.28023458,0.0,0.15663953,0.99644315,2.5248506,0.29833043,0.7894707
U01329,1.0050974,0.0,1.1892718,1.0852666,0.5682794,1.2330445,0.71203804,0.0859918,0.83878756,0.0,1.4879293,0.7021226,0.23238774,0.0,0.0,0.76865214,3.3952298,0.0,1.0249419,0.020564795,0.0,2.3853693,1.9783628,0.0,2.2964647,0.91564155,0.0,0.0,2.1745102,0.97375923,0.8901594,1.7203557,2.2145333,1.0012789,0.0,0.5444469,1.0402372,1.0512356,0.9052813,0.0,0.0,1.1808969,0.0,0.35654956,0.3837999,0.0,0.1586976,1.0169176,0.0,1.0051656,0.948959,1.189056,0.917363,0.0,2.1693664,0.95918465,1.2068058,0.0,0.56045663,0.0,0.0,0.0,1.5488052,0.83554935
U01330,0.0,0.0,0.0,0.0,0.0,1.3732642,0.0,0.0,0.0,0.31392276,1.3063936,0.0,0.0,0.0,0.0,0.0,1.6181531,0.4955752,0.0,0.54247403,0.0,1.7926257,1.0393643,0.06921233,1.2296411,0.0,0.0,0.008697748,1.7026799,0.0,0.0,0.92085767,1.9764425,0.0,0.0,0.0,0.7671622,0.0,0.75520134,0.0,0.31723493,0.8378447,0.22567752,0.9033078,0.0,0.0,0.5013632,0.7971957,0.0,0.0,0.0,1.2766954,0.0,0.0,1.0759672,0.0,0.0,0.0,0.0,0.0,0.0,0.9589641,0.31467435,0.86338127
U01331,0.0,1.2167044,0.0,0.0,0.0,0.0,0.0,0.026856601,0.044719763,0.34966886,0.0,0.0,0.30357933,0.9029469,2.130065,0.0,0.0,0.55060196,0.0,0.35798073,1.5787295,0.0,0.46869642,1.0140134,0.0,0.0,2.4290047,0.37957275,0.0,0.0,0.0,0.0,0.0,0.0,0.93028146,0.10810459,0.0,0.01688689,2.0011537,0.97777706,0.20835403,0.34131616,1.1138592,0.0,0.53284526,0.94776803,1.0697286,0.71287775,0.31902945,0.046502948,0.103221655,0.0,0.0,0.0,0.0,0.0,0.0,1.4273295,0.0,0.13239382,1.0979131,0.0,0.0,0.0
U01332,0.7790728,0.77496123,0.5939638,0.9451523,1.2487,0.0,0.6474281,0.5116223,0.85392076,0.63029844,0.0,0.8691039,0.80334616,2.2334914,1.7285254,0.61964506,0.0,0.75425506,0.8585568,0.0,2.79908,0.0,0.0,0.90252423,0.0,0.6416323,1.8243177,2.2731652,0.0,0.8987707,0.505368,0.0,0.0,0.6602837,1.9732424,0.7714886,0.0,0.915347,0.0,1.4538927,0.0,0.0,0.2693815,1.1655654,0.0,0.0,0.12693796,0.0,0.98909175,1.0091422,0.64520276,0.0,1.2891922,0.0,0.087753296,0.7846264,0.8997097,0.9642633,0.93111354,0.0,0.42127106,0.0,0.0,0.0
U01333,0.3190137,0.0,0.40495712,0.65861094,0.0,1.3167607,0.3660531,0.0,0.34083545,0.9491381,1.5215921,0.4369052,0.0,0.0,0.0,0.29089,2.9861813,0.0,0.21403384,0.21734166,0.0,1.975934,1.2016728,0.0,1.7392042,0.75993127,0.0,0.0,2.2608314,0.47624958,0.5964946,0.7824445,2.1711588,0.42010018,0.0,0.40789407,1.276592,0.2315761,0.28939486,0.60775876,0.0,0.11630419,0.0,0.589975,0.0,0.0,0.0,0.24333537,0.1991185,0.3992023,0.27737468,1.834445,0.56926054,0.0,0.9543005,0.4449655,0.646209,0.0,0.14736712,0.0,0.0,0.0,0.9440099,0.25933826
U01334,0.23826045,0.12403256,0.21741167,0.20167288,0.21275856,0.0,0.4518031,0.56447566,0.8543078,0.0,0.0,0.5240339,0.43849063,1.0533696,2.455978,0.46842432,1.2039683,0.0,0.22002032,0.0,1.2338072,0.3036061,1.5233543,1.1133032,0.0,0.52090514,1.3961475,0.39361477,0.0,0.5722792,0.5055387,0.0,0.0,0.43571347,0.84369713,0.026654482,0.0,0.39852124,2.0036383,0.13161063,0.0,0.0,0.56528866,0.6174059,0.0,0.08633816,1.1730516,0.0026641488,0.0,0.36640805,0.10948509,0.0,0.72054935,0.0,1.1633683,0.1825375,0.26610154,0.42043918,0.630708,0.0,0.0,1.0453787,0.0,0.0
U01335,0.0,0.32589018,0.0,0.0,0.0,0.7378167,0.0,0.0,0.0,1.6252203,1.6818957,0.0,0.0,0.68896073,0.0,0.0,0.0,1.722393,0.0,1.480538,0.0,0.5158837,0.44331974,0.0,1.6316857,0.0,0.31511593,0.0,2.035592,0.0,0.0,0.24954712,1.1270863,0.0,0.0,0.0,0.4364476,0.0,0.40547863,0.0,0.38240469,0.032933027,0.0,0.0,0.9937425,0.0,0.4477436,0.010132819,0.51284146,0.0,0.0,0.2408286,0.0,0.0,0.0,0.0,0.0,0.0,0.0,0.0,0.4824255,1.6256775,0.3430934,1.3973701
U01336,0.0,0.70254624,0.0,0.0,0.0,0.74266195,0.0,0.0,0.0,1.090234,1.4220024,0.0,0.0,1.6697669,0.3079813,0.0,0.08570421,1.8650191,0.0,1.4226857,0.054895997,0.7774303,0.53591114,0.50154036,1.1332351,0.0,0.89412194,0.0,1.066796,0.0,0.0,0.3585235,0.9527139,0.0,0.0,0.0,0.39962044,0.0,0.13828626,0.70814824,0.7399346,0.33038127,0.07144514,0.0,1.6771377,0.53638446,1.0087926,1.0485761,0.54568565,0.0,0.0,0.5290215,0.0,0.075797945,0.0,0.0,0.0,0.73711836,0.0,0.16804373,1.0763817,1.7818252,0.24797073,0.6333457
U01337,0.0,0.3096497,0.0,0.0,0.0,0.0,0.0,0.0,0.0,0.0,0.0,0.0,0.0,1.9143355,2.322342,0.0,1.3496498,0.0,0.0,0.0,2.1661525,0.0,0.5514,1.3340089,0.0,0.0,0.62704724,1.3517544,0.0,0.0,0.0,0.41788423,0.0,0.0,1.6748571,0.049850106,0.067117795,0.0,2.567866,0.45973277,0.0,0.2963903,1.2125483,1.5300233,0.2806524,1.164157,1.4139934,0.79199076,0.27074182,0.0,0.0,0.0,0.0,0.32530102,2.1895027,0.0,0.0,0.67857003,0.0,0.035993617,0.47556862,0.0,0.0,0.3727559
U01338,0.0,1.1785077,0.0,0.0,0.0,0.65973973,0.0,0.0,0.0,1.5024794,0.78608775,0.0,0.0,0.017789483,0.0,0.0,0.6679353,1.0246606,0.0,1.5801365,0.6686564,0.63404834,0.0,0.0,0.47880042,0.0,0.7679142,1.3374178,1.5272974,0.0,0.0,0.15616256,1.1078,0.0,0.69982857,0.18618727,1.0920653,0.0,0.0,1.7294352,0.0028277636,0.0,0.0,0.5199587,0.58266175,0.0,0.0,0.015073717,1.3131089,0.0,0.0,0.94475615,0.0,0.0,0.0,0.0,0.0,0.7767145,0.0,0.019554878,0.10440689,0.0,0.34522387,0.0
U01339,0.0,0.7514215,0.0,0.0,0.0,0.37608546,0.0,0.0,0.0,0.08466518,0.0,0.0,0.0,0.43568486,1.8054247,0.0,1.6593878,0.21138978,0.0,0.0,1.4138263,0.0,1.0626986,1.0948945,0.23878098,0.0,1.7144151,0.3496648,0.0,0.0,0.0,0.68764174,0.0,0.0,1.3406122,0.0,0.0,0.0,0.7891513,1.3648024,1.1515524,0.6073763,0.97176707,0.65107083,1.0824705,1.2635727,1.50222,0.7263421,0.29654038,0.0,0.0,0.0,0.0,0.37779108,0.0,0.0,0.0,1.0217491,0.0,0.40116906,0.62602234,0.0,0.0,0.0
U01340,0.0,0.99654317,0.0,0.0,0.0,0.032002404,0.0,0.1493675,0.0,0.39913285,0.0,0.0,0.0,1.2735938,2.216021,0.0,0.84789264,0.12940812,0.0,0.13763547,1.1947682,0.11735338,1.515945,0.84186304,0.33013463,0.0,1.8815131,0.21907091,0.0,0.0,0.0,0.0,0.0,0.0,0.57829463,0.0,0.0,0.0,2.8937187,0.24424016,0.0,0.15580872,0.5051455,0.38180998,0.0,0.48199028,1.0152185,0.11891946,0.12015033,0.0,0.0,0.0,0.0,0.0,1.3663706,0.0,0.0,0.6008439,0.0,0.0,0.31833473,1.1305895,0.0,0.32768905
U01341,0.0,0.48501587,0.0,0.0,0.0,0.3862014,0.0,0.0,0.0,0.0,0.0,0.0,0.0,1.0221521,1.546583,0.0,2.2000303,0.15220761,0.0,1.0543705,0.6688518,0.7857824,2.018563,0.7898259,0.22440374,0.0,0.3827114,0.5548918,0.0,0.0,0.0,0.12515765,0.4138122,0.0,0.012300372,0.0,0.0,0.0,2.202026,0.0,0.0,0.9620838,1.1154529,0.67983794,0.0,0.41897213,0.9442711,0.50361097,0.060771465,0.0,0.0,0.38282755,0.0,0.3588353,2.0414157,0.0,0.0,0.20035887,0.0,0.0,0.0,1.3133191,0.036971807,0.8318604
U01342,0.34852085,0.0,0.18445781,0.29203027,0.28084034,1.8309596,0.0,0.60072505,0.4870913,0.0,0.7754811,0.365937,0.0,0.0,1.024832,0.0,0.0,0.0,0.17736745,0.6877806,0.0,0.19443996,2.9678984,0.0,1.6244905,0.3063079,0.0,0.0,0.09191489,0.2813658,0.4637612,2.3782063,1.1140646,0.0,0.0,0.0,0.17370087,0.17118442,1.0061309,0.0,2.0535235,1.5700706,0.58190715,0.0,1.242939,0.0,3.4521723,2.8507485,0.0,0.30097234,0.3805698,0.0,0.0092613995,0.0,0.9736539,0.20069426,0.15618117,0.0,0.0,0.0,0.0,0.3797435,0.0,2.3830144
U01343,0.0,0.0,0.0,0.0,0.23348792,1.094884,0.0,0.0,0.0,1.2945217,1.596722,0.0,0.0,0.0,0.0,0.0,0.73704857,0.63108563,0.0,1.6340519,0.0,1.2760069,0.401604,0.0,1.6631851,0.0,0.0,0.0,2.0757241,0.0,0.0,0.7092885,1.7885004,0.0,0.0,0.33653194,1.371308,0.0,0.0,0.40116537,0.21729386,0.0,0.0,0.0,1.0471289,0.0,0.0015406609,0.17282924,0.61991704,0.0,0.009661876,1.1673167,0.0,0.0,0.0,0.0,0.0,0.0,0.0,0.0,0.0,0.0,0.9480592,0.79801166
U01344,0.0,1.2359064,0.0,0.0,0.0,0.045966327,0.0,0.0,0.0,0.93714875,0.0,0.0,0.0,1.6259067,1.8641874,0.0,0.26674902,1.4052004,0.0,1.082027,1.9705594,0.39565384,0.024437487,0.65957147,0.19972974,0.0,2.3400054,1.1999261,0.26531333,0.0,0.0,0.0,0.21527779,0.0,0.96669054,0.0,0.0,0.0,1.3837622,1.6733484,0.0,0.0,0.52191067,0.47098342,0.4628682,0.62815607,0.65831995,0.034680754,0.9941887,0.0,0.0,0.0,0.0,0.0,0.063504934,0.0,0.0,1.9038212,0.0,0.28133488,0.52931213,0.12820932,0.0,0.0
U01345,0.0,0.51059365,0.0,0.0,0.0,0.7442957,0.0,0.0,0.0,0.28012586,0.3065383,0.0,0.0,0.55389374,2.353804,0.0,1.3309059,0.0,0.0,0.0,1.1577886,0.78362703,1.8903556,1.6188525,0.7277181,0.0,1.9004567,0.25665438,0.0,0.0,0.0,0.04701501,0.0,0.0,0.61331356,0.0,0.1342252,0.0,2.4042315,0.5907464,0.0,0.4079495,1.2444185,1.2167325,0.0,0.60332465,1.5323943,0.692804,0.24911892,0.0,0.0,0.33903366,0.0,0.30139735,1.6771694,0.0,0.0,0.12661088,0.0,0.14564148,0.2132585,1.9242232,0.0,0.33178937
U01346,0.0,0.6489949,0.0,0.0,0.0,0.67377996,0.0,0.0,0.0,0.024001598,0.26365492,0.0,0.0,0.7311564,1.6954775,0.0,0.035956025,0.23282695,0.0,0.23570037,0.89566594,0.1697238,1.3620126,0.83431846,0.6254828,0.0,1.7682918,0.0,0.0,0.0,0.0,0.18925619,0.0,0.0,0.6091656,0.0,0.0,0.0,2.2441678,0.69582033,0.4583177,0.73696566,1.3038298,0.0,0.20076168,0.7760158,1.7607852,0.8381157,0.0,0.0,0.0,0.0,0.0,0.10286185,0.5125135,0.0,0.0,0.7539642,0.0,0.15826909,0.66034836,0.7183541,0.0,0.42290306
U01347,0.9005119,0.0,1.4326288,1.3514528,0.8725902,0.0,1.0286,0.44525436,0.94132435,0.24809813,0.24662933,0.39686352,0.289123,1.8842556,0.0,0.32998765,0.0,3.6388125,1.1965619,2.6046586,0.0,0.0,0.0,0.012172155,0.0,0.56146425,0.6848189,0.0,0.4709485,1.7263733,0.78925675,0.0,0.44847766,1.2120867,0.0,0.647794,0.0,1.3582757,0.0,0.06887126,0.45427102,0.0,0.0,0.0,1.1645699,0.24905235,1.0885683,1.16052,0.0,0.777171,1.2546151,0.0,0.62686104,0.0,0.0,0.43337703,0.6437938,1.3293465,1.0602934,0.0,1.0031118,2.1565416,0.12420243,0.0
U01348,0.0,0.20902294,0.0,0.0,0.0,0.70963085,0.0,0.0,0.0,0.12760568,0.17055891,0.0,0.0,1.3827753,1.5006961,0.0,1.6375585,0.14794135,0.0,0.59967387,1.142472,0.9671516,0.9938442,0.6434999,0.4010917,0.0,0.3930608,0.755076,0.31606573,0.0,0.0,0.40655386,0.33673793,0.0,0.86054784,0.07895148,0.7036494,0.0,1.5563356,1.0366261,0.23225126,0.38465112,0.716336,0.91746885,1.2401332,0.8436597,1.4328785,1.0060991,0.30733865,0.0,0.0,0.35001573,0.0,0.14196855,0.76412976,0.0,0.0,0.720392,0.0,0.14651866,0.38569224,0.3972889,0.071441054,0.24834752
U01349,0.0,1.4387317,0.0,0.0,0.0,0.0,0.0,0.1421843,0.0,0.7838366,0.0,0.13480842,0.4375524,0.0,1.9258748,0.0,0.0,0.0,0.0,0.0,1.0472367,0.2723294,1.0868278,0.25893176,0.0,0.0,2.3693972,0.9189546,0.0,0.0,0.0,0.0,0.044415593,0.0,0.50452983,0.0,0.0,0.0,2.1593957,1.6076039,0.0,0.0,0.54972607,0.0,0.16708326,0.33218253,0.55401844,0.43372193,0.79874635,0.088917464,0.2277393,0.0,0.0,0.0,0.04699588,0.0,0.0,1.5015059,0.116927266,0.0,0.63634247,0.0,0.0,0.0
U01350,0.0,1.5767758,0.0,0.0,0.0,0.0,0.0,0.0,0.0,1.3306302,0.37933564,0.0,0.0,1.2836859,0.63553035,0.0,0.7583201,1.2570165,0.0,1.6121368,0.9874394,0.0,0.0,0.0,0.05739832,0.0,0.0,1.691565,0.0,0.0,0.0,0.0,0.22229794,0.0,0.573122,0.12124646,0.93733966,0.0,0.0,0.186414,0.0,0.0,0.0,0.6221001,0.39168453,0.0,0.0,0.0,1.1612284,0.0,0.0,1.0336304,0.0,0.08528522,0.52452135,0.0,0.0,0.1373806,0.0,0.0,0.0,1.2032921,0.9472381,0.42824912
U01351,0.0,1.0238302,0.0,0.0,0.0,0.0,0.0,0.0,0.0,0.0,0.3810821,0.0,0.0,0.0,0.31171745,0.0,0.0,2.263598,0.0,1.2755691,0.7761537,0.0,0.105704725,0.0,0.965104,0.0,1.5732765,0.0,1.2258676,0.0,0.0,0.5420004,1.5038533,0.0,0.0,0.0,0.0,0.0,1.844086,0.6660632,1.7647657,0.12987256,0.75687945,0.0,1.8123318,1.6118577,1.0817873,1.6738254,0.0,0.0,0.0,0.0,0.0,0.0,0.22152138,0.0,0.0,2.3445506,0.0,0.0,1.728121,0.0,0.0,0.0
U01352,0.0,0.51333135,0.0,0.0,0.0,0.67109144,0.0,0.0,0.0,1.2587736,1.0699707,0.0,0.0,0.0,0.0,0.0,1.0594125,0.0,0.0,0.90098965,0.0,0.81937754,0.82237536,0.0,1.2328973,0.0,0.35223854,0.1524266,1.6432905,0.0,0.0,0.0,1.718648,0.0,0.0,0.0,0.8543252,0.0,0.6775682,0.8631071,0.34584105,0.088542044,0.0,0.63375974,0.0,0.11784482,0.0,0.4343213,0.691231,0.0,0.0,1.0536524,0.0,0.004339397,0.6895193,0.0,0.0,0.0,0.0,0.0,0.0,0.6569246,0.08354813,0.4931302
U01353,0.0,0.0,0.029055744,0.0,0.7616663,0.99537957,0.0,0.0,0.2182223,0.0,1.3244166,0.0,0.0,0.0,0.0,0.0,0.0,1.6373041,0.0,1.3996326,0.0,0.052265465,1.1245086,0.0,1.656286,0.0,0.0,0.0,2.1019456,0.0,0.0,1.6056376,2.127207,0.0,0.0,0.0,0.0,0.15874252,0.0,0.0,1.3824325,1.2548271,0.018721372,0.0,0.2977599,0.063079596,1.73395,1.4567652,0.0,0.0,0.0,0.0,0.0,0.0,0.0,0.1587027,0.0,0.0,0.019815505,0.0,0.09580165,0.1776962,0.07871193,1.6114032
U01354,0.0,0.8659407,0.0,0.0,0.0,0.0,0.0,0.0,0.0,1.3997108,0.0,0.0,0.0,3.5562344,0.6618445,0.0,0.0,2.5391128,0.0,0.4525082,1.9659197,0.0,0.0,0.26874083,0.0,0.0,1.390713,2.718855,0.0,0.0,0.0,0.0,0.0,0.0,2.0373366,0.14326954,0.9798758,0.0,0.0,1.6087291,0.0,0.0,0.0664133,1.1333077,0.33716238,0.0,0.076672286,0.0,1.533871,0.0,0.0,0.037612386,0.0,0.13575801,0.7098762,0.0,0.0,0.40158117,0.0,0.012868207,0.5386994,0.0,0.0,0.005422175
U01355,0.0,0.0,0.0,0.0,0.0,1.1361343,0.0,0.0,0.0,0.0,0.8397411,0.0,0.0,0.0,0.919475,0.0,0.0,0.0,0.0,0.0,0.0,0.0,3.1027572,0.80242556,1.7013445,0.0,0.0,0.0,0.05840242,0.042961936,0.0,1.9150772,0.8620805,0.0,0.0,0.0,0.0,0.0,2.8502195,0.0,2.0353293,1.605304,1.7551919,0.0,0.7882681,0.81701267,3.488871,2.6825492,0.0,0.0,0.0,0.0,0.0,0.054514468,1.8004411,0.0,0.0,0.0,0.0,0.0,0.9561106,0.4174692,0.0,1.6377823
U01356,0.0,0.0,0.0,0.0,0.0,1.052308,0.0,0.0,0.0,0.0,1.3678802,0.0,0.0,0.0,0.0,0.0,0.0,1.6360669,0.0,1.3219385,0.0,0.46518672,0.8745888,0.0,1.3822421,0.0,0.0,0.0,1.6638634,0.0,0.0,1.7937572,1.8294808,0.0,0.0,0.0,0.433401,0.0,0.34262326,0.0,1.590709,1.415584,0.6269359,0.0,0.63325834,0.27963609,2.3393035,2.0567303,0.0,0.0,0.0,0.22806296,0.0,0.0,0.05390072,0.0,0.0,0.0,0.0,0.0,0.44161317,0.894817,0.17071447,1.2938621
U01357,0.0,0.22021085,0.0,0.0,0.0,0.5209168,0.0,0.0,0.0,0.9891527,0.7670684,0.0,0.0,0.7704731,0.6893717,0.0,0.0,1.259559,0.0,0.8210794,1.0926251,0.53727686,0.0,0.04564269,0.6288675,0.0,0.8288327,0.66074103,1.3353041,0.0,0.0,0.7009742,1.0359715,0.0,0.19181007,0.0,0.91197276,0.0,1.1259303,0.1651125,0.3514954,0.88882446,0.0310473,0.0,0.38096547,0.13903022,1.2395723,1.3325464,0.5404728,0.0,0.0,0.28191802,0.0,0.123467594,0.4904431,0.0,0.0,0.5578857,0.0,0.13845262,0.7710851,0.7008461,0.0097721815,0.76217365
U01358,0.0,0.85849226,0.0,0.0,0.0,0.7092284,0.0,0.0,0.0,1.7135338,1.5854452,0.0,0.0,0.2262553,0.0,0.0,0.0,0.7878293,0.0,0.85902286,0.0,0.5053339,0.40299898,0.0,1.5729489,0.0,0.5880804,0.0,1.4824388,0.0,0.0,0.11052626,1.153242,0.0,0.0,0.0,0.7279889,0.0,0.24101378,0.05834222,0.0,0.0046256185,0.0,0.0,0.0,0.0,0.085167274,0.0,0.65747637,0.0,0.0,0.8645166,0.0,0.0,0.28948355,0.0,0.0,0.0,0.0,0.0,0.033032835,1.8437657,0.46372122,1.1292746
U01359,0.0,0.68163264,0.0,0.0,0.0,0.096343756,0.0,0.0,0.0,0.120360255,0.0,0.0,0.0,1.4964229,1.6581119,0.0,1.6282215,0.0,0.0,0.0,1.7988935,0.53537303,0.7744457,0.89716774,0.0,0.0,0.7381824,1.1800278,0.0,0.0,0.0,0.22489792,0.0,0.0,1.3035048,0.0,0.24358675,0.0,1.8607482,0.9628638,0.0,0.15935239,0.81808245,1.1827607,0.6187731,0.86667603,1.1606455,0.36745015,0.64387757,0.0,0.0,0.13099581,0.0,0.13512051,1.5368739,0.0,0.0,0.8948566,0.0,0.14950855,0.36364317,0.0,0.0,0.16745496
U01360,0.0,1.1447086,0.0,0.0,0.0,0.015940532,0.0,0.0,0.0,1.0184104,0.25234288,0.0,0.0,1.691412,1.0700935,0.0,0.3523366,1.8200259,0.0,1.0394803,1.5505029,0.54869217,0.0,0.5220803,0.0,0.0,1.0764534,1.1118895,0.073800266,0.0,0.0,0.25191444,0.41664666,0.0,0.56531656,0.0,0.8000697,0.0,1.2445507,0.64853096,0.0,0.5504897,0.37137783,0.12740429,0.72527426,0.47292417,1.2943571,1.3588426,0.6923514,0.0,0.0,0.16269161,0.0,0.18674281,0.58649075,0.0,0.0,0.9804969,0.0,0.028564299,1.0971445,1.4976391,0.49346566,0.30948424
U01361,0.0,0.0,1.3182,0.0,0.9733987,0.0,0.0,0.0,0.07941723,0.0,1.1211754,0.0,0.02261696,0.0,0.0,0.0,0.0,1.1161058,0.0,0.0,0.0,0.0,2.8162482,0.0,2.2757368,0.0,0.0,0.0,1.4252824,0.9812129,0.0,2.8156242,2.8291593,0.0,0.0,0.0,0.0,0.36283025,0.67313135,0.0,5.6447115,1.9455364,1.9853903,0.0,0.34222162,1.992889,3.8891497,3.327077,0.0,0.0,0.0,0.0,0.0,0.0,2.6447892,0.0,0.0,0.0,0.0,0.0,1.8791999,2.108444,0.0,0.6815748
U01362,0.1785931,1.7410238,0.049532175,0.0,0.0,0.0,0.0,0.0,0.0,2.0538945,0.23593727,0.0,0.29867852,1.5048478,0.004956126,0.2859323,0.0,2.931054,0.0,2.928651,1.5200142,0.0,0.0,0.0,0.0,0.20201898,1.087404,1.964611,0.6113491,0.0,0.14588706,0.0,0.0,0.14767462,1.1289771,1.1072024,0.28440493,0.06545374,0.0,2.1087198,0.0,0.0,0.0,0.0,1.9800726,0.1402862,0.0,0.0,1.9105767,0.10226679,0.25045836,0.0,0.0,0.0,0.0,0.035978436,0.0,1.4415436,0.0,0.0,0.9169855,0.0,0.8335854,0.0
U01363,0.0,0.52126545,0.0,0.0,0.0,0.55830216,0.0,0.0,0.0,0.0,0.054395422,0.0,0.0,0.39974827,1.6359844,0.0,1.9241133,0.0,0.0,0.0,0.57763267,0.2866948,2.3574867,1.5154428,0.9569526,0.0,0.9617673,0.0,0.0,0.0,0.0,0.6806104,0.19201754,0.0,0.8937116,0.0,0.0,0.0,2.7771366,0.0,0.903578,1.0801374,1.381984,0.61260056,0.57588285,1.35044,1.900834,1.0728744,0.0,0.0,0.0,0.110533684,0.0,0.56905794,2.259595,0.0,0.0,0.3485487,0.0,0.2517733,0.6393579,1.1608196,0.0,0.41354764
U01364,0.0,1.4158884,0.0,0.0,0.0,0.0,0.0,0.0,0.0,2.5039594,0.71946645,0.0,0.0,1.1792663,0.0,0.0,0.0,0.34381032,0.0,1.2624383,0.9838438,0.5830965,0.0,0.0,0.3886274,0.0,1.0512301,1.4310694,0.8153796,0.0,0.0,0.0,0.43196464,0.0,0.392776,0.0,0.71292424,0.0,0.0,1.8226068,0.0,0.0,0.0,0.0,0.51865244,0.0,0.0,0.0,1.8194754,0.0,0.0,0.53233767,0.0,0.0,0.0,0.0,0.0,1.2900343,0.0,0.0,0.19716907,0.42010647,0.29407507,0.0
U01365,2.0036888,0.6163445,1.8315302,2.2111683,1.1345972,0.0,2.1952937,1.4688919,1.9487606,1.2533096,0.0,1.094897,1.3569448,1.3376801,0.046372056,1.9143109,0.0,2.2511742,2.04074,2.086665,0.81152177,0.0,0.0,0.0,0.0,1.7176502,0.96264243,1.0737581,0.0,1.7094797,1.7165992,0.0,0.0,2.1535645,0.2447052,2.6119225,0.0,2.0833855,0.0,0.9238541,0.0,0.0,0.0,0.0,0.81945026,0.13077265,0.0,0.0,0.83247125,1.8618965,1.6606684,0.0,1.5777948,0.0,0.0,1.9941599,1.8289914,0.7061366,1.2150669,0.0,0.5822103,0.48974895,0.8812076,0.0
U01366,0.61300325,0.0,0.2679566,0.20639333,1.1962993,0.7776246,0.3298034,0.8557273,0.8723934,0.0,0.7692714,0.15363792,0.59495497,0.0,0.0,0.31295037,0.0,0.46018434,0.7611759,0.9253446,0.0,0.0,1.988914,0.0,1.5338204,0.5933069,0.0,0.0,0.72509474,0.63945377,0.102449074,1.8957198,1.5546935,0.24858245,0.0,0.0,0.0,0.8696184,1.3213495,0.0,1.5376463,1.7913339,0.7168658,0.0,0.5025914,0.07405615,3.2701607,2.746263,0.0,0.59682834,0.5835947,0.0,0.69349736,0.0,1.2778188,0.96031225,0.5493683,0.0,0.3496495,0.0,0.5219944,0.6498976,0.32254386,1.8015122
U01367,0.47311935,1.5476229,0.35917425,0.31563234,0.0,0.0,0.3325368,0.123725176,0.19210218,1.7904478,0.0,0.0,0.17240113,1.9506652,0.56819236,0.4644996,0.0,3.0225255,0.26973337,2.9298043,1.7121236,0.0,0.0,0.0,0.0,0.35049558,1.4810673,2.0245752,0.2449432,0.043238595,0.2823985,0.0,0.0,0.5120669,1.1692226,1.3655955,0.010372877,0.38475,0.0,2.0483942,0.0,0.0,0.0,0.0,1.704626,0.46772897,0.0,0.0,1.6756701,0.2816721,0.3399405,0.0,0.047626525,0.0,0.0,0.31470117,0.17685255,1.4431794,0.0,0.029397905,1.1030083,0.0,0.64018553,0.0
U01368,0.0,0.2218867,0.0,0.0,0.0,0.8655412,0.0,0.0,0.0,2.5494556,2.3168173,0.0,0.0,0.0,0.0,0.0,0.0,0.3487363,0.0,0.7332604,0.0,0.54311734,0.0,0.0,2.2955863,0.0,0.0,0.0,3.0346699,0.0,0.0,0.22604567,2.1265192,0.0,0.0,0.0,0.708995,0.0,0.0,0.2532537,0.4576761,0.0,0.0,0.0,0.0,0.0,0.0,0.0,0.8206725,0.0,0.0,1.4621894,0.0,0.0,0.0,0.0,0.0,0.0,0.0,0.0,0.0,1.072683,0.6729981,0.99096966
U01369,0.0,0.67724335,0.0,0.0,0.0,0.14595693,0.0,0.0,0.0,1.2855904,0.0,0.0,0.0,0.82824683,0.0,0.0,0.0,2.614344,0.0,0.0,1.4844627,0.0,0.0,0.71815854,0.0,0.0,2.2739892,1.7087221,0.0,0.0,0.0,0.37888455,0.0,0.0,1.0109771,0.0,0.43945453,0.0,0.0,1.4861867,0.72219867,0.55940497,0.7684765,0.6453518,0.0,0.37109816,1.1629343,0.24296963,1.0235871,0.0,0.0,0.0,0.0,0.0,0.5140811,0.0,0.0,0.3415994,0.0,0.0,0.9771447,2.364497,0.0,0.0
U01370,0.0,0.0,0.09728055,0.0,0.0,0.7626842,0.0,0.0,0.0,0.0,0.26658583,0.0,0.0,0.0,0.0,0.0,1.4138014,1.2566481,0.0,0.8038398,0.0,0.5666104,0.7380102,0.67106694,0.0,0.16678575,0.0,0.0,0.69175875,0.0,0.3200484,1.3931446,0.9404494,0.0,0.0,0.0,0.7560004,0.0,0.3816523,0.0,0.7609315,1.4402567,1.1864208,0.0,0.6180487,0.026037812,1.783314,2.1541088,0.0,0.011356086,0.0,0.5175165,0.0,0.0,2.303121,0.0,0.0,0.0,0.0,0.0,0.0,1.4510251,1.0846444,0.85651445
U01371,0.0,1.2248414,0.0,0.0,0.0,0.0,0.14835799,0.0,0.0,0.3681736,0.0,0.0,0.025526889,0.3886783,1.2394989,0.0,0.08640033,1.6568067,0.0,1.0628891,1.5154185,0.0,0.0,0.043227836,0.15574509,0.0,2.3352952,0.7121112,0.48772258,0.0,0.0,0.0,0.4454986,0.0,0.75266683,0.0,0.0,0.0,1.5178559,1.8466903,0.53977,0.0,0.80557203,0.052509516,1.0504515,1.1359472,0.49997956,0.51301825,0.44102103,0.0,0.0,0.0,0.0,0.0,0.0,0.0,0.0,2.0790002,0.0,0.0,0.89337885,0.0,0.0,0.0
U01372,0.0,0.0,0.0,0.0,0.0,1.5564016,0.0,0.0,0.0,0.0,0.3664366,0.0,0.0,0.61700666,0.19562888,0.0,1.0614368,0.0,0.0,0.0,0.0,1.7096894,2.042353,0.80021375,0.90942466,0.0,0.0,0.0,0.4323069,0.0,0.0,1.8410385,0.76002514,0.0,0.0,0.0,0.5269902,0.0,2.6837525,0.0,0.8586597,2.033485,1.1314054,0.66790223,0.5383347,0.38784212,2.5796814,1.611015,0.0,0.0,0.0,0.3161353,0.0,0.0,2.8339648,0.0,0.0,0.0,0.0,0.0,0.0,1.6745889,0.34425655,1.5804949
U01373,0.18733358,0.0,0.31413418,0.21667293,0.0,0.95585775,0.0,0.0,0.072381526,0.0,0.0,0.18603773,0.0,0.94362473,1.3577895,0.0,2.296205,0.0,0.11152762,0.0,0.22898948,1.0437522,1.7264092,0.59894186,0.4730096,0.07054567,0.0,0.0,0.0,0.0,0.2624693,1.0848969,0.0,0.0,0.7513229,0.18975353,0.14162627,0.109619945,2.6896393,0.0,0.0,0.8024384,1.1197026,1.6805089,0.57157815,1.028689,1.3768243,0.8405982,0.0,0.0,0.40965083,0.24432388,0.29961634,0.0,2.7620926,0.0,0.29051405,0.06666219,0.0,0.0,0.0,0.0,0.26979905,0.54746187
U01374,0.0,0.0,0.0777978,0.0,0.0,0.6627747,0.0,0.0,0.0,0.0,0.7879641,0.0,0.0,0.0,0.3758093,0.0,0.0,0.0,0.0,0.0,0.0,0.0,2.9186358,1.1104276,1.0567513,0.0,0.15896034,0.0,0.31068122,0.0,0.0,1.4004829,0.76571715,0.0,0.0,0.0,0.0,0.0,1.954547,0.0,1.8179216,1.8021662,1.5509083,0.0,0.07236552,1.0166938,2.9638863,1.6602015,0.0,0.0,0.0,0.0,0.0,0.0,2.3768587,0.0,0.0,0.0,0.0,0.0,0.86641186,3.397673,0.0397892,0.9930215
U01375,0.0,0.3824628,0.0,0.0,0.0,0.39804128,0.0,0.0,0.0,0.66625035,0.6033515,0.0,0.0,1.1217254,1.671355,0.0,0.7127216,1.2198161,0.0,0.852391,1.0868236,0.75251985,0.6546783,0.9182224,0.2305944,0.0,1.2404379,0.7338149,0.35359532,0.0,0.0,0.31080198,0.41311252,0.0,0.7179384,0.0,0.5294612,0.0,0.756274,0.5895388,0.16780373,0.7063056,0.7075645,0.35655516,0.54195714,0.76200193,1.2435724,1.0140046,0.51574945,0.0,0.0,0.27221298,0.0,0.0,0.14339888,0.0,0.0,0.693253,0.0,0.1631549,0.89000094,1.4594256,0.0,0.27560616
U01376,0.8001946,1.269674,0.7089857,0.7961381,0.14687665,0.0,0.8247453,0.50990736,0.59733766,1.6189994,0.0,0.21630587,0.37521613,1.8763523,0.6856656,0.79492354,0.0,2.8324182,0.693341,2.7382283,1.6608927,0.0,0.0,0.0,0.0,0.6115605,1.4521453,1.7874776,0.0,0.45831943,0.6131175,0.0,0.0,0.8934453,1.0095541,1.6690618,0.0,0.76699996,0.0,1.7881267,0.0,0.0,0.0,0.0,1.3915082,0.5105213,0.0,0.0,1.4436707,0.65220094,0.62428796,0.0,0.40892184,0.0,0.0,0.73385406,0.56618166,1.3167485,0.20704159,0.0,1.0289285,0.0,0.55394053,0.0
U01377,0.0,0.0,0.0,0.0,0.0,0.63752484,0.0,0.030152962,0.0,0.0,0.0,0.0,0.0,0.9753107,1.3812491,0.0,1.5534815,0.0,0.0,0.0,0.38006532,0.42990714,1.8428693,0.85327196,0.6747247,0.0,0.0,0.0,0.0,0.0,0.0,0.8323759,0.0,0.0,0.45837516,0.14817226,0.022257984,0.0,2.8684819,0.0,0.5412147,0.85331666,1.2245505,0.9415115,0.8915996,0.9033256,1.7745703,1.2241149,0.0,0.0,0.0,0.0,0.0,0.08659452,2.2804751,0.0,0.0,0.017162204,0.0,0.0,0.28598812,0.48888254,0.0028482676,0.9874033
U01378,0.6735579,1.3246658,0.60368395,0.6329319,0.062021658,0.0,0.70465326,0.4263357,0.4787904,1.4900237,0.0,0.13772993,0.29908216,1.815367,0.9497013,0.66577804,0.0,2.6549551,0.55186695,2.5960264,1.8138266,0.0,0.0,0.0,0.0,0.5211906,1.4401429,1.8440027,0.0,0.30886757,0.4932264,0.0,0.0,0.7339556,1.1788886,1.5633816,0.0,0.58188087,0.0,1.8724443,0.0,0.0,0.0,0.0,1.4094721,0.61760676,0.0,0.0,1.4596548,0.5411366,0.53278434,0.0,0.30057526,0.0,0.0,0.61670405,0.42253554,1.3728836,0.1218909,0.0,1.0946108,0.0,0.44300598,0.0
U01379,0.0,1.4224398,0.0,0.0,0.0,0.0,0.0,0.014570594,0.0,0.22215319,0.0,0.0,0.0,1.1742195,2.374339,0.0,1.7583897,0.0,0.0,0.0,1.7527155,0.3098835,0.51103276,1.0074902,0.0,0.0,1.4030802,1.7625691,0.0,0.0,0.0,0.0,0.0,0.0,1.1292757,0.0,0.033462822,0.0,1.8146094,0.29858863,0.0,0.0,0.81498826,1.5842867,0.0,0.7087064,0.11055526,0.115564376,0.6273835,0.0,0.0,0.0,0.0,0.0,1.6966003,0.0,0.0,0.6398931,0.0,0.0,0.26533926,0.7556925,0.06353575,0.0
U01380,0.0,0.59963024,0.0,0.0,0.0,0.5687796,0.0,0.0,0.0,2.0287344,1.2903087,0.0,0.0,0.07080555,0.0,0.0,0.28391266,1.1741742,0.0,0.61487615,0.42617023,1.1284468,0.0,0.0009365529,0.5912,0.0,1.1224476,0.76562077,1.4065977,0.0,0.0,0.013917208,1.1211191,0.0,0.21634609,0.0,0.97687614,0.0,0.0,1.5889876,0.09152469,0.033391416,0.0,0.0,0.04658699,0.0,0.0,0.0,1.2445993,0.0,0.0,0.8277391,0.0,0.0,0.0,0.0,0.0,0.3859915,0.0,0.0,0.010081708,1.4002764,0.0,0.0
U01381,0.18253416,0.0,0.53749025,0.56920904,0.0003425032,1.0892103,0.17709559,0.0,0.50550675,0.0,0.372896,0.58962137,0.0,0.0,0.45045924,0.24845845,3.4818945,0.0,0.016813189,0.0,0.0,2.0109394,3.0401773,0.24726833,1.4956741,0.63893473,0.0,0.0,0.5244249,0.4450848,0.5053549,0.85272324,0.7628603,0.22714773,0.0,0.46427083,0.0,0.24857809,3.5266633,0.0,0.0,0.6796086,0.0075033307,1.3329971,0.0,0.0,0.0,0.0,0.0,0.3476066,0.27123874,1.0636513,0.7663029,0.0,3.5327477,0.08882344,0.7478327,0.0,0.2270023,0.0,0.0,0.13320696,1.1651349,0.3671273
U01382,0.0,0.29445434,0.0,0.0,0.0,0.71663535,0.0,0.0,0.0,0.06308961,0.4769692,0.0,0.0,0.74025136,0.8076533,0.0,1.1087717,1.2288407,0.09125996,0.58473694,0.714453,0.6481302,0.16016239,1.1359991,0.046952248,0.0,0.6907766,0.5324292,0.0,0.0,0.018072054,0.59386444,0.28423202,0.0,0.7773341,0.09951675,0.32611585,0.020616025,0.010745013,1.3027115,0.52437073,0.56997967,1.1603956,0.64322126,1.1397536,1.0281168,1.5964803,1.565237,0.40555048,0.0,0.0,0.2241273,0.0,0.0,0.05350983,0.0,0.0,0.99637926,0.0,0.12785493,0.96788347,0.5862055,0.028450489,0.015095472
U01383,0.10209423,0.0,0.217337,0.17741472,0.13856466,1.093321,0.016165793,0.014378801,0.050481297,1.5435046,1.3747574,0.017832693,0.0,0.0,0.0,0.15798736,1.8641691,0.51111805,0.43657893,1.022857,0.0,0.19085248,0.0,0.0,1.1528355,0.14550513,0.0,0.0,2.4582963,0.023770502,0.25299972,1.2687718,1.9904025,0.29040158,0.0,0.0,1.3774056,0.2088776,0.0,0.84275305,0.8248529,0.02628693,0.0,0.42447287,0.0,0.0,0.0,0.0,0.49302387,0.24318501,0.31170925,2.0513291,0.08604058,0.0,0.6934072,0.28410617,0.09121536,0.0,0.12703457,0.0,0.0,0.0,0.9380896,0.34371316
U01384,0.0,0.9374773,0.0,0.0,0.0,0.44566146,0.0,0.0,0.0,1.2866182,1.0384108,0.0,0.0,1.9069097,0.14827079,0.0,0.36491907,1.9646494,0.0,1.8389089,0.0,0.5447064,0.38685566,0.13593519,0.56578004,0.0,0.532675,0.639401,0.3057689,0.0,0.0,0.0,0.2829091,0.0,0.0,0.039541602,0.48085254,0.0,0.0,0.5935755,0.007912487,0.0,0.0,0.0,1.0436805,0.16816294,0.31014854,0.10765508,0.86804533,0.0,0.0,0.6945673,0.0,0.09689239,0.14641273,0.0,0.0,0.0,0.0,0.0,0.5177781,2.364004,0.5582801,0.7946621
U01385,0.0,0.7945748,0.0,0.0,0.0,0.039909735,0.0,0.0,0.0,0.78467643,0.0,0.0,0.0,1.27802,1.7559571,0.0,0.46909666,0.45214224,0.0,0.0,2.0034127,0.1964801,0.0,0.812826,0.0,0.0,1.4915366,1.2889856,0.0,0.0,0.0,0.0,0.0,0.0,1.3414581,0.0,0.20618619,0.0,0.23806304,1.4570847,0.0,0.0,0.5223661,0.7080424,0.0,0.2878108,0.87415445,0.46567795,0.7500955,0.0,0.0,0.0,0.0,0.0,0.0,0.0,0.0,1.1046991,0.0,0.0,0.59208983,0.0,0.0,0.0
U01386,0.22006851,0.106093705,0.0,0.25346893,0.0,0.18225312,0.47194493,0.2498071,0.47800797,0.0,0.0,0.2636155,0.22433142,2.018411,1.8390942,0.2578947,1.4370592,0.0,0.23981428,0.3006482,0.9778382,0.27541992,0.6366344,1.1581421,0.0,0.3637504,0.021341562,0.38552916,0.0,0.44645536,0.0,0.18004555,0.0,0.36833727,0.91513616,0.6448919,0.0,0.30130738,0.91517866,0.24909353,0.0,0.24218452,0.8268484,0.5926473,1.0193136,0.8570296,1.4939384,1.2150284,0.0,0.1617511,0.14434406,0.0,0.37906396,0.0,0.8153366,0.17906234,0.054650635,0.883914,0.0,0.0,0.48231614,0.0,0.07112491,0.08695221
U01387,0.0,0.7647343,0.0,0.0,0.0,0.0,0.0,0.0,0.0,0.0,0.0,0.0,0.0,0.45025283,1.6644388,0.0,0.0,0.0,0.0,0.0,1.5164044,0.0,1.4063601,0.67916465,0.19064546,0.0,2.1736746,0.33368862,0.0,0.0,0.0,0.0046411753,0.0,0.0,0.83180195,0.089352846,0.0,0.0,3.6439052,0.4940617,0.6977489,0.37759382,1.259279,0.0,0.52454793,1.3964754,1.3658074,0.5855485,0.0,0.0,0.0,0.0,0.0,0.0,1.3333436,0.0,0.0,1.481568,0.0,0.15121238,1.3218863,0.0,0.0,0.010366201
U01388,0.0,0.50537676,0.0,0.0,0.0,0.3915889,0.0,0.0860275,0.007038951,0.1253531,0.14484721,0.0,0.0,1.8068727,0.86539984,0.0,0.9448261,1.6818657,0.084401876,1.1193295,0.68658775,0.39114758,0.029042065,0.6938958,0.0,0.0,0.0030351877,0.75123906,0.0,0.0,0.0,0.81632483,0.0,0.0,0.7150048,0.30986392,0.8209156,0.084085524,0.44467175,0.35922825,0.1161561,0.59493065,0.890409,0.16238174,1.1859646,0.787141,1.6969066,1.4985311,0.3898855,0.0,0.0,0.16064371,0.0,0.023812652,0.8702105,0.0,0.0,0.5729509,0.0,0.0,0.66883403,0.9158286,0.6435358,0.49539053
U01389,0.0,0.0,0.0,0.0,0.0,0.2809433,0.0,0.0,0.0,0.0,0.0,0.0,0.0,1.5520759,2.464047,0.0,0.51732796,0.31392884,0.0,0.0,1.5717206,0.0,0.76604253,1.3116419,0.057088852,0.0,1.8527004,0.16748023,0.0,0.0,0.0,0.29390216,0.0,0.0,1.5200925,0.0,0.0,0.0,1.5811486,0.677786,0.71463525,0.109852076,1.2049264,1.1415927,0.468068,1.1877118,1.3184075,0.17046863,0.0,0.0,0.0,0.0,0.015717715,0.0,0.48015714,0.0,0.0,0.8032793,0.0,0.0,0.41011417,0.0,0.0,0.10114539
U01390,0.0,0.7426329,0.0,0.0,0.0,1.0297618,0.0,0.0,0.0,0.0,0.51644135,0.0,0.0,0.0,0.51133984,0.0,1.9123503,0.0,0.0,0.0,0.84521264,1.6449108,2.308471,1.2862327,1.6156473,0.0,0.47404242,0.0,0.02808845,0.0,0.0,0.7836262,0.8867549,0.0,0.07417107,0.0,0.0,0.0,3.856195,0.0565933,0.68177575,1.0591347,1.5625299,1.3673332,0.7359706,0.96867085,1.0296459,0.44366524,0.0,0.0,0.0,0.0,0.0,0.3297812,3.1360521,0.0,0.0,1.0046312,0.0,0.16052411,0.07355136,0.7916101,0.0,0.95135
U01391,0.0,0.34214497,0.0,0.0,0.0,1.035254,0.0,0.0,0.0,2.259403,1.8570744,0.0,0.06495845,0.0,0.0,0.0,0.0,0.45173264,0.0,1.6159127,0.0,1.1033174,0.0,0.0,1.5997727,0.0,0.0,0.24848855,2.5627017,0.0,0.0,0.6556879,1.7813488,0.0,0.0,0.11727607,1.6970923,0.0,0.0,0.91334283,0.15335286,0.0,0.0,0.0,0.0,0.0,0.0,0.0,1.4714227,0.0,0.0,1.5680424,0.0,0.0,0.0,0.0,0.0,0.0,0.0,0.0,0.0,0.09546138,0.84132564,0.49411762
U01392,0.5177123,0.4969924,0.4118817,0.7929909,0.15799882,0.0,0.62707496,0.9700029,0.9293903,0.0,0.0,0.62423176,0.95566547,1.5839067,3.0570772,0.64324886,1.883451,0.0,0.2878412,0.0,1.5671759,0.052550614,1.7363496,1.064601,0.0,0.42119873,0.6824229,0.2044295,0.0,0.52580965,0.4573152,0.0,0.0,0.6561464,1.0897303,0.39485484,0.0,0.333843,3.2711642,0.0,0.0,0.0,0.2555755,1.1360402,0.0,0.3249036,0.40451485,0.0,0.0,0.4691707,0.5666156,0.0,1.0002723,0.0,2.114039,0.63666576,0.47481525,0.28269362,0.7263941,0.0,0.0,0.0,0.0,0.0
U01393,0.4265541,0.0,0.8708949,0.72664034,0.3846258,2.0592194,0.10875052,0.47119942,0.5201379,0.0,0.2131578,0.6934749,0.17617078,0.6220525,1.3565425,0.07191527,0.6688639,0.0,0.33725232,0.0,0.0,0.31723076,2.9385424,1.8747979,0.7829151,0.9618381,0.0,0.0,0.0,0.6934399,0.60378945,2.1091766,0.0,0.07371715,0.18236578,0.29864097,0.0,0.16008285,0.38286793,0.0,1.7448778,2.0644128,1.8866693,0.25708348,0.13086677,0.449318,4.477548,3.134693,0.0,0.4414105,0.48763916,0.0,0.4450357,0.0,1.6054856,0.17525169,0.23435004,0.0,0.21103573,0.0,0.0,0.7228843,0.0,2.1393473
U01394,0.0,0.0,0.0,0.09629804,0.0,1.366424,0.0,0.0,0.0,0.24393392,2.011673,0.0,0.0,0.0,0.05014336,0.0,1.7419926,0.0,0.0,0.0,0.0,1.961734,2.1938777,0.0,1.8106086,0.0,0.0,0.0,1.8947167,0.0,0.0,0.70801854,2.1331801,0.0,0.0,0.0,0.64631385,0.0,1.8384035,0.0,0.15268978,1.2370113,0.0,0.6835805,0.0,0.0,0.0,0.60942674,0.0,0.0,0.0,1.1721483,0.0,0.0,1.5299381,0.0,0.09906922,0.0,0.0,0.0,0.0,1.5938423,0.39392614,0.91268885
U01395,0.0,0.6277953,0.0,0.0,0.0,0.3455859,0.0,0.0,0.0,0.0,0.30602977,0.0,0.0,0.05517876,0.96842355,0.0,0.8443514,0.30387115,0.0,0.0,0.3123132,0.0,1.7893467,1.0447273,0.41371202,0.0,1.4883955,0.0,0.27921826,0.0,0.0,0.509114,0.5387737,0.0,0.4326033,0.0,0.0,0.0,1.8967922,0.34787083,1.160672,1.0129403,1.2557145,0.0,0.361367,1.2595572,2.013751,1.0244032,0.0,0.0,0.0,0.0011146646,0.0,0.0,1.3431176,0.0,0.0,0.5841206,0.0,0.0,0.9438735,2.094803,0.0,0.0
U01396,0.77848226,0.2834915,0.3094796,0.68754655,1.0007294,0.0,0.5298482,0.5756667,0.7253181,1.4698104,0.0,0.844695,0.4781856,0.9536265,0.0,0.69429255,0.0,2.7601576,0.8101853,0.71127117,1.4810532,0.0,0.0,0.0,0.0,0.9592567,2.2501788,1.2730062,0.3344531,1.1275761,0.8070275,0.0,0.0,0.7341941,0.5377477,0.0,0.0,1.0103586,0.0,1.1704464,0.0,0.0,0.0,0.0,0.0,0.0,0.0,0.0,0.8801571,0.98345387,0.8023188,0.0,1.01664,0.0,0.0,0.6373346,0.5632373,0.6552277,1.0744321,0.0,0.0,0.7812388,0.0,0.0
U01397,0.0,1.355485,0.0,0.0,0.0,0.0,0.0,0.0,0.0,2.0822468,0.64641786,0.0,0.0,0.32663244,0.5099486,0.0,0.0,0.652493,0.0,1.0459007,1.2369224,0.50284195,0.0,0.0,0.41845894,0.0,1.5859764,0.9846618,1.0089875,0.0,0.0,0.0,0.54368794,0.0,0.62515056,0.0,0.7130109,0.0,0.29014668,1.845804,0.0,0.0,0.0,0.0,0.21769142,0.09530032,0.0,0.0,1.6614223,0.0,0.0,0.29806405,0.0,0.0,0.0,0.0,0.0,1.3387043,0.0,0.0,0.581257,0.9577658,0.022240818,0.0
U01398,0.23535657,0.0,0.11649984,0.29249388,0.0,0.41474625,0.16138768,0.15090561,0.07347401,0.0,0.0,0.26566654,0.0,1.381322,1.7434961,0.04182148,2.969169,0.0,0.028000325,0.0,0.7247399,0.8879077,1.5158103,1.0625218,0.19497156,0.22662662,0.0,0.25308704,0.0,0.016859926,0.29711592,0.7049564,0.0,0.19604763,0.9842198,0.5312228,0.12443893,0.18430847,2.958706,0.0,0.0,0.58046407,0.9690255,1.7183468,0.5823037,0.9156595,1.4232302,0.8874526,0.0,0.19991708,0.28031772,0.0,0.39854527,0.10525355,3.00521,0.09169555,0.18725136,0.2553507,0.0,0.0,0.0,0.0,0.782736,0.33163536
U01399,0.0,0.0,0.0,0.0,0.0,1.2816112,0.0,0.0,0.0,0.44733286,0.909027,0.0,0.0,0.06300104,0.03714204,0.0,2.1986089,0.0,0.0,0.20688605,0.0,1.6538444,1.2507734,0.6089943,0.98365295,0.0,0.0,0.19802237,1.2312721,0.0,0.0,0.99203956,1.2382505,0.0,0.046536267,0.19973314,1.0977793,0.0,1.0850258,0.077753425,0.0,1.0890117,0.42102593,1.0749424,0.08156097,0.34212852,0.73419917,0.5734179,0.17821455,0.0,0.0,1.3397362,0.0,0.030622661,1.589995,0.0,0.0,0.0,0.0,0.0022119,0.0,1.0072038,0.81368923,0.77254975
U01400,0.24003959,1.5928482,0.0,0.24758819,0.0,0.0,0.0,0.0,0.0,1.6065528,0.16870509,0.0,0.0,1.1819177,0.87987614,0.3306207,0.13927412,3.3221598,0.0,3.5316603,1.8155054,0.0,0.0,0.2618737,0.0,0.0,0.1617657,2.3721333,0.23603618,0.0,0.012373388,0.0,0.0,0.010430932,1.1598604,0.6638522,0.17367698,0.0,0.0,1.4385288,0.0,0.0,0.33185038,0.0,1.9784203,0.9379418,0.0,0.0,1.5644233,0.0011256635,0.0,0.0,0.0,0.1134744,0.0,0.0,0.0,1.5327471,0.0,0.0057687485,0.8505147,0.0,1.3544543,0.0
U01401,0.0,0.73823345,0.0,0.0,0.0,0.6249571,0.0,0.0,0.0,1.1661863,0.47286025,0.0,0.0,0.62407714,1.3856745,0.0,1.1738875,0.47977233,0.0,0.36103773,1.1737577,1.1102779,0.7511955,0.7700582,0.3439054,0.0,1.6175855,1.3839605,0.8685341,0.0,0.0,0.15139383,0.6643921,0.0,0.82450706,0.0,0.66761065,0.0,1.6395323,0.99711716,0.0,0.5708246,0.4973178,1.0179405,0.0,0.61833066,0.5873482,0.08224553,0.8734793,0.0,0.0,0.66306627,0.0,0.014665306,0.8528551,0.0,0.0,0.3549074,0.0,0.09148444,0.20797694,1.4335719,0.106298745,0.07801831
U01402,0.0,0.0,0.0,0.0,0.0,1.0585027,0.0,0.0,0.0,0.0,0.44749138,0.058733024,0.0,0.5923496,0.050361097,0.0,1.6696863,0.0,0.0,0.0,0.0,1.741579,1.5934792,0.3683406,1.2384747,0.0,0.0,0.0,0.7236069,0.0,0.0,1.5677834,0.8324703,0.0,0.0,0.0,0.23315859,0.0,2.5805013,0.0,0.49425226,1.4840891,0.5209892,0.29297137,1.4689673,0.29077315,1.9617914,1.4413185,0.0,0.19097294,0.0,0.13325106,0.0,0.0,2.3263154,0.0,0.07487878,0.26394093,0.0,0.0,0.0,0.036418937,0.3444123,0.971439
U01403,0.0,0.0,0.0,0.0929234,0.0,0.9781132,0.0,0.0,0.0,1.5000228,1.7989278,0.0,0.0,0.0,0.0,0.0,0.54704285,1.0271746,0.0,1.3833853,0.0,0.8650279,0.3894735,0.0,1.5843823,0.0,0.0,0.0,2.580041,0.0,0.0,0.51991284,2.1844742,0.0,0.0,0.0,0.582658,0.0,0.0,0.34080267,0.8229216,0.17432854,0.0,0.0,0.0,0.0,0.0,0.36782536,0.22571391,0.0,0.0,1.3351924,0.05931574,0.0,0.0,0.0,0.0,0.0,0.014772743,0.0,0.0,1.204882,0.54503685,0.81801
U01404,0.0,0.59746623,0.0,0.0,0.0,0.60596776,0.0,0.0,0.0,0.25263095,0.36668274,0.0,0.0,2.0872989,1.2164493,0.0,0.64546084,0.6502662,0.0,0.42514038,1.0309024,0.81762886,1.1679847,1.2045866,0.22761971,0.0,0.92554575,0.38734877,0.0,0.0,0.0,0.16792041,0.0,0.0,0.99430525,0.0,0.21715222,0.0,1.5246955,0.6877891,0.24710265,0.52458507,0.6035934,0.1122503,1.3333775,0.78198504,1.5605437,0.74245787,0.46632445,0.0,0.0,0.0,0.0,0.2083439,0.4797163,0.0,0.0,0.847626,0.0,0.31451675,0.90766054,0.6384318,0.0,0.48970878
U01405,0.0,1.9125521,0.0,0.0,0.0,0.0,0.0,0.0,0.0,2.8596663,0.50412893,0.0,0.0833299,0.7178319,0.0,0.0,0.0,0.54969835,0.0,0.7110052,1.3051127,0.0,0.0,0.0,0.0,0.0,1.4904519,2.082285,0.72416145,0.0,0.0,0.0,0.3551631,0.0,0.44855505,0.0,1.0294585,0.0,0.0,1.522689,0.0,0.0,0.0,0.0,0.0,0.0,0.0,0.0,2.0594988,0.0,0.0,0.7734456,0.0,0.0,0.0,0.0,0.0,1.320037,0.0,0.0,0.0,0.30992162,0.0,0.0
U01406,0.0,2.1001167,0.0,0.0,0.0,0.0,0.0,0.03427647,0.16588956,1.425788,0.0,0.22278863,0.47059542,1.3647499,2.2371545,0.0,0.0,0.0,0.0,0.0,2.933908,0.0,0.0,0.0,0.0,0.0,3.2575278,1.9485596,0.0,0.0,0.0,0.0,0.0,0.0,1.0938697,0.0,0.0,0.0,2.015389,1.7596142,0.0,0.0,0.0,0.44006807,0.0,0.0,0.0,0.0,1.5591943,0.07253988,0.0,0.0,0.0,0.0,0.37979174,0.0,0.0,1.9724488,0.2877117,0.0,0.5066271,0.0,0.0,0.0
U01407,0.0,1.0324581,0.0,0.0,0.0,0.0,0.0,0.0,0.07322696,0.17045474,0.0,0.40999693,0.0,2.6561053,2.3712997,0.0,0.0,1.5361221,0.0,0.31464052,3.9047008,0.0,0.0,1.1240681,0.0,0.0,0.7982355,2.4822721,0.0,0.0,0.0,0.0,0.0,0.0,2.4945636,0.0,0.0,0.0,0.23982741,0.93073416,0.0,0.0,1.0178133,0.5101135,0.0,0.4623227,0.37372667,0.0,0.8528645,0.0,0.0,0.0,0.0,0.0,0.92800343,0.0,0.0,1.6272674,0.07687111,0.0,0.2549615,0.0,0.0,0.0
U01408,0.0,1.6735699,0.0,0.0,0.0,0.0,0.0,0.0,0.0,0.7779828,0.0,0.0,0.0,1.0241551,2.067511,0.0,0.4628101,1.020547,0.0,0.49833822,1.9227709,0.0,0.0,0.5265066,0.24105066,0.0,2.3870306,1.0036342,0.0,0.0,0.0,0.0,0.14863494,0.0,0.64822537,0.0,0.0,0.0,2.0704935,0.8554511,0.0,0.0,0.72139215,0.9636009,0.0,0.77165854,0.54564345,0.36895534,0.73429644,0.0,0.0,0.0,0.0,0.0,0.774372,0.0,0.0,1.7002962,0.0,0.0854747,0.6935673,0.28236443,0.0,0.0
U01409,0.0,0.0,0.0,0.0,0.0,1.6152993,0.0,0.0,0.0,1.1560199,1.3655276,0.0,0.0,0.0,0.0,0.0,0.0,0.9570687,0.0,0.21847153,0.0,0.43880346,0.3338527,0.0,1.7340195,0.0,1.0056307,0.0,2.0926194,0.0,0.0,1.2061163,1.2511369,0.0,0.18449062,0.0,0.8952769,0.0,0.70040643,0.0,0.7093472,1.2662325,0.40512973,0.0,0.0,0.0,0.90240324,0.0,0.23758692,0.0,0.0,0.7030965,0.0,0.2596403,0.42772043,0.0,0.0,0.0,0.0,0.31275925,0.0,0.65519917,0.0,1.8967707
U01410,0.0,0.0,0.0,0.0,0.23984282,1.0164981,0.0,0.09112947,0.3818441,0.0,0.010567129,0.0,0.0,0.6355269,1.334985,0.0,0.539008,0.96272254,0.008630842,1.1037112,0.28724837,0.5267472,1.3598475,0.5782649,0.5892441,0.0,0.0,0.0,0.009508848,0.0,0.0,1.1621665,0.5486646,0.0,0.40992224,0.0,0.47106773,0.034419477,1.0745237,0.0,0.8644431,1.073115,0.7295797,0.2670359,0.6000925,0.566981,2.1996808,1.5667491,0.0,0.0,0.0,0.0,0.0,0.0,0.67658985,0.0044617653,0.0,0.0,0.0,0.0,0.0,0.22536933,0.0,1.2988014
U01411,0.0,0.0,0.0,0.0,0.0,1.2964876,0.0,0.0,0.0,0.09453881,1.4778439,0.0,0.0,0.0,0.0,0.0,0.4391721,0.40600157,0.0,1.0124704,0.0,1.1696658,1.027636,0.0,1.350995,0.0,0.0,0.0,1.5616999,0.0,0.0,1.408001,1.9491519,0.0,0.0,0.0,1.1282368,0.0,0.19835085,0.0,0.8928227,1.04859,0.2740186,0.0,0.0,0.0,1.8958651,1.8607827,0.0,0.0,0.0,0.8892269,0.0,0.0,0.89921963,0.0,0.0,0.0,0.0,0.0,0.0,0.99710405,0.16937742,1.3053372
U01412,0.0,0.31862408,0.0,0.0,0.0,1.1950929,0.0,0.0,0.0,0.8108387,0.9141704,0.0,0.0,0.0,0.423607,0.0,0.9300977,0.69226,0.0,0.9318155,0.25147557,0.92125666,0.61857253,0.40422475,0.97629905,0.0,1.0134406,0.4303857,1.3991287,0.0,0.0,0.49015403,1.2141478,0.0,0.36591363,0.0,0.6928829,0.0,0.39682567,1.0206168,0.67264664,0.27558357,0.85756016,0.82892096,0.0,0.5088155,0.6087552,0.6635673,0.47234637,0.0,0.0,1.0893289,0.0,0.14917824,0.07198274,0.0,0.0,0.0,0.0,0.24227272,0.0,0.7571379,0.06411481,0.33933198
U01413,0.0,0.0,0.0,0.0,0.0,0.88721406,0.0,0.0,0.0,0.0,0.0,0.0,0.0,0.7114871,1.3858968,0.0,0.8930249,0.0,0.0,0.0,0.48174632,1.0055705,2.2510455,1.4075613,0.31549877,0.0,0.0,0.0,0.0,0.0,0.0,0.96579087,0.0,0.0,0.454499,0.015947461,0.0,0.0,3.365845,0.0,0.41373217,1.5092468,1.2879988,0.5814661,0.22720551,0.74376416,2.548386,1.1527714,0.0,0.0,0.0,0.0,0.0,0.0062179267,2.571859,0.0,0.0,0.0,0.0,0.0,0.28636345,1.9060525,0.0,0.95988417
U01414,0.09579307,0.0,0.0,0.0,0.8801346,1.5668124,0.33359116,0.6812333,0.9444652,0.0,1.1197348,0.37224394,0.22811194,0.0,0.0,0.38984984,0.0,0.31128883,0.5637551,0.94778895,0.0,0.5067701,2.7025192,0.0,1.5309708,0.65959466,0.0,0.0,0.19057584,0.63156956,0.0053070486,3.2856317,1.3727313,0.17376906,0.0,0.0,0.56206894,0.7277137,0.36482632,0.0,1.9835246,2.0838082,0.439644,0.0,1.6487491,0.0,4.1857166,3.4019365,0.0,0.55431306,0.35288784,0.0,0.38185233,0.0,2.0420308,0.454957,0.18602338,0.0,0.0,0.0,0.05787939,0.471535,0.48054212,2.6558285
U01415,0.0,0.0,0.0,0.0,0.0,1.7918749,0.0,0.0,0.0,0.1594311,1.6975764,0.0,0.0,0.0,0.0,0.0,0.0,0.20531726,0.0,0.0,0.0,1.1747158,1.484757,0.0,1.9981232,0.0,0.0,0.0,2.0306664,0.0,0.0,1.7351959,2.1174326,0.0,0.0,0.0,0.97458184,0.0,0.8803396,0.0,1.0536947,2.072713,0.6963421,0.12907812,0.0,0.0,1.4852406,1.011391,0.0,0.0,0.0,0.8868251,0.0,0.0,1.2910014,0.0,0.0,0.0,0.0,0.005569505,0.0,1.3727485,0.0,2.095007
U01416,0.0,0.0,0.0,0.0,0.0,0.97910166,0.0,0.22769843,0.0,0.0,0.455667,0.0,0.0,0.6023986,1.4655002,0.0,0.8553497,0.0,0.0,0.04486537,0.0,0.37148255,2.561749,0.99948394,1.1960056,0.0,0.0,0.0,0.0,0.0,0.0,1.044006,0.2563462,0.0,0.0,0.0,0.0,0.0,1.7396708,0.0,0.7461771,1.4104047,1.0779477,0.0,0.8096377,0.8080268,1.9820381,1.7225586,0.0,0.0,0.0,0.0,0.0,0.16677675,1.4652871,0.00048804283,0.0,0.0,0.0,0.06710978,0.7115364,0.56142116,0.0,1.5031502
U01417,0.0,0.0,0.0,0.0,0.0,0.9511045,0.0,0.0,0.0,0.25932896,1.3923709,0.0,0.0,0.0,0.0,0.0,0.9485649,0.010655642,0.0,0.48918414,0.0,0.9804466,1.561152,0.0,1.5494006,0.0,0.0,0.0,2.1518018,0.0,0.0,1.218066,1.9838488,0.0,0.0,0.0,0.14951581,0.0,1.303998,0.0,1.1082709,1.0503825,0.23475477,0.0,0.080936074,0.0027279854,1.0144448,1.144819,0.0,0.0,0.0,0.79669356,0.0,0.0,1.0241438,0.0,0.0,0.0,0.0,0.0,0.0,0.54922545,0.6901317,0.62802875
U01418,0.3311665,0.0,0.45108974,0.83535403,0.28512996,0.5992485,0.6235557,0.0111873895,0.23963292,2.1355758,1.8391997,0.19460887,0.21004327,0.0,0.0,0.5765728,1.8265336,0.0,0.5086354,1.4031209,0.0,1.2796915,0.0,0.0,1.4553835,0.60245323,0.0,0.42247927,2.8051271,0.43666726,0.13996193,0.0,2.64795,0.4157195,0.0,0.74153423,1.4898504,0.14980176,0.0,1.1824397,0.0,0.0,0.0,0.5710284,0.0,0.0,0.0,0.0,1.2727973,0.22641933,0.34440345,1.835091,0.50400734,0.0,0.0,0.37578857,0.7567055,0.0,0.051534846,0.0,0.0,0.0,0.70132107,0.0
U01419,0.27405182,1.7557397,0.0,0.6587101,0.4611162,0.0,0.0,0.0,0.020860352,1.6759722,0.0,0.0,0.0,2.2980509,0.0149098635,0.31534535,0.59241676,2.0703697,0.0,1.6078029,1.705442,0.0,0.0,0.41726923,0.0,0.0,0.20174599,3.2717128,0.0,0.38398767,0.0,0.0,0.0,0.17672312,1.6770201,0.5240118,0.484981,0.0,0.0,1.5476246,0.0,0.0,0.117729396,0.0,0.5404179,0.0,0.0,0.0,1.6434022,0.33606467,0.091714896,0.15968499,0.0,0.0,0.0,0.16828185,0.0,1.4360029,0.3625911,0.0,0.61503136,0.0175162,1.081837,0.0
U01420,0.0,1.1270863,0.0,0.0,0.0,0.030372962,0.0,0.25347784,0.0,0.20151305,0.29283765,0.0,0.092403576,0.53067744,1.3716328,0.0,0.28436077,0.7290287,0.0,1.1631126,0.9811838,0.55671465,0.9480272,0.22290681,0.7233412,0.0,0.7952069,0.14357543,0.6863878,0.0,0.0,0.2141214,0.9292474,0.0,0.14743012,0.0,0.0,0.0,1.7255881,0.27950084,0.41708302,0.26872528,0.2792713,0.0,1.1536722,0.6921607,0.97103393,1.0186039,0.08012545,0.0,0.0,0.0,0.0,0.0,0.13346457,0.0,0.0,1.1027751,0.0,0.0,1.1289104,0.0,0.0,0.017225504
U01421,0.0,0.0,0.0,0.0,0.0,0.97197676,0.0,0.0,0.0,0.0,0.0,0.0,0.0,0.9521534,1.043466,0.0,2.150933,0.0,0.0,0.0,0.37082422,1.2275169,1.5127296,1.0286918,0.5918617,0.0,0.0,0.0,0.0,0.0,0.0,1.058696,0.0,0.0,0.5994923,0.05650091,0.0,0.0,2.397352,0.0,0.32593971,1.272014,1.2315285,1.3484106,1.0627413,1.2985798,1.7090908,0.8433027,0.0,0.0,0.0,0.10842766,0.0,0.13333464,2.26094,0.0,0.0,0.24821031,0.0,0.05139645,0.0,0.58660376,0.41939336,0.59901285
U01422,0.61879206,1.095832,0.6346438,0.5874545,0.0,0.0,0.46714237,0.25592893,0.42021883,1.359484,0.0,0.052061647,0.24665956,1.6849422,1.5048516,0.62173265,0.0,2.6925004,0.37263113,2.362197,2.3177953,0.0,0.0,0.0,0.0,0.3072177,1.4241678,1.6854285,0.0,0.23411961,0.30075556,0.0,0.0,0.50149864,1.1638403,1.3341726,0.0,0.22774042,0.3100668,1.898446,0.0,0.0,0.0,0.008374602,1.3026838,0.8849157,0.0,0.0,1.2664415,0.3335054,0.32207283,0.0,0.34715146,0.0,0.0,0.42749017,0.53580886,1.6270986,0.169038,0.0,1.2578865,0.0,0.14382249,0.0
U01423,0.009079456,0.0,0.17032129,0.0,0.2126766,1.9520293,0.0,0.061197504,0.0,0.0,0.0,0.15230824,0.0,0.79342496,0.5462707,0.0,1.2421639,0.0,0.0,0.0,0.0,0.9899317,3.096687,1.3206507,1.336019,0.10498431,0.0,0.0,0.0,0.11767768,0.0,2.6103964,0.035543576,0.0,0.0,0.0,0.0,0.0,1.963374,0.0,1.7529638,2.5859528,1.5913386,0.7483841,1.2535372,0.67245567,3.9198127,2.6243203,0.0,0.016824275,0.0,0.0,0.057963267,0.097620815,2.7812881,0.0,0.047186583,0.0,0.0,0.0,0.0,0.20624833,0.0,2.3222544
U01424,0.0,0.715817,0.0,0.0,0.0,0.9650316,0.0,0.0,0.0,0.8712658,0.6553682,0.0,0.0,0.0,0.5379937,0.0,0.0,1.6053941,0.0,0.26509833,1.1048476,0.2520448,0.0,0.2994187,0.7383108,0.0,1.4994893,0.607046,1.2686613,0.0,0.0,0.63485277,1.1419014,0.0,0.62445796,0.0,0.89393413,0.0,0.9451711,0.37998474,0.679653,0.5377634,1.3418369,0.69743776,0.0,0.44041198,1.1649479,1.0829303,0.59769356,0.0,0.0,0.7893832,0.0,0.16452926,1.3262743,0.0,0.0,0.3230307,0.0,0.15359354,0.084400475,1.6673796,0.0,0.79423404
U01425,1.3085752,0.98622346,1.1271623,1.4853852,1.1318997,0.0,1.5048766,1.2867602,1.906424,0.14574969,0.0,1.3050811,1.3458124,0.471717,1.5136144,1.2833173,0.300475,0.0,1.3006489,0.0,1.6849642,0.0,0.5387556,0.6606095,0.0,1.3983345,1.7447027,1.0006962,0.0,1.3613027,1.3992605,0.0,0.0,1.3788301,0.7682189,0.9246957,0.0,1.4180315,2.3872006,0.1440649,0.0,0.0,0.04117839,0.58695894,0.0,0.0,0.0039797127,0.0,0.5116699,1.7204016,1.1358436,0.0,1.7183092,0.0,2.800838,1.441622,1.7737682,0.5203851,1.8441708,0.0,0.0,1.3850262,0.0,0.0
U01426,0.0,0.5935811,0.0,0.0,0.0,0.45495704,0.0,0.0,0.0,0.0,0.28639507,0.0,0.0,1.0527393,1.0720959,0.0,1.7298129,0.83209693,0.0,1.4766002,0.42942703,0.85469383,1.2564993,1.2330053,0.142228,0.0,0.0,0.658063,0.23554611,0.0,0.0,0.6959934,0.39022803,0.0,0.0,0.0,0.2932655,0.0,1.2793441,0.0,0.042732,1.1763982,0.81414783,0.0,0.9822852,0.13730639,1.139865,1.2521793,0.06036985,0.0,0.0,0.49150464,0.0,0.23338363,1.5831167,0.0,0.0,0.1921637,0.0,0.0,0.0,1.304595,1.073793,0.66223466
U01427,0.0,0.0,0.0,0.0,0.0,0.20753074,0.0,0.0,0.0,0.0,0.4251842,0.0,0.0,0.0,0.0,0.0,1.6503661,1.3928053,0.0,1.1202728,0.0,0.82672703,0.996653,0.017688535,0.5206444,0.0,0.0,0.0,1.6295407,0.0,0.0,1.1512971,1.7902246,0.0,0.0,0.0,0.087554455,0.0,1.5910378,0.0,0.7397997,1.0245837,0.8657738,0.0,0.3380978,0.13934726,0.45253175,0.92481065,0.0,0.0844242,0.0,0.36012822,0.0,0.0,2.6805444,0.0,0.0,0.0,0.0,0.0,0.0,1.273498,0.8041458,0.40213764
U01428,0.0,2.1469789,0.0,0.0,0.0,0.0,0.0,0.19678976,0.09572011,1.534008,0.0,0.026327867,0.38099235,1.4333014,2.050329,0.0,0.0,0.0,0.0,0.0,2.4714541,0.0,0.18799323,0.6938649,0.0,0.0,3.268941,1.6061323,0.0,0.0,0.0,0.0,0.0,0.0,0.9811243,0.0,0.0,0.0,1.1540257,1.7460414,0.0,0.0,0.03172438,0.3956095,0.0,0.13178128,0.0,0.0,1.7854831,0.0,0.0,0.0,0.0,0.0,0.78978574,0.0,0.0,1.6376557,0.04150991,0.0,0.98452127,0.51090944,0.0,0.0
U01429,0.31857896,0.02023828,0.022638798,0.0,0.13899766,0.64048076,0.1445505,0.0,0.0,0.0,0.90838444,0.011077769,0.0,0.0,0.0816893,0.0,1.6431903,0.0,0.32490954,0.313267,0.0,1.1737484,1.4242103,0.0,1.5061765,0.1541206,0.0,0.0,1.5975026,0.0,0.08967291,1.1900319,1.4098084,0.13004541,0.0,0.0,0.53601617,0.24511184,2.0887048,0.0,0.3376816,0.73846173,0.0,0.23074934,1.5529993,0.2654304,0.111484885,1.049323,0.0,0.0,0.29267943,0.26948,0.0,0.0,1.3188812,0.23426446,0.16831733,0.018197298,0.0,0.0,0.0,0.0,0.6778947,0.5779815
U01430,0.0,0.53708756,0.0,0.0,0.0,0.03234671,0.0,0.0,0.0,1.0086119,0.46836677,0.0,0.0,1.3770628,1.8267944,0.0,0.71412396,0.9353645,0.0,1.4438306,1.0948558,0.76834416,0.72187907,0.36932367,0.6699203,0.0,1.3551881,0.8106213,0.42851752,0.0,0.0,0.0,0.48104298,0.0,0.54849374,0.0,0.21638739,0.0,1.1480975,0.17304671,0.0,0.10498893,0.0,0.3573179,0.34592116,0.14472389,0.4091444,0.30936193,0.7012114,0.0,0.0,0.08962309,0.0,0.0,0.16368651,0.0,0.0,0.64348274,0.0,0.0,0.4020431,1.5363698,0.0,0.09655225
U01431,0.0,0.0,0.0,0.0,0.0,0.7060895,0.0,0.0,0.0,0.2691698,1.6255838,0.0,0.0,0.08158851,0.0,0.0,0.0,2.192736,0.0,1.4855441,0.0,0.46966317,0.8319871,0.0,1.801291,0.0,0.0,0.0,1.4636266,0.0,0.0,1.3837802,1.9402575,0.0,0.0,0.0,0.5645158,0.0,0.0,0.0,1.440392,1.2700398,0.105136305,0.0,0.27800047,0.0,1.4365267,1.6916859,0.0,0.0,0.0,0.35325304,0.0,0.0,0.2072953,0.0,0.0,0.0,0.0,0.0,0.22831213,1.4437726,0.0,1.4538496
U01432,0.0,1.4164085,0.0,0.18899122,0.0,0.0,0.0,0.0,0.11126155,1.0224506,0.0,0.0,0.0,1.5841603,2.007737,0.0,0.22565812,0.0,0.0,0.0,1.7176719,0.0,0.0,0.9332647,0.0,0.0,2.5130563,2.2374287,0.0,0.0,0.0,0.0,0.0,0.0,1.3429871,0.21349633,0.28702736,0.13511056,0.65875256,0.93366635,0.0,0.0,0.56093085,1.5718777,0.0,0.49102646,0.0,0.0,1.1950078,0.0,0.0,0.0,0.17014025,0.0,0.99452364,0.0,0.0885535,0.61582386,0.0,0.0,0.2869015,0.8881818,0.0,0.0
U01433,0.0,0.37155545,0.0,0.0,0.0,0.56650245,0.0,0.0,0.0,0.46836925,0.13744684,0.0,0.0,0.042571783,0.2615577,0.0,2.4416633,0.64617765,0.0,0.98861706,0.7192388,1.0609357,0.909108,0.5821671,0.39013427,0.0,0.0,0.59896576,1.0879006,0.0,0.0,0.65192425,0.97448987,0.0,0.089653015,0.0,0.2172961,0.0,1.5846733,0.0027848482,0.0,0.814054,0.75624967,0.5899372,0.72201407,0.5862643,0.0,0.0,0.42887652,0.0,0.0,0.64953375,0.0,0.25071737,1.5254608,0.0,0.0,0.6953058,0.0,0.20091254,0.0,1.0012349,0.98537195,0.08706498
U01434,0.091876626,0.0,0.46486664,0.21555433,0.07513897,1.5235178,0.0,0.0,0.09727962,0.0,1.3814183,0.10832086,0.0,0.0,0.0,0.0,2.2836657,0.0,0.1412347,0.0,0.0,2.3282201,2.7532856,0.0,2.1591938,0.05344343,0.0,0.0,1.9787949,0.0,0.16669747,1.5447886,1.9560095,0.17412862,0.0,0.138847,0.46510446,0.17148119,2.707413,0.0,0.28231546,1.3629836,0.0,0.8015876,1.0666009,0.0,0.0,0.14771783,0.0,0.11090535,0.12140731,1.2565343,0.046931416,0.0,2.4675837,0.0,0.4428581,0.0,0.0,0.0,0.0,0.0,1.2130003,1.0792799
U01435,0.0,1.1751316,0.0,0.0,0.0,0.0,0.0,0.0,0.0,2.058084,1.2879658,0.0,0.0,0.683042,0.0,0.0,0.0,3.6213975,0.0,2.1157012,0.51543224,0.0,0.0,0.0,0.9644563,0.0,1.8000379,0.0,1.9934874,0.15300666,0.0,0.0,1.2021744,0.0,0.0,0.0,0.0,0.0,0.0,1.0617049,0.67830306,0.0,0.0,0.0,0.9417862,0.0,0.20037109,0.16889715,0.78420246,0.0,0.0,0.0,0.0,0.0,0.0,0.0,0.0,2.1007347,0.0,0.0,0.90189874,1.4885299,0.0,0.047196746
U01436,0.0,1.7800146,0.0,0.0,0.014272779,0.0,0.0,0.0,0.0,0.8107873,0.0,0.18233028,0.01108801,2.4075098,1.6823108,0.0,0.0,0.8836837,0.04745969,0.0,3.0445318,0.0,0.0,1.2502329,0.0,0.0,1.7529948,2.665558,0.0,0.0,0.0,0.0,0.0,0.0,2.0848951,0.1496557,0.03602597,0.0,0.0,2.115503,0.0,0.0,0.71364766,1.2074959,0.3143512,0.47686797,0.3867023,0.11607507,1.5420359,0.27684504,0.0,0.0,0.0,0.0,0.0,0.0,0.0,2.1414149,0.0,0.0,1.3331337,0.0,0.0,0.0
U01437,0.0,0.07435119,0.0,0.0,0.0,1.1777356,0.0,0.0,0.0,0.5828452,1.1579659,0.0,0.0,0.0,0.21614116,0.0,1.1391697,0.0,0.0,0.0,0.0,1.5138321,1.4718719,0.0,1.1496526,0.0,0.18869269,0.46278107,1.5992326,0.0,0.0,0.70854414,1.3427621,0.0,0.21424711,0.0,0.86481905,0.0,1.7472724,0.0,0.130003,1.2184162,0.023560584,0.9044615,0.3073839,0.17123735,0.0,0.0,0.4117077,0.0,0.0,1.1881477,0.0,0.0,1.4585811,0.0,0.0,0.0,0.0,0.0,0.0,1.4896351,0.18209869,0.7541293
U01438,0.16314048,0.7551103,0.32915476,0.18746793,0.0,0.0,0.26590914,0.177876,0.4684105,0.0,0.0,0.38586235,0.46701717,1.3783938,1.5525104,0.18352425,0.75077254,0.0,0.41240025,0.0,1.6071675,0.0,0.32297784,1.2074618,0.0,0.35746217,0.89575666,0.5810851,0.0,0.53563106,0.17394403,0.0,0.0,0.33092326,1.1962832,0.28337032,0.0,0.17941028,1.4260921,1.1919428,0.0,0.14559147,1.147515,0.54772484,0.73268807,1.0418738,1.5518985,0.85550773,0.10297537,0.51893103,0.18549338,0.0,0.38626647,0.0,0.861606,0.36549014,0.28655756,1.5895633,0.22480631,0.0,1.0786139,0.0,0.0,0.0
U01439,0.0,1.3393708,0.0,0.0,0.0,0.0,0.0,0.0,0.0,0.64771944,0.0,0.0,0.0,2.8608217,2.2327158,0.0,0.0,1.3498234,0.0,0.2183125,3.0514898,0.0,0.0,1.2389174,0.0,0.0,1.3634552,2.8496323,0.0,0.0,0.0,0.0041448474,0.0,0.0,2.2931962,0.0,0.22889526,0.0,0.16527991,1.7919767,0.0,0.0,0.8538414,1.2874653,0.63581073,0.7362389,0.4957543,0.0,1.4305893,0.0,0.0,0.0,0.0,0.0829514,0.60837185,0.0,0.0,1.284222,0.0,0.31704465,0.9140195,0.0,0.0,0.0
U01440,0.0,1.5416973,0.0,0.0,0.0,0.10395858,0.0,0.0,0.0,1.9247695,0.53185534,0.0,0.0,0.22601819,0.6485854,0.0,0.0,0.9214401,0.0,1.000877,1.5077645,0.0,0.0,0.0,0.04898721,0.0,2.1336284,2.3951235,0.40787637,0.0,0.0,0.0,0.0,0.0,1.0982028,0.0,1.0489888,0.0,0.0,1.7900153,0.0,0.0,0.0,0.86651397,0.0,0.0,0.0,0.0,1.9291174,0.0,0.0,0.56398916,0.0,0.0,0.0,0.0,0.0,0.86685157,0.0,0.0,0.0,0.0,0.0,0.0
U01441,0.0,0.9210094,0.0,0.0,0.0,0.5740595,0.0,0.0,0.0,1.1346464,1.1314814,0.0,0.0,0.0,0.295807,0.0,0.0,1.366584,0.0,1.3199083,0.39109123,0.19727537,0.0,0.0,0.8686681,0.0,1.7329495,0.5987555,1.524344,0.0,0.0,0.31362092,1.2690796,0.0,0.31493682,0.0,0.34027073,0.0,0.0,1.6911305,0.91575605,0.0,0.6349268,0.11143562,0.5399256,0.39475834,0.0,0.6032648,1.0103028,0.0,0.0,0.4356909,0.0,0.0,0.0,0.0,0.0,1.2053106,0.0,0.112182185,0.3296559,0.0,0.0,0.0
U01442,0.0,0.08567387,0.0,0.0,0.0,0.69918716,0.0,0.0,0.0,0.0,0.0,0.0,0.0,0.9508914,1.0896087,0.0,0.9635709,0.0,0.0,0.0,0.78168416,1.077842,1.7579348,1.0203274,0.42111063,0.0,0.5037252,0.5142219,0.33752686,0.0,0.0,0.68473196,0.27254787,0.0,0.5858002,0.0,0.0,0.0,3.0944247,0.0,0.524097,0.98071194,1.0526836,0.43701312,0.6941529,0.92140925,1.9754463,0.7956281,0.0,0.0,0.0,0.025490053,0.0,0.15075666,2.3148289,0.0,0.0,0.691567,0.0,0.1461066,0.41127235,1.4754555,0.0,0.6600547
U01443,0.045494914,0.0,0.008292228,0.122285664,0.026972175,0.21299979,0.08917862,0.14590438,0.0,0.0,0.0,0.14671297,0.0,1.5653303,1.4529451,0.0,1.4733257,0.0,0.035576135,0.0,1.3184092,0.5779314,0.8370673,1.3439167,0.0,0.0,0.12950301,0.66014946,0.0,0.03974911,0.06402357,0.5371355,0.0,0.086052954,1.1279314,0.07435274,0.0,0.029423684,2.1817584,0.21755707,0.07289639,0.4565341,1.061453,1.0922991,0.26497483,0.9317856,2.0690475,0.59524024,0.0,0.2485245,0.010432451,0.0,0.15578756,0.0,2.0228143,0.03470689,0.048714638,0.7785186,0.0,0.0,0.20895773,0.6713698,0.0,0.087200165
U01444,0.0,0.8813258,0.0,0.0,0.0,0.48721257,0.0,0.0,0.0,0.96084684,0.08420926,0.0,0.0,0.9394845,1.486389,0.0,0.73667383,0.76828074,0.0,0.3665793,1.5527177,0.4297948,0.010328531,0.76924646,0.0077062845,0.0,1.5473754,1.4071057,0.22118711,0.0,0.0,0.07669693,0.15504402,0.0,1.1009319,0.0,0.7349454,0.0,0.7423557,1.1709644,0.0,0.03011024,0.81345654,0.9907489,0.025195003,0.4631937,0.921332,0.5689721,0.9978316,0.0,0.0,0.5429703,0.0,0.06665328,0.4884907,0.0,0.0,0.68894017,0.0,0.13564914,0.3753435,0.7169857,0.0,0.1032846
U01445,0.15938532,0.9772236,0.0,0.18092155,0.5266667,0.0,0.0,0.218663,0.2266806,0.7006769,0.0,0.0,0.0,1.5864377,2.0371194,0.0,0.1562388,0.13712335,0.030186325,0.0,1.8324142,0.0,0.0,0.3037284,0.0,0.0,2.308229,1.8981223,0.0,0.0,0.0,0.0,0.0,0.0,1.4122324,0.1688317,0.00057408214,0.10542855,1.6558288,0.49486315,0.0,0.0,0.15205221,1.5032141,0.0,0.0,0.01915203,0.0,0.87403125,0.1380486,0.0,0.0,0.7708259,0.0,0.9112145,0.0149053335,0.12771787,0.31505346,0.24129695,0.0,0.0,0.76722085,0.0,0.0
U01446,0.0,0.027661324,0.07185736,0.0,0.0,1.0160584,0.0,0.0,0.0,0.0,0.3533424,0.17240383,0.0,0.0,0.7166991,0.0,1.9420447,0.0,0.0,0.0,0.21242332,1.3493791,1.7426696,0.0,0.58363605,0.0,0.0,0.74743897,1.0183923,0.0,0.0,0.47849798,0.85740745,0.0,0.43989515,0.0,0.2980531,0.0,2.2312822,0.27557027,0.0,0.4545145,0.11715078,1.2750434,0.0,0.3112576,0.0,0.0,0.111812234,0.0,0.0,1.2181365,0.0,0.0,1.9960223,0.0,0.0,0.0,0.0,0.0,0.0,0.22593465,0.22206208,0.21363854
U01447,1.0489749,1.0326376,0.9962969,1.1467341,0.3731506,0.0,1.1415768,0.7096204,0.95133674,1.5096186,0.0,0.3682174,0.5551093,1.846448,0.7710449,1.0376695,0.0,2.8059614,0.96420956,2.5713668,1.6168761,0.0,0.0,0.0,0.0,0.79412603,1.413107,1.5403825,0.0,0.7764447,0.8372037,0.0,0.0,1.1317205,0.85549873,1.8417488,0.0,0.93993104,0.0,1.577035,0.0,0.0,0.0,0.0,1.1919655,0.5319165,0.0,0.0,1.225325,0.87787735,0.8066424,0.0,0.7449447,0.0,0.0,0.99082935,0.89888144,1.2558144,0.44690138,0.0,0.9948647,0.0,0.48024195,0.0
U01448,0.0,0.0,0.0,0.0,0.13458987,1.3442429,0.0,0.0,0.0,0.7263655,1.6883318,0.0,0.0,0.0,0.0,0.0,0.22585928,0.7590902,0.0,0.7815807,0.0,0.78364414,0.94175774,0.0,1.8084817,0.0,0.0,0.0,2.6357284,0.0,0.0,1.2874725,2.5293863,0.0,0.0,0.0,0.8853966,0.0,0.0,0.0,1.1829417,0.8613771,0.09914057,0.0,0.0,0.0,0.8082075,1.0801461,0.0,0.0,0.0,1.230432,0.0,0.0,0.8720895,0.17386407,0.0,0.0,0.0,0.0,0.0,1.3695196,0.70982593,1.2063739
U01449,0.0,0.92929816,0.0,0.0,0.0,0.53259623,0.0,0.0,0.0,1.051291,0.58522093,0.0,0.0,0.5110127,1.2092386,0.0,0.0,1.1104177,0.0,0.57514036,1.2329583,0.36585626,0.0,0.5021975,0.57611334,0.0,1.6920862,0.8925106,0.74232304,0.0,0.0,0.31461912,0.60755396,0.0,0.33957052,0.0,0.69565463,0.0,1.1771092,0.59940374,0.18885645,0.6059333,0.91633546,0.44435957,0.0,0.5725465,1.1200978,0.78017104,0.70318455,0.0,0.0,0.47707888,0.0,0.0,0.38708723,0.0,0.0,0.5034163,0.0,0.27617538,0.46376505,1.4413911,0.0,0.4467827
U01450,0.0,1.2953069,0.0,0.0,0.0,0.16871047,0.0,0.0,0.0,0.9355203,0.108982325,0.0,0.0,0.0,1.3203417,0.0,0.0,1.8022876,0.0,1.5582656,1.0266285,0.0,0.0,0.0,0.39468944,0.0,1.7718403,0.3773911,0.8036232,0.0,0.0,0.0,0.7943057,0.0,0.58841014,0.0,0.032561272,0.0,0.47371292,0.80698824,0.7168685,0.0,0.73639226,0.0,0.5441202,0.9179523,0.10716593,0.28586203,0.64893496,0.0,0.0,0.0,0.0,0.0,0.0,0.0,0.0,0.8782897,0.0,0.0,0.49010584,0.54260457,0.0,0.0
U01451,0.38426322,1.4169644,0.3119525,0.24034867,0.0,0.0,0.260247,0.060729444,0.05507604,1.5472931,0.0,0.0,0.03691548,1.7970955,1.1323998,0.39705384,0.0,2.8652635,0.18970051,2.7092242,2.144189,0.0,0.0,0.0,0.0,0.23706521,1.4544755,2.005517,0.108224094,0.0,0.19275063,0.0,0.0,0.34600043,1.32104,1.2060714,0.0,0.16574484,0.0,2.097873,0.0,0.0,0.0,0.0,1.7172477,0.752232,0.0,0.0,1.5878881,0.16418196,0.18207565,0.0,0.011688784,0.0,0.0,0.23756066,0.1463557,1.6546706,0.0,0.101967156,1.1895456,0.0,0.43120494,0.0
U01452,0.0,0.32359797,0.0,0.0,0.0,0.44280264,0.0,0.0,0.0,1.0760074,0.7947352,0.0,0.0,0.0,0.92792445,0.0,1.6117021,0.41353965,0.0,1.2360878,0.5691179,0.6814576,0.2077955,0.15084502,0.96470344,0.0,0.57525414,0.75606024,1.22562,0.0,0.0,0.2511394,1.3357736,0.0,0.08412182,0.046922445,0.95241153,0.0,0.45061168,0.3519957,0.06384918,0.19160652,0.0,1.0547979,0.0,0.45096284,0.0,0.4616039,0.6185059,0.0,0.0,0.9206618,0.0,0.005533606,0.5768099,0.0,0.0,0.0,0.0,0.09214862,0.037314832,0.8526983,0.22962877,0.4803381
U01453,0.0,0.9339207,0.0,0.0,0.0,0.0,0.06684202,0.11820908,0.0,0.0,0.0,0.0,0.0,1.3427694,2.3656552,0.0,1.3046206,0.0,0.0,0.0,1.8154724,0.0,0.97212845,1.1529882,0.0,0.0,1.9390061,0.61834866,0.0,0.0,0.0,0.0,0.0,0.0,1.1834784,0.09625685,0.0,0.0,2.5294273,0.6855507,0.0,0.0,0.9685855,1.2620587,0.14280331,1.0715708,0.7076689,0.03268735,0.19143051,0.0,0.0,0.0,0.2724676,0.0,1.3315948,0.0,0.0,1.1239042,0.0,0.0,0.36651593,0.037405252,0.0,0.0
U01454,0.0,0.6697081,0.0,0.0,0.0,0.43857798,0.0,0.0,0.0,0.98541933,0.05696568,0.0,0.0,1.2639275,1.4938782,0.0,1.5480536,0.6758729,0.0,0.0,1.4038103,0.38824034,0.0,1.1910002,0.0,0.0,1.4172579,1.7349191,0.0,0.0,0.0,0.0,0.0,0.0,1.342704,0.026473284,0.5192441,0.0,0.30836377,1.3156818,0.0,0.0,0.7824342,1.7522247,0.0,0.8042339,0.16822195,0.0,1.1123147,0.0,0.0,0.5036659,0.0,0.053892612,1.0187992,0.0,0.0,0.39167374,0.0,0.0,0.27849418,1.5409967,0.075576484,0.0
U01455,0.0,0.23820257,0.0,0.0,0.0,0.6102686,0.0,0.0,0.0,0.0,0.36254746,0.0,0.0,0.29040694,0.59814197,0.0,0.0,1.3161659,0.0,1.0528312,0.6066402,0.57944196,0.8929501,0.21307221,0.55781806,0.0,0.6445685,0.25724077,0.9331445,0.0,0.0,0.6779543,0.77022576,0.0,0.3678668,0.0,0.0,0.0,1.707136,0.29156816,0.7263177,0.901253,0.86058104,0.0,1.0639187,0.91599876,1.720187,1.2867143,0.0,0.0,0.0,0.0,0.0,0.0,0.26795232,0.0,0.0,0.88445723,0.0,0.0030124243,0.9664828,0.21359725,0.09616643,0.40290153
U01456,0.0,0.0,0.0,0.0,0.30819988,1.0292796,0.0,0.0,0.0,2.0290875,2.1194983,0.0,0.0,0.0,0.0,0.0,0.85756546,0.77322817,0.029072195,1.0647452,0.0,0.35746422,0.0,0.0,1.9255192,0.0,0.0,0.0,3.0232134,0.0,0.0,0.940766,2.4827888,0.0,0.0,0.0,1.3425664,0.0,0.0,0.0,0.67407346,0.014980793,0.0,0.0,0.0,0.0,0.0,0.0,0.43529528,0.0,0.41880268,2.1580203,0.11716412,0.0,0.52141666,0.0,0.0,0.0,0.0,0.0,0.0,0.7234993,1.1113354,1.30218
U01457,0.0,1.0543807,0.0,0.0,0.0,0.03598769,0.0,0.0,0.0,0.64534855,0.0,0.0,0.0,0.44983208,1.8154565,0.005793333,1.4379947,0.0,0.0,0.0,1.2011458,1.0105798,1.2427621,0.5519345,0.037699044,0.0,1.4073645,1.3401673,0.0,0.0,0.0,0.0,0.14911254,0.0,0.5905731,0.0,0.042141646,0.0,2.6520002,0.4277184,0.0,0.26010984,0.12182526,1.3277466,0.0,0.45631087,0.07965392,0.0,0.6769508,0.0,0.0,0.26877603,0.012208194,0.0,2.0244703,0.0,0.031706393,0.4514529,0.18397582,0.0,0.0,2.3412805,0.0,0.0
U01458,10.643246,0.0,10.438342,11.999806,8.08964,0.0,10.657813,7.15412,10.637254,0.0,0.0,8.612277,7.6344123,0.0,0.0,9.533288,0.0,0.0,11.73086,0.0,0.0,0.0,0.0,0.0,0.0,11.807557,0.0,0.0,0.0,10.618597,11.00538,0.0,0.0,11.048451,0.0,9.068873,0.0,11.606866,0.0,0.0,0.0,0.0,0.0,0.0,0.0,0.0,0.047197834,0.0,0.0,11.456698,11.082817,0.0,9.775968,0.0,3.9235,10.656159,10.547117,0.0,9.100859,0.0,0.0,9.80946,4.7998476,0.0
U01459,0.0,1.29504,0.0,0.0,0.0,0.20904881,0.0,0.0,0.0,1.4603676,0.29636568,0.0,0.0,0.7473837,1.0279166,0.0,0.0,1.5321457,0.0,0.7251078,1.547811,0.18952979,0.0,0.46903503,0.0,0.0,2.4028215,1.1657231,0.4633773,0.0,0.0,0.0,0.07315627,0.0,1.2976557,0.0,0.33822492,0.0,0.2966995,2.0252814,0.33284122,0.0,0.7924545,0.5597826,0.4876114,0.7159098,0.46757025,0.0,1.2801965,0.0,0.0,0.1216182,0.0,0.0,0.0,0.0,0.0,1.5108324,0.0,0.17341568,0.83364284,0.39503703,0.0,0.0
U01460,0.0,0.0,0.074141085,0.09252691,0.0,1.4294167,0.0,0.0,0.030645348,0.4289322,1.6783259,0.0,0.0,0.0,0.0,0.0,2.0660167,0.0,0.0,0.0,0.0,2.005926,1.6134894,0.004902251,1.6923397,0.0,0.0,0.0,2.0518928,0.0,0.0,1.0974734,2.233843,0.0,0.0,0.16150725,1.2097913,0.0,0.929011,0.0,0.13394013,1.1135921,0.022672921,0.8763038,0.0,0.0,0.14041793,0.8468425,0.0,0.0,0.0,1.546003,0.0,0.0,1.6984497,0.0,0.04804617,0.0,0.0,0.0,0.0,1.0068035,0.671094,1.0795281
U01461,0.5804058,0.23353738,0.42272815,0.72116846,0.57988524,0.0,0.33070338,1.0816659,0.9757622,0.0,0.0,0.41446167,0.8894588,1.2514172,2.8539047,0.32751173,2.3870547,0.0,0.4042738,0.0,0.9376643,0.33189258,2.30942,1.1004896,0.0,0.4231955,0.52204555,0.0,0.0,0.4515252,0.40675807,0.0,0.0,0.5799119,0.9241139,0.026547909,0.0,0.33594698,4.075841,0.0,0.0,0.0,0.5416286,1.4142506,0.0,0.058426738,1.1639595,0.0,0.0,0.54395986,0.57452524,0.0,1.0529413,0.0,3.0888815,0.6915074,0.59562194,0.0,0.75843656,0.0,0.0,0.55942935,0.0,0.50143826
U01462,0.0,0.0,0.0,0.0,0.0,1.5439235,0.0,0.0,0.0,0.87733936,1.8756454,0.0,0.0,0.43177634,0.0,0.0,0.8217697,1.1933237,0.0,0.91759753,0.0,1.2349886,0.66513103,0.021165803,1.3608396,0.0,0.0,0.048966408,1.4777215,0.0,0.0,0.7495357,1.7384161,0.0,0.0,0.0,1.7316089,0.0,0.0,0.0,0.25994152,0.73014176,0.0,0.58976066,0.0,0.0,0.64418733,1.2878661,0.31246704,0.0,0.0,1.4472067,0.0,0.048751414,0.47844565,0.0,0.0,0.0,0.0,0.005940263,0.0,1.7446216,0.19605905,1.3834922
U01463,0.0,0.0,0.4074757,0.0,0.11439182,0.7253175,0.0568344,0.1078241,0.108619794,0.0,0.16946757,0.34657407,0.0,0.3016113,0.6297308,0.033523202,1.385524,0.0,0.0,0.0,0.0,0.62173855,2.3048978,1.4754645,0.20676309,0.22772026,0.0,0.0,0.0,0.29428226,0.0,0.87793744,0.24525087,0.057323933,0.0,0.11966014,0.0,0.0,2.3095005,0.0,1.0826373,1.6623759,1.3310293,0.2197665,0.23113799,1.0742917,2.5921845,0.8485718,0.0,0.10327041,0.0,0.0,0.0,0.0,2.699823,0.0,0.22517538,0.0,0.13426399,0.0,0.060589075,2.5797691,0.24473533,0.4452212
U01464,0.0,0.9849545,0.0,0.0,0.0,0.73959243,0.0,0.0,0.0,1.281517,1.1359828,0.0,0.0,0.0,0.18448466,0.0,0.08834541,0.55773616,0.0,0.81562173,0.050363183,1.0104952,0.4878114,0.0,1.2230995,0.0,0.9077538,0.02206719,2.1344945,0.0,0.0,0.07828969,1.9842753,0.0,0.0,0.0,0.69482696,0.0,1.3146589,0.41656363,0.3884849,0.17928961,0.0,0.0,0.0,0.0,0.0,0.19422689,0.65523314,0.0,0.0,0.6080886,0.0,0.0,0.16461492,0.0,0.0,0.115537286,0.0,0.0,0.0,1.0082208,0.09524763,0.41038525
U01465,0.0,0.0,0.0,0.0,0.0,1.4787818,0.0,0.0,0.0,0.0,0.92336464,0.0,0.0,0.3051226,0.55044544,0.0,0.24002194,0.01885748,0.0,0.31312394,0.0,0.8905263,2.0963006,0.5677399,1.1939437,0.0,0.0,0.0,0.71672887,0.0,0.0,1.4441783,1.0273294,0.0,0.0,0.0,0.41283745,0.0,1.1023306,0.0,1.0982599,1.5439662,0.8838241,0.0,0.45819128,0.2442922,2.864139,1.9781343,0.0,0.0,0.0,0.16666143,0.0,0.0,1.0982059,0.0,0.0,0.0,0.0,0.0,0.21006185,1.1289151,0.0,1.616138
U01466,0.0,1.2828336,0.0,0.0,0.0,0.0,0.0,0.0,0.0,0.41605616,0.0,0.0,0.0,1.2555823,1.8350579,0.0,0.67689836,0.36728024,0.0,0.28708386,2.0026326,0.16347797,0.38528758,0.64920926,0.0,0.0,1.7349778,1.4396393,0.015954614,0.0,0.0,0.0,0.0,0.0,1.248637,0.0,0.0,0.0,2.1379917,1.5252688,0.0,0.1170024,0.8906417,0.65589345,0.9828773,1.1460899,0.8362775,0.5288311,0.73105806,0.0,0.0,0.0,0.0,0.13369933,0.695444,0.0,0.0,1.6704235,0.0,0.3011227,0.97127587,0.0,0.0,0.0
U01467,0.16821706,0.0,0.0,0.1314646,0.50208706,1.6714928,0.05627185,0.122446164,0.11733576,0.045933485,1.8434184,0.0,0.0030960403,0.0,0.0,0.013872206,0.0,0.22210145,0.0,1.1970356,0.0,1.3393302,1.5736551,0.0,2.3352675,0.0,0.0,0.0,2.580637,0.08940772,0.0,1.6801679,2.5934682,0.0,0.0,0.0,0.7941383,0.15313935,0.13357824,0.0,1.3271227,1.2795521,0.0,0.0,0.028656483,0.0,1.4022485,1.5426637,0.0,0.19407043,0.0,0.6672282,0.036946103,0.0,0.28545403,0.33730605,0.31711167,0.0,0.11577305,0.0,0.0,0.34301677,0.41630524,1.7364044
U01468,0.019650817,0.113603055,0.0,0.0,0.0,0.5313513,0.0,0.0,0.0,0.0,0.7207627,0.0,0.0,0.17285764,0.0,0.0,1.4513497,1.0407343,0.0,0.8045205,0.0,0.0,1.3213491,0.4736331,0.84430265,0.0,0.0,0.0,0.52147055,0.0,0.0,1.157387,0.91481084,0.17598858,0.038374364,0.0,0.0,0.0,0.43672067,0.0,1.3663814,1.5039004,0.5025561,0.15620089,1.5428054,1.0964876,1.7402575,0.9427799,0.0,0.0,0.0,0.21097086,0.0,0.19720396,1.2037193,0.0,0.0,0.0,0.0,0.061028413,0.38019258,1.3936456,0.8666413,0.5231935
U01469,0.0,0.0,0.0,0.0,0.0,1.4814252,0.0,0.0,0.0,0.0,0.25025454,0.0,0.0,0.15090752,1.0144584,0.0,1.141555,1.5937994,0.0,0.59750366,0.95605433,0.24971354,0.5540338,0.33857977,0.649276,0.0,0.7629023,0.0,1.0424949,0.0,0.0,1.2103319,1.1872511,0.0,0.7901537,0.0,0.0,0.0,0.9569584,0.4930408,1.4158804,0.31934738,1.0883744,1.7167892,1.319078,0.9111763,1.1669188,0.68935394,0.0,0.0,0.0,0.054269187,0.0,0.0,0.76387703,0.0,0.0,0.82892454,0.0,0.0,0.0,0.0,0.0,0.010594845
U01470,0.0,1.4639143,0.0,0.0,0.028686628,0.0,0.0,0.024832338,0.0,1.6365925,0.0,0.0,0.005602576,0.80143946,1.3478299,0.15722483,0.12592202,0.77939606,0.0,0.7308805,2.0949194,0.0,0.0,0.0,0.0,0.0,1.9288251,1.4979564,0.21416688,0.0,0.0,0.0,0.08365079,0.0,0.62690413,0.0,0.0,0.0,0.6176194,1.6168092,0.0,0.0,0.0,0.32655162,0.29438627,0.29975343,0.0,0.0,1.0206985,0.0,0.0,0.0,0.0,0.0,0.0,0.0,0.0,1.871113,0.0,0.0,1.0118176,0.0,0.0,0.0
U01471,0.088841856,0.0,0.3695327,0.3424357,0.0,1.4832529,0.29140657,0.0,0.26815313,0.0,1.0657752,0.35147864,0.0,0.0,0.0,0.0,2.5992718,0.0,0.0,0.0,0.0,2.197057,1.9835904,0.0,1.6862371,0.38014346,0.0,0.0,1.922626,0.2956947,0.3585363,1.3680421,1.702844,0.1621716,0.0,0.28226346,0.7220892,0.111661345,1.356863,0.0,0.11155489,0.9283081,0.0,0.64933693,0.067491055,0.0,0.0,0.32390603,0.0,0.18760532,0.093531124,1.5481489,0.3304078,0.0,1.8278583,0.046653807,0.47174925,0.0,0.028821006,0.0,0.0,0.0,1.1189791,0.8182261
U01472,0.015101373,0.05675,0.0,0.0,0.0,0.535995,0.0,0.09712139,0.0,0.0,0.0,0.20694079,0.0,1.2843214,1.6501671,0.00760597,2.736382,0.0,0.0,0.0,0.41682112,0.51661634,2.2044053,2.0008252,0.25052142,0.042367995,0.0,0.0,0.0,0.0,0.0,0.9185085,0.0,0.0,0.8332599,0.14664781,0.0,0.0,3.3824382,0.0,0.022938445,1.3409785,1.4208556,1.3563395,0.29519212,1.2296373,2.3358116,1.069007,0.0,0.03451395,0.0,0.0,0.22319986,0.33347192,3.6308918,0.0,0.097126245,0.0,0.0,0.021970483,0.0,1.0549772,0.7468207,0.59405816
U01473,0.0,0.0,0.0,0.0,0.0,1.7555425,0.0,0.0,0.0,0.0,1.227082,0.0,0.0,0.0,0.0,0.0,0.0,0.9028294,0.0,0.0,0.0,0.21444434,0.5126917,0.0,1.878619,0.0,0.28132308,0.0,1.730123,0.0,0.0,2.5893178,1.4829417,0.0,0.0,0.0,0.0,0.0,0.5741682,0.0,2.6774192,3.3514633,0.9117223,0.84207106,0.0,0.0,1.831667,0.0,0.0,0.0,0.0,0.0,0.0,0.0,0.8928782,0.0,0.0,0.0,0.0,0.0,0.0,0.0,0.0,1.5306382
U01474,0.0,1.5535796,0.0,0.0,0.0,0.36741388,0.0,0.0,0.0,2.0514178,1.0215389,0.0,0.0,0.0,0.19781148,0.0,0.25472355,0.0,0.0,0.5785028,0.49706757,0.9998326,0.0,0.0,0.8398677,0.0,1.5062295,1.096138,1.4528258,0.0,0.0,0.0,1.2236356,0.0,0.11823237,0.0,0.7341237,0.0,0.174478,1.7655343,0.0,0.0,0.0,0.07900944,0.0,0.0,0.0,0.0,1.4391217,0.0,0.0,0.8789462,0.0,0.0,0.0,0.0,0.0,0.4991979,0.0,0.0,0.0,0.67971885,0.0,0.0
U01475,0.0,0.27625805,0.0,0.03216231,0.0,1.1411611,0.0052698255,0.0,0.0,0.99356896,1.7599795,0.0,0.0,0.0,0.0,0.023166358,1.4572836,0.0,0.0,0.3937087,0.0,1.54128,1.1364577,0.0,1.4486275,0.10721636,0.0,0.0,1.811404,0.0,0.08996932,0.45122313,1.9990517,0.0,0.0,0.073087096,0.9093348,0.0,0.7055936,0.8830724,0.208388,0.0,0.0,0.41836476,0.0,0.0,0.22919732,0.90480995,0.26106024,0.03935668,0.0,1.3970577,0.0,0.0,0.62737715,0.0,0.069102034,0.0,0.0,0.0,0.0,1.0693358,0.22221547,0.31976724
U01476,0.75024647,0.8771087,0.7092953,0.73778737,0.26866615,0.0,0.9161491,0.621959,0.9548827,0.0,0.0,0.45088315,0.7148264,1.9210621,2.2087507,0.79181653,0.0,1.0755087,0.66081727,0.88753617,2.4646237,0.0,0.0,0.636566,0.0,0.61065435,1.3337725,1.4719841,0.0,0.63555175,0.60127014,0.0,0.0,0.5911071,1.6129024,1.5634029,0.0,0.5480991,1.0896723,1.5270894,0.0,0.0,0.2579852,0.24983907,1.0553186,1.1112118,0.0,0.0,0.8490672,0.71081257,0.7837776,0.0,0.80799097,0.0,0.0,0.7100095,0.6487689,1.4254745,0.36953616,0.0,1.0686128,0.0,0.0,0.0
U01477,0.0,0.8985686,0.0,0.0,0.0,0.26314557,0.0,0.18619522,0.0,0.068891644,0.0,0.0,0.0,1.5653313,2.0593538,0.0,1.9570069,0.0,0.0,0.0,1.356464,0.71176517,1.3587046,0.8055262,0.35225308,0.0,0.9837386,0.46353722,0.0,0.0,0.0,0.0,0.0,0.0,0.9957717,0.0,0.18368152,0.0,2.242143,0.4545579,0.0,0.22906846,0.52347803,1.1449025,0.6256641,0.6649685,0.70271903,0.0,0.41833508,0.0,0.0,0.066977374,0.0,0.122929454,1.278195,0.0,0.0,0.56948173,0.0,0.0,0.0,0.0,0.0,0.21810102
U01478,0.0,0.0,0.0,0.0,0.0,1.1030437,0.0,0.0,0.0,1.0285525,1.4388524,0.0,0.0,0.0,0.0,0.0,0.7461997,0.4494958,0.0,1.0576022,0.0,1.0986966,1.270323,0.0,1.5215917,0.0,0.21753204,0.03574431,2.1683378,0.0,0.0,0.5657921,1.8806045,0.0,0.011119187,0.0,0.87258387,0.0,0.9142952,0.0,0.6986163,0.84361565,0.0,0.57149523,1.2726614,0.08461559,0.0,0.0,0.3568551,0.0,0.0,0.75844216,0.0,0.0,0.21365345,0.0,0.0,0.0,0.0,0.0,0.0,0.47812372,0.025588632,0.9331366
U01479,0.0,0.12168163,0.0,0.0,0.0,0.13592935,0.0,0.0,0.0,0.0,0.0,0.0,0.0,1.2083085,1.5418352,0.0,0.58141327,0.0,0.0,0.0,1.0665326,0.026256353,1.1022599,1.3736395,0.0,0.0,0.29084277,0.595467,0.0,0.0,0.0,0.7889054,0.0,0.0,0.8923235,0.35451448,0.0,0.0,2.6094627,0.15537727,0.53656286,0.81489575,1.4783268,0.6396985,0.9062546,1.5162592,1.9472166,1.1603795,0.0,0.0,0.0,0.0,0.0,0.113087624,2.0176888,0.017124772,0.0,0.576699,0.0,0.05459182,0.84486616,0.0,0.101545334,0.37833464
U01480,0.0,0.0,0.0,0.0,0.0,1.0746305,0.0,0.0,0.0,0.0,0.3593656,0.0,0.0,0.83851516,1.2157304,0.0,2.3417068,0.0,0.0,0.0,0.003823638,1.7342119,2.2136788,1.086122,1.0952106,0.0,0.07613361,0.0,0.31073558,0.0,0.0,0.81228554,0.6345471,0.0,0.19635642,0.0,0.1284584,0.0,2.4692342,0.0,0.04545456,0.9541005,0.61398995,1.1631324,0.061953902,0.71607304,1.3066059,0.5427823,0.0,0.0,0.0,0.7036228,0.0,0.0,2.40487,0.0,0.0,0.0,0.0,0.0,0.0,1.9118055,0.054685354,0.8510159
U01481,0.0,1.5076325,0.0,0.0,0.0,0.0,0.03791195,0.07794632,0.07889213,0.47024035,0.0,0.2908622,0.011997357,1.1589549,2.0835242,0.0,1.3750558,0.0,0.0,0.0,2.0441883,0.0,0.49015468,0.40271628,0.0,0.0,1.834904,1.6576357,0.0,0.0,0.0,0.0,0.0,0.0,1.2374194,0.0,0.0,0.0,2.18805,1.1607568,0.0,0.0,0.28689814,1.550293,0.0,0.53688616,0.0,0.0,0.9989352,0.011783481,0.0,0.0,0.2471228,0.0,1.8052815,0.0,0.0,1.0143636,0.35359997,0.0,0.0,0.0,0.0,0.0
U01482,0.031627417,0.9381868,0.0,0.121249974,0.0,0.0,0.09185296,0.08732991,0.0,0.021176696,0.0,0.054443866,0.0,1.5831225,1.7265486,0.0,1.8755932,0.0,0.0,0.0,1.7802141,0.39253277,0.41809326,0.78862804,0.0,0.0,0.84094405,0.87904423,0.0,0.0,0.0,0.15995657,0.0,0.036199838,1.3752364,0.11187267,0.0,0.0,1.9105238,1.2780409,0.0,0.0,0.84836054,1.3445308,0.9242365,1.1144572,1.0345953,0.2734598,0.48337185,0.0,0.0,0.0,0.13215116,0.0,1.4053637,0.040505886,0.0,1.39503,0.0,0.0,0.5376592,0.0,0.21238565,0.0
U01483,0.46176076,1.5490131,0.33486408,0.2830802,0.0,0.0,0.3150102,0.112935334,0.18256003,1.7358282,0.0,0.0,0.15950698,1.8923857,0.6495514,0.44284365,0.0,2.9639149,0.25156128,2.8823767,1.7519308,0.0,0.0,0.0,0.0,0.3473897,1.4531955,2.0366063,0.22126526,0.013880216,0.26454866,0.0,0.0,0.48099315,1.218323,1.3414282,0.010578483,0.3518053,0.0,2.0609176,0.0,0.0,0.0,0.0,1.7106726,0.509681,0.0,0.0,1.6763713,0.26734158,0.31695107,0.0,0.030451044,0.0,0.0,0.309998,0.14703561,1.4631988,0.0,0.055711497,1.1137716,0.0,0.6059068,0.0
U01484,0.0,0.20567703,0.0,0.0,0.15350182,0.29407287,0.0,0.0,0.0,1.1787071,1.3150996,0.0,0.0,0.0,0.0,0.0,0.0,0.623242,0.0,0.59543157,0.0,0.43761584,0.0,0.0,1.3537804,0.0,0.0,0.0,2.8225112,0.0,0.0,0.7797787,2.5182953,0.0,0.0,0.0,0.17869496,0.0,0.0,0.0,1.1913402,0.13459584,0.0,0.0,0.0,0.0,0.4756505,0.5859343,0.0,0.0,0.0,0.6237154,0.0,0.0,0.0,0.0,0.0,0.5497961,0.0,0.0,0.0,0.0,0.0,0.5520892
U01485,0.0,2.149108,0.0,0.0,0.0,0.0,0.0,0.0,0.0,2.5163884,0.4900594,0.0,0.17902434,0.75716364,0.0,0.0,0.0,1.5336194,0.0,1.3174984,1.4411542,0.0,0.0,0.0,0.08108872,0.0,1.6334101,1.4453278,1.031408,0.0,0.0,0.0,0.37595168,0.0,0.51451117,0.0,0.3094808,0.0,0.0,2.0465345,0.0,0.0,0.0,0.0,0.7046705,0.0,0.0,0.0,1.7487423,0.0,0.0,0.4220605,0.0,0.0,0.0,0.0,0.0,1.670494,0.0,0.0,0.44801393,0.075017236,0.08182752,0.0
U01486,0.0,0.0,0.0,0.0,0.094063714,1.3432671,0.0,0.11254129,0.0,0.0,0.5175556,0.0,0.0,0.30977553,0.72055376,0.0,0.59503603,1.2007498,0.0,1.3408296,0.0,0.9326331,1.3731544,0.3398068,0.94678664,0.0,0.0,0.0,0.66247976,0.0,0.0,1.2704592,0.98148793,0.0,0.124898314,0.0,0.53866124,0.0,0.44832817,0.0,1.0819871,1.2275001,0.7552482,0.16460298,0.84276843,0.63089573,1.8916346,1.3044919,0.0,0.0,0.0,0.3412166,0.0,0.0,0.5048797,0.0,0.0,0.0,0.0,0.0,0.0,0.8123231,0.20739484,1.115212
U01487,0.0,0.36590564,0.0,0.0,0.0,0.8168621,0.0,0.0,0.0,0.35298145,1.1518918,0.0,0.0,0.0,0.60691786,0.0,0.39941454,0.9123455,0.0,0.9553549,0.0599854,0.67589736,1.3092418,0.0,1.226112,0.0,0.886752,0.0,1.5623388,0.0,0.0,0.6479299,1.5186712,0.0,0.028459668,0.0,0.116432846,0.0,1.4486322,0.6976069,1.1961379,0.5668102,0.5752238,0.0,1.4452059,0.8894934,0.9668734,0.85538197,0.0,0.0,0.0,0.28314632,0.0,0.0,0.19210792,0.0,0.0,0.74730533,0.0,0.043176524,0.6865247,0.73542,0.0,0.33247685
U01488,0.0,0.8293878,0.0,0.0,0.0,0.48264322,0.0,0.0,0.0,0.9701635,0.12332772,0.0,0.0,1.3042207,1.0535542,0.0,1.2749423,0.8599205,0.0,0.0,1.5771106,0.34145346,0.0,1.3109878,0.0,0.0,1.6331086,1.6014836,0.0,0.0,0.0,0.0,0.0,0.0,1.3037,0.25504732,0.6459374,0.0,0.23312162,1.6999466,0.0,0.0,0.9087964,1.4784243,0.0,0.69004345,0.6511256,0.28570315,1.0438424,0.0,0.0,0.45557916,0.0,0.09309262,0.76732147,0.0,0.0,0.74161047,0.0,0.026139358,0.53742164,1.5003324,0.15411466,0.0
U01489,0.0,0.0,0.0,0.0,0.0,1.4550778,0.0,0.0,0.0,0.0,0.35459206,0.0,0.0,1.5078009,0.82668555,0.0,1.6054473,0.0,0.0,0.0,0.0,1.3590324,2.265324,1.4346905,0.85627496,0.15397187,0.0,0.0,0.0,0.15166728,0.0,1.591651,0.05868624,0.0,0.42129284,0.0,0.0,0.0,2.4134495,0.0,1.1684389,1.5994052,1.3504385,0.42597508,1.5946921,0.8451216,3.4562883,2.0011518,0.0,0.0,0.0,0.0,0.0,0.08017504,2.4390259,0.0,0.11550389,0.30661035,0.0,0.0,0.25699896,1.1840658,0.0,1.1068344
U01490,0.0,1.6153778,0.0,0.0,0.0,0.0,0.0,0.0,0.0,0.83205014,0.0,0.0,0.0,1.0297303,1.894355,0.0,0.0,0.9229108,0.0,0.0,1.9230794,0.0,0.02281326,0.80685,0.0,0.0,3.1489744,1.7363176,0.0,0.0,0.0,0.0,0.0,0.0,0.8802198,0.0,0.0,0.0,1.928517,1.107839,0.0,0.0,1.0704044,0.8757428,0.0,0.7238971,0.18749449,0.0,0.8423475,0.0,0.0,0.0,0.0,0.0,0.7009243,0.0,0.0,1.0323286,0.0,0.0,0.5865547,0.8930769,0.0,0.0
U01491,0.0,0.25008714,0.0,0.048050284,0.0,0.47041145,0.0,0.0,0.0,0.7149035,0.64298713,0.0,0.0,2.283204,0.29619235,0.0,0.933985,2.3259737,0.015477985,0.5924294,0.83707535,0.70720315,0.0,0.9413575,0.0,0.0,0.602936,1.2317802,0.0,0.1833589,0.18544587,0.20272452,0.0,0.056298494,0.72629833,0.36628628,0.8856281,0.0,0.0,1.2795098,0.0,0.1743842,0.4479804,0.4576537,0.45201647,0.19509172,1.5878482,1.2075553,0.5612468,0.04823804,0.0,0.40523964,0.0,0.0,0.19531536,0.0,0.0,0.91683507,0.0,0.0,0.8781086,1.6535691,0.06550026,0.0
U01492,0.0,0.20985466,0.0,0.0,0.0,0.9975064,0.0,0.0,0.0,1.5248845,1.7370495,0.0,0.0,0.0,0.0,0.0,0.5338891,0.6704551,0.0,1.2344115,0.0,1.0424116,0.29729623,0.0,1.490212,0.0,0.049988627,0.0,2.479999,0.0,0.0,0.2424506,2.0971432,0.0,0.0,0.2123791,0.8441931,0.0,0.0,0.6885867,0.38143772,0.0,0.0,0.0,0.0,0.0,0.0,0.53219473,0.5159043,0.0,0.0,1.3877411,0.0,0.0,0.0,0.0,0.0,0.0,0.0,0.0,0.0,0.63888204,0.33769816,0.6410605
U01493,0.0,1.8840598,0.0,0.0,0.0,0.40299377,0.0,0.0,0.0,2.521723,1.3445113,0.0,0.0,1.1556175,0.0,0.0,0.0,0.45827174,0.0,0.38017416,0.5251341,0.5203396,0.3740496,0.0,1.2897481,0.0,2.58104,0.8123995,1.3935082,0.0,0.0,0.0,0.36419886,0.0,0.2303217,0.0,0.63244486,0.0,1.4566511,0.7027712,0.0,0.0,0.0,0.0,0.0,0.0,0.0,0.0,1.5636514,0.0,0.0,0.6802845,0.0,0.0,0.6576015,0.0,0.0,0.31375957,0.0,0.27976048,0.07039416,2.461799,0.0,0.8818207
U01494,0.22681761,2.1168344,0.36274046,0.095389545,0.97779274,0.0,0.1812216,0.3169408,0.90188724,1.6285447,0.0,1.2190839,1.2193732,0.51319003,1.9487467,0.44640428,0.0,0.0,0.7013595,0.0,4.082809,0.0,0.0,0.09734961,0.0,0.48994982,3.865984,2.716935,0.0,0.79021835,0.5658762,0.0,0.0,0.14142779,1.0588739,0.0,0.0,0.21634394,0.0,1.8254611,0.0,0.0,0.0,0.6060484,0.0,0.0,0.0,0.0,1.6502993,1.0022205,0.8614483,0.0,1.2246578,0.0,0.0,0.19543573,0.8855588,2.431727,1.2377701,0.0,0.5292932,0.0,0.0,0.0
U01495,0.0,0.0,0.0,0.0,0.0,1.4475888,0.0,0.0,0.0,0.0,1.6487044,0.0,0.0,0.0,0.3801613,0.0,0.0,0.0,0.0,0.39096522,0.0,1.0675551,2.439999,0.2822328,1.7981734,0.0,0.0,0.0,1.2987727,0.0,0.0,1.5158081,1.5713617,0.0,0.0,0.0,0.226608,0.0,1.4182658,0.0,1.4263918,1.4978681,0.45969576,0.0,1.2633076,0.22233176,2.3206887,1.8839804,0.0,0.0,0.0,0.1560784,0.0,0.0,0.80398214,0.0,0.0,0.0,0.0,0.0,0.5738899,0.97064805,0.026418746,1.5434802
U01496,0.0,0.0,0.0,0.0,0.0,1.9419304,0.0,0.0,0.0,0.7621196,1.9102092,0.0,0.0,0.0,0.0,0.0,0.52605635,0.703346,0.0,0.7974646,0.0,1.2995886,0.5362807,0.0,1.4305904,0.0,0.0,0.040736675,2.2893405,0.0,0.035008878,1.2970921,2.0546033,0.0,0.0,0.17855132,2.08538,0.0,0.0,0.16984725,0.4131632,0.9926748,0.13676295,0.5642114,0.062793255,0.0,0.49367458,1.6160462,0.4352125,0.0,0.0,1.5760547,0.0,0.04329154,0.18091989,0.0,0.0,0.0,0.0,0.0,0.0,0.1504288,0.47252744,1.2639532
U01497,0.0,0.0,0.0,0.0,0.0,1.5463778,0.0,0.0,0.0,0.0,0.123083785,0.0,0.0,0.7895056,1.4719989,0.0,1.9879643,0.0,0.0,0.0,0.061296582,1.8933833,3.0210106,1.3113991,0.93179893,0.0,0.0,0.42268825,0.0,0.0,0.0,0.99965596,0.300947,0.0,0.7135564,0.0,0.24968839,0.0,3.9487054,0.0,0.020019054,1.5926132,1.1023455,1.8137152,0.0,0.77610135,1.3679498,0.0,0.0,0.0,0.0,0.8783258,0.0,0.36729845,3.6299205,0.0,0.0,0.0,0.0,0.08457934,0.0,2.7404137,0.0,1.3204765
U01498,0.0,1.1981063,0.0,0.0,0.0,0.22392446,0.0,0.0,0.0,0.66782093,0.400077,0.0,0.0,0.0,0.84364194,0.0,1.7290614,0.61173224,0.0,0.6533381,0.51937497,0.07976806,0.93357545,0.5366514,0.45909643,0.0,1.3644261,0.09351504,0.9453119,0.0,0.0,0.37462795,0.85785466,0.0,0.59058344,0.0,0.0,0.0,1.1826257,1.141455,0.99173003,0.59094846,0.5803659,0.25960383,0.83158743,1.0626596,1.08604,0.26840863,0.2647621,0.0,0.0,0.40487325,0.0,0.20802537,0.56260586,0.0,0.0,0.5613817,0.0,0.13619894,0.40460584,0.41841713,0.21600434,0.0
U01499,0.0,0.0,0.0,0.0,0.0,1.0688406,0.0,0.0,0.0,0.0,0.0,0.0,0.0,2.2744932,2.1020641,0.0,0.72534287,0.0,0.0,0.0,1.5890287,0.2019107,0.8750345,2.079493,0.0,0.0,0.16365194,1.0434148,0.0,0.0,0.0,1.2235472,0.0,0.0,1.5058072,0.0,0.6284542,0.0,1.8288853,0.16667533,0.5775518,1.428843,1.8174199,1.4632735,0.0,1.0474968,2.9125323,1.8012748,0.033554196,0.0,0.0,0.0,0.0,0.6054349,2.084629,0.0,0.0,0.0061844587,0.0,0.562788,0.41400227,0.30011332,0.0,1.1625705
U01500,0.0,0.3873585,0.0,0.0,0.0,0.8743117,0.0,0.0,0.0,1.596854,1.832908,0.0,0.0,2.0552611,0.0,0.0,0.5993421,1.6427863,0.0,1.2447823,0.0,1.0452433,0.0,0.0,1.0410643,0.0,0.095582485,0.48689556,0.8162463,0.0,0.0,0.0,0.8901737,0.0,0.0,0.0,1.525488,0.0,0.0,0.57035434,0.0,0.0,0.0,0.0,0.7529727,0.0,0.16607028,0.78703713,1.0500014,0.0,0.0,1.0761157,0.0,0.036630094,0.0,0.0,0.0,0.0,0.0,0.0,0.48823074,1.9543978,0.44550818,1.1219184
U01501,0.0,0.0,0.0,0.0,0.0,1.5615025,0.0,0.0,0.0,0.9913959,1.5346676,0.0,0.0,0.0,0.0,0.0,0.14669001,0.42676783,0.0,0.91744876,0.0,0.7933947,0.17987067,0.0,1.4783449,0.0,0.0,0.0,2.4412217,0.0,0.0,1.8211133,2.0041125,0.0,0.13254708,0.0,1.844202,0.0,0.0,0.0,0.27635774,0.9210752,0.0,0.34797096,0.7543686,0.0,0.25757122,0.34755483,0.3844601,0.0,0.0,1.7942717,0.0,0.0,0.4487759,0.0,0.0,0.0,0.0,0.0,0.0,0.0,0.77027583,1.2296467
U01502,0.0,0.0,0.0,0.0,0.0,1.0884324,0.0,0.0,0.0,1.1081072,1.5005164,0.0,0.0,0.0,0.0,0.0,0.0,1.8257506,0.0,1.3656083,0.0,0.0,0.0,0.0,1.4257967,0.0,0.0,0.0,2.085031,0.0,0.0,1.9706571,1.5082583,0.0,0.0,0.0,1.4413449,0.0,0.0,0.0,0.46381217,0.47981453,0.0,0.0,0.3686359,0.0,0.69749624,0.35142618,0.23161447,0.0,0.0,1.2133372,0.0,0.0,0.21695006,0.0,0.0,0.0,0.0,0.0,0.0,0.14131787,0.8804756,2.0120265
U01503,0.0,1.4712813,0.0,0.0,0.0,0.0,0.0,0.0,0.0,1.3595803,0.28937605,0.0,0.0,0.49058807,0.5896623,0.0,0.89319384,1.8347607,0.0,0.87872696,1.2734264,0.0,0.047218204,0.5549623,0.0,0.0,2.170903,0.74115807,0.6219899,0.0,0.0,0.0,0.3177607,0.0,0.85545677,0.0,0.0,0.0,0.04402998,2.1486375,0.9477566,0.028344065,0.27477583,0.0,1.4440705,1.1237957,0.47623962,0.0033287555,0.9334808,0.0,0.0,0.0,0.0,0.0,0.0,0.0,0.0,1.4650252,0.0,0.0,1.1838875,1.0474713,0.0,0.0
U01504,0.0,0.0,0.0,0.0,0.0,0.8039098,0.0,0.0,0.0,0.82940316,1.9789795,0.0,0.0,0.0,0.0,0.0,0.0,1.723816,0.0,1.1829728,0.0,0.8005143,0.47015494,0.0,1.9907503,0.0,0.0,0.0,2.1530125,0.0,0.0,1.1910503,2.1372693,0.0,0.0,0.0,0.5273306,0.0,0.0,0.0,1.5019028,1.1995568,0.0,0.0,0.16356611,0.0,0.94410646,1.3625201,0.0,0.0,0.0,0.4963852,0.0,0.0,0.0,0.0,0.0,0.0,0.0,0.0,0.08543348,1.3527552,0.07544935,1.2835584
U01505,0.0,1.4616079,0.0,0.0,0.0,0.0,0.0,0.0,0.0,1.5023317,0.68293726,0.0,0.0,0.0,0.22621816,0.0,1.6563909,1.6095375,0.0,0.0,0.678396,0.0,0.60208267,0.81970286,0.24625534,0.0,2.4863212,0.4780599,0.9109874,0.0,0.0,0.15207791,0.7504588,0.0,0.18680656,0.0,0.0,0.0,0.3902895,1.4117965,1.0287786,0.3174773,0.55698705,0.50926095,0.14532435,1.1485993,0.3672999,0.0,1.0653821,0.0,0.0,0.6402035,0.0,0.2653754,1.5345174,0.0,0.0,0.9772499,0.0,0.0,1.0537905,3.1683605,0.0,0.0
U01506,0.0,0.0,0.0,0.0,0.0,1.4857926,0.0,0.0,0.0,0.9601039,2.465974,0.0,0.0,0.0,0.0,0.0,0.049691796,0.0,0.0,0.8564322,0.0,1.1843226,1.4222009,0.0,2.4921968,0.0,0.0,0.0,2.9711194,0.0,0.0,0.8175254,3.0298057,0.0,0.0,0.0,0.87687325,0.0,0.0032795921,0.0,0.8639187,0.69493294,0.0,0.0,0.0,0.0,0.0,1.0635626,0.0,0.0,0.0,1.5161632,0.0,0.0,0.005280018,0.0,0.0,0.0,0.0,0.0,0.0,0.7950163,0.21719036,1.5120511
U01507,0.0,1.3789107,0.0,0.0,0.0,0.0,0.0,0.0,0.0,2.0602524,0.0,0.0,0.0,2.2307112,0.0,0.0,0.0,2.501275,0.0,1.3056811,2.0346675,0.0,0.0,0.0,0.0,0.0,1.1000346,2.3177812,0.4480368,0.0,0.0,0.26213223,0.0,0.0,1.6783588,0.0,0.64802074,0.0,0.0,2.2458098,0.0,0.0,0.0,0.0,1.3668851,0.012082458,0.19225773,0.0,1.5943084,0.0,0.0,0.28414494,0.0,0.0,0.0,0.0,0.0,1.5047055,0.0,0.0,1.0592823,0.0,0.0,0.0
U01508,0.015231073,0.51698387,0.008103669,0.2804934,0.0,0.38031563,0.18636799,0.0,0.22083871,0.4256158,0.0,0.20451769,0.0,0.56584984,0.90876144,0.0,2.0254974,0.0,0.10739234,0.0,1.0360742,0.95162165,0.63378197,0.22365639,0.0,0.06980541,0.06811476,1.0897243,0.457443,0.09253687,0.21544597,0.1766082,0.33470142,0.1640349,0.7714811,0.24040115,0.40430892,0.03145653,1.5665542,0.9635626,0.0,0.0,0.08948168,1.1869712,0.0,0.33147824,0.35712713,0.053646952,0.564542,0.15032813,0.055648338,0.6719099,0.24730583,0.0,1.4591333,0.060925066,0.13649158,0.5266485,0.01765503,0.0,0.0,0.0,0.5929068,0.0
U01509,0.0,1.5019883,0.0,0.0,0.0,0.0,0.0,0.0,0.0,0.7589677,0.0,0.0,0.0,0.01709354,0.99236304,0.0,1.646744,0.4188373,0.0,0.6177989,1.0279742,0.08343953,0.17818981,1.254484,0.0,0.0,0.9291921,1.9437089,0.21771961,0.0,0.0,0.0,0.4254035,0.0,0.31860167,0.0,0.11170927,0.0,0.62032783,0.55135,0.0,0.232382,1.3895917,0.7247597,0.0,0.19526994,0.0,0.54591703,0.9395775,0.0,0.0,0.65461123,0.0,0.33885762,1.7635921,0.0,0.0,0.5819747,0.0,0.07402225,0.0,1.6230341,0.2817578,0.0
U01510,0.0,0.0,0.0011580288,0.0,0.0,1.1977448,0.0,0.0,0.0,0.0,0.2900372,0.0,0.0,1.8925982,1.068308,0.0,1.8045502,0.5960765,0.0,0.0,0.30918753,0.9507394,0.90487856,1.6838422,0.102220595,0.0,0.0,0.0,0.0,0.0,0.06868501,1.4882851,0.0,0.0,1.2559373,0.0,0.5974642,0.0,0.0,0.63924193,1.0865738,1.015534,1.1975492,0.506896,1.5927348,1.073434,3.087829,2.213087,0.0,0.0,0.0,0.3948597,0.0,0.13545984,0.3896886,0.0,0.0,0.7437544,0.0,0.018885963,0.90659875,0.0,0.0,0.81222236
U01511,0.0,0.0,0.0,0.0,0.04582557,1.4199448,0.0,0.0,0.0,0.0,0.0,0.0,0.0,1.8119075,0.8047956,0.0,1.2467446,1.4905305,0.0,0.0,0.5759592,0.30311066,0.44294244,1.861983,0.0,0.0,0.0,0.0,0.0,0.0,0.04433313,1.4076071,0.0,0.0,1.2138864,0.0,0.82325375,0.0,0.0,0.0,0.9015861,1.1479694,1.6933964,1.7529471,0.0,0.8465768,2.8708415,1.4035516,0.0,0.0,0.0,0.46802837,0.0,0.0,1.3335279,0.0,0.0,0.0,0.0,0.0,0.0,0.6223818,0.0,1.1365063
U01512,0.0,0.99375886,0.0,0.0,0.017996654,0.0,0.0,0.0,0.0,1.1227051,1.3098661,0.0,0.060290955,0.0,0.0,0.0,0.0,2.8377032,0.0,1.9587774,0.06481707,0.0,0.0,0.0,1.494427,0.0,0.27833235,0.0,1.9018536,0.0,0.0,0.52350616,1.8185061,0.0,0.0,0.0,0.0,0.0,0.0,0.0,1.2620592,0.0,0.0,0.0,1.6548405,0.40894586,0.38415956,0.9541806,0.21897906,0.0,0.0,0.0,0.0,0.0,0.0,0.0,0.0,1.2146379,0.0,0.0,1.1592047,0.20306359,0.18509614,0.35189545
U01513,5.9606576,0.0,6.329841,4.2711654,7.121423,0.0,6.5721426,6.0420837,6.4871016,0.0,0.0,6.7865186,5.922824,0.0,0.0,7.249248,0.0,0.0,5.8904524,0.0,0.0017386675,0.0,0.0,0.0,0.0,6.143706,0.0,0.0,0.0,7.1804833,6.938811,0.0,0.0,6.892182,0.0,0.0,0.0,6.6243753,0.0,0.0,0.0,0.0,0.0,0.0,0.0,0.0,0.0,0.0,0.0,6.1431,6.1873226,0.0,6.5942817,0.0,0.0,6.1454706,6.6949553,0.0,7.0383368,0.0,0.0,0.0,0.0,0.0
U01514,0.0,0.0,0.0,0.0,0.0,1.1353062,0.0,0.0,0.0,0.0,0.0,0.0,0.0,2.0805833,1.5013691,0.0,0.9110304,0.0,0.0,0.0,1.4339845,0.35371676,0.7900693,1.4477234,0.15483236,0.0,0.0,1.051964,0.0,0.0,0.0,1.16324,0.0,0.0,1.5840043,0.0,0.8445486,0.0,2.1111255,0.03800881,0.30406618,1.1888685,1.659056,1.8525608,0.19573665,1.0140718,2.112053,0.9274881,0.12902164,0.0,0.0,0.4045436,0.0,0.6003032,2.2766652,0.0,0.0,0.0,0.0,0.47640848,0.0,0.27196825,0.0,1.2555871
U01515,0.44695234,1.2122815,0.3799764,0.3327189,0.0,0.0,0.5777668,0.33966333,0.49466538,0.6388279,0.0,0.1389348,0.3406974,2.0146756,2.0725272,0.48192507,0.0,1.8886614,0.34923545,1.7922512,2.5588908,0.0,0.0,0.44267625,0.0,0.2733835,1.5097302,1.8508569,0.0,0.22646356,0.28411826,0.0,0.0,0.31153995,1.6629859,1.3355032,0.0,0.29545397,0.64807713,1.8695722,0.0,0.0,0.09444839,0.18691938,1.367314,1.0444204,0.0,0.0,1.2340873,0.33859202,0.4095868,0.0,0.32491475,0.0,0.0,0.38548654,0.2599001,1.5503168,0.07727614,0.18084997,1.1741977,0.0,0.01878345,0.0
U01516,0.0,0.0,0.0,0.0,0.0,1.423114,0.0,0.0,0.0,0.0,1.6816999,0.0,0.0,1.8136084,0.42048764,0.0,0.7518814,1.2596834,0.0,1.532107,0.0,1.151841,1.3823895,0.34108955,1.264602,0.0,0.0,0.0,0.612137,0.0,0.0,0.9289527,1.0338045,0.0,0.0,0.0,0.9835508,0.0,0.0,0.0,0.6833427,0.8338853,0.06639171,0.054673344,1.5583278,0.14512867,1.5814598,1.7396061,0.0,0.0,0.0,0.58530164,0.0,0.13706928,0.0,0.0,0.0,0.0,0.0,0.052293986,0.4725896,1.1013747,0.23415992,1.4330027
U01517,0.0,1.2417002,0.0,0.0,0.2660417,0.5529568,0.0,0.0,0.0,1.9287355,0.7764262,0.0,0.0,1.3835042,0.0,0.0,0.0,1.8471953,0.0,1.5618336,1.1712259,0.0,0.0,0.0,0.010142088,0.0,0.99631405,2.0579975,0.7281749,0.0,0.0,0.024751425,0.0,0.0,1.4297469,0.0,1.2179234,0.0,0.0,1.6760156,0.0,0.0,0.0,0.30817294,0.0,0.0,0.0,0.0,1.8233752,0.0,0.0,1.091022,0.0,0.0,0.0,0.0,0.0,0.5946907,0.0,0.0,0.0,0.0,0.12092906,0.0
U01518,0.0,0.12861061,0.0,0.0,0.0,0.3372516,0.020599365,0.040110275,0.0,0.0,0.0,0.0,0.0,1.2901695,2.0886474,0.0,0.5706897,0.25409007,0.0,0.26342225,1.3417047,0.3127385,0.85507184,1.0769186,0.041065812,0.0,1.2310061,0.6697802,0.0,0.0,0.0,0.34115863,0.0,0.0,1.2936105,0.0,0.0,0.0,1.3900411,0.77739286,0.46842563,0.38880187,0.9271145,0.2696193,1.1370134,1.0602888,1.6653824,1.0060472,0.004916668,0.0,0.0,0.0,0.0,0.0,0.23415577,0.0,0.0,1.0578983,0.0,0.013387018,0.76450855,0.14413482,0.0,0.0581249
U01519,0.387825,0.0,0.24669778,0.6258003,0.5222044,1.3469152,0.38727784,0.0001192987,0.45016438,1.315947,2.1839504,0.08161445,0.269373,0.0,0.0,0.22558019,1.0087357,0.0,0.20119417,0.87590647,0.0,1.5737486,1.1667092,0.0,2.5937493,0.23707564,0.0,0.0,3.3748622,0.065911785,0.05716917,0.88526,3.0874782,0.3078518,0.0,0.2566141,1.1199902,0.17876256,0.0,0.0,0.56261855,0.37876916,0.0,0.0,0.0,0.0,0.0,0.0,0.0,0.4560964,0.12696007,1.4884535,0.47391593,0.0,0.26069832,0.65864784,0.42960274,0.0,0.28246853,0.0,0.0,0.0,0.9164486,0.87786794
U01520,0.0,0.2820633,0.013685286,0.062132537,0.35781378,0.76637137,0.0,0.0,0.0,2.0980523,1.4215308,0.0,0.0,0.0,0.0,0.072767615,0.45562083,0.32787943,0.0,1.6877294,0.0,1.1120045,0.0,0.0,1.199126,0.0,0.0,0.5852132,2.2241697,0.0,0.0,0.37404025,1.8393803,0.0,0.07653123,0.41557235,1.6537395,0.0,0.0,1.3759577,0.0,0.0,0.0,0.06523204,0.6672291,0.0,0.0,0.0,1.360463,0.017701387,0.03260253,1.5203996,0.0,0.0,0.0,0.0,0.0,0.0,0.0,0.0,0.0,0.0,0.73009264,0.26271892
U01521,0.0,1.0381583,0.0,0.0,0.08728318,0.19879943,0.0,0.0,0.0,1.8638213,0.79139864,0.006557714,0.008625206,0.0,0.0,0.0,0.6856919,0.6139281,0.0,1.3155094,0.8534744,0.6150383,0.0,0.0,0.52092206,0.0,0.0,0.803525,1.417503,0.0,0.0,0.20162868,1.3183542,0.0,0.53894997,0.0,1.0130328,0.0,0.0,1.6446624,0.0,0.0,0.0,0.0,0.5255109,0.0,0.01376152,0.0,1.2928113,0.06795496,0.0,1.010474,0.0,0.0,0.0,0.0,0.0,1.2065082,0.0,0.0,0.11428726,0.0,0.28530484,0.0
U01522,0.0,2.937498,0.0,0.0,0.01765655,0.0,0.0,0.0,0.0,2.7247567,0.0,0.0,0.0,0.4013834,0.0,0.0,0.33788967,2.3441243,0.0,0.0,1.9973543,0.0,0.0,0.0,0.0,0.0,2.838821,2.10342,0.0,0.0,0.28408855,0.0,0.0,0.0,0.57805794,0.0,0.0,0.0,0.0,2.1659791,0.056903154,0.0,0.0,0.0,0.12767255,0.0,0.0,0.0,1.8010697,0.0,0.0,0.0,0.0,0.0,0.34611166,0.0,0.030004114,1.9802511,0.07282053,0.0,1.5491848,2.628342,0.15675202,0.0
U01523,0.0,0.30440986,0.0,0.0,0.0,1.1133847,0.0,0.0,0.0,0.81565017,1.6565658,0.0,0.0,0.0,0.40345347,0.0,1.5386293,0.0,0.0,1.0204012,0.0,1.1430243,1.3856573,0.15478137,1.4015664,0.0,0.32335782,0.017985106,1.6382501,0.0,0.0,0.5502361,1.7303032,0.0,0.0,0.026019096,0.6605994,0.0,0.11850928,1.0812063,0.7677581,0.21689373,0.18784928,0.44979244,0.21011078,0.12781864,0.36060423,0.75303364,0.42172915,0.0,0.0,0.99620473,0.0,0.10450789,0.0,0.0,0.0,0.0,0.0,0.06680415,0.0,0.5799571,0.09262681,0.07620168
U01524,0.0,0.018081307,0.0,0.0,0.0,1.0787702,0.0,0.0,0.0,0.28514087,0.899567,0.0,0.0,0.0,0.6828376,0.0,1.3089476,1.2189867,0.0,0.7886678,0.0,0.7935829,1.3805404,0.76685655,0.83764076,0.0,0.55798095,0.0,1.1039178,0.0,0.0,0.8809798,1.138285,0.0,0.34924263,0.0,0.2753108,0.0,0.8916075,0.16227269,0.97946125,0.96131957,0.9057101,0.53918076,0.25946963,0.7923116,1.4824691,0.9562067,0.0,0.0,0.0,0.6034558,0.0,0.08671093,0.804731,0.0,0.0,0.0,0.0,0.10018397,0.28493267,1.7944643,0.24289021,0.53361654
U01525,0.09247959,0.0,0.52300704,0.48208308,0.084321335,0.8273634,0.6880842,0.0,0.44636035,0.9175516,1.6541098,0.2950071,0.0,0.0,0.0,0.23197675,3.3768368,0.0,0.65346104,1.2492212,0.0,1.7115586,1.0494049,0.0,1.2319852,0.06489214,0.0,0.0,3.5523996,0.23574398,0.36559224,1.4889266,3.2829578,0.19128546,0.0,0.18312132,0.8440362,0.61430925,0.0,0.0,0.67389697,1.1278158,0.0,0.7798722,0.0,0.0,0.0,0.0,0.0,0.6168988,0.12680346,2.2220984,0.12416372,0.0,1.5595185,0.25970158,0.3195164,0.0,0.0,0.0,0.0,0.0,2.475418,0.6161361
U01526,0.15078735,0.0,0.04525946,0.0067893267,0.0,1.1755702,0.030068636,0.0,0.0,0.0,0.4248197,0.0,0.0,0.5162925,0.6162033,0.08266157,0.84321177,0.0,0.0,0.064768314,0.0,0.9537147,1.7029042,0.9254037,0.8968712,0.00035715103,0.0,0.0,0.3489731,0.2236794,0.0,1.5371854,0.6432716,0.0,0.15202165,0.04185331,0.0,0.11520594,1.7949288,0.0,1.179807,1.5755183,1.2099696,0.09050332,1.3214141,0.8729869,2.8337789,1.9246923,0.0,0.001726687,0.0,0.0,0.0,0.0,1.3295656,0.0,0.13990664,0.40816283,0.0,0.0,0.34941837,0.34468475,0.09093553,0.7736691
U01527,0.0,0.14169616,0.0,0.0,0.0,0.7161511,0.0,0.0,0.0,0.0,0.0,0.0,0.0,0.6958595,1.9286188,0.0,0.22370881,0.0,0.0,0.0,1.26004,0.21404988,1.7879157,1.7849301,0.3016504,0.0,1.3793133,0.38294244,0.0,0.0,0.0,0.55794084,0.0,0.0,0.9915369,0.0,0.0,0.0,3.3091578,0.0,0.5216039,1.1117043,1.8708736,0.61778367,0.0,1.284237,2.220574,1.1550304,0.0,0.0,0.0,0.0,0.0,0.39139733,2.1513968,0.0,0.0,0.060346603,0.0,0.15164217,0.93331057,1.8492516,0.0,0.832767
U01528,1.655129,0.7583454,1.4999305,1.8219593,0.8790364,0.0,1.8622924,1.2412344,1.5902684,1.1835732,0.0,0.8317186,1.0955896,1.4211509,0.4820882,1.5909734,0.0,2.1369057,1.6583498,2.009623,1.1733936,0.0,0.0,0.0,0.0,1.3820829,1.0577302,1.2230502,0.0,1.3411138,1.3834327,0.0,0.0,1.7437682,0.58831203,2.3294935,0.0,1.6599424,0.0,1.1616278,0.0,0.0,0.0,0.0,0.8893483,0.35751563,0.0,0.0,0.94689965,1.5295552,1.3736523,0.0,1.276181,0.0,0.0,1.6852118,1.472703,0.88080627,0.9451776,0.0,0.69783396,0.0,0.65331405,0.0
U01529,0.0,1.3819226,0.0,0.0,0.0,0.0,0.0,0.0,0.0,1.6323637,0.0,0.0,0.0,1.1288989,0.90999424,0.0,0.8873004,0.0,0.0,0.0,1.3980969,0.13964748,0.0,0.20202085,0.0,0.0,1.6387572,1.5308963,0.0,0.0,0.0,0.0,0.0,0.0,0.6468941,0.0,0.4424234,0.0,0.26737097,1.6000471,0.0,0.0,0.0,1.1562412,0.0,0.0,0.0,0.0,1.4309273,0.0,0.0,0.43291718,0.0,0.0,0.71252286,0.0,0.0,0.69242024,0.0,0.0,0.034801483,0.14759743,0.0,0.0
U01530,0.0,0.0,0.0,0.0,0.0,1.3132303,0.0071598887,0.0,0.0,0.0,1.6259909,0.0,0.0,0.0,0.0,0.0,0.5406918,0.5950893,0.0,0.81748855,0.0,1.643321,1.3668947,0.0,1.6969221,0.0,0.0,0.0,2.0519624,0.0,0.017214179,1.2319294,2.0035348,0.0,0.0,0.0,0.42509747,0.0,0.91013145,0.0,0.92843384,1.1100316,0.03909506,0.0,0.94133836,0.0,0.99130464,1.2818056,0.0,0.019696325,0.0,0.6800773,0.0,0.0,0.48877954,0.0,0.160425,0.0,0.0,0.0,0.0,0.15473856,0.48265448,0.9379542
U01531,0.0,0.0,0.0,0.0,0.0,0.9215503,0.0,0.0,0.0,0.0,0.40629414,0.0,0.0,0.7658489,0.3187657,0.0,1.2712475,0.0102779865,0.0,0.0,0.1561172,0.7642586,1.6482544,1.0006324,0.69059813,0.0,0.0,0.0,0.5228268,0.0,0.0,1.6093776,0.45691115,0.0,0.49309447,0.0,0.0,0.0,1.7268047,0.0,1.2016478,1.5878571,1.0010058,0.23339263,1.5114257,1.0550985,2.6342764,1.2531446,0.0,0.0,0.0,0.14755239,0.0,0.1359064,1.5462519,0.0,0.0,0.47720075,0.0,0.20217605,0.49029502,0.33178556,0.19157308,0.6575818
U01532,0.0,0.40494025,0.0,0.0,0.07730691,0.4181607,0.0,0.0,0.0,0.36266458,2.4517436,0.0,0.0,0.0,0.0,0.0,0.0,1.2458,0.0,0.39546275,0.0,0.0,0.70207757,0.0,2.9734228,0.0,0.0,0.0,2.8793206,0.0,0.0,1.2886218,2.4212592,0.0,0.0,0.0,0.0,0.0,1.5401565,0.0,1.7300901,0.7398163,0.0,0.0,0.68914324,0.0,1.4933951,1.8613118,0.0,0.0,0.0,0.0,0.0,0.0,0.5296899,0.0,0.0,0.420312,0.0,0.0,1.494389,0.35753867,0.0,1.9281127
U01533,0.0,1.7764777,0.0,0.0,0.0,0.0,0.0,0.0,0.0,1.9330814,0.20319828,0.0,0.0,0.92495334,1.2824842,0.0,0.0,1.0027299,0.0,0.0,1.8062438,0.38682315,0.01034987,0.33908188,0.0,0.0,3.2532,1.5694028,0.44574052,0.0,0.0,0.0,0.0,0.0,0.98221433,0.0,0.39180008,0.0,1.5478011,1.4300063,0.0,0.0,0.47835436,0.09718664,0.16032112,0.4146651,0.0,0.0,1.6742152,0.0,0.0,0.18408298,0.0,0.0,0.72635067,0.0,0.0,1.0469273,0.0,0.265951,0.59508836,2.3492434,0.0,0.0
U01534,0.0,0.0,0.047185257,0.0,0.0,0.9842876,0.0,0.0,0.0,0.0,0.65614486,0.0,0.0,0.0,0.0,0.0,2.7665906,0.0,0.0,0.5652689,0.0,1.4334021,1.5139718,0.32115552,0.7322444,0.0,0.0,0.0,1.7898717,0.0,0.0,0.94558966,1.4983871,0.0,0.0,0.0,0.6323554,0.0,1.1963824,0.0,0.2648743,1.256933,0.6358734,0.97987413,0.3282789,0.0,0.0,0.3706126,0.0,0.0,0.0,1.0830603,0.0,0.313584,1.9753433,0.0,0.0,0.0,0.0,0.16810891,0.0,0.6855806,1.4389229,0.5579572
U01535,0.0,0.0,0.0,0.0,0.0,1.4882027,0.0,0.0,0.0,0.0,1.1345735,0.0,0.0,0.0,0.32811093,0.0,0.82120967,0.0,0.0,0.0,0.0,1.9339955,2.7153409,0.23852934,1.4851718,0.0,0.0,0.0,1.3316929,0.0,0.0,1.4194984,1.4144009,0.0,0.0,0.0,0.20495379,0.0,3.1029177,0.0,0.91939956,1.853178,0.48273152,0.37079316,0.9048593,0.40373713,1.4110323,0.72611237,0.0,0.0,0.0,0.58085155,0.0,0.0,2.3574748,0.0,0.0,0.0,0.0,0.0,0.0,1.7234876,0.16381267,1.3690319
U01536,0.5075606,0.4859507,0.1615836,0.697181,0.31325537,0.9822875,0.2862203,0.065926686,0.27281672,2.0576756,1.7525318,0.28835118,0.25337392,0.0,0.0,0.21678096,1.1654675,0.0,0.48220062,1.2982751,0.0,1.3979199,0.0,0.0,1.6427257,0.47555998,0.0,0.054583073,2.7460246,0.24367812,0.33223808,0.2171374,2.4025946,0.48771927,0.0,0.45100367,1.3754148,0.17178851,0.0,1.1585417,0.0,0.0,0.0,0.0,0.0,0.0,0.0,0.0,0.99935555,0.83742785,0.4098073,1.7508131,0.3881044,0.0,0.0,0.6040831,0.47309417,0.0,0.39930582,0.0,0.0,0.0,0.753132,0.07881367
U01537,0.6630843,0.0,0.57271653,0.95014393,0.6044928,1.3468963,0.4902234,0.0,0.49359685,2.3447757,2.2094352,0.5209113,0.5934772,0.0,0.0,0.58922917,1.412358,0.0,0.77962875,1.2999861,0.0,1.6246178,0.0,0.0,1.9871116,0.58888936,0.0,0.0,3.4160967,0.55434567,0.61748695,0.6992874,3.017271,0.6472361,0.0,0.7926617,1.9621922,0.4316674,0.0,0.75427055,0.0,0.0,0.0,0.0,0.0,0.0,0.0,0.0,0.99120665,1.0343478,0.6942048,2.3981953,0.52572304,0.0,0.0,0.71351135,0.58532596,0.0,0.48143756,0.0,0.0,0.0,1.2954276,0.29698336
U01538,0.0,0.32713157,0.0,0.0,0.0,0.5577624,0.06354809,0.0,0.0,0.0,0.0,0.0,0.0,0.7841073,1.6688007,0.0,1.8416716,0.0,0.0,0.0,0.6252157,1.232394,1.7819514,0.9434079,0.16090369,0.0,0.35041726,0.85795254,0.0,0.0,0.13579825,0.0,0.18145022,0.0,0.31301272,0.08586717,0.0,0.0,2.8214338,0.0,0.0,0.50497943,0.7988789,1.6582491,0.0,0.8557973,0.69090205,0.11799994,0.0,0.0,0.0,0.23843324,0.0,0.0,2.5036616,0.0,0.08102685,0.017634034,0.0,0.0,0.0,2.5852413,0.16482955,0.23371899
U01539,0.0,0.11009884,0.0,0.0,0.0,1.5234985,0.0,0.0,0.0,0.570243,1.4862202,0.0,0.0,0.0,0.0,0.0,0.74086773,0.14458728,0.0,1.2570219,0.0,1.4116158,1.3045311,0.03277517,1.6597419,0.0,0.014529586,0.0,1.1054354,0.0,0.0,0.48764634,1.5696949,0.0,0.0,0.0,1.1375467,0.0,0.72017074,0.0,0.38949233,0.7036295,0.4280274,0.19107556,0.0,0.0,1.2952728,1.4404923,0.0,0.0,0.0,1.1303777,0.0,0.0,0.692788,0.0,0.010312766,0.0,0.0,0.0,0.0,1.7628402,0.39130288,1.0530548
U01540,0.0,1.5519133,0.0,0.0,0.0,0.0,0.0,0.0,0.0,1.8006618,0.44639364,0.0,0.0,1.3597175,0.5063272,0.0,0.51573855,2.0678215,0.0,1.7389698,1.4256159,0.022744715,0.0,0.17455636,0.113221645,0.0,1.0854543,1.4740347,0.9692056,0.0,0.0,0.0,0.5408202,0.0,0.6236219,0.0,0.58650637,0.0,0.0,1.6181341,0.0,0.0,0.0,0.07174343,1.121284,0.32853544,0.0,0.0,1.3565357,0.0,0.0,0.57853794,0.0,0.067212224,0.0,0.0,0.0,1.2051628,0.0,0.0,0.80571544,0.80406344,0.26284307,0.0
U01541,0.0,0.29720235,0.0,0.0,0.0,0.36837247,0.0,0.0,0.0,0.36795592,0.0,0.0,0.0,1.9690146,1.9724658,0.0,0.8265268,1.3764999,0.0,0.64320636,1.5483364,0.10561383,0.25620925,1.2530183,0.0,0.0,1.0596594,1.3008616,0.0,0.0,0.0,0.18971932,0.0,0.0,1.2364147,0.20567405,0.5493742,0.0,1.1975214,0.48096597,0.0,0.4205835,1.0055602,1.2418681,0.21049571,1.0549575,1.063915,0.6009166,0.59843516,0.0,0.0,0.060411483,0.0,0.22334865,0.93163645,0.0,0.0,0.09343064,0.0,0.29621714,0.5020037,1.0455962,0.0,0.66059136
U01542,0.0,1.5910153,0.0,0.0,0.0,0.0,0.0,0.0,0.0,1.3619378,0.3303297,0.0,0.0,1.4906089,1.0805011,0.0,0.058499336,1.367547,0.0,0.8224491,0.9285938,0.27468538,0.5453773,0.570471,0.2944919,0.0,2.3864956,0.6680256,0.37459028,0.0,0.0,0.0,0.38571605,0.0,0.40047967,0.0,0.0,0.0,1.235628,1.4357854,0.0,0.0,0.27561006,0.0,0.38455892,0.5338789,0.5611212,0.0111974925,0.9636631,0.0,0.0,0.19398423,0.0,0.0,0.34135532,0.0,0.0,1.4316436,0.0,0.013538344,0.85361797,1.7950426,0.0,0.0
U01543,0.0,0.0,0.0,0.0,0.20808773,1.5499842,0.0,0.0,0.0,0.0,0.8892157,0.0,0.0,0.0,0.0,0.0,0.0,2.1409166,0.0,1.3245049,0.0,0.0,0.7546416,0.0,1.4467344,0.0,0.0,0.0,1.1926585,0.33528256,0.0,2.227862,2.2709112,0.0,0.0,0.0,0.0,0.014560103,0.08793809,0.0,2.6112635,1.3790479,1.5612708,0.0,0.76426136,0.78435874,3.2934265,2.982615,0.0,0.0,0.0,0.0,0.0,0.0,0.32836258,0.0,0.0,0.6703359,0.0,0.0,0.36891574,0.17630751,0.0,1.0216949
U01544,0.0,1.3987334,0.0,0.0,0.0,0.37508532,0.0,0.0,0.0,1.2795595,0.63505244,0.0,0.0,0.9585665,0.18830556,0.0,0.048157334,2.217203,0.0,1.0364763,0.9913198,0.0,0.0,0.5626629,0.03468132,0.0,1.4536407,1.1251979,0.85018396,0.0,0.0,0.3547104,0.44166085,0.0,0.90375584,0.0,0.3905448,0.0,0.0,2.1491096,0.5726258,0.0,0.889235,0.21652801,1.1760578,0.99988073,0.8976581,0.38742122,1.2861834,0.0,0.0,0.5649612,0.0,0.091237605,0.008325219,0.0,0.0,1.385469,0.0,0.27405354,0.9399553,0.8760623,0.0,0.0
U01545,0.0,0.0,0.0,0.0,0.0,1.2302803,0.0,0.0,0.0,0.0,0.81090415,0.0,0.0,1.6771619,0.8365192,0.0,0.29435152,1.1326493,0.0,0.039160013,0.7652882,0.7802229,0.85422736,1.0000079,0.5147102,0.0,0.09882069,0.57082725,0.38795698,0.0,0.0,0.9050765,0.5074748,0.0,0.38994682,0.0,0.91369236,0.0,0.7427975,0.13104105,0.6300239,1.1900139,1.2478033,0.73235184,0.07481694,0.7386911,2.4150162,1.8375287,0.0,0.0,0.0,0.40446374,0.0,0.28444836,1.1269997,0.0,0.0,0.05639696,0.0,0.3767414,0.42711505,1.1431351,0.0,1.2094727
U01546,0.0,0.119280875,0.0,0.12224668,0.0,0.5078839,0.21362936,0.0,0.059573576,0.89776963,0.83868206,0.0,0.0,0.23692119,0.18139845,0.09447801,1.593376,1.3460906,0.22943875,0.8653332,0.24995148,0.96765363,0.5045689,0.371305,0.13291037,0.0,0.32397664,0.49354017,1.3743172,0.0,0.19606017,0.38409185,1.2226827,0.06525025,0.1544432,0.057137728,0.30092952,0.03623438,0.4166673,1.1156031,0.46956503,0.52708024,0.30956462,0.49433288,0.4576336,0.5349604,0.63541305,0.5104251,0.56583375,0.0,0.0,0.6259562,0.0,0.0,0.21146274,0.0,0.0,0.41590977,0.116356194,0.0,0.3100278,0.9545059,0.16095707,0.0
U01547,0.0,0.25867623,0.0,0.0,0.0,0.6183989,0.0,0.0,0.0,1.2816656,1.3330193,0.0,0.0,0.0,0.0,0.0,0.0,1.6475215,0.0,1.0173914,0.06082785,0.069022566,0.0,0.0,1.3100069,0.0,0.90421027,0.0,2.0761962,0.0,0.0,1.0420942,1.3715475,0.0,0.0,0.0,0.7072215,0.0,0.0,0.100277185,1.0782483,0.7122514,0.110531315,0.0,0.3258475,0.37883443,0.6631507,0.6700256,0.4754296,0.0,0.0,0.48610803,0.0,0.0,0.0,0.0,0.0,0.3104204,0.0,0.13311112,0.51154613,0.6430564,0.0,0.66859305
U01548,0.0,1.2511991,0.0,0.0,0.0,0.14355797,0.0,0.0,0.0,2.1966982,0.75712204,0.0,0.0,0.90219086,0.03387934,0.0,0.0,0.694118,0.0,1.2891908,1.0712726,0.60661066,0.0,0.0,0.42317212,0.0,1.0379237,1.2954758,1.2707404,0.0,0.0,0.0,0.6481855,0.0,0.6442523,0.0,0.9439945,0.0,0.0,1.7369336,0.0,0.0,0.0,0.0,0.4890008,0.0,0.0,0.0,1.5083361,0.0,0.0,0.7925831,0.0,0.0,0.0,0.0,0.0,1.1502302,0.0,0.0,0.2897469,0.15997115,0.06819403,0.0
U01549,0.0,1.6188169,0.0,0.0,0.13251697,0.0,0.0,0.0,0.0,2.0966704,0.37145293,0.0,0.0,1.8885478,0.076982915,0.0,0.04592848,1.651983,0.0,1.7827337,1.5208206,0.0,0.0,0.0,0.0,0.0,1.1199093,2.2183151,0.4018399,0.0,0.0,0.0,0.0,0.0,1.3104243,0.24939561,1.0475032,0.0,0.0,2.3601966,0.0,0.0,0.0,0.021958977,1.1721781,0.0,0.0,0.0,1.8486404,0.0,0.0,0.6110234,0.0,0.0,0.0,0.0,0.0,1.5534303,0.0,0.0,0.791183,0.0,0.42824966,0.0
U01550,0.23579681,0.0,0.27756277,0.20074612,0.062054083,1.4296594,0.18288934,0.0,0.08402785,0.0,1.434165,0.03770997,0.0,0.0,0.0,0.10580981,2.5134912,0.0,0.26684737,0.1085701,0.0,1.8325834,2.2043185,0.0,2.191307,0.0,0.0,0.0,2.1916654,0.0,0.13592666,1.7049508,2.1486442,0.28303754,0.0,0.09613788,0.82810605,0.29014552,1.012717,0.0,0.6532937,1.588302,0.0,0.65151405,0.40111995,0.0,0.23581019,0.91668606,0.0,0.0,0.22451727,1.1701248,0.058706284,0.0,2.077034,0.062505245,0.21190092,0.0,0.0,0.0,0.0,0.17406487,1.149913,1.3143406
U01551,0.25342685,0.0,0.21427011,0.43790883,0.029415369,1.4920617,0.37704533,0.0,0.058444075,0.9449698,2.1188583,0.0,0.0,0.0,0.0,0.0048880577,2.6272664,0.0,0.23048332,0.3713925,0.0,2.3481236,1.3573039,0.0,1.8573687,0.0,0.0,0.0,2.729916,0.10329622,0.010945544,0.83626616,2.628588,0.028101176,0.0,0.46195024,1.250809,0.2309431,0.0,0.0,0.18566886,0.9027512,0.0,1.0538521,0.0,0.0,0.0,0.0,0.5511025,0.0,0.009831188,1.9324222,0.2076363,0.0,0.5962143,0.005526066,0.2953798,0.0,0.0,0.0,0.0,0.0,0.88481295,0.6796155
U01552,0.0,0.0,0.0,0.0,0.0,0.9865651,0.0,0.0,0.0,1.8214116,2.1224806,0.0,0.061959177,0.0,0.0,0.0,0.0,0.0,0.0,0.365721,0.0,1.8311558,0.07618463,0.0,1.9601655,0.0,0.0,0.0,3.1308928,0.0,0.0,0.8317096,2.9072158,0.0,0.0,0.0,1.2564503,0.0,0.14635359,0.0,0.41022843,1.2506976,0.0,0.0,0.0,0.0,0.0,0.0,0.60891914,0.0,0.0,1.480564,0.0,0.0,0.16924095,0.0,0.0,0.0,0.0,0.0,0.0,0.0,0.57081485,0.9442805
U01553,0.0,0.0,0.0,0.0,0.0,0.8841181,0.0,0.21489967,0.0,0.0,1.0303054,0.0,0.0,0.0,0.7614688,0.0,0.0,0.0,0.0,0.39857602,0.0,0.74026436,2.2384999,0.053905558,1.4057715,0.0,0.0859797,0.0,1.2339545,0.0,0.0,0.9093498,1.3696582,0.0,0.0,0.0,0.0,0.0,2.0355816,0.0,1.0704374,1.1241013,0.53745854,0.0,0.30258393,0.13314134,1.9109579,1.223801,0.0,0.0,0.0,0.03848633,0.0,0.0,1.0638028,0.0,0.0,0.0,0.0,0.0,0.23128325,1.7295496,0.0,1.203332
U01554,0.0,1.5617273,0.0,0.0,0.0,0.34917632,0.0,0.0,0.0,1.7991785,1.0408229,0.0,0.0,0.0,0.36653352,0.0,0.10154241,0.73521984,0.0,0.8883349,0.54110503,0.51763827,0.047329128,0.0,1.2515943,0.0,1.1837324,0.70170563,1.2749367,0.0,0.0,0.0,1.0768434,0.0,0.13820153,0.0,0.902158,0.0,0.4755432,0.99102443,0.0,0.0,0.0,0.003952712,0.4075215,0.0,0.0,0.0,1.2715453,0.0,0.0,0.859102,0.0,0.02177158,0.20508397,0.0,0.0,0.5854142,0.0,0.104585774,0.49371603,0.9489747,0.27773356,0.41383266
U01555,0.0,1.2170681,0.0,0.0,0.0,0.0,0.0,0.0,0.0,1.2623031,0.4483888,0.0,0.0,1.120103,1.1753594,0.0,0.0,1.4341835,0.0,1.2936387,1.2825999,0.31191248,0.0,0.21658435,0.19499606,0.0,1.5403453,0.80173194,0.68487084,0.0,0.0,0.0,0.6675396,0.0,0.7142669,0.0,0.24189252,0.0,0.8709233,1.15747,0.15702817,0.0,0.12274137,0.0,1.2193471,0.5250722,0.8943993,0.50546026,0.73972404,0.0,0.0,0.19917865,0.0,0.0,0.0,0.0,0.0,1.5852122,0.0,0.023918299,0.8891431,0.42278057,0.0,0.0
U01556,0.0,0.0,0.0,0.0,0.0,0.96973574,0.0,0.0,0.0,0.74043494,0.990559,0.0,0.0,0.93512666,0.6835849,0.0,0.3948136,1.6813148,0.0,0.6145803,0.7688434,0.5780949,0.0,0.7788354,0.43601322,0.0,0.5467061,0.5593046,0.54387975,0.0,0.0,1.1684093,0.5841129,0.0,0.7531743,0.0,1.0039843,0.0,0.0,1.2599776,0.73937523,1.178699,0.999524,0.69329244,0.7231736,0.83718336,1.7519678,1.1418738,0.72484016,0.0,0.0,0.7426605,0.0,0.14069176,0.102530956,0.0,0.0,0.5095359,0.0,0.27359638,1.0154293,0.9206766,0.0,0.5766852
U01557,0.018903911,1.7769265,0.0,0.19061819,0.08278613,0.0,0.0,0.10370751,0.2777474,1.9501648,0.0,0.17296793,0.2969646,1.0931495,1.5636834,0.23681375,0.0,0.79524875,0.04106024,0.0,3.1486049,0.0,0.0,0.10358435,0.0,0.0,2.6800218,2.1944966,0.0,0.0,0.0,0.0,0.0,0.0,1.1442162,0.3393414,0.0,0.0,0.0,1.8731571,0.0,0.0,0.0,0.78470504,0.0,0.120735526,0.0,0.0,1.6301081,0.10728654,0.0,0.0,0.5080427,0.0,0.0,0.0,0.2646085,2.138681,0.35982978,0.0,0.96417284,0.0,0.0,0.0
U01558,0.0,0.09384656,0.0,0.0,0.0,0.72734964,0.0,0.0,0.0,0.54296434,0.44084767,0.0,0.0,1.0889206,0.8246002,0.0,1.6805025,1.7447708,0.0,1.0653678,0.0,0.028151274,0.5740977,0.898768,0.42841148,0.0,0.20198643,0.08029568,0.0,0.0,0.0,0.6764195,0.056170896,0.0,0.57580197,0.0,0.7276275,0.0,0.0,0.0,0.09929481,0.23618585,0.761093,0.9700398,0.19967914,1.1954709,0.4871719,0.0,0.43184257,0.0,0.0,1.0473084,0.0,0.16428563,1.3008784,0.0,0.0,0.0,0.0,0.0,0.0,2.5520513,0.50284564,1.128696
U01559,0.0,0.0,0.0,0.0,0.0,1.1896738,0.0,0.0,0.0,0.19230425,1.5143585,0.0,0.0,0.0,0.39965242,0.0,0.5505057,0.0,0.0,0.9662193,0.0,0.93865025,1.6135325,0.0,1.6604967,0.0,0.0,0.0,1.979549,0.0,0.0,1.1615329,2.0695672,0.0,0.0,0.0,0.96445787,0.0,0.46798488,0.0,0.7853481,0.7505431,0.0,0.21480447,0.47041833,0.0,0.71877044,1.2440743,0.0,0.0,0.0,0.58333576,0.0,0.0,0.36237693,0.0,0.0,0.0,0.0,0.0,0.0,0.39156926,0.0,1.1824546
U01560,0.0,0.5225735,0.0,0.11959058,0.0,0.5222136,0.0,0.0,0.0,2.0973039,1.3859926,0.0,0.0,0.0,0.0,0.0,0.14833158,1.1146154,0.0,1.7668691,0.0,0.7732091,0.0,0.0,0.96255326,0.0,0.0,0.5053812,2.4372227,0.004937106,0.0,0.21944088,1.6403818,0.0,0.0,0.0,1.1955824,0.0,0.0,1.3939868,0.2858323,0.0,0.0,0.0,0.13667679,0.0,0.0,0.0,1.3193289,0.0,0.107355975,1.2450973,0.00064985454,0.0,0.0,0.0,0.0,0.25089633,0.0,0.0,0.0,0.0,0.3397482,0.0
U01561,0.0,0.6191548,0.0,0.0,0.0,0.31769165,0.0,0.0,0.0,1.1995661,0.02806501,0.0,0.0,1.0405254,0.9940211,0.0,0.30206203,1.4047006,0.0,0.0,1.4772978,0.0,0.0,0.8440728,0.0,0.0,2.1079004,1.0509741,0.023053765,0.0,0.0,0.0,0.0,0.0,1.1364038,0.0,0.093315646,0.0,0.5784763,1.531558,0.0,0.10053769,0.76701236,1.0393769,0.0,0.5559442,0.5292195,0.0,0.9374187,0.0,0.0,0.019960742,0.0,0.0,0.35667002,0.0,0.0,0.5897817,0.0,0.0,0.29733512,1.553288,0.0,0.0
U01562,0.0,1.3314627,0.0,0.0,0.0,0.2209244,0.0,0.0,0.0,1.7603543,0.7136682,0.0,0.0,0.029746056,0.0,0.0,1.4781194,0.74396694,0.0,1.1296443,0.48520863,0.7276288,0.0,0.0,0.6466818,0.0,0.36958945,0.7952754,1.3157126,0.0,0.0,0.0,1.3579122,0.0,0.2241875,0.0,0.9018382,0.0,0.0,1.2211214,0.0,0.0,0.0,0.40700603,0.41569674,0.0,0.0,0.0,1.1841794,0.0,0.0,1.0246184,0.0,0.0,0.19009995,0.0,0.0,0.47856873,0.0,0.0,0.03107363,0.38645822,0.36046207,0.0
U01563,0.0,1.0806108,0.0,0.0,0.053670347,0.0,0.15249014,0.37925678,0.2843435,0.0,0.0,0.2816022,0.28457737,1.0613985,1.8361971,0.0,1.281509,0.0,0.0,0.0,1.3446269,0.0,1.4857194,1.3096198,0.0,0.0,1.1976588,0.0,0.0,0.09889755,0.0,0.0,0.0,0.0,0.8498327,0.16597605,0.0,0.0,3.5694003,0.28707182,0.057870537,0.52914494,1.0639044,0.43396252,0.15790999,1.4234233,1.5332779,0.5969665,0.0,0.2905052,0.15771396,0.0,0.36232394,0.1973463,2.3270578,0.07843083,0.0,1.0960683,0.35980827,0.0,0.783742,0.0,0.3236279,0.0
U01564,0.9592077,1.0397226,0.8678137,0.9987105,0.36831933,0.0,1.1603339,0.73868304,0.9622192,0.9222255,0.0,0.40906274,0.6593927,1.7169406,1.3674557,0.9560121,0.0,2.0048885,0.9078262,1.9178209,1.9298382,0.0,0.0,0.11157141,0.0,0.76110446,1.321319,1.5707364,0.0,0.6874985,0.74935335,0.0,0.0,0.93689406,1.2151283,1.7752721,0.0,0.84496665,0.12245074,1.5962659,0.0,0.0,0.0,0.0,1.1257597,0.7509068,0.0,0.0,1.130026,0.87113047,0.8391007,0.0,0.7211588,0.0,0.0,0.9705487,0.78409517,1.2670391,0.43581635,0.0,0.9874489,0.0,0.25888363,0.0
U01565,0.0,0.03306985,0.0,0.0,0.088004395,0.8542503,0.0,0.0,0.0,2.28305,2.0302293,0.0,0.063549995,0.0,0.0,0.0,0.0,0.20003319,0.0,0.63537574,0.0,0.6592623,0.0,0.0,2.2040825,0.0,0.0,0.0,3.024911,0.0,0.0,0.36457622,2.2391303,0.0,0.0,0.0,0.8469591,0.0,0.0,0.0,0.31427795,0.0,0.0,0.0,0.0,0.0,0.0,0.0,0.71429116,0.0,0.0,1.0427083,0.0,0.0,0.0,0.0,0.0,0.0,0.0,0.0,0.0,0.78087246,0.627055,1.1986349
U01566,0.0,0.68011916,0.020453602,0.0,0.0,0.0,0.0,0.0,0.0,0.0,0.7215023,0.0,0.0,0.0,0.0,0.0,0.0,0.5913501,0.0,0.0,0.0,0.0,1.4887311,0.046859693,1.0684905,0.0,0.67780864,0.0,0.88167155,0.0,0.0,0.8751811,1.3800865,0.0,0.0,0.0,0.0,0.0,2.0023024,0.0,2.0015416,1.4412045,1.3164525,0.0,0.022575736,1.7508361,2.5401425,1.9209641,0.0,0.0,0.0,0.0,0.0,0.0,2.7474203,0.0,0.0,0.40681368,0.0,0.0,1.7986552,2.049566,0.10715759,0.3541931
U01567,0.0,1.1171563,0.0,0.0,0.0,0.5815182,0.0,0.0,0.0,1.8272985,1.3030423,0.0,0.0,2.1878319,0.0,0.0,0.0,1.6793039,0.0,1.4411252,0.45618463,0.9179655,0.0,0.0,0.54888797,0.0,0.529615,0.96302915,0.76715535,0.0,0.0,0.12131572,0.50119084,0.0,0.6356595,0.0,1.0831419,0.0,0.0,1.4622338,0.0,0.0,0.0,0.0,1.8006392,0.0,0.53034693,0.10456839,1.391531,0.0,0.0,0.864107,0.0,0.10046208,0.0,0.0,0.0,0.9608587,0.0,0.0,0.8683352,0.95459616,0.48584855,0.54007196
U01568,0.0,0.0,0.0,0.0,0.0,0.99419844,0.0,0.0,0.0,1.6833138,1.982452,0.0,0.0,0.0,0.0,0.0,0.95564646,0.32117152,0.0,0.95792127,0.0,0.968273,0.3016498,0.0,1.6247818,0.0,0.0,0.0,2.631593,0.0,0.0,0.4859593,2.3148699,0.0,0.0,0.16119695,1.0702022,0.0,0.0,0.27270997,0.3696978,0.11464018,0.0,0.0,0.0,0.0,0.0,0.3371011,0.52446103,0.0,0.0,1.5444659,0.0,0.0,0.23196232,0.0,0.0,0.0,0.0,0.0,0.0,0.72344065,0.7172635,0.8320124
U01569,0.0,1.2679784,0.0,0.0,0.0,0.0,0.0,0.0,0.0,0.71659046,0.0,0.0,0.0,1.3361117,1.7303436,0.0,0.71264803,1.63462,0.0,1.0896106,2.1852205,0.0,0.0,0.6490191,0.0,0.0,1.88664,1.5036237,0.0,0.0,0.0,0.24462587,0.0,0.0,1.2868915,0.0,0.07237302,0.039735794,0.7532983,1.8035928,0.2292808,0.0,0.7825674,0.84449625,1.3368051,1.1166949,0.743315,0.7499815,0.90067995,0.0,0.0,0.0,0.0,0.0,0.0,0.0,0.0,1.9137015,0.0,0.19424911,1.1275165,0.0,0.0,0.0
U01570,0.0,0.3105979,0.0,0.0,0.0,0.40190694,0.0,0.0,0.0,0.35362685,0.64274037,0.0,0.0,0.0,0.4186291,0.0,0.0,1.7447929,0.0,0.73540366,0.5052016,0.0,0.0,0.0,1.1006515,0.0,2.556139,0.23827326,1.205833,0.0,0.0,0.47807598,1.0876577,0.0,0.22711003,0.0,0.0,0.0,0.8882288,0.37734973,1.569402,0.51858044,1.4592593,0.0,0.0,1.0056888,0.9701433,0.83063173,0.12044656,0.0,0.0,0.0,0.0,0.0,0.0,0.0,0.0,1.358594,0.0,0.079268344,0.48344573,0.8520194,0.0,0.0341388
U01571,0.0,1.6683505,0.0,0.0,0.0,0.0,0.0,0.0,0.0,1.3451775,0.28846192,0.0,0.0,0.036043882,0.43135118,0.0,0.0,3.0678792,0.0,1.6418027,1.7585535,0.0,0.0,0.0,0.43918812,0.0,2.909831,0.71113396,1.1947179,0.0,0.0,0.0,0.90787005,0.0,0.0,0.0,0.0,0.0,1.2256382,1.6295706,1.1918077,0.0,0.07738598,0.0,1.270235,1.0491494,0.0,0.63960755,0.9326236,0.0,0.0,0.0,0.0,0.0,0.0,0.0,0.0,3.0808334,0.0,0.0,1.3071682,0.0,0.0,0.0
U01572,0.2780907,0.0,0.5810382,0.24874446,0.08018391,1.2799286,0.17041391,0.0,0.16744351,0.0,0.97223353,0.23820059,0.0,0.0,0.0,0.003148079,2.4697938,0.0,0.13673499,0.0,0.0,2.2842934,2.7940707,0.0,2.0558243,0.27298492,0.0,0.0,1.625145,0.01915454,0.3806998,1.416882,1.5923537,0.31796268,0.0,0.27041852,0.2836892,0.06912848,3.0956957,0.0,0.27307293,1.3518344,0.0,0.73059356,0.84467924,0.0,0.0,0.6340091,0.0,0.29479823,0.22707808,0.9296386,0.13773155,0.0,2.9119973,0.13092181,0.5476234,0.0,0.0,0.0,0.0,0.0,1.2004986,1.0758727
U01573,0.39839736,0.7321643,0.4662178,0.44640613,0.1058528,0.0,0.4991464,0.37102482,0.85728186,0.0,0.0,0.37695545,0.71368957,2.3467176,2.8988013,0.54022926,0.0,0.6134553,0.2871153,0.20965815,2.8859258,0.0,0.0,1.0653126,0.0,0.41809738,1.4640896,1.4391443,0.0,0.52691984,0.37890464,0.0,0.0,0.23319879,1.9554739,1.3156023,0.0,0.120842665,1.7544917,1.524107,0.0,0.0,0.5493835,0.5797174,1.0053906,1.4134771,0.0,0.0,0.67492723,0.46781135,0.6549748,0.0,0.8415418,0.0,0.0,0.31489068,0.41808012,1.6406126,0.20144847,0.11504708,1.2974474,0.0,0.0,0.0
U01574,0.0,0.96760684,0.56340015,0.0,0.0,0.0,0.0,0.0,0.06933231,0.0,0.6224847,0.0,0.0,0.0,0.0,0.0,0.0,1.6639779,0.0,0.0,0.0,0.0,1.5256462,0.0,0.76298404,0.0,1.8509513,0.0,0.7043004,0.0,0.0,0.8953471,0.99367684,0.0,0.0,0.0,0.0,0.0,0.75247264,0.0,3.1115224,1.216779,1.427051,0.0,0.20856214,1.8323336,1.9530813,1.8180829,0.0,0.0,0.0,0.0,0.0,0.0,0.33799648,0.0,0.0,0.24313986,0.0,0.0,1.6843867,2.2003307,0.511305,0.0
U01575,0.0,0.0,0.0,0.0,0.0,0.5350387,0.0,0.1615136,0.0,0.0,0.0,0.12891658,0.0,1.7808547,1.6147164,0.0,1.8518595,0.0,0.0,0.0,1.1366895,0.44797605,1.3074617,1.4887933,0.0,0.03144437,0.00083112717,0.11773288,0.0,0.0,0.0,0.69321966,0.0,0.0,1.145443,0.0031889677,0.0,0.0,2.519279,0.05752933,0.10317677,0.72465205,1.1906276,1.021529,0.5816041,0.9213453,2.177557,0.90557396,0.0,0.013121843,0.0,0.0,0.13913816,0.0,2.1445146,0.0,0.0,0.55191094,0.0,0.0,0.15921402,0.4597335,0.0,0.55678666
U01576,0.0,1.1140442,0.0,0.0,0.0,0.40396717,0.0,0.0,0.0,0.39793122,0.24506828,0.0,0.0,0.48052382,1.7000941,0.0,1.594089,0.0,0.0,0.0,0.9967934,1.4348869,1.880089,0.4416927,0.7561457,0.0,1.3332355,1.0578876,0.7614937,0.0,0.0,0.0,0.7381021,0.0,0.49638942,0.0,0.0,0.0,2.824424,0.39861834,0.0,0.29077625,0.16503766,0.53620315,0.40210176,0.34369498,0.6406803,0.2224578,0.45542455,0.0,0.0,0.51472557,0.0,0.079998076,1.7152127,0.0,0.0,0.7741241,0.0,0.10115489,0.0,0.3871896,0.0,0.10124695
U01577,0.38531476,1.397447,0.26816726,0.19756716,0.0,0.0,0.41853634,0.2028528,0.25494644,1.1342671,0.0,0.0403212,0.18414605,1.847549,1.5897903,0.39761692,0.0,2.369059,0.23682827,2.3385968,2.26831,0.0,0.0,0.17200686,0.0,0.26969072,1.4358592,1.9891347,0.0,0.036812443,0.21943553,0.0,0.0,0.29048598,1.5272331,1.2554641,0.0,0.2349191,0.1347637,2.0014296,0.0,0.0,0.0,0.0,1.5906607,0.8581866,0.0,0.0,1.4904882,0.26461637,0.273877,0.0,0.1184245,0.0,0.0,0.32604596,0.09683028,1.5283134,0.0,0.20591325,1.1888642,0.0,0.22883883,0.0
U01578,0.7775622,1.3555243,0.3176633,0.8649531,0.1522641,0.0,0.8611695,0.04107572,0.54167306,1.3283399,0.0,0.0,0.059121393,1.4560522,0.65505844,0.680479,0.30003458,3.0782733,0.51579255,3.1875482,1.2975157,0.0,0.0,0.28836036,0.0,0.3249122,0.33172047,2.2583451,0.0,0.5335686,0.38956523,0.0,0.0,0.66773754,0.943374,1.3491002,0.0,0.47812492,0.0,1.1816804,0.0,0.0,0.34071448,0.0,1.4470005,0.78683436,0.0,0.0,1.4014201,0.4781177,0.4968435,0.0,0.0,0.0,0.0,0.5416295,0.12898217,1.0889151,0.14728627,0.0,0.6505916,0.27492577,1.393468,0.0
U01579,0.0,0.0,0.0,0.0,0.0,2.0783916,0.0,0.0,0.0,0.0,0.6464273,0.0,0.0,0.0,1.0841559,0.0,0.0,0.0,0.0,0.0,0.28492415,0.0,1.227447,0.98907113,1.4692802,0.0,0.40309393,0.0,0.6394703,0.0,0.0,1.9101222,0.35738277,0.0,0.0,0.0,1.1564171,0.0,2.2427607,0.0,1.5184171,2.4830267,2.5406308,0.8112509,0.0,0.6399105,3.2611785,2.0541618,0.0,0.0,0.0,0.43212,0.0,0.94958377,2.9276123,0.0,0.0,0.0,0.0,0.45244277,0.007562101,1.8652424,0.0,2.7728348
U01580,0.22044128,0.57245696,0.023774773,0.4172461,0.0,0.62306964,0.25897884,0.0,0.0,1.6438587,1.0655719,0.15994906,0.0,0.0,0.0,0.0,2.398178,0.0,0.179333,0.9606867,0.0,1.0590928,0.0,0.0,0.9378406,0.0,0.0,1.0216482,2.260929,0.0,0.008412749,0.7095057,2.0389562,0.14425987,0.14840293,0.42834514,1.5065396,0.13403672,0.0,1.24054,0.0,0.0,0.0,0.96353805,0.327909,0.0,0.0,0.0,1.1384888,0.20033342,0.10254304,2.023817,0.17429371,0.0,0.0,0.16294485,0.0,0.0,0.0,0.0,0.0,0.0,1.2486752,0.0
U01581,0.0,0.18978614,0.26619714,0.0,0.0,0.0,0.0,0.0,0.0,0.0,0.19211921,0.0,0.0,0.0,0.6244495,0.0,0.1129033,1.5203075,0.0,0.48496628,0.0,0.0,0.9958454,0.5775265,0.4484948,0.0,1.1956432,0.0,0.08010185,0.0,0.0,0.99255526,0.85745525,0.0,0.0,0.0,0.0,0.0,0.1269637,0.0,1.9793348,1.1131428,1.3588756,0.0,0.18882895,1.4986475,1.9387759,1.5555886,0.0,0.0,0.0,0.0,0.0,0.0,0.38293004,0.0,0.0,0.31550598,0.0,0.0,1.0750928,2.071628,0.0,0.0
U01582,0.0,0.0,0.05621466,0.0,0.0,0.03801748,0.0,0.0,0.0,1.469964,1.31569,0.0,0.0,1.9998128,0.0,0.0,0.0,2.5425775,0.0,1.6250252,0.0819149,0.0,0.37226492,0.0,0.45485747,0.0,1.366021,0.055528283,1.0971233,0.10119732,0.3248918,0.0,0.33850202,0.0,0.0,0.0,0.053869322,0.0,0.24201816,0.0,0.08900383,0.43133295,0.0,0.0,0.5828029,0.0,0.8769274,0.17782319,0.41696978,0.0,0.0,0.0,0.0,0.0,0.0,0.0,0.0,0.21950626,0.0,0.0,0.35493514,3.620664,0.0,0.57961917
U01583,0.7761122,0.8671346,0.73184276,0.7681459,0.28965223,0.0,0.9442341,0.6420217,0.97705984,0.0,0.0,0.46664202,0.7321527,1.8982146,2.1819944,0.8149883,0.0,1.0641077,0.6872785,0.87819433,2.43965,0.0,0.0,0.62693536,0.0,0.63538086,1.3206187,1.4575698,0.0,0.6569598,0.62339973,0.0,0.0,0.618217,1.5953039,1.5836979,0.0,0.57448053,1.0748653,1.5129164,0.0,0.0,0.25019503,0.23693126,1.0438677,1.0996121,0.0,0.0,0.84036493,0.73705363,0.80503297,0.0,0.8281573,0.0,0.0,0.7388929,0.6738918,1.4107287,0.3879959,0.0,1.0576102,0.0,0.0,0.0
U01584,0.0,0.0,0.0,0.0,0.0,0.23229021,0.0,0.0,0.0,0.91637063,0.0,0.0,0.0,1.3680009,1.0186255,0.0,0.05348587,3.1048384,0.0,1.9513481,1.6051823,0.005060345,0.0,0.38441586,0.06042111,0.0,1.240977,0.7540982,0.77454984,0.0,0.0,0.6299306,0.5018402,0.0,0.87625295,0.0,0.0,0.0,0.054563627,0.86305237,1.1258574,0.27241617,0.3107151,0.88644326,1.898976,1.3240411,0.57182354,0.03397283,0.67679095,0.0,0.0,0.0,0.0,0.0,0.0,0.0,0.0,1.7168638,0.0,0.0064205443,0.84245,0.23286185,0.0,0.0
U01585,0.0,0.0,0.004855424,0.0,0.0,0.60416055,0.0,0.0,0.0,0.0,0.0,0.0,0.0,0.10812509,0.22724503,0.0,2.7566686,0.0,0.0,0.0,0.66764814,0.8221408,0.5661537,0.9472089,0.0,0.0,0.0,0.85979384,0.040932477,0.0,0.0,0.85823584,0.3132909,0.0,0.4437595,0.0,0.77855784,0.0,1.4220474,0.0,0.0,1.0200722,1.5531689,1.6911836,0.0,0.7332896,0.07927385,0.24512261,0.25853926,0.0,0.0,0.71387255,0.0,0.27033964,2.8896637,0.0,0.0,0.0,0.0,0.0,0.0,1.5210162,1.1293696,0.35286725
U01586,0.0,0.9678554,0.0,0.0,0.0,0.57414174,0.0,0.0,0.0,1.1457016,1.4512998,0.0,0.0,0.0,0.0,0.0,0.50099707,0.84596026,0.0,0.9933262,0.0,0.47945574,0.42400986,0.0,1.2069993,0.0,1.1427615,0.0,1.9077754,0.0,0.0,0.36134547,1.9728403,0.0,0.0,0.0,0.17557958,0.0,0.36646152,1.3898787,0.99276096,0.0,0.3486507,0.0,0.0,0.07448816,0.33711833,0.7832185,0.50508124,0.0,0.0,0.93446314,0.0,0.0,0.0,0.0,0.0,0.2623433,0.0,0.0,0.10190421,1.1832697,0.15868947,0.0
U01587,0.0,0.0,0.0,0.0,0.0,0.22990021,0.0,0.0,0.0,0.0,0.0,0.0,0.0,1.2261989,0.7211427,0.0,0.9940642,3.6904898,0.0,2.549055,1.0547271,0.0,0.0,1.2574552,0.0,0.0,0.0,0.8374087,0.0,0.17687608,0.0,0.8117223,0.3229771,0.0,0.7522443,0.0,0.0,0.0,0.0,0.0,0.9976807,0.81993365,1.5333897,0.15615493,1.4657229,1.9487138,1.008136,1.5339932,0.01978004,0.0,0.043985747,0.0,0.0,0.0,0.7515212,0.0,0.0,1.8704951,0.0,0.0,0.31014568,1.0754781,0.08797705,0.0
U01588,0.0,0.4351588,0.0,0.0,0.0,0.4198031,0.0,0.0,0.0,0.0,0.0,0.03665955,0.0,1.5604317,1.1566948,0.0,2.7256477,0.0,0.0,0.0,1.1914856,0.7820887,0.55312866,1.4886819,0.0,0.0,0.0,0.7108483,0.0,0.0,0.0,0.7317343,0.0,0.0,1.3814813,0.0,0.29409128,0.0,1.4121448,1.0901825,0.0,0.5153577,1.1095268,1.5495663,0.9869724,0.9774921,1.8553478,1.045784,0.33650476,0.0,0.0,0.2436913,0.0,0.2092804,2.248592,0.0,0.0,0.9252503,0.0,0.09977212,0.38346627,0.0,0.33619273,0.0
U01589,0.5394829,0.8756276,0.23366259,0.5612891,0.42607373,0.0,0.68353593,0.5220665,0.6462362,0.0,0.0,0.4965595,0.42334628,0.7862507,1.2675221,0.45551014,1.6409122,0.0,0.38931093,0.0,1.2313862,0.0,0.5567482,1.3767136,0.0,0.1682903,1.090427,0.4930358,0.0,0.4999588,0.47468793,0.0634256,0.0,0.4121364,1.1753917,0.5877392,0.0,0.24805687,0.80542815,0.8398757,0.19848529,0.334444,0.82793593,0.8864185,0.53611517,1.5475271,0.98721194,0.24055123,0.25879395,0.58038825,0.19468391,0.0,0.7291577,0.0,1.2958485,0.58846533,0.3908533,0.894852,0.7831797,0.0,1.0638043,0.73003185,0.44928288,0.0
U01590,0.0,1.0143877,0.0,0.0,0.0,0.0,0.0,0.05773489,0.17360263,1.3705715,0.0,0.0,0.0,0.79299855,1.5066233,0.0,0.0,0.7246407,0.0,0.0,1.6844351,0.042081952,0.2903167,0.4282652,0.0,0.028282791,2.7784283,1.3873541,0.0,0.0,0.11508342,0.0,0.0,0.09405768,0.7658941,0.0,0.0,0.0,1.9701655,1.332273,0.0,0.0,0.31367776,0.20538011,0.0,0.3677684,0.24283403,0.0,0.9997969,0.0,0.0,0.0,0.03905198,0.0,0.43421292,0.0,0.08109769,0.8760363,0.11556783,0.0,0.31452516,1.9648122,0.0,0.0
U01591,0.0,2.5363288,0.0,0.0,0.0,0.0,0.0,0.0,0.0,2.640694,0.0,0.21942246,0.29534364,1.1390233,0.0,0.011466086,0.0,0.58030176,0.0,0.46453357,2.2414503,0.0,0.0,0.0,0.0,0.0,2.4771776,2.6067314,0.0,0.0,0.0,0.0,0.0,0.0,0.9181973,0.0,0.04015228,0.0,0.0,2.2799623,0.0,0.0,0.0,0.0,0.0,0.0,0.0,0.0,2.19631,0.32817334,0.08483428,0.0,0.0,0.0,0.0,0.0,0.07788867,2.0744443,0.044347614,0.0,0.40184778,0.0,0.0,0.0
U01592,0.0,0.0,0.0,0.0,0.0,1.3243347,0.0,0.15737677,0.0,0.0,0.63535833,0.0,0.0,0.0,0.8193224,0.0,0.6890353,0.0,0.0,0.0,0.0,0.009624213,2.1591198,0.9973585,1.0646014,0.0,0.0,0.0,0.1249063,0.0,0.0,1.7570479,0.6197535,0.0,0.10089457,0.0,0.0,0.0,1.2355725,0.0,1.8523955,1.4633614,1.5787485,0.0,0.4698739,0.9516436,3.1116838,2.1643715,0.0,0.0,0.0,0.016516782,0.0,0.16664588,1.2111372,0.0,0.0,0.0,0.0,0.0,0.55253446,1.1575116,0.101382315,1.2226827
U01593,0.039688706,0.0,0.27248713,0.21429405,0.0027062446,0.41056272,0.23873764,0.26590067,0.031529382,0.0,0.0,0.10995519,0.0,1.2869586,1.0836463,0.36430687,1.2451183,0.32543802,0.077107996,0.0,0.8497331,1.0078009,0.8607039,1.4904882,0.0,0.27083912,0.0,0.74282515,0.0,0.21531221,0.33553976,0.25617343,0.0,0.41526723,0.7407623,0.58491176,0.054652512,0.19131643,1.9657681,0.3854847,0.0,0.75446665,0.8428391,1.1633749,0.20535767,0.8230549,1.7614565,0.44516537,0.04136479,0.32734495,0.11968734,0.0,0.1560615,0.0,2.0649781,0.14875698,0.20814794,0.20053637,0.2071968,0.0,0.55063593,2.4029286,0.28405672,0.0
U01594,0.0,0.1363734,0.227177,0.0,0.23330979,0.0,0.15366131,0.5238825,0.36147797,0.0,0.0,0.5104173,0.5408653,0.6102526,2.2575278,0.055964053,0.65246546,0.0,0.0,0.0,1.3755933,0.0,1.085782,1.134638,0.0,0.09999049,2.4782367,0.10976386,0.0,0.37059307,0.16876268,0.0,0.0,0.11300111,0.8766601,0.0,0.0,0.0,1.7759956,0.4305557,0.0,0.0,0.838256,0.81594884,0.0,0.076603174,0.69265926,0.0,0.26572335,0.021093667,0.0,0.0,0.44236997,0.0,0.88728654,0.0,0.17891765,0.40536928,0.52771354,0.0,0.0,1.132877,0.0,0.0
U01595,0.0,1.9256697,0.0,0.0,0.0,0.0,0.0,0.0,0.0,2.4614973,1.1181278,0.0,0.0,1.877079,0.0,0.0,0.0,3.1650515,0.0,1.9072576,0.7072195,0.0,0.0,0.0,0.5803211,0.0,2.6226,0.73436636,0.9792765,0.0,0.0,0.0,0.25513616,0.0,0.0,0.05158007,0.0,0.0,0.0,1.6545857,0.0,0.0,0.0,0.0,0.9700668,0.0,0.0,0.0,1.5496979,0.0,0.0,0.0,0.0,0.0,0.0,0.0,0.0,1.9059336,0.0,0.0,1.3034401,2.6585124,0.16358477,0.0
U01596,0.0,0.0,0.0,0.0,0.09525056,0.5762124,0.0,0.0,0.0,0.0,1.1539844,0.0,0.0,0.0,0.0,0.0,0.94109464,2.4399672,0.0,0.7599472,0.0,0.0,0.87450594,0.10570907,0.54363334,0.0,0.0,0.0,0.9589815,0.0,0.0,1.9683702,1.1849887,0.111204416,0.0,0.0,0.0,0.0,0.0,0.0,2.543088,1.648024,0.5374652,0.0,2.0831187,1.497206,2.1114607,1.0352553,0.0,0.0,0.0,0.5764961,0.0,0.29505137,1.1115581,0.0,0.0,0.0,0.0,0.0039547794,0.74635804,0.71805584,1.3230631,0.6431345
U01597,0.0,0.723153,0.0,0.0,0.0,0.048448235,0.0,0.28905305,0.0,0.12000334,0.0,0.05139017,0.022002392,1.2816826,2.123447,0.0,0.89214927,0.0,0.0,0.0,1.9524262,0.4544135,1.0568748,0.86464155,0.02728653,0.0,1.3420612,0.42692673,0.0,0.0,0.0,0.0,0.0,0.0,0.8414821,0.0,0.0,0.0,2.2479599,0.8478811,0.0,0.0,0.50760764,0.3582492,0.5224937,0.55817306,0.9162389,0.23845512,0.39400136,0.0,0.0,0.0,0.0,0.0,0.8742598,0.0,0.0,1.2386532,0.0,0.0,0.63669664,0.0,0.0,0.0
U01598,0.0,1.9256047,0.0,0.0,0.0,0.0,0.0,0.0,0.0,1.786587,0.0,0.57358867,0.10296509,0.0,0.6905338,0.0,0.0,2.9627557,0.0,0.18209243,2.607883,0.0,0.0,0.20420836,0.0,0.0,4.212263,0.77202654,0.0,0.022864131,0.38457394,0.0,0.0,0.0,0.22387618,0.0,0.0,0.0,0.53830314,2.1166906,1.134937,0.0,0.16519138,0.11410026,0.0,0.7805382,0.0,0.0,1.0151238,0.0,0.0,0.0,0.6816825,0.0,0.0,0.0,0.0,1.9699695,0.3795361,0.0,1.1610677,1.8038137,0.0,0.0
U01599,0.0,0.0,0.0,0.0,0.0,1.0507921,0.0,0.0,0.0,0.0,0.5108472,0.0,0.0,1.342257,1.217016,0.0,0.58834696,1.1859676,0.0,0.34339333,0.729861,0.59688485,0.7375074,1.2248076,0.36702305,0.0,0.34095037,0.0,0.0,0.0,0.0,1.2708496,0.48105615,0.0,1.0584533,0.0,0.33739713,0.0,0.2639642,0.4824313,1.3106842,1.0076665,1.1392055,0.43028623,1.1720641,1.0841532,2.6703,1.7073827,0.0,0.0,0.0,0.19919026,0.0,0.09251967,0.42020845,0.0,0.0,0.8680389,0.0,0.10496936,0.7783272,0.5731183,0.0,0.5308994
U01600,0.0,1.809716,0.0,0.0,0.0,0.0541272,0.0,0.0,0.0,1.6510497,0.29605192,0.0,0.0,0.08016217,1.4297276,0.0,1.3713821,0.0,0.0,0.0,1.515303,0.93668824,0.65947884,0.0,0.48026013,0.0,1.8853486,1.138586,0.7724993,0.0,0.0,0.0,0.8666888,0.0,0.53974885,0.0,0.46066904,0.0,1.7559072,1.3958359,0.0,0.0,0.08991037,0.98977095,0.12049818,0.0,0.0,0.0,1.362601,0.0,0.0,0.5208676,0.0,0.0,1.1458086,0.0,0.0,1.0673561,0.0,0.0,0.038459778,0.990958,0.0,0.0
U01601,0.0,1.1144239,0.0,0.0,0.0,0.41750118,0.0,0.0,0.0,0.93672764,0.5162847,0.0,0.0,0.0,1.1906495,0.0,0.608804,0.40593696,0.0,0.6467674,1.0005248,0.4616167,0.10239029,0.4814734,0.36364198,0.0,1.2644432,0.46583307,0.67276025,0.0,0.0,0.38828516,0.7674887,0.0,0.62844753,0.0,0.39338648,0.0,0.5785743,1.3330467,0.39374918,0.041982472,0.7277603,0.23130864,0.37159872,0.44448197,1.1287259,0.78099906,0.61212164,0.0,0.0,0.5930737,0.0,0.0,0.12088406,0.0,0.0,0.91134423,0.0,0.050374392,0.4654357,0.1355751,0.0,0.0
U01602,0.0,0.14101529,0.0,0.0,0.0,0.36964357,0.0,0.0,0.0,0.8594245,1.3620774,0.0,0.0,0.32882398,0.0,0.0,0.0,2.5222018,0.0,1.5859989,0.0,0.031819522,0.0,0.0,1.1720505,0.0,0.25212288,0.0,1.8023801,0.0,0.0,0.8476695,1.4697721,0.0,0.0,0.0,0.26682788,0.0,0.0,0.1673783,1.0433671,0.43368977,0.0,0.0,0.927974,0.40143847,1.1932567,1.45965,0.1938526,0.0,0.0,0.25298896,0.0,0.0,0.0,0.0,0.0,0.8483658,0.0,0.0,0.9487176,0.74703395,0.0,0.47380817
U01603,0.0,0.81481194,0.0,0.0,0.0,0.0,0.0,0.0,0.0,0.0,0.0,0.0,0.0,0.42665577,1.5916941,0.0,0.34442914,0.0,0.0,0.0,1.2828285,0.0,0.94943017,0.81153464,0.0,0.0,1.7081652,0.39510942,0.0,0.0,0.0,0.2130065,0.050748095,0.0,0.76839256,0.0,0.0,0.0,2.2821367,0.75149846,0.5919194,0.35268807,1.2926729,0.31383833,0.24963331,1.1715645,1.7741685,0.98559284,0.0,0.0,0.0,0.0,0.0,0.0,1.3459815,0.0,0.0,1.3327068,0.0,0.0,1.1337166,0.40964246,0.0,0.0
U01604,0.0,0.17306834,0.0,0.0,0.10948916,0.43928316,0.0,0.0,0.0,0.0880723,0.76780283,0.0,0.0,0.0,0.28528637,0.0,0.0,0.7722347,0.0,0.93036973,0.022009373,0.2829839,0.69961923,0.0,1.0975484,0.0,0.0,0.0,1.4323895,0.0,0.0,0.89609444,1.6567452,0.0,0.0,0.0,0.0,0.043146193,0.58085656,0.0,0.9281692,0.6146701,0.17951116,0.0,0.6972037,0.2977292,1.8008492,1.4976907,0.0,0.0,0.0,0.08520693,0.0,0.0,0.42115462,0.06755167,0.0,0.6424302,0.0,0.0,0.60469073,0.16627945,0.0,0.7590295
U01605,0.0,0.0,0.0,0.0,0.0,1.5119689,0.0,0.0,0.0,0.36819553,1.1106536,0.0,0.0,0.0,0.0,0.0,0.9847564,0.0,0.0,0.0,0.0,1.5730493,1.5248518,0.0,1.7425029,0.0,0.0,0.017203927,1.9221691,0.0,0.0,1.2231795,2.112821,0.0,0.0,0.0,1.5992814,0.0,1.8862224,0.0,0.32970363,1.652306,0.22094062,1.3948586,0.0,0.0,0.0,0.18251935,0.0,0.0,0.0,1.8966256,0.0,0.18010083,1.7182783,0.0,0.0,0.0,0.0,0.056377124,0.0,0.0,0.41761404,1.619678
U01606,0.0,1.0268177,0.0,0.0,0.0,0.0,0.0,0.0,0.0,1.2052021,0.42956406,0.0,0.0,0.59363025,0.3157181,0.0,0.71144444,2.331285,0.0,1.2986773,1.091114,0.0,0.0,0.25471762,0.068593025,0.0,1.0186692,0.79985064,1.3373553,0.0,0.0,0.5134163,0.9733501,0.0,0.5246166,0.0,0.081859395,0.0,0.020530747,1.4014194,0.8977398,0.11159113,0.25585875,0.0,1.3698256,1.3352377,0.8800144,0.3095067,0.5460557,0.0,0.0,0.414867,0.0,0.10804781,0.29471648,0.0,0.0,1.0099475,0.0,0.0716141,1.1624154,0.49983272,0.3015049,0.0
U01607,0.0,1.4758296,0.0,0.0,0.0,0.0,0.0,0.0,0.0,0.0,0.0,0.0,0.0,0.026721597,1.4265339,0.0,0.0,0.0,0.0,0.0,0.9530932,0.0,1.9521818,0.81559753,0.36946833,0.0,1.9800234,0.0,0.0,0.0,0.0,0.0,0.0,0.0,0.32502532,0.0,0.0,0.0,3.6230006,0.4912299,0.48050928,0.6109231,1.4521931,0.0,0.38949978,1.324523,1.245468,0.89333916,0.0,0.0,0.0,0.0,0.0,0.0371812,1.9773477,0.0,0.0,1.5470983,0.0,0.16645326,1.8245119,0.44859487,0.0,0.045955658
U01608,0.57464194,0.0,1.0380753,0.8826138,0.44455832,0.21251401,0.7820949,0.5283712,0.4242816,0.0,0.0,0.28859925,0.2218328,0.0,0.413781,0.4882468,0.0,0.0,0.87199104,0.0,0.0,0.24285147,1.8821661,0.94538504,0.15097183,0.8508181,0.0,0.0,0.0,0.5753428,0.70391035,0.6864357,0.0,0.68555427,0.0,0.787301,0.0,0.6328074,2.933905,0.0,0.8957868,1.2122004,1.4573334,0.0,0.002912879,0.89300346,2.72324,1.2458893,0.0,0.71006274,0.76564837,0.0,0.35812363,0.0,2.8979692,0.8468619,0.89401114,0.0,0.43926507,0.0,0.3295774,2.6916423,0.50910926,0.29226387
U01609,0.0,1.2162187,0.0,0.0,0.0,0.15284765,0.0,0.0,0.0,1.3304751,0.20036867,0.0,0.0,0.8648619,1.2697595,0.0,0.86965346,0.0,0.0,0.50076294,1.2574847,0.58069474,0.00086539984,0.31432012,0.109757125,0.0,1.211939,1.3817949,0.17203945,0.0,0.0,0.0,0.08869872,0.0,0.78413653,0.095172405,0.87205064,0.0,0.4498259,1.5259676,0.0,0.0,0.13075753,0.8782487,0.19390106,0.0,0.14394861,0.0,1.3242619,0.0,0.0,0.5419769,0.0,0.0,0.08876312,0.0,0.0,0.6198463,0.0,0.0,0.12041336,0.22366777,0.0,0.0
U01610,0.0,0.38184434,0.0,0.0,0.0,0.8167174,0.0,0.0,0.0,0.7202153,0.79738665,0.0,0.0,0.048927546,0.69177806,0.0,2.771049,0.0,0.0,0.5848298,0.4725505,1.4109814,0.8200123,0.0,1.2855322,0.0,0.0,1.4204117,1.28229,0.0,0.0,0.19900906,1.31779,0.0,0.9263516,0.0,1.1027651,0.0,0.0,0.8344556,0.0,0.0,0.0,1.6648817,0.91027206,0.074650764,0.0,0.19082838,0.83731055,0.0,0.0,1.3268163,0.0,0.061889023,0.17148721,0.0,0.0,0.0,0.0,0.0,0.0,0.0,0.0,0.28523386
U01611,0.24896961,0.0,0.014908761,0.24576333,0.0,1.1836876,0.25008732,0.0,0.031557016,0.7074831,1.3567574,0.06312406,0.0,0.0,0.0,0.003735125,1.8092439,0.0,0.0,1.0059426,0.0,1.7646976,1.4250176,0.0,1.9759469,0.338784,0.0,0.0,2.5226727,0.0,0.21994133,0.9140338,2.2122502,0.055416197,0.0,0.35567224,0.9567727,0.04769644,0.9686121,0.14577758,0.37403965,0.44029278,0.0,0.075995654,0.6437228,0.0,0.0,0.40193608,0.0,0.23126844,0.1335358,1.1899203,0.19305103,0.0,0.48324323,0.18793663,0.21472158,0.0,0.0,0.0,0.0,0.0,0.8633962,0.5952369
U01612,0.42589214,1.2760623,0.23954135,0.68165535,0.07493077,0.0,0.8379764,0.7477716,0.8134979,0.40466654,0.0,0.40684617,0.6497318,1.1691797,2.1033006,0.54186124,0.7314754,0.0,0.23854682,0.0,1.9324833,0.0,0.6940505,0.71529347,0.0,0.45733717,1.9807231,1.2492006,0.0,0.35541546,0.46419197,0.0,0.0,0.41102076,1.0791066,0.76018316,0.0,0.32626384,1.8579702,0.70559454,0.0,0.0,0.24134013,0.7502229,0.0,0.37010825,0.0,0.0,0.7946086,0.546281,0.34080657,0.0,0.7177481,0.0,1.0328704,0.5061998,0.6822784,1.082882,0.5601977,0.0,0.4547168,0.07428876,0.0,0.0
U01613,0.0,0.0,0.0,0.0,0.021906719,1.265533,0.0,0.0,0.0,0.008883953,1.468693,0.0,0.0,0.0,0.0,0.0,0.83194953,0.0,0.0,0.25389028,0.0,1.7999685,2.1240878,0.0,1.9561408,0.0,0.0,0.0,2.0812807,0.0,0.0,1.2108353,1.9418918,0.0,0.0,0.0,0.48284224,0.0,1.8687648,0.0,0.6625449,1.3671721,0.0,0.0,0.48731053,0.0,0.62560093,0.876698,0.0,0.021573156,0.0,0.68592477,0.0,0.0,1.4652337,0.0,0.06906207,0.0,0.0,0.0,0.0,0.64177346,0.61518675,1.2021458
U01614,0.0,0.86201537,0.0,0.0,0.0,0.1634857,0.0,0.0,0.0,1.1317934,0.0,0.0,0.0,0.73308843,0.8526086,0.0,1.602762,0.0,0.0,0.0,1.502374,0.43356854,0.0,0.22618052,0.0,0.0,0.8014167,1.5114017,0.35179764,0.0,0.0,0.0,0.36591566,0.0,0.9675878,0.0,0.605857,0.0,0.17864718,1.7425928,0.0,0.0,0.27266908,1.1599445,0.29521477,0.26277572,0.24100852,0.0,1.0726688,0.0,0.0,0.53688395,0.0,0.0,0.78932536,0.0,0.0,1.0282041,0.0,0.0,0.16813284,0.04213704,0.0,0.0
U01615,0.0,0.13569355,0.0,0.0,0.0,0.93291783,0.0,0.0,0.0,0.26734626,0.265662,0.0,0.0,0.6510722,1.29987,0.0,1.0012873,0.9811475,0.0,0.5512779,0.73683023,1.1102862,1.1993585,0.4207288,0.5970706,0.0,0.7950265,0.7686383,0.99835885,0.0,0.0,0.68330646,1.0832956,0.0,0.6485828,0.0,0.8086386,0.0,2.294514,0.0,0.3704672,1.1500963,0.8099507,1.0145993,0.33887565,0.57177263,0.8993026,0.60636663,0.11150181,0.0,0.0,0.72568905,0.0,0.11047861,1.4447454,0.0,0.0,0.0,0.0,0.07849446,0.05060184,1.4834732,0.28920737,1.0260377
U01616,0.0,0.43319106,0.0,0.0,0.0,0.8096703,0.0,0.0,0.0,0.66516095,0.42926267,0.0,0.0,1.0906732,1.082775,0.0,0.5554891,1.0288229,0.0,0.53287935,1.0778625,0.19421136,0.28415936,0.60117775,0.0,0.0,1.0407804,0.8467677,0.43269873,0.0,0.0,0.0,0.09377336,0.0,0.85912716,0.0,0.52689254,0.0,0.30180395,1.0408483,0.0,0.0,0.524935,0.7666043,0.0,0.09711349,0.8115258,0.48129436,0.37242812,0.0,0.0,0.55796576,0.0,0.0,0.0,0.0,0.0,0.17592776,0.0,0.0,0.0071677566,0.097577184,0.0,0.14434671
U01617,0.6842208,1.3622155,0.8079946,0.90313977,0.38300914,0.0,0.6809852,0.29498914,0.59874797,2.6138735,0.0951858,0.16363949,0.42459673,2.6998773,0.0,0.8278074,0.0,4.1416044,0.7251149,3.5846977,1.0109894,0.0,0.0,0.0,0.0,0.5531261,1.705954,1.7477845,0.34017318,0.83690816,0.7511915,0.0,0.0,0.96600604,0.13603926,1.7709538,0.0,0.9360033,0.0,1.6873612,0.0,0.0,0.0,0.0,1.7013838,0.0,0.0,0.0,1.7639997,0.65901345,0.82343173,0.0,0.5692944,0.0,0.0,0.4631454,0.7610824,1.1831533,0.16757399,0.0,1.0048807,1.5276567,1.0511552,0.0
U01618,0.5208725,1.4041772,0.4517151,0.4084067,0.0,0.0,0.4409214,0.2108083,0.22986639,1.5638853,0.0,0.0,0.123034105,1.8581057,1.0008457,0.49161944,0.0,2.8246584,0.32490128,2.693526,1.9651049,0.0,0.0,0.0,0.0,0.3631684,1.4852033,1.9462398,0.03168714,0.08722524,0.31255785,0.0,0.0,0.5165251,1.2621135,1.3761448,0.0,0.33544582,0.0,2.0170403,0.0,0.0,0.0,0.0,1.5558928,0.67418,0.0,0.0,1.5402912,0.3242401,0.3394938,0.0,0.13152476,0.0,0.0,0.38489032,0.2666412,1.5243025,0.0,0.046128333,1.1651102,0.0,0.42885202,0.0
U01619,0.0,0.92904794,0.0,0.0,0.0,0.6112187,0.0,0.0,0.0,1.5422871,0.94675195,0.0,0.0,0.0,0.568574,0.0,0.5542633,0.1077435,0.0,0.98708236,0.29893506,1.306237,0.6923706,0.0,0.98498976,0.0,0.7720494,0.6621365,1.6372104,0.0,0.0,0.0,1.5465997,0.0,0.0,0.0,0.9092852,0.0,1.0648429,1.2222476,0.0065913945,0.0,0.0,0.25793102,0.06584501,0.0,0.04859467,0.19771257,0.9671792,0.0,0.0,0.7767719,0.0,0.0,0.030236602,0.0,0.0,0.25790095,0.0,0.0,0.0,0.79306126,0.14082754,0.16807163
U01620,0.0,0.0,0.0,0.0,0.0,0.6025716,0.0,0.0,0.0,0.0,0.0,0.0,0.0,1.8779099,1.6219306,0.0,2.0018291,0.0,0.0,0.0,1.0314374,0.7363175,1.4049842,1.5467641,0.21090168,0.0,0.0,0.1273117,0.0,0.0,0.0,1.1120461,0.0,0.0,1.0886574,0.0,0.0,0.0,2.17328,0.0,0.50495684,0.98647785,1.465275,1.0996798,1.3368641,1.251682,2.503364,1.6303159,0.0,0.0,0.0,0.0,0.0,0.27150568,2.0267076,0.0,0.0,0.7799875,0.0,0.17438114,0.47630823,0.0,0.0,0.7317786
U01621,0.0,0.25869006,0.0,0.0,0.093822196,0.4520574,0.0,0.0,0.0,2.2043946,1.7206947,0.0,0.1963025,0.0,0.0,0.0,0.0,0.9415479,0.0,1.5543771,0.0,0.5560249,0.0,0.0,1.6344998,0.0,0.0,0.0,2.5460274,0.0,0.0,0.3790927,1.8259181,0.0,0.0,0.044059157,1.232478,0.0,0.0,0.5056957,0.27756494,0.0,0.0,0.0,0.71271044,0.0,0.0,0.0,1.0391722,0.0,0.0,1.0678945,0.0,0.0,0.0,0.0,0.0,0.0,0.0,0.0,0.0,0.14208826,0.8887234,0.62880695
U01622,0.0,1.5127444,0.0,0.0,0.0,0.0,0.0,0.0,0.0,0.25006342,0.0,0.0,0.14274286,1.5176489,1.828375,0.0,0.06837487,0.7238835,0.0,0.0,2.4478467,0.0,0.0,0.75130075,0.0,0.0,1.9780438,1.4379344,0.0,0.0,0.0,0.0,0.0,0.0,1.2520525,0.0,0.0,0.0,1.1599507,1.6811333,0.0,0.0,0.8249892,0.7035485,0.7285445,1.2174622,0.7826585,0.70490813,0.610648,0.0,0.0,0.0,0.0,0.0,0.21743762,0.0,0.0,2.3240018,0.0,0.16148818,1.4951578,0.0,0.0,0.0
U01623,0.0,1.9085575,0.0,0.0,0.0,0.0,0.0,0.014730096,0.0,1.8386748,0.0,0.0,0.107140124,1.3677881,1.4130522,0.0,0.0,0.5465101,0.0,0.54563785,1.6960715,0.024942905,0.10084224,0.0,0.0,0.0,3.039312,1.4697496,0.0,0.0,0.0,0.0,0.0,0.0,0.5171521,0.0,0.0,0.0,1.7546505,1.8537494,0.0,0.0,0.0,0.0,0.0,0.0,0.0,0.0,1.6107053,0.0,0.0,0.0,0.0,0.0,0.0,0.0,0.0,1.6848427,0.0,0.0,0.60017323,1.038244,0.0,0.0
U01624,0.0,0.0,0.03047046,0.0,0.0,0.84009266,0.0,0.0,0.0,0.8225159,0.2945788,0.07041345,0.0,0.0,0.0,0.0,2.4659276,0.33939624,0.0,0.4728551,0.0,1.0479271,0.2350527,0.0,0.0,0.0,0.0,0.5472858,1.5914569,0.0,0.0,0.8861338,1.4240689,0.0,0.023181796,0.0,0.9491806,0.035714984,0.0,0.0,0.0,0.7234566,0.49604017,0.97234917,0.0,0.0,0.0,0.0,0.6233704,0.0,0.0,1.4687003,0.0,0.0037656426,1.4397439,0.0,0.0,0.0,0.0,0.0,0.0,0.18958332,1.0511957,0.12879097
U01625,0.0,0.0,0.1433057,0.0333997,0.1241471,0.2846918,0.4077946,0.063798726,0.20404652,0.36230254,0.52887523,0.0,0.0,0.0,0.0,0.0,1.514351,1.8758066,0.37955752,2.1916351,0.0,0.09921965,0.2999019,0.0,0.00019454956,0.28924435,0.0,0.12531471,1.6990263,0.0,0.4270282,0.32233238,1.5029334,0.0,0.0,0.0,0.32775256,0.24471489,0.0,0.0,0.4065243,0.31481344,0.742365,0.3205291,0.0038268566,0.0,0.0,0.5501584,0.21554458,0.18684193,0.0,0.6238663,0.0,0.0,0.7544464,0.0,0.0,0.0,0.0,0.0,0.0,1.0342839,0.9765984,0.03604883
U01626,0.0,0.9836896,0.0,0.0,0.0,0.60272515,0.0,0.0,0.0,2.0142937,1.1988777,0.062156938,0.0,0.0,0.0,0.0,0.0,0.63502395,0.06459233,1.337036,0.18043447,0.34659356,0.0,0.0,0.6650696,0.050112277,0.68624854,0.8358461,2.2217066,0.0,0.05541034,0.23291469,1.6104332,0.03236887,0.20389569,0.0,1.0083947,0.0,0.0,1.8278289,0.5003727,0.0,0.0,0.0,0.0,0.0,0.0,0.0,1.3007587,0.0053105652,0.020619437,1.1105758,0.0,0.0,0.0,0.0,0.0,0.23733008,0.0,0.0,0.0,0.0,0.061257422,0.0
U01627,0.39839736,0.7321643,0.4662178,0.44640613,0.1058528,0.0,0.4991464,0.37102482,0.85728186,0.0,0.0,0.37695545,0.71368957,2.3467176,2.8988013,0.54022926,0.0,0.6134553,0.2871153,0.20965815,2.8859258,0.0,0.0,1.0653126,0.0,0.41809738,1.4640896,1.4391443,0.0,0.52691984,0.37890464,0.0,0.0,0.23319879,1.9554739,1.3156023,0.0,0.120842665,1.7544917,1.524107,0.0,0.0,0.5493835,0.5797174,1.0053906,1.4134771,0.0,0.0,0.67492723,0.46781135,0.6549748,0.0,0.8415418,0.0,0.0,0.31489068,0.41808012,1.6406126,0.20144847,0.11504708,1.2974474,0.0,0.0,0.0
U01628,0.0,1.0921531,0.0,0.0,0.0,0.043427438,0.0,0.1319199,0.0,0.5855755,0.0,0.0,0.0,1.960294,1.8226326,0.0,1.1233367,0.3067298,0.0,0.31583953,0.94086134,0.23590711,0.9820995,1.2926282,0.0,0.0,1.1195569,0.7704921,0.0,0.0,0.0,0.0,0.0,0.0,0.5590933,0.12812495,0.29629624,0.0,1.5301082,0.09926283,0.0,0.07313505,0.43304676,0.64842725,0.09692657,0.5961271,0.4707756,0.11633989,0.55478185,0.0,0.0,0.13315882,0.0,0.11240348,1.2741286,0.0,0.0,0.13918376,0.0,0.0,0.39497897,1.648411,0.23942095,0.43454182
U01629,0.4563275,0.0,1.0109103,0.7091447,1.0925918,0.0,0.9523279,0.855168,0.6423628,0.0,0.0,0.44987023,0.121061295,0.02235651,0.8809619,0.481373,0.0,0.0,0.67142,0.0,0.67955524,0.10164492,1.3951445,1.3515527,0.0,1.2351482,0.77682275,0.45466864,0.0,0.6265245,1.1024171,0.0,0.0,0.9721701,0.25748676,1.2766691,0.0,0.8017142,3.7114434,0.0,0.0,0.9837847,0.6218745,0.18223487,0.0,0.0,1.7787917,0.0,0.0,0.8410598,0.7112727,0.0,0.62300086,0.0,3.2636642,0.88100797,0.92780674,0.0,0.65673655,0.0,0.0,2.977102,0.0374732,0.0
U01630,0.0,0.9414151,0.0,0.0,0.0,0.0,0.0,0.0,0.0,1.8365796,0.7860862,0.0,0.0,1.0000125,1.4246771,0.0,0.7591101,0.089858055,0.0,0.0,1.6240188,0.7052568,0.586404,0.0,0.7625042,0.0,1.3375813,0.002239108,0.407449,0.0,0.0,0.0,0.8241471,0.0,0.10425007,0.0,0.0,0.0,1.7410988,0.51409984,0.0,0.0,0.0,0.7766311,0.18538511,0.1622749,0.0,0.0,1.3252852,0.0,0.0,0.14309214,0.0,0.13441727,1.5256265,0.0,0.0,0.9788493,0.0,0.0,0.5589417,3.4626741,0.0,0.48724008
U01631,0.0,0.36865777,0.0,0.0,0.0,1.253426,0.0,0.0,0.0,1.4145919,1.2615342,0.0,0.0,0.0,0.0,0.0,0.7086885,0.6436106,0.0,0.69585574,0.30268502,0.8792206,0.0,0.0,0.68342793,0.0,0.72984844,0.6199729,1.6430061,0.0,0.0,0.4416734,1.287649,0.0,0.57282555,0.0,0.9935305,0.0,0.0,1.5975332,0.2115244,0.0,0.22988625,0.7127147,0.0,0.0,0.19345784,0.24879208,0.773821,0.0,0.0,1.3462718,0.0,0.0,0.0,0.0,0.0,0.0,0.0,0.0,0.0,0.08789749,0.0,0.053652287
U01632,0.0,0.14538133,0.0,0.0,0.0,0.5886661,0.0,0.0,0.0,0.0,0.41699558,0.0,0.0,0.0,0.9062866,0.0,0.0,0.86718297,0.0,0.73076355,0.47866356,0.0,0.8963272,0.0,0.78373706,0.0,1.102204,0.0,1.2109938,0.0,0.0,0.73995745,1.1757035,0.0,0.23410153,0.0,0.0,0.0,1.3168364,0.14742506,1.2468374,0.41372758,0.96781385,0.0,0.23603463,0.7324134,1.7762492,1.0096314,0.0,0.0,0.0,0.0,0.0,0.0,0.1689651,0.0,0.0,0.72585803,0.0,0.0,0.26850933,0.21088043,0.0,0.4588747
U01633,0.21250272,0.12456709,0.52035856,0.5905536,0.3564744,0.0,0.63690424,0.56252694,0.44686276,0.8110635,0.0,0.30250698,0.26540744,0.7106967,0.449412,0.46774006,0.0,0.70937455,0.333798,0.0,1.2855397,0.0,0.10771841,0.76338595,0.0,0.75392854,1.5772485,1.2028896,0.0,0.19827147,0.73265314,0.0,0.0,0.7280092,0.8510332,0.57382065,0.0,0.70426524,2.0322642,0.6009431,0.0,0.15998754,0.37471068,0.32726058,0.0,0.3007447,0.8841778,0.0,0.39787513,0.51710427,0.43895015,0.0,0.4945808,0.0,1.8458952,0.458295,0.5829986,0.0,0.43717307,0.0,0.3205399,2.6899087,0.0,0.0
U01634,0.0,0.738568,0.0,0.0,0.0,0.3397602,0.0,0.07513729,0.0,0.64735585,0.3083321,0.0,0.0,0.7088728,1.9012542,0.0,0.39449072,0.0,0.0,0.0,1.039046,0.75037354,1.3537757,0.8590358,0.23406816,0.0,2.0277967,0.18725634,0.0,0.0,0.0,0.0,0.18345779,0.0,0.3966266,0.0,0.0,0.0,2.2330592,0.45728862,0.0,0.04870376,0.6892867,0.07606174,0.0,0.040518165,1.3512589,0.3908809,0.2828173,0.0,0.0,0.0,0.0,0.0,0.5768391,0.0,0.0,0.5775307,0.0,0.0,0.0,1.6166434,0.0,0.0
U01635,0.0,1.7898117,0.0,0.0,0.0,0.0,0.0,0.0,0.0,1.3417737,0.36925575,0.0,0.048584,0.9010078,0.60484266,0.0,0.0,2.4453144,0.0,1.6784409,1.1508968,0.0,0.0,0.0,0.24463117,0.0,1.3950719,0.7181609,0.7991219,0.0,0.0,0.0,0.33205843,0.0,0.08592701,0.0,0.0,0.0,0.9146149,1.3555533,0.31228632,0.0,0.0,0.0,1.6633743,0.7749483,0.36815447,0.33364782,0.8439251,0.0,0.0,0.0,0.0,0.0,0.0,0.0,0.0,1.5855953,0.0,0.017841313,1.5229313,0.032640688,0.36014926,0.0
U01636,0.0,1.064439,0.0,0.0,0.0,0.07246712,0.0,0.0,0.0,2.2672057,1.3596531,0.0,0.0,0.0,0.0,0.0,0.13230556,1.0958889,0.0,1.1633002,0.0,0.0,0.0,0.0,0.8678794,0.0,0.80521965,0.15013957,1.8036275,0.0,0.0,0.03034401,1.01907,0.0,0.014320672,0.0,0.49148926,0.0,0.0,1.4147327,0.26523787,0.0,0.0,0.0,0.36652958,0.0,0.0,0.0,0.99582326,0.0,0.0,1.048921,0.0,0.08132097,0.0,0.0,0.0,0.0,0.0,0.0,0.15416533,0.6584425,0.92568535,0.1321367
U01637,0.0,0.78275144,0.0,0.0,0.0,0.42413875,0.0,0.0,0.0,0.7683708,0.0,0.0,0.0,1.6932368,1.0376045,0.0,1.0432932,0.99150026,0.0,0.42366314,1.2820965,0.75559545,0.381301,0.43938243,0.0,0.0,0.8540037,1.4095558,0.34077317,0.0,0.0,0.4826728,0.11893056,0.0,1.4051807,0.0,0.5066193,0.0,1.1658548,1.2865003,0.0,0.28671473,0.4921698,0.6225694,1.1645231,0.62274545,1.1999811,0.07505602,0.7270186,0.0,0.0,0.37437734,0.0,0.0,0.87325656,0.0,0.0,1.0180086,0.0,0.0,0.50900733,0.31740347,0.0,0.008836746
U01638,0.0,0.044364214,0.0,0.0,0.0,0.69671893,0.0,0.0,0.0,0.0,0.0,0.0,0.0,1.1796482,1.6500618,0.0,1.9009557,0.0,0.0,0.0,0.9649781,1.3050425,2.0374713,1.1586298,0.46424234,0.0,0.14322674,0.13923717,0.0,0.0,0.0,0.61186266,0.0,0.0,0.6922891,0.0,0.0,0.0,3.4702387,0.01724422,0.09249452,0.77279925,1.1027201,0.9287992,0.71009606,0.98597056,1.929669,0.49879798,0.0,0.0,0.0,0.0,0.0,0.05670184,2.7800264,0.0,0.0,0.61211514,0.0,0.0056741014,0.01530385,1.2889577,0.0,0.46355546
U01639,0.09760016,0.0,0.15278412,0.40184605,0.0,1.210846,0.18716878,0.0,0.10544437,0.0,0.89832556,0.18817995,0.0,0.0,0.0,0.0,2.9271631,0.0,0.03159958,0.0,0.0,1.9697466,1.9055374,0.3896525,1.4290864,0.31364664,0.0,0.0,0.97348505,0.22101612,0.46974987,0.81162095,1.2051876,0.17468321,0.0,0.7461434,0.83279705,0.0,2.0153098,0.0,0.0,0.5895357,0.0,1.0944171,0.0,0.0,0.36944145,1.0158848,0.0,0.21320269,0.07389517,1.1399397,0.27770182,0.0,2.3035784,0.0,0.23767222,0.0,0.0,0.0,0.0,0.13536158,1.1578181,0.6864066
U01640,0.0,0.92217153,0.0,0.0,0.0,0.56186235,0.0,0.0,0.0,1.9412457,0.9059292,0.0,0.0,1.0138054,0.09555,0.0,0.22353518,1.5908637,0.0,1.0420109,0.8140328,0.4524893,0.0,0.0,0.27563953,0.0,1.8114471,1.2509766,0.8932042,0.0,0.0,0.0,0.35182044,0.0,1.0184939,0.0,0.6740056,0.0,0.0,1.809213,0.0,0.0,0.0,0.44673654,0.778469,0.2626903,0.0,0.0,1.6175431,0.0,0.0,0.72699535,0.0,0.0,0.0,0.0,0.0,0.87474406,0.0,0.0,0.05677831,0.8332591,0.12849319,0.0
U01641,0.13230968,0.26864403,0.039643943,0.56325936,0.086259946,0.7851074,0.2985384,0.05112298,0.09917951,2.1904168,1.6811094,0.0,0.31487715,0.0,0.0,0.37816563,1.0698303,0.0550344,0.21962851,1.4297087,0.0,0.90249354,0.0676291,0.0,1.4873397,0.22653264,0.0,0.0,2.8009558,0.015476847,0.0,0.0,2.26793,0.20546576,0.0,0.38809133,0.84669006,0.015651911,0.0,0.9757548,0.19513044,0.0,0.0,0.0,0.0,0.0,0.0,0.0,0.82245564,0.28489596,0.33006307,1.5583282,0.3568854,0.0,0.0,0.3450854,0.36714405,0.0,0.25157887,0.0,0.0,0.25952375,0.83824074,0.14236403
U01642,0.0,0.97513485,0.0,0.0,0.0,0.29792616,0.0,0.0,0.0,0.98969305,0.43815044,0.0,0.0,0.9063025,1.3935183,0.0,0.57710767,0.6967304,0.0,0.89124775,1.5181968,0.59935665,0.043395698,0.495282,0.07408941,0.0,1.2779245,1.1409049,0.5288048,0.0,0.0,0.023419678,0.30392614,0.0,1.0643018,0.0,0.5555129,0.0,0.10132901,1.4830024,0.038057417,0.0,0.33522627,0.3756518,0.39992666,0.14995748,0.7539075,0.63274777,0.7655461,0.0,0.0,0.47239003,0.0,0.0,0.0,0.0,0.0,1.1520704,0.0,0.027422704,0.48610777,0.0,0.0,0.0
U01643,0.13978201,0.0,0.09087309,0.18385059,0.45350724,1.3206168,0.22850573,0.029287323,0.027843587,2.0226312,2.461606,0.0,0.33091593,0.0,0.0,0.113232285,0.0769546,0.0,0.28531107,1.2670208,0.0,1.5025775,0.31775934,0.0,2.3776844,0.17609651,0.0,0.0,3.8215938,0.2456083,0.20416585,0.6434094,3.2654371,0.2561103,0.0,0.32767648,1.5437537,0.22970243,0.0,0.0,0.7982387,0.0,0.0,0.0,0.0,0.0,0.0,0.0,0.73166984,0.053514063,0.25459218,1.7547859,0.24449468,0.0,0.0,0.14089844,0.31939104,0.0,0.0,0.0,0.0,0.0,0.74423575,0.8711318
U01644,0.0,0.08792919,0.0,0.0,0.0,1.0436538,0.0,0.0,0.0,0.7406293,0.8616445,0.0,0.0,0.0,0.77679527,0.0,0.034653783,0.26710463,0.0,0.26009202,0.6012158,0.6920918,0.6891399,0.1651409,0.98405623,0.0,0.7306796,0.1123091,1.553274,0.0,0.0,0.91646445,1.032202,0.0,0.5032207,0.0,0.6932717,0.0,1.0159878,0.35034657,0.7218573,0.72771525,0.6214636,0.03252089,0.094059825,0.49932295,1.543081,0.72226715,0.20692152,0.0,0.0,0.54497623,0.0,0.0,0.7420062,0.0,0.0,0.13221037,0.0,0.10577118,0.32369328,0.64355266,0.0,0.7302673
U01645,0.0,0.0,0.0,0.0,0.0,1.2541119,0.0,0.0,0.0,0.0,1.1566057,0.0,0.0,0.0,0.0,0.0,0.72041947,0.0,0.0,0.0,0.0,1.8261771,1.8863385,0.0,1.3293921,0.0,0.0,0.0,1.583545,0.0,0.0,1.0595036,1.6645081,0.0,0.0,0.0,0.39466652,0.0,2.6519978,0.0,0.6340978,1.5600141,0.42999402,0.6789685,0.122787714,0.20144206,0.8008345,0.48269913,0.0,0.0,0.0,0.84517086,0.0,0.0,2.1306562,0.0,0.0,0.0,0.0,0.0,0.0,1.7483042,0.20227364,1.0555432
U01646,0.0,0.3769232,0.0,0.0,0.0,0.031773835,0.0,0.111578986,0.0,0.43037438,0.65102243,0.0,0.0,0.0,0.4141267,0.0,0.0,1.4645735,0.0,0.74154484,0.0,0.0,1.1263318,0.0,0.850008,0.0,1.4253842,0.0,1.8433664,0.0,0.0,0.826668,1.5466597,0.0,0.0,0.0,0.0,0.0,1.2719364,0.0,1.9176712,0.39534086,0.75922585,0.0,0.5260087,0.86776936,1.2222005,0.97096515,0.0,0.0,0.0,0.0,0.0,0.0,0.40555525,0.0,0.0,0.0,0.0,0.0,0.72611505,1.725618,0.0,0.22938192
U01647,0.0,0.0,0.0,0.0,0.0,1.1584697,0.0,0.0,0.0,0.0,0.26805192,0.0,0.0,0.92890704,1.42319,0.0,1.2041081,0.0,0.0,0.0,0.31830204,1.6652474,2.232819,1.5850475,0.49066532,0.0,0.0,0.0,0.12152755,0.0,0.0,1.0933951,0.23729649,0.0,0.45750093,0.0,0.18691827,0.0,3.1516602,0.0,0.38190985,1.6508993,1.1389439,0.82620376,0.25209928,0.67154956,2.5419426,1.0329064,0.0,0.0,0.0,0.13861999,0.0,0.0,2.6996183,0.0,0.0,0.0,0.0,0.0027459818,0.1347431,2.4283068,0.027685106,0.9012885
U01648,0.3469178,0.0,0.505337,0.656481,0.2577724,1.45935,0.36759403,0.0,0.33479017,0.0,1.5501565,0.24468948,0.09363766,0.0,0.0,0.30422187,1.7372838,0.0,0.16771361,0.0,0.0,2.5622852,2.1242747,0.0,1.5986724,0.3098531,0.0,0.0,2.0890946,0.60191804,0.39865357,1.100228,2.3156564,0.00903672,0.0,0.1650393,0.3761058,0.3572782,1.7352949,0.0,0.160085,1.4932382,0.0,0.9052835,0.0,0.0,0.0,0.0,0.0,0.33290455,0.24629341,1.3197304,0.7047254,0.0,1.7800502,0.0,0.6030341,0.0,0.4338293,0.0,0.0,0.83345354,0.69567496,0.57251024
U01649,0.0,0.3488074,0.0,0.0,0.0,1.3067086,0.0,0.0,0.0,0.5484936,1.180205,0.0,0.0,0.0,0.48112,0.0,0.9766338,0.46206713,0.0,1.202678,0.14835167,1.3164935,0.68460923,0.33990848,1.1373359,0.0,0.6044627,0.29673982,1.1411234,0.0,0.0,0.5450696,1.3787193,0.0,0.2826982,0.05936253,0.9293721,0.0,0.18502015,1.1758026,0.5356744,0.14035228,0.66984665,0.5820035,0.0,0.039777637,1.0815928,1.2134956,0.35742044,0.0,0.0,0.89755344,0.0,0.02365148,0.0,0.0,0.0,0.19339013,0.0,0.12017827,0.0,0.43938953,0.0,0.28257394
U01650,0.0,0.0,0.0,0.0,0.0,0.62149227,0.0,0.0,0.0,0.0,0.0,0.0034015793,0.0,1.7652357,1.298941,0.0,2.166904,0.4537351,0.0,0.0,1.0241926,0.0,0.22115284,2.9528084,0.0,0.0,0.0,1.1353936,0.0,0.0,0.1248676,1.5397735,0.0,0.0,1.8859661,0.0,0.3057496,0.0,0.0,0.0,0.43336093,1.2670864,2.8679874,1.3245192,0.5232272,1.7852615,2.493998,1.7417113,0.116720915,0.0,0.0,0.0,0.0,0.20895931,2.6173925,0.0,0.0,0.2196536,0.0,0.052357554,0.0,0.9553683,0.27527037,0.69471014
U01651,0.24789125,0.0,0.18476501,0.30490375,0.18253054,0.61367166,0.5604058,0.0,0.42506224,0.83318084,1.551262,0.27893502,0.0,0.0,0.0,0.24872765,2.4063811,0.0,0.06565642,0.36058593,0.0,1.3441632,1.4886992,0.0,1.5268133,0.3499934,0.0,0.0,2.5394325,0.38137716,0.25862274,0.57828987,2.430533,0.38828093,0.0,0.1383264,0.19033872,0.31716746,0.68422365,0.2269491,0.3896768,0.29544777,0.0,0.14765446,0.0,0.0,0.0,0.26192144,0.017452955,0.14096813,0.0,1.3226429,0.5159446,0.0,1.0250019,0.2578297,0.6812621,0.0,0.2306382,0.0,0.0,0.0,0.57467145,0.0
U01652,0.0,0.0,0.0,0.0,0.0,1.0252049,0.0,0.0,0.0,0.0,0.9416683,0.0,0.0,2.6354136,0.4294821,0.0,2.2349997,0.8639971,0.0,1.1048672,0.5168226,0.95203096,0.32362825,1.462325,0.013560891,0.0,0.0,0.687353,0.0,0.0,0.0,1.321167,0.0,0.0,1.4787865,0.0,0.7696321,0.0,0.0,0.3535682,0.28987128,1.2314022,0.77348226,0.60350084,2.5403907,0.90747607,1.1522629,1.141629,0.7708796,0.0,0.0,1.1502546,0.0,1.0276539,0.40733075,0.0,0.0,0.79557353,0.0,0.3762451,0.48952925,0.15252997,0.6566221,0.91731954
U01653,0.0,0.88018507,0.0,0.0,0.0,0.6732348,0.0,0.09161061,0.0,0.92412764,0.8886231,0.0,0.0,0.0,0.8652319,0.0,0.54170376,0.44992805,0.0,1.2090211,0.22377884,0.7752256,0.8267806,0.19152218,1.0811516,0.0,0.8482338,0.0,1.1772239,0.0,0.0,0.3568647,1.118457,0.0,0.029865265,0.0,0.4505033,0.0,0.940555,1.0555961,0.6025819,0.24647588,0.22767776,0.0,1.0662279,0.48778403,0.7239974,0.59670126,0.4788512,0.0,0.0,0.5048126,0.0,0.0,0.0,0.0,0.0,0.6487254,0.0,0.08558643,0.6049263,0.53737444,0.34627149,0.050790787
U01654,0.0,0.93430835,0.0,0.0,0.0,0.0,0.0,0.0,0.01875218,0.0,0.0,0.0,0.0,0.1690892,1.8867893,0.0,2.6714249,0.0,0.0,0.4147184,1.3364085,0.0,0.0,1.9130311,0.0,0.0,0.0,2.0942442,0.0,0.0,0.0,0.47450256,0.0,0.0,0.9503909,0.0,0.0,0.0,0.54539263,0.0,0.0,1.0994061,2.4041607,0.58472705,0.0,1.1126711,0.0,1.4413921,0.38939804,0.0,0.011965663,0.07624323,0.0,0.2590237,2.9551125,0.0,0.0,0.56075567,0.0,0.0,0.0,1.1513262,1.45823,0.0
U01655,0.0,2.124188,0.0,0.0,0.0,0.0,0.0,0.0,0.0,2.4448771,0.54544127,0.0,0.0,1.0672708,0.0,0.0,0.0,1.0409716,0.0,0.83056664,1.2821287,0.0,0.0,0.0,0.0,0.0,1.8077571,1.9211841,0.5151943,0.0,0.0,0.0,0.0,0.0,0.9765328,0.0,1.1070536,0.0,0.0,2.395029,0.0,0.0,0.0,0.0,0.32429516,0.0,0.0,0.0,2.1556294,0.0,0.0,0.7999629,0.0,0.0,0.0,0.0,0.0,1.519337,0.0,0.0,0.40184242,0.31414303,0.25010553,0.0
U01656,0.0,0.4748485,0.0,0.0,0.0,0.5349699,0.0,0.0,0.0,2.2828107,1.6986814,0.0,0.0,0.32647014,0.0,0.0,0.0,1.6559894,0.0,1.43277,0.0,0.544292,0.0,0.0,1.2543317,0.0,0.18716693,0.27915764,1.986424,0.0,0.0,0.06246102,1.3463479,0.0,0.0,0.035035133,1.122742,0.0,0.0,0.74434483,0.0,0.0,0.0,0.0,0.0,0.0,0.0,0.0,1.2197202,0.0,0.0,1.3114594,0.0,0.0,0.0,0.0,0.0,0.0,0.0,0.0,0.023875475,1.4860926,0.49595684,0.8185619
U01657,0.0,0.9390691,0.0,0.0,0.0,0.26735392,0.0,0.0,0.0,0.868119,0.7445282,0.0,0.0,0.88330853,0.0,0.0,1.1903882,2.667132,0.0,2.2180328,0.8097628,0.0,0.0,0.9573513,0.0,0.0,0.0,1.5431497,0.2287535,0.0,0.0,1.0098182,0.18521188,0.0,0.88881755,0.0,0.58713055,0.0,0.0,0.3776691,0.0,0.40109664,1.1083182,0.08734092,1.4944161,0.80047274,0.0,0.0,1.2105993,0.0,0.0,0.89892054,0.0,0.55117977,0.29444945,0.0,0.0,0.51615405,0.0,0.18787229,0.0075547695,0.7893368,1.4107901,0.0
U01658,0.0,1.3844484,0.0,0.0,0.01798603,0.12444468,0.0,0.0,0.0,2.1548593,0.5616214,0.0,0.06165775,0.37800604,0.0,0.0,0.44850278,0.8439692,0.0,1.6546733,0.69591,0.41673446,0.0,0.0,0.29565424,0.0,0.3548168,1.4910207,1.2295557,0.0,0.0,0.0,0.87082225,0.0,0.47513956,0.39488238,1.0084546,0.0,0.0,1.4849212,0.0,0.0,0.0,0.0,0.43024814,0.0,0.0,0.0,1.5800407,0.0,0.100220546,0.96241736,0.0,0.0,0.0,0.0,0.0,0.4333853,0.0,0.0,0.0,0.0,0.7821784,0.0
U01659,0.0928278,0.0,0.27403775,0.0,0.06986554,0.3334544,0.17134833,0.0,0.0,0.0,0.42675173,0.0,0.0,0.4525181,0.0037277937,0.0,0.0,2.3417,0.15038237,1.4494892,0.0,0.0,0.51433796,0.26828742,0.6577351,0.0,0.15979934,0.0,0.6875776,0.39336205,0.0,0.922902,1.2302662,0.0,0.0,0.0,0.0,0.058763087,0.3012704,0.17489052,1.4322798,0.85481226,0.97670376,0.0,1.7574728,1.4830123,2.0473266,1.9919912,0.0,0.0,0.048280858,0.0,0.0,0.0,0.0,0.0,0.0,1.3670058,0.0,0.0,1.415468,0.11223081,0.0,0.04387802
U01660,0.0,0.17774898,0.0,0.0,0.0,0.27983695,0.0,0.0,0.0,0.0,0.0,0.0,0.0,1.4036776,1.6168766,0.0,1.2774811,0.0,0.04922837,0.0,1.0822582,0.04820937,0.8234517,1.6357667,0.0,0.0,0.25223303,0.6246982,0.0,0.0,0.0,0.24454373,0.0,0.0,0.77677816,0.50639266,0.0013643503,0.0,1.4627596,0.15466166,0.13067827,0.8320168,1.6219944,1.1651354,0.11751723,1.15062,1.7930409,1.5443993,0.0,0.0,0.0,0.0,0.0,0.068219125,1.7611979,0.0,0.0,0.43375766,0.0,0.0,0.66514564,1.2265732,0.05251646,0.6397445
U01661,0.0,0.0,0.0,0.0,0.0,1.2874054,0.0,0.0,0.0,0.82180893,1.2141433,0.0,0.0,0.0,0.52295697,0.0,0.63325596,0.27342272,0.0,0.62840617,0.0,1.0316949,0.9736143,0.19010544,1.2816348,0.0,0.31723297,0.0,1.562679,0.0,0.0,0.9318882,1.3671023,0.0,0.19151193,0.0,1.0475199,0.0,0.60148036,0.109880805,0.5888732,1.0029557,0.5598382,0.39760828,0.08305645,0.44375676,0.91044855,0.74124527,0.31889278,0.0,0.0,0.96435976,0.0,0.0,0.54905546,0.0,0.0,0.0,0.0,0.062059145,0.119922936,1.4561535,0.17828906,0.83862114
U01662,0.0,0.0,0.16247508,0.0,0.16721727,0.9002725,0.0,0.0,0.0,0.0,1.2109604,0.0,0.0,0.0,0.0,0.0,0.0,2.4142802,0.0,1.7406205,0.0,0.0,0.29672307,0.0,1.4462554,0.0,0.0,0.0,1.7173468,0.12997986,0.3104183,1.7110753,2.2185526,0.0,0.0,0.0,0.0,0.10786602,0.0,0.0,2.5169718,0.8945515,0.9566742,0.0,0.8745134,0.68197733,2.0237088,2.1824813,0.0,0.0,0.0,0.0,0.0,0.0,0.0,0.0,0.0,0.5466132,0.0,0.0,0.40699166,0.015893117,0.0,0.7548791
U01663,0.23956883,1.3123384,0.0,0.26291022,0.044536278,0.0,0.0,0.0,0.031875305,1.7994744,0.088976115,0.004474126,0.0,0.8902608,0.22145891,0.120230585,0.32646585,1.1200143,0.24593633,0.7994542,1.5222473,0.0,0.0,0.0,0.0,0.0,1.279187,2.1116526,0.55435055,0.0,0.016315639,0.0,0.00312908,0.05161184,0.99527913,0.36752528,0.78992724,0.100084335,0.0,1.9367397,0.0,0.0,0.0,0.7140616,0.03684354,0.0,0.0,0.0,1.4776309,0.3529564,0.08220197,0.45272475,0.121400915,0.0,0.0,0.13633811,0.0,1.1200336,0.0,0.0,0.25402796,0.0,0.24476698,0.0
U01664,0.0,1.6009433,0.0,0.0,0.0,0.3558579,0.0,0.0,0.0,1.9784093,0.9372742,0.0,0.0,1.2784394,0.0,0.0,0.7576914,1.598105,0.0,1.071928,0.49255455,0.19010632,0.0,0.0,0.24581236,0.0,0.0,1.4746447,0.63309824,0.0,0.0,0.5698874,0.6487083,0.0,0.96775234,0.0,1.384871,0.0,0.0,1.4471493,0.0,0.0,0.0,0.07866134,1.4299045,0.0,0.0,0.0,1.5988536,0.0,0.0,1.3486348,0.0,0.19794121,0.0,0.0,0.0,0.58644843,0.0,0.0,0.33671167,0.06657139,0.7428562,0.5514852
U01665,0.10570902,0.0,0.0,0.0,0.7740452,1.3205062,0.041065812,0.3562701,0.36920035,0.0,1.5320377,0.0,0.118992984,0.0,0.0,0.0,0.0,0.22798777,0.13307783,1.0308138,0.0,0.7550944,2.2867427,0.0,2.0578585,0.17546657,0.0,0.0,1.5693365,0.18047622,0.0,2.1987956,1.9782467,0.046357036,0.0,0.0,0.057491615,0.4044995,0.8392328,0.0,1.711474,2.0261476,0.0,0.0,0.9317704,0.0,2.8759093,2.6153686,0.0,0.13764353,0.11520914,0.0,0.27730843,0.0,0.99979055,0.40124172,0.26062658,0.0,0.20312461,0.0,0.23948699,0.48647332,0.546635,2.1527364
U01666,0.0,1.0866727,0.0,0.0,0.0,0.66639245,0.0,0.0,0.0,1.507486,0.4597729,0.0,0.0,1.114519,0.76036644,0.0,0.20475501,1.4709762,0.0,1.0126075,1.6019216,0.48474833,0.0,0.10455796,0.3178501,0.0,1.4309157,1.7068846,0.8656269,0.0,0.0,0.0,0.61388296,0.0,0.971798,0.0,1.3523713,0.0,0.81508183,1.0826759,0.0,0.0,0.3731796,0.8090771,0.0,0.0,0.2974893,0.29384786,1.3132474,0.0,0.0,0.78955424,0.0,0.32293364,0.2600385,0.0,0.0,0.24240065,0.0,0.16481315,0.1263966,0.555485,0.0,0.26105893
U01667,0.0,0.0,0.0,0.0,0.1192766,1.2684532,0.0,0.0,0.102179974,0.0,1.7508191,0.0,0.0,0.0,0.0,0.0,0.0,1.7216208,0.0,1.459601,0.0,0.53331304,1.1850758,0.0,1.7089989,0.0,0.0,0.0,2.010037,0.0,0.0051638484,2.055151,2.339927,0.0,0.0,0.0,0.8730502,0.0,0.0,0.0,1.8272262,1.3960992,0.39160147,0.0,0.9850183,0.04945469,1.6898401,2.0140572,0.0,0.0,0.0,0.3797895,0.0,0.0,0.23000133,0.0,0.0,0.0,0.0,0.0,0.26195765,0.17707458,0.0,1.4623978
U01668,0.0,0.0,0.54081845,0.0,0.42922974,0.27870792,0.0,0.0,0.0,0.0,0.45494655,0.0,0.0,0.0,0.0,0.0,0.0,2.4736443,0.0,0.6778877,0.0,0.0,0.53377444,0.0,1.5091736,0.0,0.0,0.0,0.696519,0.85097957,0.057194784,2.3429692,2.4043715,0.0,0.0,0.0,0.0,0.1468148,0.65236425,0.0,3.1146731,1.0852622,1.595662,0.0,0.50613225,1.3734971,3.571456,3.4187195,0.0,0.0,0.0,0.0,0.0,0.0,1.0344433,0.0,0.0,1.2745014,0.0,0.0,0.8015197,0.27436614,0.0,0.73069775
U01669,1.0660969,0.0,1.1194767,1.3621286,0.56926304,0.34479487,1.4640956,1.0085511,1.1982806,0.0,0.15530801,0.8708449,0.67467123,1.3395928,0.08339983,0.8668828,0.10892725,0.0,1.322773,0.0,0.0,0.29748306,2.2385933,0.6588767,0.047652006,1.4369743,0.0,0.0,0.0,1.1279571,1.1253064,0.32905143,0.0,1.1945715,0.0,1.1309288,0.0,1.1170092,1.6809894,0.0,0.43850017,1.03736,0.58703977,0.0,0.878289,0.08579552,3.0189466,1.7690781,0.0,1.3274001,0.9534583,0.0,0.89751333,0.0,2.0287542,1.0856295,1.2114139,0.0,0.76058877,0.0,0.3496761,1.7768662,0.42508426,0.77209437
U01670,0.18411857,1.4449011,0.13870125,0.08526069,0.0,0.0,0.0,0.0,0.0,1.6909808,0.0,0.0,0.073248014,1.4854048,0.72936773,0.33757243,0.0,2.8371024,0.13397762,2.9209576,1.9567347,0.0,0.0,0.0,0.0,0.14537321,1.0929365,1.9428519,0.35626698,0.0,0.10073371,0.0,0.0,0.22692856,1.2012489,1.0740905,0.09497967,0.06587541,0.0,2.1719675,0.0,0.0,0.0,0.0,1.9562017,0.66907734,0.0,0.0,1.69914,0.0039036274,0.0,0.0,0.0,0.0,0.0,0.09313941,0.02009812,1.6959505,0.0,0.08067303,1.1002188,0.0,0.7824409,0.0
U01671,0.0,0.0,0.0,0.0,0.06959619,0.7534119,0.0,0.0,0.0,1.2393814,1.4952613,0.0,0.0,0.0,0.0,0.0,0.0,1.2592791,0.0,1.7874763,0.0,0.9552661,0.0,0.0,1.1771854,0.0,0.0,0.0,1.9654558,0.0,0.0,0.94461346,1.7184297,0.0,0.0,0.0,1.2934828,0.0,0.0,0.10085881,0.4145506,0.4115137,0.0,0.0,0.7747899,0.0,0.2912644,0.5846112,0.5409613,0.0,0.0,1.0244119,0.0,0.0,0.0,0.0,0.0,0.06687665,0.0,0.0,0.0,0.18933937,0.54555017,0.767336
U01672,0.0,0.2264303,0.0,0.43690357,0.31583333,1.2767694,0.0,0.0,0.0,2.7345185,2.5745595,0.0,0.30956173,0.0,0.0,0.0,0.38873738,0.15927696,0.15588751,1.6985465,0.0,1.088247,0.0,0.0,1.8028836,0.09806386,0.0,0.21210992,3.2100148,0.123191714,0.0024139136,0.45094597,2.3812273,0.0,0.0,0.7175101,2.2230237,0.0,0.0,1.3725839,0.0,0.0,0.0,0.0,0.0,0.0,0.0,0.0,1.6608033,0.33442914,0.5274732,2.5153975,0.0,0.0,0.0,0.031496584,0.04553902,0.0,0.0,0.0,0.0,0.0,1.1388273,0.529353
U01673,0.0,1.8284937,0.0,0.0,0.0,0.0,0.0,0.0,0.0,0.5694223,0.0,0.0,0.0,1.6550684,3.2883658,0.0,0.763708,0.0,0.0,0.0,2.1562247,0.0,1.6803186,1.3546395,0.36683184,0.0,3.4815154,1.2202066,0.0,0.0,0.0,0.0,0.0,0.0,1.2061226,0.0,0.0,0.0,3.2996297,0.5537821,0.0,0.0,0.75319624,1.5746517,0.0,0.46122515,0.0,0.0,1.2106515,0.0,0.0,0.0,0.0,0.33510068,2.7032003,0.0,0.0,0.69477594,0.0,0.20914304,0.44121593,1.6390265,0.0,0.2775203
U01674,0.0,0.5174141,0.0,0.0,0.0,0.09166625,0.0,0.0,0.0,0.88551795,0.5301477,0.0,0.0,0.0,0.0,0.0,2.7521663,1.4486529,0.0,1.4448174,0.33713782,0.2708115,0.2776844,0.5921024,0.06748086,0.0,0.05170977,1.1246724,1.4091024,0.0,0.0,0.24807763,1.4450357,0.0,0.0,0.0,0.21790662,0.0,0.17503844,0.0,0.276198,0.5615162,0.86525345,1.0637839,0.0,0.4720369,0.0,0.66998184,0.5649989,0.0,0.0,0.89700115,0.0,0.094323516,1.5838255,0.0,0.0,0.0,0.0,0.0,0.0,2.0092611,0.72467697,0.0
U01675,0.0,0.0,0.0,0.0,0.0,0.6409879,0.0,0.0,0.0,0.47145998,1.1920248,0.0,0.0,1.8756788,0.20718324,0.0,0.0,2.856819,0.0,1.9281998,0.0,0.118299976,0.33158952,0.19220205,0.5969236,0.0,0.0,0.0033100843,0.4386263,0.0,0.0,0.90349483,0.62323284,0.0,0.0,0.35514885,0.97886693,0.0,0.0,0.0,0.687926,0.46407574,0.03647062,0.0,1.445335,0.37119824,1.462339,1.5175204,0.13446045,0.0,0.0,0.50607955,0.0,0.03827396,0.1594317,0.0,0.0,0.0,0.0,0.0,0.9928669,2.0270998,0.6045339,1.2334862
U01676,0.0,1.1465765,0.0,0.0,0.0,0.38763562,0.0,0.0,0.0,0.76512575,0.49351236,0.0,0.0,0.3837058,1.0946549,0.0,1.0013082,0.95935035,0.0,1.1484534,1.1348964,0.38916814,0.0,0.6448611,0.44836366,0.0,1.624222,0.77496606,0.6192229,0.0,0.0,0.2866388,0.77428186,0.0,0.7708021,0.0,0.16189434,0.0,0.45690706,1.633955,0.46233958,0.0,0.8483176,0.82474774,0.51026595,0.81818163,0.77254754,0.998801,0.54828197,0.0,0.0,0.34812942,0.0,0.0,0.0,0.0,0.0,1.3544077,0.0,0.21037458,0.7030364,0.06568596,0.0,0.0
U01677,0.0,0.0,0.0,0.0,0.0,1.4823253,0.0,0.0,0.0,1.2687962,1.3985751,0.0,0.0,0.0,0.0,0.0,1.5370996,0.0,0.0,0.5505574,0.0,1.7481892,0.766404,0.0,1.3705862,0.0,0.0,0.0575701,2.1835442,0.0,0.0,0.95872307,1.905602,0.0,0.0,0.049062252,1.464354,0.0,0.054091595,0.23875117,0.048982948,0.7428453,0.0,0.61773133,0.11581123,0.0,0.0,0.0,0.5973829,0.0,0.0,1.653026,0.0,0.0,0.64013374,0.0,0.0,0.0,0.0,0.0,0.0,0.0005523339,0.7502986,0.96816003
U01678,0.24239355,1.8509798,0.0,0.119393945,0.0,0.0,0.0,0.0,0.056391567,1.9382048,0.36073276,0.08787569,0.33247757,0.0,0.0,0.14082679,0.0,1.1895335,0.32785705,1.2174059,1.1836598,0.0,0.0,0.0,0.0,0.2597022,1.8353648,1.6227376,0.6199832,0.13879167,0.0112852305,0.0,0.112962835,0.14546111,0.7660705,0.09739101,0.4799736,0.13979828,0.0,2.308663,0.0,0.0,0.0,0.0,0.0,0.0,0.0,0.0,1.5533879,0.5086948,0.14723642,0.3369775,0.2771129,0.0,0.0,0.22668943,0.23429585,1.3422234,0.0,0.0,0.07594192,0.0,0.0,0.0
U01679,0.0,0.0,0.0,0.0,0.0,1.1086898,0.0,0.0,0.0,0.6554629,1.5796285,0.0,0.0,0.888832,0.851179,0.0,0.6481503,0.9186034,0.0,1.4495645,0.0011918545,0.9519123,1.2757375,0.0,1.3288932,0.0,0.0,0.15326571,1.3408434,0.0,0.0,0.42762005,1.3405833,0.0,0.0,0.09378433,1.2002587,0.0,0.44118473,0.0,0.36152226,0.4325549,0.0,0.18826757,1.021804,0.0,0.5808982,1.1781002,0.28871042,0.0,0.0,0.6978606,0.0,0.0,0.0,0.0,0.0,0.0,0.0,0.016265329,0.4848263,0.8487698,0.0,1.0757918
U01680,0.5979736,1.1666989,0.52340734,0.5313142,0.073045835,0.0,0.7471726,0.46057218,0.6301185,0.72207516,0.0,0.21138142,0.4323511,1.9216031,1.8651321,0.62089497,0.0,1.9042643,0.505021,1.8233352,2.373908,0.0,0.0,0.35621637,0.0,0.41030687,1.4594622,1.7723393,0.0,0.35846865,0.41729295,0.0,0.0,0.49320787,1.5384891,1.4650215,0.0,0.44486383,0.5028314,1.796684,0.0,0.0,0.019935071,0.05869761,1.2955376,0.9607696,0.0,0.0,1.200529,0.49658436,0.5418309,0.0,0.43202686,0.0,0.0,0.5564105,0.4157963,1.4621942,0.19012624,0.07464537,1.1222116,0.0,0.08738071,0.0
U01681,0.0,0.104689,0.0,0.0,0.0,1.1667055,0.0,0.0,0.0,1.1319997,0.7633686,0.0,0.0,0.0,0.0,0.0,1.3916228,0.36986566,0.0,0.75044227,0.0,1.2197593,0.34144086,0.0,0.77607477,0.0,0.0,0.45369673,1.9185061,0.0,0.0,0.91146815,1.779576,0.0,0.18898529,0.0,1.2520936,0.0,0.79842997,0.0,0.0,0.8373475,0.0,0.87254393,0.0,0.0,0.0,0.0,0.46599334,0.0,0.0,1.7021753,0.0,0.0,0.9172884,0.0,0.0,0.0,0.0,0.0,0.0,0.0,0.9998901,0.6637219
U01682,0.0,0.85224664,0.0,0.0,0.0,0.27814105,0.0,0.0,0.0,0.16433871,0.0,0.0,0.0,1.775842,1.1291301,0.0,2.4389699,0.6669612,0.0,0.9840338,1.4804151,0.17314476,0.0,1.5026643,0.0,0.0,0.0,1.5997844,0.0,0.0,0.0,0.9746276,0.0,0.0,1.8290033,0.0,0.56507766,0.0,0.0,0.7010726,0.0,0.8174279,1.3384204,0.728773,1.7476888,1.3188275,0.7482816,0.64391685,1.0443223,0.0,0.0,0.7517605,0.0,0.6849849,0.92085445,0.0,0.0,1.2326357,0.0,0.25641564,0.24898642,0.0,0.85297775,0.09920764
U01683,0.41228738,0.0,0.0,0.51018286,0.36967778,0.2606694,0.68078136,0.103218555,0.18487768,0.26175976,0.0,0.038118146,0.0,1.761515,0.0,0.3888495,1.0421199,1.7533641,0.50658673,0.0,0.0,0.0,0.19702357,1.5270159,0.0,0.37013704,0.2821082,0.71884525,0.0,0.13677713,0.33481503,0.025164962,0.0,0.6212117,0.5003456,0.9542731,0.47393703,0.43028164,0.0,0.18856072,0.0,0.37959987,0.91901255,0.71415174,0.0,0.71548164,1.1045288,0.29663256,0.35801387,0.048303843,0.20589086,0.0,0.25408953,0.0,1.6952275,0.5280789,0.089267,0.0,0.0,0.0,0.2400772,3.429687,0.5870518,0.46610618
U01684,0.0,0.02504909,0.0,0.0,0.0,0.98513305,0.0,0.0,0.0,0.0,0.41896284,0.0,0.0,0.41249573,1.8705739,0.0,0.0,0.0,0.0,0.0,1.1216934,0.43308416,1.3841915,1.4294492,0.3950355,0.0,1.4523175,0.20028675,0.0,0.0,0.0,0.70564353,0.0,0.0,1.1457595,0.0,0.0,0.0,1.5842074,0.52405846,0.7328532,1.0287151,1.6124169,0.0,0.0,0.6839378,2.3729935,1.5446187,0.0,0.0,0.0,0.0,0.0,0.16617143,0.16707754,0.0,0.0,0.40748483,0.0,0.2544857,0.8427137,0.7238476,0.0,0.56526685
U01685,0.0,0.0,0.0,0.0,0.0,1.1643287,0.0,0.0,0.0,0.0,0.97164845,0.0,0.0,0.7338558,0.5072183,0.0,0.29313064,1.3735867,0.0,1.3223307,0.0,0.8351147,1.4792852,0.5442728,1.1992133,0.0,0.0,0.0,0.91490906,0.0,0.0,1.0657741,1.458675,0.0,0.0,0.0,0.15319914,0.0,0.35193107,0.0,1.077683,0.90550816,0.56787455,0.0,0.7909564,0.4957909,2.0751338,1.79401,0.0,0.0,0.0,0.31288218,0.0,0.0,0.61094344,0.0,0.0,0.0105599165,0.0,0.0,0.35736647,1.4942018,0.0,1.221427
U01686,0.0,0.0,0.0,0.0,0.0,1.6701196,0.0,0.0,0.0,0.0,1.564047,0.0,0.0,0.0,0.46798855,0.0,0.21202904,0.0,0.0,0.0,0.0,0.8701385,2.544802,0.8816768,1.7131476,0.0,0.0,0.0,0.85788333,0.0,0.0,1.7663512,1.4971347,0.0,0.0,0.0,0.21536797,0.0,1.5118666,0.0,1.5700729,1.7292931,1.5318205,0.0,0.0,0.3722406,3.004342,2.4353666,0.0,0.0,0.0,0.49058816,0.0,0.26219645,1.4844466,0.0,0.0,0.0,0.0,0.004481558,0.20080954,1.7978166,0.0,1.5321262
U01687,0.0,0.5988336,0.0,0.0,0.0,0.0,0.0,0.0,0.0,1.2728789,0.53387904,0.0,0.0,2.0780618,0.8276586,0.029410422,0.3322612,1.9350188,0.0,1.6893249,0.8403764,0.43192023,0.00058305264,0.27327985,0.03772962,0.0,1.0633581,0.6165039,0.5276027,0.0,0.0,0.0,0.36960387,0.0,0.0,0.0,0.3112824,0.0,0.3102535,0.5223291,0.0,0.0,0.0,0.0,0.5024624,0.16490084,0.5390077,0.3001256,0.47616315,0.0,0.0,0.17155059,0.0,0.0,0.0,0.0,0.0,0.7513116,0.0,0.0,0.48807487,1.8995662,0.0,0.041085124
U01688,0.24686015,0.67310476,0.0,0.0,0.012865484,0.71437526,0.07591212,0.05692336,0.0,1.2607806,0.778347,0.0,0.0,0.0,0.18353504,0.0,1.3318359,0.5136467,0.12827328,1.53671,0.0,1.0427386,0.24363923,0.0,0.9200885,0.0,0.3138579,0.4316255,1.6637045,0.0,0.0,0.115845025,1.6350607,0.06957677,0.0,0.24747467,0.91254544,0.10408175,0.46038255,0.6807641,0.0,0.0,0.0,0.45531446,0.0,0.0,0.0,0.20406216,0.6309979,0.16830513,0.0,0.9650043,0.048238277,0.0,0.22611272,0.17370087,0.0,0.0,0.0,0.0,0.0,0.3748934,0.5202522,0.12665784
U01689,0.0,0.67286587,0.0,0.0,0.0,0.13998052,0.0,0.0,0.0,0.0,0.0,0.0,0.0,2.1508794,3.5395231,0.0,0.0,0.0,0.0,0.0,3.1566958,0.0,0.81040317,1.9807308,0.0,0.0,2.7939754,1.6006776,0.0,0.0,0.0,0.0,0.0,0.0,2.1951392,0.0,0.0,0.0,3.4076576,1.0606289,0.0,0.2624023,1.4963168,1.4179201,0.0,0.43137866,1.4762007,0.52449965,0.71886224,0.0,0.0,0.0,0.0,0.5188482,1.4686762,0.0,0.0,0.84526694,0.0,0.4342774,0.45205864,0.0,0.0,0.104650736
U01690,0.0,0.0,0.0,0.0,0.0,0.5503341,0.0,0.0,0.0,0.0,0.0,0.0,0.0,2.9804711,1.895654,0.0,1.9295871,0.0,0.0,0.0,1.3756075,0.1452353,0.33913726,2.1547387,0.0,0.0,0.0,0.7324407,0.0,0.0,0.0,1.484221,0.0,0.0,2.0848875,0.0,0.31508753,0.0,1.0544862,0.60123,0.17179114,1.1033111,1.7287385,1.4887507,1.3963413,1.4945028,2.595818,1.6471424,0.21646094,0.0,0.0,0.0,0.0,0.6023569,1.6297964,0.0,0.0,0.8535832,0.0,0.42608517,0.57700956,0.0,0.15158123,0.78695416
U01691,0.0,0.9662977,0.0,0.0,0.0,1.0337919,0.0,0.0,0.0,0.75156826,1.045064,0.0,0.0,0.0,0.8396215,0.0,0.7445835,0.67185545,0.0,1.3170673,0.3028388,0.7452383,0.5207569,0.2803589,1.1702104,0.0,1.2420132,0.39803064,1.277332,0.0,0.0,0.394935,1.2755247,0.0,0.46759123,0.020474315,0.641073,0.0,0.37091053,1.2827712,0.7254128,0.09114385,0.7345232,0.50105417,0.1766994,0.37586182,0.59642786,0.94583213,0.46809834,0.0,0.0,0.8110193,0.0,0.09578112,0.0,0.0,0.0,0.30142367,0.0,0.22930975,0.18333322,0.31879666,0.087005794,0.0
U01692,0.0,2.206222,0.0,0.0,0.0,0.0,0.0,0.0,0.0,1.5418229,0.1740612,0.0,0.0,0.7145585,1.4334484,0.0,0.0,0.0,0.0,0.0,1.5627422,0.28052363,0.8161879,0.47491533,0.27180618,0.0,2.9476917,0.6161763,0.09575552,0.0,0.0,0.0,0.20463727,0.0,0.23801905,0.0,0.0,0.0,2.83571,1.3351774,0.0,0.0,0.07402609,0.0,0.06960678,0.18029445,0.26857543,0.0,1.002054,0.0,0.0,0.04555793,0.0,0.0,1.4580711,0.0,0.0,1.8221705,0.0,0.0,0.9564365,1.4395602,0.0,0.0
U01693,0.0,0.0,0.0,0.0,0.0,0.94891346,0.0,0.0,0.0,0.0,0.052833058,0.0,0.0,0.029084563,1.6664863,0.0,0.0,0.0,0.0,0.0,0.6210976,0.0,1.4638388,1.7050388,0.13999987,0.0,0.7051107,0.0092641115,0.0,0.0,0.0,1.2641826,0.0,0.0,0.78425044,0.0,0.0,0.0,1.6914712,0.0,1.2315779,1.4954773,2.2362425,0.1843766,0.0,1.2448211,3.089171,2.2666686,0.0,0.0,0.0,0.0,0.0,0.23697934,1.3105384,0.0,0.0,0.039973497,0.0,0.0,0.8781886,0.8381567,0.0,0.98468566
U01694,0.8399699,1.2529004,0.7409251,0.8465629,0.17413257,0.0,0.86203986,0.5353415,0.63486695,1.6566573,0.0,0.24069212,0.39972103,1.893713,0.6071184,0.83346784,0.0,2.8848166,0.7362784,2.7781224,1.614031,0.0,0.0,0.0,0.0,0.64001644,1.4544523,1.7697003,0.0,0.50378364,0.64918923,0.0,0.0,0.9423064,0.96008044,1.7018032,0.0,0.82281476,0.0,1.7628505,0.0,0.0,0.0,0.0,1.387388,0.47839272,0.0,0.0,1.4379764,0.68689805,0.6527926,0.0,0.4424947,0.0,0.0,0.76989293,0.60955834,1.2997314,0.23350993,0.0,1.008576,0.0,0.58692515,0.0
U01695,0.0,0.7019923,0.0,0.0,0.0,0.35635203,0.0,0.0,0.0,0.0,0.18174957,0.0,0.0,1.5302701,1.4331897,0.0,0.7754659,1.0300673,0.0,0.6351067,0.9249516,0.1883533,0.36864537,1.2382437,0.05779463,0.0,1.2304075,0.35713494,0.0,0.0,0.0,0.5068667,0.0,0.0,1.0552932,0.06338155,0.0,0.0,0.2884743,1.3131591,0.7181445,0.44743925,1.2870696,0.3860156,1.5486833,1.4557898,1.5250593,1.3302774,0.22894418,0.0,0.0,0.013280626,0.0,0.14773536,0.0,0.0,0.0,1.4367546,0.0,0.32143182,1.2242272,0.0,0.0,0.0
U01696,0.0,0.0,0.0,0.0,0.0,2.0004413,0.0,0.0,0.0,0.0,0.8057972,0.0,0.0,0.0,0.73858464,0.0,0.0,0.5860261,0.0,0.0,0.28630185,0.38703185,1.2738276,0.98200995,1.3414699,0.0,0.5960169,0.0,0.7304709,0.0,0.0,2.1993568,0.5451789,0.0,0.5011437,0.0,0.016385317,0.0,1.2333503,0.0,2.2612638,2.692572,1.7792844,1.2307688,0.0,0.8462484,2.5565944,0.9850147,0.0,0.0,0.0,0.0,0.0,0.070453316,0.88619506,0.0,0.0,0.0,0.0,0.098935045,0.0,0.02678055,0.0,1.4489038
U01697,0.0,2.1830597,0.0,0.0,0.0,0.0,0.0,0.0,0.0,1.6352873,0.0,0.0,0.0,1.2509754,1.0138525,0.0,0.0,1.4403272,0.0,1.0188339,2.0273223,0.0,0.0,0.0,0.0,0.0,2.3333602,1.5041635,0.06910771,0.0,0.0,0.0,0.16709398,0.0,0.5034609,0.0,0.12902409,0.0,1.068046,1.5440466,0.0,0.0,0.1767868,0.20788431,0.015625954,0.10684395,0.08506924,0.0,1.2240323,0.0,0.0,0.0,0.0,0.0,0.07940185,0.0,0.0,2.2146215,0.0,0.0,0.90070826,0.32688987,0.0,0.0
U01698,0.0,0.3945148,0.14697005,0.0,0.09261195,0.0,0.0,0.06518625,0.3711053,0.0,0.47666284,0.10739274,0.0,0.0,0.27920777,0.1292957,1.4689076,0.5287266,0.23647997,0.0,0.0,0.0,2.0583284,0.42536443,0.31597424,0.0,0.37677658,0.0,0.9192902,0.0,0.0,0.50541425,1.181152,0.0,0.0,0.0,0.0,0.25101933,1.8165145,0.0,1.456806,1.0259225,0.5425061,0.034127682,0.5444915,1.2836447,0.50999063,0.0,0.0,0.0,0.0,0.0,0.0,0.0,2.3742743,0.16108057,0.0031108856,0.0,0.00980939,0.0,0.35525003,2.1098752,0.45938578,0.0
U01699,0.0,0.71521163,0.0,0.0,0.0,0.20138192,0.0,0.0,0.0,0.3788854,0.0,0.047887407,0.0,1.1274356,1.5995047,0.0,1.1277977,0.2643149,0.0,0.0,1.8686244,0.2024182,0.1577214,1.2619659,0.0,0.0,1.6870062,1.0827677,0.0,0.0,0.0,0.106886625,0.0,0.0,1.3730965,0.0,0.0,0.0,0.93711376,1.5885637,0.0,0.0,0.99236643,1.2063034,0.0,0.8127612,1.2924826,0.6989778,0.41534287,0.0,0.0,0.0,0.0,0.0,0.88701975,0.0,0.0,1.4436632,0.0,0.0,0.7761967,0.29956734,0.0,0.0
U01700,0.8006339,0.0,0.56194186,0.51021034,0.8887334,0.484085,0.6247344,0.6586942,0.65596825,0.0,0.5167705,0.31863803,0.78381187,0.0,0.0,0.41370624,0.0,0.0,0.6979182,0.0,0.0,0.0,2.4180152,0.0,1.4474373,0.77324617,0.0,0.0,0.14972693,0.9347239,0.0,1.8424869,1.0478828,0.5143415,0.0,0.0,0.0,0.4748471,1.8952912,0.0,1.921468,1.9080188,1.0335318,0.0,1.4151685,0.6828492,3.2113109,3.0033033,0.0,0.65532637,0.9051025,0.0,0.53836036,0.0,1.8564647,0.879802,0.68611044,0.0,0.14636734,0.0,1.2720597,0.0,0.13081914,1.5196288
U01701,0.0,0.7806792,0.0,0.0,0.0,0.46756586,0.0,0.078888476,0.0,0.0,0.123098925,0.0,0.0,0.34532195,1.5378135,0.0,1.4229128,0.3415346,0.0,0.0,0.5859271,0.0,1.6196129,1.2891357,0.2339654,0.0,1.3911233,0.0,0.0,0.0,0.0,0.4403671,0.17093754,0.0,0.7922363,0.0,0.0,0.0,1.5818175,0.44526064,0.7938852,0.91367733,1.1454809,0.29955378,0.25531483,1.1546317,1.9309021,1.2534161,0.0,0.0,0.0,0.12848993,0.0,0.24941501,0.94759357,0.0,0.0,0.3551262,0.0,0.07749214,0.8760606,1.5352254,0.103012264,0.03262621
U01702,0.19914526,0.0,0.016842246,0.12361032,0.0,1.0664449,0.041551232,0.0,0.0,0.0,0.4132388,0.051803783,0.0,0.13991284,0.0,0.0,2.2075434,0.07091141,0.12529317,0.4871328,0.0,1.166367,0.6421034,0.51643974,0.78117955,0.0,0.0,0.0,0.66012245,0.0,0.167335,1.1411979,1.0249795,0.03194529,0.0,0.3158229,1.0750438,0.0,0.9554386,0.0,0.18515542,0.8812442,0.7390337,0.84643507,0.0756557,0.07094133,1.7075422,1.5322448,0.0,0.06511393,0.0,0.79982567,0.0,0.0,1.8548387,0.116351336,0.0,0.0,0.0,0.0,0.0,1.121321,0.92193747,0.76917684
U01703,0.0,0.0,0.0,0.01192975,0.0,0.89871514,0.0,0.0,0.0,0.0,0.39317372,0.0,0.0,0.0,1.3941257,0.0,0.29064173,0.38471317,0.0,0.55963707,0.0,0.0,1.5500176,0.7714156,1.0146148,0.0,0.61360574,0.0,0.050759852,0.0,0.0,1.2878845,0.83867836,0.0,0.40537125,0.0,0.0,0.0,1.3577752,0.0,1.6397331,0.9081695,1.5524101,0.0,1.0556431,1.3957673,2.1309953,1.7866856,0.0,0.0,0.0,0.0,0.0,0.13418853,0.6310953,0.0,0.0,0.57823944,0.0,0.0,0.80454236,0.54753,0.0,0.63947177
U01704,0.0,1.5518503,0.0,0.0,0.0,0.0,0.0,0.022308856,0.0,1.6246052,0.0,0.17609614,0.0,0.0,0.66527736,0.19671142,1.1293685,0.7729765,0.12989953,0.5180237,1.4247992,0.0,0.0,0.0,0.0,0.0,1.8464042,1.5165043,0.6268139,0.0,0.0,0.0,0.4122873,0.07135844,0.45778948,0.0,0.0,0.13859746,0.07679761,1.5508012,0.0,0.0,0.0,0.7413448,0.19559908,0.43181437,0.0,0.0,1.045335,0.0,0.0,0.08278365,0.048123434,0.0,0.2726301,0.011685014,0.017144412,1.0018473,0.04301487,0.0,0.21476167,0.27758354,0.02873075,0.0
U01705,0.0,0.8442529,0.0,0.0,0.0,0.02158536,0.0,0.0,0.0,0.19901705,0.0,0.0,0.0,2.2204597,1.9090798,0.0,0.57529074,1.4456576,0.0,0.0,2.5691202,0.0,0.0,1.797736,0.0,0.0,1.1553323,1.9818658,0.0,0.0,0.0,0.39714324,0.0,0.0,2.1003194,0.0,0.18511796,0.0,0.0,1.9342093,0.0,0.0,1.3493099,1.5174575,0.82174695,1.183799,1.3291552,0.71028256,1.1825479,0.0,0.0,0.0,0.0,0.22360078,0.1370759,0.0,0.0,1.5863984,0.0,0.38218284,0.98613954,0.0,0.0,0.0
U01706,0.0,1.7607642,0.0,0.0,0.0,0.0,0.0,0.0,0.0,1.9934057,0.009751543,0.082066946,0.0,0.08925748,0.5005188,0.073752165,0.36367184,0.0,0.0,0.28300261,1.5409093,0.12545703,0.0,0.0,0.0,0.0,1.4855422,2.1483865,0.41706216,0.0,0.0,0.0,0.26563168,0.0,0.709805,0.0,0.4790544,0.0,0.0,2.1423678,0.0,0.0,0.0,0.6668681,0.0,0.0,0.0,0.0,1.7641848,0.15375124,0.0,0.28853118,0.0,0.0,0.0,0.0,0.0,1.412407,0.0,0.0,0.105775714,0.0,0.0,0.0
U01707,0.0,0.40714687,0.0,0.0,0.19492386,0.33021364,0.0,0.0,0.0,0.0,0.7455703,0.0,0.0,0.0,0.567896,0.0,0.0,0.40391588,0.0,0.511889,0.29046035,1.0158538,1.7680786,0.0,1.2053657,0.0,0.29044437,0.0,1.5185997,0.0,0.0,0.61406076,1.2966224,0.0,0.0,0.0,0.0,0.0,3.0458248,0.0,0.75875604,1.0377513,0.09764549,0.0,1.4598227,0.48786265,1.2701305,0.838029,0.0,0.0,0.0,0.0,0.0,0.0,1.1985954,0.0,0.0,0.7391005,0.0,0.0,0.69432694,0.0,0.0,0.6805136
U01708,0.0,0.5093021,0.0,0.0,0.0,0.46208897,0.0,0.0,0.0,0.058013797,0.0,0.0,0.0,1.0415199,2.1440156,0.0,1.740103,0.0,0.0,0.0,1.1482606,0.846429,1.6661198,1.162086,0.2998557,0.0,1.1094713,0.84450823,0.0,0.0,0.0,0.0,0.0,0.0,0.8064775,0.0,0.0,0.0,2.1483793,0.76097465,0.0,0.24943733,0.85445,1.1338853,0.16992152,0.76575345,0.9419819,0.4484469,0.34354454,0.0,0.0,0.12976472,0.0,0.0,1.3500134,0.0,0.0,0.537636,0.0,0.0,0.48347932,0.8402816,0.0,0.0009548068
U01709,0.0,0.6221297,0.0,0.0,0.0,0.2911195,0.0,0.0,0.0,0.58497363,0.0,0.0,0.0,1.5125408,1.9814404,0.0,1.2905973,0.21543407,0.0,0.0,1.5120536,0.27723914,0.51030034,1.4341288,0.0,0.0,1.753492,1.2144378,0.0,0.0,0.0,0.0,0.0,0.0,1.380989,0.03330207,0.48581576,0.0,0.6026732,1.2721486,0.0,0.0,0.99737847,1.3260705,0.0,0.7595514,0.7926082,0.37884012,0.8892132,0.0,0.0,0.1366993,0.0,0.0,0.5836569,0.0,0.0,0.8700428,0.0,0.0,0.6709554,1.0174841,0.0,0.0
U01710,0.0,0.016848564,0.14844197,0.0,0.1383105,0.0,0.0,0.0,0.0,0.0,0.19692019,0.0,0.0,0.0,0.6109544,0.0,0.0,0.0,0.0,0.0,0.012613416,0.0,1.7262862,0.0,1.2293543,0.0,0.7852675,0.0,0.3993948,0.044451203,0.0,1.1702747,0.9885662,0.0,0.0,0.0,0.0,0.0,3.5825331,0.0,1.9792974,0.58795184,1.4272727,0.0,1.6069859,1.4621542,1.9045657,1.7914621,0.0,0.0,0.0072830636,0.0,0.0,0.0,1.9178778,0.0,0.0,1.4261992,0.0,0.0,1.4816191,0.0,0.0,0.40674138
U01711,0.0,0.6318193,0.0,0.0,0.0,0.8041465,0.0,0.0,0.0,0.26483345,0.1167904,0.0,0.0,1.1519368,1.6983936,0.0,0.0,1.0194523,0.0,0.375942,1.4077938,0.3433763,0.21103722,1.3389664,0.13896614,0.0,1.4669846,0.6982262,0.0,0.0,0.0,0.63622034,0.0,0.0,1.5186586,0.0,0.2777371,0.0,0.73163974,1.4778702,0.5337046,0.7749889,1.4784734,0.27927172,0.67020756,1.1844012,1.6563165,1.1058015,0.72137886,0.0,0.0,0.09417577,0.0,0.355193,0.0,0.0,0.0,0.7527216,0.0,0.55703664,1.1640112,0.0,0.0,0.30159295
U01712,0.0,0.0,0.14248928,0.0,0.0,1.002598,0.0,0.420541,0.12649387,0.0,0.5411644,0.056651108,0.2807284,0.568355,0.6892847,0.032921553,0.0,0.0,0.20464692,0.0,0.0,0.3844544,1.8004949,1.0366871,0.6665127,0.31367356,0.0,0.0,0.0,0.37428647,0.0,1.8383622,0.18144959,0.0,0.046149194,0.0,0.0,0.4257812,1.1632397,0.0,1.3213739,1.6881087,1.4626353,0.0,1.5815924,0.7268895,3.7876048,3.0120363,0.0,0.49403504,0.0,0.0,0.0,0.0,0.834654,0.04906392,0.13806508,0.56420016,0.040102363,0.0,1.27761,0.0,0.26039773,1.1190104
U01713,0.0,0.0,0.0,0.302596,0.0,1.5194933,0.0,0.0,0.0,2.1359644,2.6180215,0.0,0.4190874,0.0,0.0,0.0,0.0,0.30022645,0.0,0.97557306,0.0,1.4896913,0.0,0.0,2.4097807,0.0,0.0,0.0,3.3236628,0.13741198,0.0803591,1.0542039,2.8783154,0.0,0.0,0.0,1.65365,0.0,0.0,0.0,0.49882758,0.38793826,0.0,0.0,0.0,0.0,0.0,0.0,0.6382496,0.16663054,0.37202746,2.1932316,0.25218496,0.0,0.0,0.0,0.28783438,0.0,0.0,0.0,0.0,0.0,0.7539586,1.3747504
U01714,0.0976581,0.0,0.0,0.0,0.0,1.1439788,0.0,0.0,0.0,0.0,0.22672194,0.0,0.0,0.90632147,1.6321697,0.0,1.6826837,0.0,0.0,0.0,0.20921874,0.7011149,2.1193993,0.3730086,1.1301463,0.0,0.0,0.0,0.04260522,0.0,0.0,1.0776631,0.2447583,0.0,0.65509963,0.0,0.15683405,0.0,1.9811295,0.0,1.0866055,0.83574414,0.68228793,1.0680587,2.0793414,0.768677,1.5084391,0.99021435,0.0,0.0,0.0,0.0,0.0,0.07356754,1.2304608,0.0,0.0,0.0,0.0,0.0,0.025762796,0.025457107,0.0,0.9958117
U01715,0.81708324,0.05229783,0.49263412,1.0713723,0.3962742,0.0,0.83972,0.7476971,0.87585324,0.0,0.0,0.6979853,0.69516015,1.2190055,1.8933969,0.65602934,1.6313233,0.0,0.7124975,0.0,1.1032429,0.077925,1.2663591,1.3330208,0.0,0.62527037,0.0,0.28928828,0.0,0.6253156,0.61577713,0.0,0.0,0.87438357,1.1485945,0.7339795,0.0,0.719921,2.3885293,0.0,0.0,0.012347102,0.6726987,1.1053183,0.0,0.68208486,1.2369404,0.0,0.0,0.87468696,0.6821258,0.0,0.9549722,0.0,2.6099238,0.9849665,0.8711432,0.16587424,0.6894107,0.0,0.029161751,0.31677067,0.0,0.0
U01716,0.0,0.0,0.0,0.0,0.0,0.22901711,0.034977317,0.0,0.0,0.0,0.0,0.0,0.0,1.3619885,1.603635,0.0,0.49585253,1.7278273,0.0,1.3649098,1.0032115,0.0,0.040907323,0.68472344,0.22270775,0.0,0.42248523,0.21728528,0.0,0.063110046,0.0,1.1311051,0.13471061,0.0,0.8891433,0.30309945,0.0,0.07727161,0.8064672,0.23569882,1.28654,0.52758,1.0246152,0.54696476,1.922723,1.7212315,1.3277557,1.4463736,0.0,0.0,0.12249315,0.0,0.0,0.14327037,0.056875587,0.02459097,0.0,1.3280548,0.0,0.0,1.043004,0.0,0.0,0.003998339
U01717,0.0,0.7168977,0.0,0.24394423,0.0,0.32608002,0.17420328,0.0,0.32354277,1.6034104,1.0960554,0.24530168,0.0,0.0,0.0,0.035493076,1.9820235,0.0,0.16529736,0.5191202,0.0,1.0395024,0.8167737,0.0,0.74664426,0.14619994,0.30993676,0.5319537,2.0389063,0.16677971,0.24046272,0.03999579,1.9891111,0.0,0.0,0.24012709,0.5007546,0.15815318,0.8068794,0.62684584,0.20168129,0.18909794,0.0,0.5572314,0.0,0.0,0.0,0.0,0.8943063,0.18636784,0.0,1.0879476,0.43286157,0.0,0.28853142,0.08856577,0.1138577,0.0,0.0,0.0,0.0,0.0,0.7073377,0.0
U01718,0.0,0.0,0.0,0.0,0.0,0.98083746,0.0,0.0,0.0,0.8993626,1.2690455,0.0,0.0,0.0,0.0,0.0,0.0,2.007328,0.0,1.291728,0.0,0.8386973,0.3650207,0.0,1.2849205,0.0,0.06759584,0.0,2.0539992,0.0,0.0,1.0750484,1.8920764,0.0,0.0,0.0,0.83287776,0.0,0.0,0.0,1.2945795,1.2267412,0.07861075,0.0,0.010724902,0.0,0.7886536,0.53717434,0.08824885,0.0,0.0,0.7709439,0.0,0.0,0.0,0.0,0.0,0.0,0.0,0.0,0.0,1.1870356,0.0,0.9205172
U01719,0.0,0.0,0.0,0.0,0.0,0.6889416,0.0,0.0,0.0,0.0,0.0,0.0,0.0,2.005904,0.6735202,0.0,1.2544799,1.6021934,0.0,0.0,0.77792543,0.030673862,0.0,1.8940942,0.0,0.0,0.0,0.9750787,0.0,0.0,0.0,1.309907,0.0,0.0,1.3332018,0.0,0.78621495,0.0,0.0,0.78765774,0.6614662,0.8409178,1.6354914,1.3996022,0.71155155,1.3692394,2.3727016,1.1561865,0.5001507,0.0,0.0,0.2782716,0.0,0.0859485,1.4298187,0.0,0.0,0.2587893,0.0,0.3434882,0.32265326,0.95380795,0.0,0.655679
U01720,0.0,1.8960904,0.39987195,0.0,0.0,0.0,0.18904799,0.11916481,0.80415183,1.1136281,0.0,0.70405537,1.122511,0.079086185,2.1739197,0.31731257,0.0,0.2078371,0.40040597,0.0,2.6858354,0.0,0.0,0.45070672,0.0,0.38171715,4.019407,1.2299325,0.0,0.4432816,0.40369833,0.0,0.0,0.021942824,0.8259554,0.0,0.0,0.08830792,1.2931181,1.8085408,0.0,0.0,0.58735085,0.026583284,0.0,0.067010164,0.0,0.0,0.997217,0.61933994,0.4537246,0.0,0.8751003,0.0,0.0,0.0,0.47765392,2.3454576,0.86907655,0.0,0.77191216,0.0,0.0,0.0
U01721,0.0,0.0,0.0,0.018973649,0.34069735,0.91699886,0.21043223,0.0,0.046115443,1.1103911,1.8366567,0.0,0.0,0.0,0.0,0.0,0.7642418,0.0,0.3456982,1.2285025,0.0,0.14164735,0.14018524,0.0,1.5408111,0.010086745,0.0,0.42447913,2.352471,0.0,0.0,1.2054387,2.0769777,0.0,0.0,0.0,1.6024084,0.31706083,0.0,0.576939,0.01575397,0.28265256,0.0,1.1826577,0.85912365,0.0,0.0,0.46905002,0.5705471,0.0,0.0,1.4645983,0.1583726,0.0,0.0,0.0,0.17516531,0.0,0.0,0.0,0.0,0.0,0.37215638,0.7238002
U01722,0.0,1.7217395,0.0,0.0,0.0,0.0,0.0,0.0,0.0,0.7269806,0.0,0.0,0.0,0.33497506,1.218229,0.0,2.0904903,0.30403018,0.0,0.23141694,2.0101182,0.0,0.0,1.1917737,0.0,0.0,0.90479094,2.4560738,0.0,0.0,0.0,0.0,0.0,0.0,1.3844166,0.0,0.02950564,0.0,0.0,1.0577254,0.0,0.0,1.0849211,0.9157986,0.0,0.21978521,0.0,0.0,1.289179,0.0,0.0,0.41604027,0.0,0.12310591,0.87950265,0.0,0.0,1.3180271,0.0,0.0,0.0,0.0,0.29897854,0.0
U01723,0.0,0.046555758,0.0,0.0,0.0,0.3594718,0.0,0.0,0.0,0.3345754,0.9285598,0.0,0.0,1.924972,0.6062399,0.0,0.0,1.3313173,0.0,1.5655816,0.40016413,0.40572906,0.6642985,0.3165957,0.6872927,0.0,0.119590044,0.019942403,0.6689855,0.0,0.0,0.7822304,0.65201485,0.0,0.0,0.0,0.22751817,0.0,0.19589904,0.07922101,1.0274677,0.70584965,0.0,0.0,2.5711622,0.601582,1.7343574,1.7504642,0.061800122,0.0,0.0,0.0,0.0,0.0,0.0,0.0,0.0,1.2159389,0.0,0.08226039,1.3604332,0.31012994,0.14636403,0.5143976
U01724,0.24775767,0.0,0.0,0.045101345,0.5553355,1.2443831,0.2173425,0.5725719,0.44769537,0.0,0.97181904,0.21589021,0.23268704,0.0,0.0,0.20107138,0.0,1.0749329,0.29259598,1.7211365,0.0,0.3763192,1.3753486,0.0,1.3377842,0.3682968,0.0,0.0,1.0835418,0.29834884,0.18818466,1.7839963,1.4788947,0.01865679,0.0,0.0,0.6539496,0.5648791,0.4656973,0.0,1.2068753,0.9450499,0.32864258,0.0,0.8060545,0.0,2.486805,2.2037058,0.0,0.60335445,0.37910083,0.09612247,0.22671139,0.0,0.548913,0.52555597,0.24168637,0.0,0.22440913,0.0,0.21930194,0.69704056,0.30662194,1.4118998
U01725,0.0,0.17177427,0.0,0.0,0.0,0.5291928,0.0,0.0,0.0,0.0,0.0,0.0,0.0,1.7907418,1.9187698,0.0,1.9086796,0.0,0.0,0.0,1.295707,0.4172802,1.0318213,1.6159917,0.0,0.0,0.49732065,0.6471015,0.0,0.0,0.0,0.63707125,0.0,0.0,1.267313,0.0,0.3194322,0.0,2.1769946,0.42918003,0.0,0.6493834,1.2885544,1.4593735,0.222561,0.9785999,2.2542377,1.1374094,0.013503075,0.0,0.0,0.04737199,0.0,0.050144374,2.4743304,0.0,0.0,0.6625538,0.0,0.0,0.4510668,1.4144579,0.0,0.5910349
U01726,0.42480317,1.4250703,0.45072204,0.4359904,0.0,0.0,0.25485605,0.048683584,0.03595601,2.0522943,0.0,0.0,0.0,2.2689316,0.4074852,0.4138294,0.0,3.4382448,0.24252841,3.1049213,1.7628566,0.0,0.0,0.0,0.0,0.17165717,1.6838741,1.924241,0.33807653,0.17006606,0.28156736,0.0,0.0,0.48620388,0.93398046,1.3581072,0.0,0.2786032,0.0,2.0124578,0.0,0.0,0.0,0.0,1.669855,0.4328872,0.0,0.0,1.664818,0.21883273,0.24892159,0.0,0.17814767,0.0,0.0,0.17882323,0.32211953,1.5460043,0.0,0.0,1.2366271,0.0,0.66452825,0.0
U01727,0.0,0.32082897,0.0,0.0,0.0,0.7692523,0.0,0.0,0.0,1.9825261,1.5924368,0.0,0.0,0.0,0.0,0.0,0.714167,1.1906825,0.0,1.317041,0.0,0.72891605,0.0,0.0,1.1129532,0.0,0.0,0.3794334,2.2275748,0.0,0.0,0.68507886,1.7675241,0.0,0.0,0.0,1.2488846,0.0,0.0,0.8742211,0.45977968,0.0,0.0,0.0,0.0,0.0,0.0,0.0,0.97334516,0.0,0.0,1.4951639,0.0,0.0,0.0,0.0,0.0,0.0,0.0,0.0,0.0,0.60096884,0.62233675,0.6341677
U01728,0.0,0.6944699,0.0,0.0,0.0,0.73797727,0.0,0.0,0.0,0.66860366,0.6562557,0.0,0.0,0.33070582,1.2608533,0.0,0.46815377,0.4117527,0.0,0.19551897,0.98382187,0.6145512,0.6112229,1.0465894,0.21903157,0.0,1.4454604,0.7712886,0.19444317,0.0,0.0,0.04986,0.23595917,0.0,0.73705435,0.13041675,0.44376835,0.0,0.73198557,1.2409247,0.0,0.09986046,0.9139283,0.599031,0.0,0.19147164,1.1827226,1.1163615,0.39963114,0.0,0.0,0.39196014,0.0,0.0,0.04936087,0.0,0.0,0.43813533,0.0,0.0,0.4458117,0.95647824,0.0,0.0
U01729,0.0,0.28065515,0.0,0.0,0.0,1.1566955,0.0,0.0,0.0,1.4553119,1.3162202,0.0,0.0,0.0,0.0,0.0,0.7022967,0.60052776,0.06474826,1.2272776,0.0,1.0964234,0.0,0.0,1.1519753,0.0,0.0,0.13076818,1.8780882,0.0,0.0,0.6089078,1.9681022,0.0,0.0,0.0,1.4764304,0.0,0.0,0.6367618,0.45683777,0.0,0.006755978,0.30276358,0.0,0.0,0.23755318,0.60735166,0.70938396,0.0,0.0,1.4689935,0.0,0.0,0.10713196,0.002455175,0.0,0.0,0.0,0.0,0.0,0.81357217,0.30385542,0.5999373
U01730,0.0,0.0,0.0,0.0,0.0,0.5335808,0.0,0.0,0.0,0.1887759,0.65899205,0.0,0.0,0.08317566,0.3444625,0.0,0.29436696,1.0994071,0.0,0.2042501,0.028329492,1.2220715,0.9673446,0.11136923,0.68926895,0.0,0.120860815,0.0,1.3279121,0.0,0.0,0.79639304,1.6213099,0.0,0.0,0.0,0.033361226,0.0,1.3822584,0.0,0.7715425,0.987241,0.5762082,0.1513811,0.0,0.45598274,1.7861918,0.975255,0.0,0.0,0.0,0.30379513,0.0,0.0,1.542534,0.0,0.0,0.1604259,0.0,0.0,0.13916337,1.9306918,0.0,0.69807625
U01731,0.0,0.0,0.0,0.0,0.0,0.8902353,0.0,0.0,0.0,0.0,1.1297292,0.0,0.0,0.11965001,0.534758,0.0,0.0,0.0,0.0,0.0,0.0,0.2598475,2.5413842,1.0309874,0.88244224,0.0,0.045760393,0.0,0.1499061,0.0,0.0,1.0791328,0.641592,0.0,0.0,0.0,0.0,0.0,2.2539198,0.0,1.324126,1.8839362,1.1246359,0.0,0.41249788,0.57148886,3.3058271,2.3866448,0.0,0.0,0.0,0.0,0.0,0.0669381,2.0228944,0.0,0.0,0.0,0.0,0.0,1.0398084,2.9664648,0.4214064,1.1303937
U01732,0.39261502,0.0,0.2132924,0.13174802,0.09072156,1.3168355,0.023373902,0.0,0.12054912,0.0,1.190292,0.16897738,0.0,0.0,0.0,0.19041753,2.1332235,0.0,0.16917804,0.23505044,0.0,1.7964199,2.0720441,0.0,2.1687794,0.31276828,0.0,0.0,1.7945379,0.12274961,0.23456867,1.6994748,1.9458851,0.19985363,0.0,0.026152015,0.7294966,0.4521295,1.5431428,0.0,0.59049726,1.4951428,0.00060901046,0.3605922,0.7284531,0.0,0.94034195,1.3023893,0.0,0.3097974,0.18704288,0.67739725,0.25653565,0.0,1.8838266,0.18269557,0.3552703,0.0,0.0,0.0,0.0,0.0,0.86431134,1.1973457
U01733,0.0,1.2124417,0.0,0.0,0.0,0.33765656,0.0,0.0,0.0,1.2197809,1.1010814,0.0,0.0,0.0,0.0,0.0,0.42878044,1.0459058,0.0,1.2830482,0.13458586,0.2618019,0.0,0.0,0.84045863,0.0,0.88071513,0.17545235,1.8492808,0.0,0.0,0.53267384,1.6926721,0.0,0.29224366,0.0,0.24829881,0.018977433,0.0,1.7043862,1.2874343,0.0,0.14808364,0.0,0.460109,0.14530301,0.5207534,0.73426974,0.5799509,0.0,0.0,0.7581334,0.0,0.0,0.0,0.0,0.0,0.725774,0.0,0.0,0.20548403,0.0,0.0,0.0
U01734,1.1916023,0.95287967,1.1176391,1.3180195,0.47156018,0.0,1.2791637,0.7961192,1.0950131,1.6260175,0.0,0.44434822,0.6340016,1.8901242,0.5017821,1.174377,0.0,3.00343,1.1184216,2.7131708,1.419433,0.0,0.0,0.0,0.0,0.90410787,1.4121281,1.4689171,0.0,0.97152394,0.988748,0.0,0.0,1.3166759,0.6514757,1.9596009,0.0,1.137002,0.0,1.4690144,0.0,0.0,0.0,0.0,1.1942663,0.41437387,0.0,0.0,1.184344,0.99736094,0.89305615,0.0,0.8722877,0.0,0.0,1.1061076,1.0510623,1.1728598,0.5504714,0.0,0.951853,0.072752796,0.5994754,0.0
U01735,0.0,0.2770359,0.0,0.0,0.0,0.72878385,0.0,0.0,0.0,0.0,0.0,0.0,0.0,1.8681858,2.739983,0.0,0.73732436,0.0,0.0,0.0,1.7556851,0.11427261,1.6883085,2.0247006,0.031064153,0.0,1.3640095,0.7202912,0.0,0.0,0.0,0.38276625,0.0,0.0,1.3238893,0.0,0.036076844,0.0,3.3924892,0.2679993,0.1361484,1.0289165,1.9309931,1.2339033,0.0,1.1758375,2.4293861,1.3852718,0.0,0.0,0.0,0.0,0.0,0.56492734,2.2470827,0.0,0.0,0.08567262,0.0,0.38882375,0.59202445,0.70813644,0.0,0.9492452
U01736,0.0048645735,1.1303076,0.0,0.0,0.0,0.12465036,0.0,0.10885419,0.057916827,0.0,0.0,0.0,0.28712362,1.6197475,1.6319674,0.0,0.5126723,0.7318896,0.0,0.30929637,1.1878574,0.0,0.2382831,1.4685335,0.0,0.0,1.3455805,0.40610015,0.0,0.0,0.0,0.014194548,0.0,0.0,1.124784,0.31434482,0.0,0.0,0.7620088,1.5437783,0.05332622,0.31955475,1.3166934,0.3757424,1.2206889,1.3559449,1.0273856,0.8731537,0.53381306,0.0,0.053564392,0.0,0.023654938,0.09819427,0.0,0.0,0.0,1.4047904,0.0,0.32866445,1.2550538,0.0,0.17007971,0.0
U01737,0.0,0.0,0.0,0.19319767,0.11339925,0.2980254,0.0,0.0,0.0,2.5617414,1.815251,0.0,0.0,0.0,0.0,0.053239584,0.0,0.19753861,0.21728468,1.7654986,0.0,0.3109656,0.0,0.0,1.558702,0.15437646,0.0,0.00081443787,2.7603145,0.20850301,0.0,0.4334836,2.190001,0.0,0.0,0.024506569,1.4344101,0.0,0.0,0.6644418,0.0,0.0,0.0,0.0,0.0,0.0,0.0,0.0,1.3245127,0.0,0.03936126,1.7224048,0.47382832,0.0,0.0,0.0,0.20798619,0.0,0.0,0.0,0.0,0.0,0.9293397,0.5948827
U01738,0.0,1.2704726,0.0,0.0,0.0,0.15534475,0.0,0.0,0.0,0.54583883,0.6278087,0.0,0.0,0.0,1.2533612,0.0,0.65603775,0.5317583,0.0,0.6704148,0.5749973,0.6292331,1.23258,0.066046245,0.93435717,0.0,1.4346861,0.40485096,1.215977,0.0,0.0,0.10423225,1.1500144,0.0,0.21249318,0.0,0.0,0.0,1.9926196,0.71339655,0.46989298,0.067581385,0.47843412,0.044196695,0.92396545,0.6768429,0.73035663,0.6618551,0.192213,0.0,0.0,0.24371162,0.0,0.0,0.85532725,0.0,0.0,1.1685236,0.0,0.0,0.7154554,0.61365926,0.0,0.09574461
U01739,0.0,0.0,0.0,0.0,0.0,1.1634575,0.0,0.0,0.0,0.0,0.0,0.0,0.0,1.7702136,1.7850552,0.0,1.3212016,0.0,0.0,0.0,1.1236465,0.46739137,2.0855198,1.8330125,0.69448197,0.0,0.16281164,0.0,0.0,0.0,0.0,1.232527,0.0,0.0,1.2399794,0.0,0.0,0.0,3.756865,0.0,0.75483036,1.0917675,1.6708536,1.4423544,0.3052976,1.114076,3.0525117,1.2851468,0.0,0.0,0.0,0.0,0.0,0.44627848,2.928854,0.0,0.0,0.5624894,0.0,0.18780445,0.0,0.12045969,0.0,1.1418347
U01740,0.0,0.50311214,0.0,0.0,0.0,0.70216894,0.0,0.0,0.0,1.1300128,1.1287463,0.0,0.0,0.0,1.040048,0.0,0.7268835,0.31687093,0.0,0.8956895,0.49363875,0.5439974,0.72584254,0.0,0.7401173,0.0984596,0.988564,0.8081503,1.3517541,0.0,0.0,0.0,1.1274738,0.0,0.29116583,0.0,0.6644224,0.0,0.56099176,1.6229544,0.08633715,0.0,0.11682026,0.544496,0.7714068,0.16928953,0.0,0.14782134,0.94331497,0.0,0.0,0.5603113,0.0,0.0,0.0,0.0,0.0,0.5672203,0.0,0.0,0.10259014,0.14537624,0.0,0.0
U01741,0.0,1.0642495,0.0,0.0,0.0,0.04922436,0.0,0.0,0.0,2.425035,1.5796332,0.0,0.04049737,0.0,0.0,0.0,0.94258755,0.5681578,0.0,1.0524832,0.0,0.34414744,0.0,0.0,1.1565506,0.0,0.0,0.11520994,2.5726414,0.0,0.0,0.16448754,2.0670223,0.0,0.0,0.0,0.9227258,0.0,0.0,1.6386809,0.4801432,0.0,0.0,0.0,0.17143476,0.0,0.0,0.0,1.3625664,0.0,0.0,1.4682878,0.0,0.0,0.0,0.0,0.0,0.28839862,0.0,0.0,0.0,0.0,0.57968545,0.0
U01742,0.0,0.0,0.0,0.0,0.0,1.390439,0.0,0.0,0.0,0.43402278,1.5156671,0.0,0.0,0.0,0.0,0.0,1.3354243,0.0,0.0,0.64293635,0.0,1.6156552,1.4207022,0.0,1.7663743,0.0,0.0,0.0,1.7159984,0.0,0.0069966614,0.8089714,2.0816038,0.0,0.0,0.0,0.7883246,0.0,1.1400752,0.049862742,0.6219653,0.5448101,0.0,0.24878812,0.0,0.0,0.9703548,1.1118621,0.0,0.0,0.0,1.0733753,0.0,0.0,0.9023076,0.0,0.0,0.0,0.0,0.0,0.0,1.1801417,0.2700798,0.9066317
U01743,0.0,0.15622455,0.16639486,0.0,0.14914997,0.60277534,0.22517377,0.0,0.0,1.012613,0.89465976,0.23354189,0.0,0.0,0.0,0.0,1.8357307,0.063061714,0.10352203,0.61456025,0.068329096,1.0594615,0.17100388,0.0,0.7643261,0.0,0.0,0.19947517,2.3457932,0.0,0.0,0.8622441,2.0193934,0.17206809,0.0,0.0,1.078422,0.38819504,0.28075078,0.6683955,0.0,0.0,0.0,0.49104148,0.32908714,0.0,0.0,0.38193116,0.19451064,0.0,0.08551173,1.3790935,0.0,0.0,0.99032843,0.023602664,0.0165779,0.24732196,0.0,0.0,0.0,0.0,0.0,0.09363997
U01744,0.0,0.0,0.0,0.0,0.025059238,0.73513675,0.0,0.0,0.0,0.2624445,1.359003,0.0,0.0,1.4434258,0.0,0.0,0.0,2.57856,0.0,2.0649784,0.0,0.28454313,0.0,0.0,0.61204004,0.0,0.0,0.021203399,0.48817867,0.0,0.0,1.4480054,0.8557055,0.0,0.0,0.0,1.3585508,0.0,0.0,0.0,0.6646405,0.7309792,0.49275815,0.0,1.3927393,0.28151798,1.9493369,1.4122828,0.26051027,0.0,0.0,0.9538239,0.0,0.028652936,0.33306706,0.0,0.0,0.0,0.0,0.16924305,0.35150355,0.9798169,0.84996176,1.2072053
U01745,4.3242044,0.0,3.848113,4.6865497,2.9208913,0.0,4.426006,2.95933,3.9929817,0.0,0.0,2.8827186,2.9943445,0.0,0.0,3.7015903,0.0,0.0,4.4692483,0.0,0.0,0.0,0.0,0.0,0.0,4.1850667,0.0,0.0,0.0,3.6875641,3.8723629,0.0,0.0,4.2618685,0.0,4.212949,0.0,4.30702,0.0,0.0,0.0,0.0,0.0,0.0,0.0,0.0,0.0,0.0,0.0,4.292501,3.8792307,0.0,3.6637893,0.0,0.33635437,4.356694,3.9742746,0.0,3.0792654,0.0,0.0,1.5433036,1.4700236,0.0
U01746,0.0,1.1040913,0.0,0.0,0.0,0.0,0.0,0.02680336,0.15602654,1.6362066,0.0,0.15782134,0.0,0.09768844,1.5506341,0.0,0.0,0.13523531,0.0,0.14417481,2.0191638,0.36866322,0.0,0.0,0.0,0.0,2.5076697,1.2285857,0.27399892,0.0,0.0,0.0,0.0,0.0,0.6617928,0.0,0.034217685,0.0,1.4678903,1.4702429,0.0,0.0,0.06544638,0.0,0.0,0.0,0.1940186,0.0,1.421876,0.0,0.0,0.0,0.0,0.0,0.0,0.0,0.0,1.460615,0.13634837,0.0,0.24657863,0.8106284,0.0,0.0
U01747,0.1837405,0.0,0.7100012,0.46719927,0.46770996,0.52761126,0.4044647,0.41355532,0.4775585,0.0,0.0,0.5490146,0.41869396,1.057357,1.16085,0.7656262,1.1973995,0.0,0.33138,0.0,0.3567338,1.561708,1.5133026,1.0452822,0.0,0.61184365,0.13033676,0.42419183,0.0,0.6547353,0.51909435,0.0,0.0,0.65775037,0.57013917,0.29090607,0.0,0.4528595,2.8852088,0.0,0.0,0.5681844,0.2153466,0.8719145,0.0,0.08145273,1.0182456,0.0,0.0,0.6313354,0.29975227,0.055686064,0.5947225,0.0,2.3528361,0.2657909,0.47794133,0.0,0.7931685,0.0,0.0,2.3692384,0.17303741,0.0
U01748,0.064825356,0.0,0.04535684,0.0,0.5167019,1.4492202,0.0,0.34445745,0.0,0.0,0.8331684,0.07004509,0.0,0.0,0.0,0.0,0.0,0.0,0.0,0.0,0.0,0.18265308,4.165786,0.21544385,2.0991335,0.1257256,0.0,0.0,0.6353433,0.0,0.0090961605,2.3372376,0.9077956,0.0,0.0,0.0,0.0,0.0,3.8392947,0.0,2.2539551,2.4673164,1.0746496,0.0,0.69543713,0.108901024,3.9682622,2.5549784,0.0,0.4631187,0.20862807,0.0,0.0,0.0,3.0331182,0.037721336,0.22526959,0.0,0.0,0.0,0.8797427,1.0490533,0.0,2.6795025
U01749,0.0,0.0,0.0,0.0,0.0,0.99988246,0.0,0.0,0.0,0.0,0.1725105,0.0,0.0,1.0521528,1.8259406,0.0,1.0114828,0.0,0.0,0.0,0.66573,0.6440637,2.3097656,1.680688,0.72218156,0.0,0.9643446,0.035298944,0.0,0.0,0.0,0.6551242,0.0,0.0,0.86801493,0.0,0.0,0.0,3.1494668,0.0,0.4755767,1.0791954,1.6350218,0.59686387,0.28930545,1.1003138,2.3405805,1.1607686,0.0,0.0,0.0,0.026163578,0.0,0.29930547,2.1598315,0.0,0.0,0.38726795,0.0,0.20313665,0.66668767,1.618679,0.0,0.94311714
U01750,0.4742633,0.36407077,0.29849154,0.728259,0.35890847,0.0,1.0784392,0.9235102,0.77149934,0.0,0.0,0.37449348,0.82776266,0.36170882,1.5304084,0.44824862,1.9097725,0.0,0.82381386,0.0,0.53596735,0.0,1.4778605,1.1487075,0.0,0.5030698,1.5706663,0.15317774,0.0,0.4889099,0.9055215,0.0,0.0,0.51716316,0.56675375,0.3480655,0.0,0.27034944,0.875031,0.0,0.0,0.0,0.87862885,0.3215148,0.0,0.1851986,0.0,0.0,0.48628378,0.31094015,0.8803444,0.0,0.38051724,0.0,2.2772918,0.38616008,0.35182655,0.0,0.72197914,0.0,0.0,3.3695283,0.0,0.0
U01751,0.0,1.1902665,0.0,0.0,0.0,0.0,0.0,0.0,0.0,1.1519716,0.5025735,0.0,0.0,0.014387727,0.5857495,0.0,0.17774612,1.8407032,0.0,1.5559433,1.3089511,0.11584389,0.0,0.0,0.5411669,0.0,1.0149539,0.7682721,1.2271744,0.0,0.0,0.02704209,1.1531514,0.0,0.42058253,0.0,0.18776622,0.0,0.48966235,1.230771,0.5893296,0.0,0.19289723,0.074465215,1.3988032,0.85916793,0.041819453,0.5235143,0.98158914,0.0,0.0,0.0,0.0,0.0,0.0,0.0,0.0,1.7231501,0.0,0.0,1.0959017,0.0,0.0,0.0
U01752,0.0,1.2543037,0.0,0.0,0.0,0.0,0.0,0.0,0.0,2.0676584,0.7221093,0.0,0.0,2.4426124,0.5414827,0.0,0.21490401,1.5101485,0.0,1.270208,1.1200616,0.2791331,0.0,0.35236698,0.05301857,0.0,1.7345227,1.5217296,0.1780535,0.0,0.0,0.0,0.0,0.0,0.27954906,0.049929738,0.82619953,0.0,0.30120465,1.3321288,0.0,0.0,0.0,0.07919714,0.0,0.0,0.0,0.0,1.4140757,0.0,0.0,0.40406242,0.0,0.0,0.24617267,0.0,0.0,0.80486405,0.0,0.0,0.69512933,2.3552442,0.11876625,0.13708186
U01753,0.0,0.71035665,0.0,0.0,0.0,0.09626745,0.0,0.0,0.0,1.5044872,0.07516746,0.0,0.0,0.61768013,0.935577,0.0,0.0,1.8419046,0.0,0.22214484,1.7094302,0.0,0.0,0.29776335,0.0,0.0,2.7618933,1.5737369,0.41663778,0.0,0.0,0.0,0.0,0.0,1.1785882,0.0,0.34232736,0.0,0.79195917,1.3387985,0.0,0.334486,0.5134307,0.09648195,0.0,0.18699849,0.30287063,0.0,1.0825189,0.0,0.0,0.0,0.0,0.0,0.0,0.0,0.0,0.42205626,0.0,0.0,0.44303888,1.5360248,0.0,0.0
U01754,0.0,0.0,0.0,0.0,0.0,1.237443,0.0,0.0,0.0,0.0,0.056138434,0.0,0.0,0.8575182,1.2114275,0.0,0.39773184,0.21130514,0.0,0.0,0.23329699,0.12370068,1.2650688,1.1821945,0.53929293,0.0,0.0,0.0,0.0,0.0,0.0,1.4453416,0.0,0.0,0.6563125,0.026737094,0.24874556,0.0,1.5065902,0.0,1.2083592,1.2147771,1.5896996,0.51205194,0.564318,1.2136075,2.5910578,1.9598037,0.0,0.0,0.0,0.0,0.0,0.22723994,1.5267588,0.0,0.0,0.0,0.0,0.03832894,0.42820278,0.9972875,0.0,1.3699203
U01755,0.0,0.0,0.0,0.0,0.0,0.51618063,0.18359411,0.52157104,0.097041756,0.0,0.31112713,0.0,0.0,0.55837667,0.7747266,0.0,0.53432316,0.7423241,0.08300713,0.49392867,0.0,0.048558116,1.8859391,0.37953812,0.8872634,0.0,0.0,0.0,0.13533294,0.0,0.0,0.8725376,0.41085804,0.031899095,0.0,0.026707172,0.0,0.0,1.9960978,0.0,0.65389585,0.9743911,0.68876415,0.024991661,0.8333273,0.80512196,1.7160228,1.1950668,0.0,0.0,0.03411643,0.0,0.0,0.0,1.5866398,0.21912652,0.0,0.0,0.0,0.0,0.8829863,1.234018,0.18190032,1.1144874
U01756,0.0,0.0,0.14247708,0.0,0.0,0.9551892,0.0,0.0,0.0,0.0,0.0,0.13089287,0.0,0.7705111,1.7107216,0.0,2.0082552,0.0,0.0,0.0,0.93949705,0.8034971,1.429724,0.40825492,0.18479484,0.0,0.0,1.346702,0.0,0.0,0.0,0.4498918,0.0,0.0,1.5282171,0.0,0.26723358,0.0,2.2998214,0.55465806,0.0,0.46451777,0.7417945,2.1866794,0.42951655,0.95203066,0.15150523,0.0,0.30028582,0.0,0.0,0.6079533,0.10781084,0.116505384,2.1583915,0.0,0.04102823,0.037824154,0.0,0.0,0.0,0.0,0.055371046,0.251104
U01757,0.0,1.0638945,0.0,0.0,0.0,0.7866483,0.0,0.0,0.0,1.601952,1.1804969,0.0,0.0,0.0,0.025176466,0.0,0.69227505,0.41123962,0.0,1.0504441,0.24127412,0.9187307,0.0,0.0,0.95713556,0.0,1.1653099,0.7078906,1.8473284,0.0,0.0,0.08147526,1.5660409,0.0,0.2989887,0.0,0.8188329,0.0,0.0,1.8769001,0.40829688,0.0,0.0,0.31934014,0.00822258,0.0,0.0,0.102764845,1.1799091,0.0,0.0,1.0900835,0.0,0.0,0.0,0.0,0.0,0.6042458,0.0,0.0,0.0,0.0,0.0,0.0
U01758,0.2850687,0.0,0.0,0.0,0.0,1.0548505,0.0,0.04295899,0.0,0.0,0.24837351,0.14032535,0.0,0.41231877,0.35023642,0.07665044,1.661475,0.0,0.0,0.0,0.0,1.4254398,2.4592216,0.836863,1.3979846,0.37725618,0.0,0.0,0.0,0.018229807,0.107760385,1.5637789,0.18321326,0.015723646,0.0,0.08480179,0.0,0.0,3.4204519,0.0,0.54997975,1.8009279,0.9226595,0.21657534,1.318685,0.3625582,2.4721498,1.8118215,0.0,0.36166605,0.18895784,0.0,0.10131179,0.0,3.083119,0.07247418,0.30666333,0.0,0.0,0.0,0.0,0.023655228,0.70890373,1.2927067
U01759,0.22802019,1.6391869,0.13852745,0.045942366,0.0,0.0,0.019182086,0.0,0.0,1.9489492,0.097051546,0.0,0.17007698,1.6297078,0.28030086,0.30195126,0.0,2.9616432,0.031543583,2.9074655,1.6752968,0.0,0.0,0.0,0.0,0.18009853,1.201356,1.9749051,0.52012223,0.0,0.1366244,0.0,0.0,0.19561863,1.1817347,1.1215007,0.20508772,0.08879545,0.0,2.1490965,0.0,0.0,0.0,0.0,1.9479642,0.36031777,0.0,0.0,1.8264629,0.07472268,0.1668975,0.0,0.0,0.0,0.0,0.07681763,0.0,1.5465468,0.0,0.04198419,1.049551,0.0,0.78757304,0.0
U01760,0.07252276,0.2901467,0.0,0.0,0.15474994,0.110805914,0.0012008548,0.0,0.0,0.0,0.73075676,0.0,0.10833162,0.0,0.3068974,0.0,0.0,1.1102297,0.0,1.2291797,0.0,0.023281395,0.8206125,0.0,1.0408349,0.0,0.0,0.0,1.0015197,0.15130882,0.0,1.1040075,1.3191035,0.0,0.0,0.0,0.0,0.0,1.4605136,0.0,1.2764013,0.9527283,0.7077232,0.0,1.746862,1.0478939,1.8623551,1.9612142,0.0,0.0,0.0,0.0,0.0,0.0,0.38717985,0.15823221,0.0,1.1219459,0.0,0.0,1.5359081,0.0,0.11728686,0.39202523
U01761,0.0,0.79686874,0.0,0.0,0.0,1.2917042,0.0,0.0,0.0,1.7121152,1.4171497,0.0,0.0,0.59113693,0.0,0.0,0.0,1.3450614,0.0,0.80105746,0.6828093,0.34106502,0.0,0.0,1.379785,0.0,1.2238075,1.2265587,1.3886222,0.0,0.0,0.64773154,1.4713643,0.0,0.9581828,0.0,2.187943,0.0,0.5147836,0.0,0.0,0.834648,0.0,0.62625086,0.0,0.0,0.0,0.0,1.1651998,0.0,0.0,1.8033012,0.0,0.43183187,0.39950538,0.0,0.0,0.0,0.0,0.0,0.0,0.05287152,0.190415,1.4011552
U01762,0.5103183,0.0,0.27663705,0.13473576,0.6294723,0.90146554,0.31860185,0.39555836,0.60194445,0.0,0.4570636,0.18768348,0.0,0.0,0.2517231,0.01016736,0.0,0.663108,0.56725484,1.0529318,0.0,0.0,1.692081,0.0,1.0146257,0.36876315,0.0,0.0,0.3534522,0.5575269,0.30650717,1.8076301,1.057113,0.20221153,0.0,0.06929934,0.0,0.4004402,0.92754114,0.0,1.4289644,1.4207169,0.61149323,0.0,1.30556,0.69439685,2.7463365,2.2782972,0.0,0.25611362,0.26535094,0.0,0.17713061,0.0,0.5233971,0.56856894,0.15712652,0.0,0.06390846,0.0,0.5810187,0.0,0.0,1.2368982
U01763,0.0,0.0,0.0,0.0,0.0,1.4113288,0.0,0.0,0.0,0.0,0.35823146,0.0,0.0,0.44885373,0.9052158,0.0,2.6709194,0.0,0.0,0.0,0.0,1.6291599,2.5303688,0.6847841,1.6214614,0.0,0.0,0.0,0.63468003,0.0,0.0,1.3079704,0.79955757,0.0,0.23928267,0.0,0.2771684,0.0,2.6495533,0.0,0.41057068,1.3655323,0.6701176,1.4626698,0.8362513,0.7562547,0.87178373,0.20679817,0.0,0.0,0.0,0.7949369,0.0,0.15182969,2.591311,0.0,0.0,0.0,0.0,0.0017003891,0.0,1.163362,0.20588583,1.2911172
U01764,0.0,1.3937293,0.0,0.0,0.0,0.0,0.0,0.12255639,0.13389915,1.196077,0.015572749,0.03583893,0.2809403,0.8084388,1.3094379,0.0,0.0,0.21821976,0.0,0.34748936,1.4951553,0.40099645,0.14488941,0.29457235,0.0,0.0,1.851148,0.9397132,0.0,0.0,0.0,0.0,0.0,0.0,0.78257966,0.0,0.09818891,0.08179769,1.190997,1.3282552,0.0,0.0,0.3637238,0.0,0.0627166,0.0,0.8651507,0.13617373,0.8935405,0.1526921,0.0,0.0,0.0,0.0,0.03408277,0.0,0.0,1.4544536,0.15374315,0.0,0.647527,0.36117536,0.0,0.0
U01765,0.0,0.0,0.1455123,0.0,0.0,1.444069,0.0,0.0,0.0,0.0,1.1722118,0.0,0.0,0.0,0.0,0.0,2.794209,0.0,0.0,0.0,0.0,2.3968332,2.695526,0.0,1.8908367,0.0,0.0,0.0,1.6257228,0.0,0.019940108,1.1925061,1.6691228,0.0,0.0,0.124325156,0.5707204,0.0,2.5980124,0.0,0.08980137,1.1371241,0.0,0.97679144,0.71112454,0.0,0.0,0.34201542,0.0,0.0,0.0,1.1352878,0.0,0.0,2.416904,0.0,0.05057022,0.0,0.0,0.0,0.0,0.07993185,0.761423,0.98291385
U01766,0.0,1.2356119,0.0,0.0,0.0,0.06486623,0.0,0.040095642,0.0,0.6967304,0.6323049,0.0,0.0,0.0,0.737739,0.0,0.5780123,1.2896352,0.0,1.4229128,0.45401692,0.0,0.36925668,0.0,0.7766527,0.0,1.4446579,0.0,1.1387017,0.0,0.0,0.63176775,1.1004457,0.0,0.27973926,0.0,0.0,0.0,0.46630827,0.92629457,1.289371,0.28577024,0.90794265,0.0,0.58378947,0.9453583,0.8236924,0.9722953,0.20784444,0.0,0.0,0.18405433,0.0,0.0,0.0,0.0,0.0,0.66975677,0.0,0.034389086,0.7173605,0.52456254,0.33677536,0.0
U01767,0.24540806,1.6919785,0.04295671,0.0,0.0,0.0,0.044207156,0.0,0.0,1.7129284,0.0,0.0,0.12159459,1.6232708,0.65155447,0.26182118,0.0,2.8050463,0.026485652,2.8388011,1.7856659,0.0,0.0,0.0,0.0,0.18910211,1.2636695,2.0999694,0.37568688,0.0,0.09348044,0.0,0.0,0.20887145,1.2704167,1.1078101,0.18015781,0.09374383,0.0,2.11972,0.0,0.0,0.0,0.0,1.9787973,0.4988892,0.0,0.0,1.7912152,0.09502657,0.160362,0.0,0.0,0.0,0.0,0.082193136,0.0,1.4881024,0.0,0.16467589,1.0460526,0.0,0.71792847,0.0
U01768,0.23935938,0.0,0.24566795,0.42980558,0.46817034,1.4609582,0.35635316,0.0,0.06784663,1.8892269,2.291102,0.10401699,0.063990414,0.0,0.0,0.16132268,1.3671558,0.0,0.41761336,1.3156946,0.0,1.846422,0.4542448,0.0,1.9936626,0.44790047,0.0,0.0,3.4453635,0.30487055,0.4440931,0.412521,3.1513245,0.2641526,0.0,0.5417968,2.060628,0.35855493,0.0,0.6173632,0.17667702,0.0,0.0,0.21260932,0.0,0.0,0.0,0.0,0.7109046,0.4218129,0.39648932,2.1027908,0.22193325,0.0,0.0,0.32663783,0.4044286,0.0,0.11593446,0.0,0.0,0.0,0.5719175,0.7233802
U01769,0.0,1.54024,0.0,0.0,0.0,0.0,0.0,0.0,0.06698468,1.2811288,0.0,0.112742275,0.0,0.2637732,0.95826733,0.0040369034,0.81367654,0.9094559,0.0,0.0,1.5704418,0.0,0.41673344,0.5636396,0.0,0.00042280555,2.2112706,1.1895392,0.24592257,0.0,0.0,0.0,0.0,0.0,0.6393812,0.0,0.0,0.0,1.3140233,1.5628129,0.2545441,0.20085686,0.16961013,0.32233036,0.59833974,1.0926453,0.38455367,0.0,0.9188248,0.0,0.0,0.0,0.0,0.0,0.86045134,0.0,0.015619814,1.0845115,0.21697575,0.0,1.0373818,1.9795336,0.25255275,0.0
U01770,0.0,0.0,0.0,0.0,0.2199281,0.7868254,0.0,0.33114797,0.0,0.0,1.0283345,0.0,0.10713273,0.0,0.0,0.0,0.0,0.5694121,0.0,0.6028861,0.0,0.38413715,1.6570089,0.0,1.5691166,0.0,0.0,0.0,1.1068652,0.0,0.0,1.0880591,1.5101899,0.0,0.0,0.0,0.0,0.0805918,1.4876089,0.0,1.088809,1.4930739,0.49114895,0.0,0.158028,0.020027637,2.425374,1.969046,0.0,0.07568672,0.02656988,0.0,0.11690501,0.0,1.1119806,0.16757867,0.11319296,0.0,0.09393901,0.0,0.6289058,1.3186171,0.25557268,1.3247135
U01771,0.46089545,0.0,0.34173286,0.36637622,0.13710992,1.0598078,0.30793607,0.0,0.24980554,0.91620094,1.2405094,0.1432299,0.0,0.0,0.0,0.034795225,1.8185734,0.0,0.4587238,1.0842059,0.0,1.2889944,0.485941,0.0,1.4534037,0.29968166,0.0,0.0,2.3588145,0.18518382,0.5203647,0.92701304,2.1768603,0.2868431,0.0,0.49118215,1.2111892,0.17706525,0.3456821,0.36657417,0.32615834,0.48352122,0.0,0.26841977,0.0,0.0,0.368926,0.9417399,0.18888068,0.42831746,0.13480607,1.1243132,0.21942987,0.0,0.8259162,0.44233328,0.35513702,0.0,0.105599225,0.0,0.0,0.0,0.96507585,0.35307133
U01772,0.29106545,0.057190716,0.39917877,0.0,0.22867434,0.0,0.038017273,0.48693037,0.36825696,0.0,0.5665474,0.0,0.0,0.0,0.0,0.0,0.0,1.6164176,0.0,0.0755043,0.0,0.0,0.95681745,0.25401986,0.0,0.08726993,0.0,0.0,0.44809777,0.0,0.0,1.5008543,0.62654537,0.34518743,0.0,0.0,0.0,0.41305646,0.13848776,0.0,1.9493775,1.6506155,1.21712,0.0,1.075087,1.6486809,2.6376715,1.6947725,0.0,0.0,0.0,0.0,0.0,0.21343043,2.0125885,0.0,0.0,0.0,0.0,0.0,1.1667943,1.525396,1.3912722,0.23354483
U01773,0.0,0.0,0.0,0.0,0.052704424,0.8147508,0.0,0.2883324,0.1039404,0.0,1.1180924,0.0,0.0,0.6713774,0.12860703,0.0,0.0,0.9661863,0.0,1.2994977,0.0,0.46628374,1.5851591,0.0,1.3124418,0.0,0.0,0.0,0.813148,0.0,0.0,0.96651113,0.85852957,0.039593846,0.0,0.0,0.0,0.0,1.1209759,0.0,0.8257542,1.095734,0.08603902,0.0,1.3484273,0.216905,1.9498996,1.5705662,0.0,0.0,0.0,0.0,0.0,0.0,0.29965138,0.003060937,0.0,0.0,0.0,0.0,0.9783616,0.67273474,0.4262172,1.116976
U01774,0.0,0.62168074,0.0,0.0,0.0,0.79908895,0.0,0.0,0.0,0.26375747,0.4923912,0.0,0.0,0.0,1.0296661,0.0,2.0745058,0.0,0.0,0.0,0.0,1.8147242,2.0326548,0.0,0.9817898,0.0,0.15684974,0.66671354,0.91718024,0.0,0.0,0.18968481,1.06183,0.0,0.06452662,0.0,0.21617821,0.0,2.5492094,0.23717701,0.0,0.31240433,0.0,1.0178412,0.0,0.20422912,0.0,0.0,0.26125836,0.013030827,0.0,1.1097937,0.0,0.0,1.994481,0.0,0.019880503,0.0,0.0,0.0,0.0,1.1426704,0.41331422,0.3387015
U01775,0.31848893,0.0,0.13053611,0.28674558,0.23432438,1.2428486,0.17650741,0.06891492,0.19058584,1.2523077,1.3781266,0.058072083,0.0,0.0,0.0,0.03864771,0.95982844,0.0,0.14937654,1.1904272,0.0,1.6048493,0.8307027,0.0,1.6572776,0.2545396,0.0,0.0,2.2642732,0.13240469,0.10972315,0.555621,2.200871,0.31755573,0.0,0.35877782,1.2667328,0.14506695,0.0,0.07227433,0.26692444,0.3956346,0.0,0.0,0.0,0.0,0.0599937,0.6767161,0.2414468,0.4167025,0.040227387,1.2295358,0.113857955,0.0,0.16614366,0.45270413,0.2744788,0.0,0.17010263,0.0,0.0,0.12367731,0.54311943,0.7665155
U01776,0.10304332,0.6271161,0.0,0.13756359,0.0,0.0,0.22007567,0.31549233,0.17543046,0.0,0.0,0.0,0.13333793,0.9566479,1.8797623,0.1687397,1.1721374,0.0,0.08626297,0.0,1.1824319,0.2991619,1.2976489,1.0836929,0.0,0.09677032,0.9391954,0.07222605,0.0,0.0,0.035427198,0.2630176,0.0,0.09718296,0.74317735,0.14053738,0.0,0.18103549,3.0766912,0.0,0.0,0.34170085,1.0453572,0.43887883,0.37728798,0.99383223,1.5998049,0.47907582,0.0,0.23761535,0.13863088,0.0,0.2814609,0.0,2.1157298,0.20466742,0.1852602,0.80217093,0.09863523,0.0,0.44627774,0.87411976,0.080715775,0.0
U01777,0.050699234,0.82135534,0.0,0.0,0.0,0.0,0.24228728,0.0,0.0,0.0,0.0,0.0,0.0,0.0,0.08389151,0.0,2.5926836,2.5187566,0.0,1.2522067,0.0,0.0,0.0,1.3991649,0.0,0.0,0.0,0.5574336,0.0,0.014237778,0.1175915,0.72715664,0.0,0.0579547,0.541939,0.0,0.0,0.0,0.0,0.2714466,1.2344873,0.94144106,1.6508685,0.2366854,0.96315795,1.7556518,0.75724393,0.8011825,0.0,0.0,0.0,0.33077317,0.0,0.54712236,1.9488884,0.0,0.0,0.0,0.0,0.0,0.17906481,2.3559902,1.8494834,0.0
U01778,0.13915396,0.0,0.5413012,0.51569605,0.0,1.1977346,0.08062291,0.0,0.035838485,0.0,0.32640284,0.13057226,0.0,0.49178976,0.5638462,0.24040738,1.3152765,0.0,0.039660543,0.0,0.0,1.6434064,2.2896342,1.2194095,0.77860916,0.426951,0.0,0.0,0.0,0.3875438,0.2253578,0.9690256,0.33078027,0.08728385,0.0,0.48256963,0.0,0.0,2.9414926,0.0,0.618924,1.3951927,1.1181662,0.59712887,0.27584302,0.8540591,2.1852298,1.0705763,0.0,0.2597816,0.05064577,0.01886525,0.24017024,0.0,2.6855044,0.096559346,0.61839366,0.0,0.16475102,0.0,0.0,2.5962024,0.48996025,0.65741146
U01779,0.0,0.0,0.0,0.0,0.0,1.9992102,0.0,0.0,0.0,0.0,1.0685941,0.0,0.0,0.74315673,0.0,0.0,0.0,2.1273408,0.0,1.3729407,0.0,0.3889616,1.1473124,0.36410874,1.3057687,0.0,0.0,0.0,0.5704566,0.0024300735,0.0,2.40481,1.5114939,0.0,0.0,0.0,0.1864005,0.0,0.0,0.0,2.1144416,1.5679041,1.1926816,0.3686019,1.2312512,0.7896297,3.1811934,2.57147,0.0,0.0,0.0,0.0,0.0,0.0,0.117872834,0.0,0.0,0.16234756,0.0,0.0,0.1445269,0.0,0.0,1.5389175
U01780,0.0,0.0,0.0,0.0,0.0,0.22364184,0.0,0.0,0.0,1.7081525,0.0,0.0,0.0,1.5100393,0.0,0.0,0.0,2.638332,0.0,0.0,1.6723199,0.0,0.0,0.0,0.0,0.0,2.118892,1.3579521,0.7128273,0.0,0.0,0.0,0.0,0.0,0.7830893,0.0,0.5355045,0.0,0.1474243,0.75941575,0.0,0.67900896,0.0,0.06020859,0.0,0.0,0.9555502,0.0,0.702564,0.0,0.0,0.031208575,0.0,0.0,0.71047795,0.0,0.0,0.020912647,0.0,0.0,0.0,0.9774474,0.0,0.0
U01781,8.623187,0.0,7.860308,9.817931,8.1275,0.0,7.989125,7.363208,8.732592,0.0,0.0,7.4014006,8.447624,0.0,0.0,9.748234,0.0,0.0,9.396953,0.0,0.0,0.0,0.0,0.0,0.0,8.22544,0.0,0.0,0.0,9.409261,7.5578794,0.0,0.0,8.769754,0.0,0.6663367,0.0,8.591886,0.0,0.0,0.0,0.0,0.0,0.0,0.0,0.0,0.0,0.0,0.0,9.299067,8.881534,0.0,9.441455,0.0,0.0,9.0678005,8.627358,0.0,8.973636,0.0,0.0,0.0,0.0,0.0
U01782,0.0,0.37201554,0.0,0.0,0.0,0.70903945,0.0,0.0,0.0,0.81193846,0.28674185,0.0,0.0,1.5000721,1.8156428,0.0,0.88577914,1.0773224,0.0,0.0,1.4566962,0.27204087,0.22479302,1.2449701,0.010901332,0.0,1.6056379,1.8287848,0.0,0.0,0.0,0.25080824,0.0,0.0,1.4405894,0.0,0.93816376,0.0,0.68306446,1.0560957,0.0,0.6597121,1.0028387,1.7102807,0.0,0.98105764,0.64077896,0.36993107,0.92024624,0.0,0.0,0.43839505,0.0,0.028366387,0.8266927,0.0,0.0,0.1828345,0.0,0.16529004,0.45209765,1.330801,0.0,0.3254956
U01783,0.009328485,0.7181238,0.0,0.0,0.0,0.0,0.0,0.0,0.17432445,1.1564231,0.0,0.0,0.0,1.0312175,1.8763905,0.0,0.0,1.2402141,0.036979944,0.3157611,1.8597354,0.111392975,0.0,0.712773,0.0,0.017947704,2.1254945,1.4331436,0.0,0.0,0.08242604,0.0,0.0,0.0,1.2396331,0.4575401,0.3270088,0.0,0.52907455,1.4472928,0.0,0.01970759,0.55979526,0.41407013,0.0,0.38638228,0.56341547,0.35240766,1.0673656,0.0,0.0,0.0,0.0,0.0,0.0,0.0,0.0,1.1207368,0.0,0.0,0.7326103,0.4956098,0.0,0.0
U01784,0.0,0.72850347,0.0,0.0,0.0,0.6542767,0.0,0.0,0.0,0.0,0.85015666,0.0,0.0,0.0,0.6031096,0.0,1.125892,0.0,0.0,0.0,0.0,1.0566232,1.9035587,0.27311638,1.2706089,0.0,0.6513649,0.0,1.2671387,0.0,0.0,0.66061616,1.0964423,0.0,0.0,0.0,0.0,0.0,2.632472,0.34792495,0.55942917,0.76159585,0.753284,0.23460084,0.7624303,0.7717507,1.2235011,0.9927076,0.0,0.0,0.0,0.21975589,0.0,0.0,1.8877777,0.0,0.0,0.6578938,0.0,0.007846808,0.6238967,0.8330163,0.0,0.45055044
U01785,0.0,0.09835732,0.0,0.0,0.0,0.5362084,0.0,0.0,0.0,1.4233261,1.6597409,0.0,0.0,2.0750349,0.0,0.0,0.0,3.0498118,0.0,1.6464584,0.0,0.009907812,0.0,0.0,0.8255317,0.0,0.0,0.30854774,1.2913988,0.0,0.0,0.9179268,0.7017463,0.0,0.0,0.0,1.1976492,0.0,0.0,0.20956588,0.5576398,0.5419276,0.0,0.0,1.3284521,0.0,1.4578462,1.6785882,0.76309466,0.0,0.0,0.66419744,0.0,0.13811189,0.0,0.0,0.0,0.0,0.0,0.09633292,1.15123,2.0333135,0.7038146,1.393332
U01786,0.30755395,1.3982103,0.3032083,0.23880148,0.0,0.0,0.09031677,0.0,0.0,1.7601124,0.0,0.0,0.0,1.8654783,0.8419525,0.31423485,0.0,3.0653994,0.09285453,2.8478508,2.0998127,0.0,0.0,0.0,0.0,0.14514045,1.4538682,1.9593664,0.23931909,0.0,0.12222405,0.0,0.0,0.2603447,1.2284921,1.1636914,0.0,0.05389923,0.0,2.1547554,0.0,0.0,0.0,0.0,1.713818,0.7006959,0.0,0.0,1.6361585,0.0731695,0.082780436,0.0,0.036204934,0.0,0.0,0.13253766,0.16315874,1.7301135,0.0,0.058896232,1.2524927,0.0,0.53138244,0.0
U01787,1.6643213,0.75427216,1.5080398,1.8319759,0.885265,0.0,1.8714149,1.2472012,1.5990038,1.1856035,0.0,0.8375075,1.1015955,1.4188921,0.47069836,1.5991724,0.0,2.1390023,1.6682909,2.0107186,1.164221,0.0,0.0,0.0,0.0,1.3897223,1.0548122,1.2186749,0.0,1.3506128,1.3919103,0.0,0.0,1.7540442,0.5801861,2.3367434,0.0,1.67111,0.0,1.1556244,0.0,0.0,0.0,0.0,0.8870804,0.35248506,0.0,0.0,0.94394064,1.5377487,1.3804011,0.0,1.2838883,0.0,0.0,1.6936973,1.4818461,0.8760704,0.95167345,0.0,0.6943151,0.0,0.6589372,0.0
U01788,0.0,1.574858,0.0,0.0,0.0,0.0,0.0,0.0,0.0,0.61360055,0.13952394,0.0,0.0,0.71998876,1.5870776,0.0,0.15763253,1.1992801,0.0,0.85836077,1.3527331,0.19666323,0.004649043,0.29549825,0.29655635,0.0,1.647537,0.7972816,0.3197227,0.0,0.0,0.0,0.86834973,0.0,0.47356838,0.0,0.08882555,0.0,1.566899,0.5136764,0.36535096,0.09438041,0.7667476,0.22739804,0.44507313,0.8863138,0.94882345,1.2077568,0.32092822,0.0,0.0,0.0,0.0,0.051267743,0.42884636,0.0,0.0,1.1192273,0.0,0.010337321,0.82364446,0.5410569,0.0,0.0
U01789,0.0,0.66341305,0.0,0.0,0.0,0.2618998,0.0,0.0,0.0,0.39269745,1.0062445,0.0,0.0,0.73060715,0.0,0.0,0.7964152,2.5100665,0.0,1.282758,0.0,0.0,0.15971982,0.23980808,0.3212821,0.0,0.14635217,0.0,0.6103854,0.0,0.0,0.7945725,0.7059551,0.0,0.0,0.0,0.11520594,0.0,0.0,0.43135548,0.87044233,0.90742695,0.18625721,0.0,1.356987,0.84534085,1.5762814,1.0306019,0.0,0.0,0.0,0.5119033,0.0,0.116410464,0.9230875,0.0,0.0,0.0,0.0,0.0,0.8748844,2.1226728,1.148478,0.3576609
U01790,0.0,0.31651694,0.0,0.0,0.0,0.6519009,0.0,0.0,0.0,0.058372974,0.0,0.0,0.0,1.1826295,1.8640481,0.0,1.0178057,0.57099414,0.0,0.0,1.3477476,0.20248342,0.3997299,1.3539379,0.0,0.0,1.156174,0.7069645,0.0,0.0,0.0,0.35166115,0.0,0.0,1.1650375,0.101073146,0.18364069,0.0,0.69037735,1.1567987,0.14952111,0.1957103,1.3924975,1.0452113,0.13513708,0.8769176,1.4880681,1.0859834,0.36021,0.0,0.0,0.12393388,0.0,0.0,0.25714827,0.0,0.0,0.65984833,0.0,0.09686759,0.5420417,0.41710532,0.0,0.13845408
U01791,0.0,0.42418212,0.0,0.029349685,0.0,0.0,0.08456838,0.002181977,0.0,0.0,0.0,0.073839255,0.19915181,1.4938655,1.8993824,0.0,0.4365365,0.0,0.0,0.0,1.6401242,0.0,0.87899023,1.2090963,0.0,0.06748226,0.5884846,0.39117074,0.0,0.15907373,0.0,0.4195832,0.0,0.0,1.133072,0.5133848,0.0,0.0,3.107828,0.4762652,0.33568758,0.4394247,1.1810035,0.3300607,1.0980784,1.39519,1.7330754,1.3413694,0.0,0.122735694,0.18984914,0.0,0.11630832,0.11836448,1.6316043,0.0,0.03539151,1.5497217,0.0,0.0,1.2232707,0.0,0.0,0.008067071
U01792,0.34641173,1.5812845,0.0,0.3254288,0.051143616,0.0,0.32669696,0.28412762,0.40715706,2.2556138,0.0,0.21049589,0.2947939,1.0052088,0.13914454,0.31988612,0.0,1.7412161,0.23760673,1.0280969,1.6705985,0.0,0.0,0.0,0.0,0.33528754,2.7702894,1.694537,0.2726037,0.43150145,0.43472248,0.0,0.0,0.3835333,0.30108136,0.37539643,0.030092359,0.35248291,0.0,1.4478137,0.0,0.0,0.0,0.0,0.0,0.0,0.0,0.0,1.4938538,0.56846005,0.32221445,0.0,0.40784305,0.0,0.0,0.23615822,0.48509347,1.3431463,0.43941897,0.0,0.28190228,1.6861484,0.0,0.0
U01793,0.0,1.7597556,0.0,0.0,0.0,0.0,0.0,0.0,0.0,1.1723337,0.0,0.0,0.0,0.0,1.2255836,0.0,1.7995899,0.38526368,0.0,0.0,1.8489008,0.0,0.29441196,0.99455315,0.0,0.0,2.6254919,1.1442426,0.0,0.0,0.0,0.10970682,0.12112952,0.0,0.95854425,0.0,0.0,0.0,0.2526188,2.0508475,0.8009433,0.009199828,0.9121716,1.1916761,0.28907013,1.1990583,0.509919,0.29223508,1.1710434,0.0,0.0,0.16303548,0.0,0.34008333,0.5157025,0.0,0.0,1.4174396,0.0,0.2960964,0.93499947,0.72397983,0.0,0.0
U01794,0.5510539,0.0,0.5306672,0.4549935,0.86908257,1.9786519,0.7442538,0.044611916,0.68688416,0.0,2.6067984,0.18565989,0.25649577,0.0,0.0,0.21732107,0.37467492,0.0,0.7953993,0.8140987,0.0,1.8548942,2.045855,0.0,2.967314,0.38545814,0.0,0.0,3.1543818,0.6935104,0.4117218,2.7806323,3.3617053,0.12929642,0.0,0.0,1.5170158,0.75700176,0.0,0.0,1.5172195,1.7003472,0.0,0.0,1.047003,0.0,0.36868727,2.1838896,0.0,0.30631903,0.64427435,1.0387365,0.3365959,0.0,1.0083684,0.3113781,0.7585678,0.0,0.008622423,0.0,0.0,0.0,0.72223383,2.264047
U01795,0.0,0.9523379,0.03501025,0.08009261,0.0,0.058306515,0.08618617,0.097474694,0.20346215,0.0,0.0,0.0,0.0,1.8620937,0.5988425,0.057778478,1.345379,0.81233025,0.0,0.7757219,0.0,0.096802264,0.45978123,0.91480464,0.0,0.0,0.0,0.7855578,0.0,0.0,0.0,0.0,0.0,0.29464278,0.0,0.0,0.0058400333,0.30684054,0.0,0.16920376,0.0,0.40578473,1.2895672,0.3866911,0.29390037,0.8635375,1.2914786,0.9122944,0.35753053,0.0,0.0,0.24003062,0.0,0.1962159,1.8224465,0.33645257,0.0,0.0,0.0,0.0,0.23962343,2.2248445,0.75993174,0.50790596
U01796,0.0,0.0,0.0,0.0,0.0,0.6779591,0.0,0.025992647,0.0,0.0,0.0,0.0,0.0,1.0928984,1.9447562,0.0,1.7190905,0.0,0.0,0.0,0.5771216,0.8522784,2.596635,1.3278085,0.8275894,0.0,0.0,0.0,0.0,0.0,0.0,0.84604955,0.0,0.0,0.9259442,0.0,0.0,0.0,3.1991465,0.0,0.4920367,1.0288448,0.90050054,0.56454825,1.1956557,0.85403204,1.9905332,0.7764926,0.0,0.0,0.0,0.0,0.0,0.27823386,2.4820433,0.0,0.0,0.2745403,0.0,0.0,0.35142723,0.23691303,0.0,0.82443607
U01797,0.0,1.1424584,0.0,0.0,0.0,0.23639745,0.0,0.0,0.0,0.69814056,0.60334027,0.0,0.0,1.5152459,1.3310822,0.0,0.0,0.0,0.0,0.18201876,0.54638743,1.0219772,1.9181528,0.63908213,0.77148545,0.0,1.7578206,0.37061548,0.0918867,0.0,0.0,0.0,0.0764018,0.0,0.14029211,0.0,0.0,0.0,2.726843,0.0,0.0,0.22229451,0.0,0.0,0.32686722,0.0,1.1705781,0.3595653,0.4709478,0.0,0.0,0.0,0.0,0.0,1.3088199,0.0,0.0,0.5870905,0.0,0.09728476,0.53301007,2.0950959,0.0,0.55645204
U01798,0.3426732,0.5378487,0.1181892,0.56375825,0.030432463,0.73285985,0.4877048,0.0,0.32615808,2.0029192,1.4730607,0.24131347,0.26209962,0.0,0.0,0.061186552,1.6867133,0.0,0.36387008,1.2940636,0.0,1.5160003,0.2664196,0.0,1.4543095,0.40647134,0.0,0.1915114,2.7325525,0.2447137,0.20445624,0.0,2.5112092,0.44155666,0.0,0.40684617,1.091777,0.16361871,0.0,1.0547185,0.0,0.0,0.0,0.12193444,0.0,0.0,0.0,0.0,0.89848626,0.42431012,0.14286572,1.7628881,0.43364692,0.0,0.0,0.3875481,0.37871802,0.0,0.19571048,0.0,0.0,0.0,0.5285045,0.0
U01799,0.0,0.0,0.0,0.0,0.0,0.7840899,0.0,0.0,0.0,0.0,0.0,0.06455953,0.0,1.0574949,1.9418962,0.0,1.1496563,0.80041397,0.15847555,0.24915004,0.689099,0.0,0.29840946,1.4866397,0.020054936,0.0,0.22633839,0.0,0.0,0.0,0.0,1.2876275,0.0,0.0,0.84976655,0.0,0.0,0.0,0.5983529,0.0,0.9314255,0.9128362,1.8546284,0.7744376,0.5074761,1.3027303,2.53168,2.3358731,0.0,0.0,0.07581154,0.0,0.0,0.122490436,0.99525726,0.0,0.0,0.6838663,0.0,0.0,0.6244603,0.44818115,0.0,0.56331563
U01800,0.0,0.0,0.0,0.0,0.0,1.3068069,0.0,0.24573836,0.0,0.0,0.22353113,0.0,0.0,1.4024388,1.5943577,0.0,1.1992899,0.0,0.0,0.24508595,0.0,0.58245754,2.310859,1.2303683,0.9412899,0.0,0.0,0.0,0.0,0.0,0.0,1.0269896,0.036126226,0.0,0.5086647,0.0,0.0,0.0,1.5768589,0.0,0.8131965,1.1096362,0.99296856,0.2122364,0.7404299,0.54297096,2.547277,1.6320226,0.0,0.0,0.0,0.0,0.0,0.09623319,1.1497675,0.0,0.0,0.0,0.0,0.0,0.20541054,0.9137801,0.0,1.4632764
U01801,0.927871,0.0,1.0745102,1.3563012,1.2478076,1.9862472,1.1275575,0.0,1.2964154,1.4611369,3.0302966,0.621382,0.9107305,0.0,0.0,0.96739054,0.6624999,0.0,1.2576215,1.410688,0.0,1.9190366,0.46479183,0.0,2.5695956,0.8278502,0.0,0.0,4.4167995,1.0989304,0.8078408,1.5167625,4.003784,0.69106513,0.0,1.0784482,1.8504505,0.99004066,0.0,0.0,0.7571359,0.73476195,0.0,0.0,0.0,0.0,0.0,0.0,0.0,1.2084919,1.0294534,2.4465034,1.130123,0.0,0.0,1.1148144,0.9879062,0.0,0.7441098,0.0,0.0,0.0,1.6239829,1.581135
U01802,0.0,0.26289493,0.0,0.0,0.0,0.9891261,0.0,0.0,0.0,0.44055426,0.41374224,0.0,0.0,1.3233674,1.3501847,0.0,0.9110854,1.5570092,0.0,0.6016042,1.2518044,0.41534218,0.266231,1.1445239,0.055286944,0.0,0.9654089,1.2735082,0.17278135,0.0,0.0,0.82868636,0.16588321,0.0,1.0189583,0.0,1.1754048,0.0,1.0014869,0.46164942,0.08154851,0.8649211,1.4205976,1.2259316,0.0,0.7588354,1.6626909,1.2538255,0.45931208,0.0,0.0,0.7170266,0.0,0.15451825,1.3206898,0.0,0.0,0.10443783,0.0,0.21043928,0.21019584,1.6180123,0.37184858,0.6763644
U01803,0.0,0.8849595,0.0,0.0,0.0,0.0,0.0,0.0,0.0,2.420436,0.9370829,0.0,0.0,1.7175032,0.0,0.0,0.0,3.5906007,0.0,2.6391656,0.77318776,0.0,0.0,0.0,0.26210505,0.0,2.135851,0.63864535,1.5419002,0.0,0.03380242,0.0,0.33174384,0.0,0.0,0.10985732,0.0,0.0,0.0,1.0184443,0.07534245,0.0,0.0,0.0,1.1974475,0.0,0.0,0.0,1.2244511,0.0,0.0,0.0,0.0,0.0,0.0,0.0,0.0,1.5319085,0.0,0.0,0.87619174,2.1594312,0.0,0.0
U01804,0.0,0.0,0.0,0.0,0.0,0.47264203,0.0,0.0,0.0,0.0025658607,0.090877235,0.0,0.0,0.5279065,1.1023862,0.0,0.14432174,0.6849785,0.0,0.0,0.5966542,0.7668439,1.4824591,1.0522395,0.30871505,0.0,1.0676099,0.2945217,0.73208106,0.0,0.0,0.5141436,0.42316544,0.0,0.3681305,0.0,0.044390425,0.0,2.4529886,0.0,0.72849864,1.2183163,0.84755194,0.56338596,0.1869502,0.8364225,1.604704,0.15736383,0.0,0.0,0.0,0.0,0.0,0.0,1.7188815,0.0,0.0,0.0,0.0,0.0,0.32294354,2.6290612,0.0,0.22933161
U01805,0.0,0.42384124,0.0,0.0,0.0,0.8217052,0.0,0.0,0.0,2.1981292,1.6897869,0.0,0.0,0.0,0.0,0.0,0.0,1.0541389,0.0,0.59268796,0.0,0.2490494,0.0,0.0,1.5202026,0.0,0.5094082,0.0,2.4845014,0.0,0.0,0.85197437,1.9180074,0.0,0.0,0.0,1.1492984,0.0,0.0,0.0,0.5709618,0.44528443,0.0,0.0,0.0,0.0,0.0,0.0,0.6877969,0.0,0.0,1.3637284,0.0,0.0,0.009140253,0.0,0.0,0.0,0.0,0.0,0.0,1.0463072,0.5803087,1.2369964
U01806,0.540099,0.0,0.35291463,0.2448906,0.7497558,0.42567667,0.43155622,0.3003387,0.34397876,0.0,1.2462162,0.0,0.511495,0.0,0.0,0.23936164,0.0,0.41124463,0.5669346,0.5974771,0.0,0.0,2.1511612,0.0,1.7430592,0.53179204,0.0,0.0,0.9188474,0.7672559,0.0,1.7349112,1.5333048,0.44773465,0.0,0.0,0.0,0.31838673,0.9455135,0.0,1.935394,1.90312,0.69043016,0.0,1.6675814,0.3956455,2.9536915,2.9756706,0.0,0.12405978,0.5031574,0.0,0.32638735,0.0,1.3625442,0.58159906,0.4072051,0.0,0.0,0.0,1.3730128,0.4235488,0.2908675,1.5983453
U01807,0.0,0.114286125,0.0,0.0,0.0,0.5850626,0.0,0.0,0.0,0.78729016,0.8830832,0.0,0.0,0.0028572083,0.0826298,0.0,1.0163141,2.6694722,0.0,1.6716516,0.31964672,0.17697676,0.25322998,0.28550673,0.5913981,0.0,1.0498385,0.0,1.6620312,0.0,0.0,0.925725,1.6788902,0.0,0.23943615,0.0,0.07030991,0.0,0.115575,0.67482877,1.6459548,0.33540356,0.5552283,0.39667597,1.0388497,0.9850142,1.0580013,0.89145136,0.054005742,0.0,0.0,0.46910748,0.0,0.0,0.3610518,0.0,0.0,0.8507515,0.0,0.0,0.6582273,1.3243715,0.0,0.0
U01808,0.0,0.21046573,0.0,0.0,0.0,1.1495883,0.0,0.0,0.0,0.64974695,0.8482115,0.0,0.0,0.63435686,1.0270382,0.0,0.8287426,1.4663901,0.0,0.72734463,0.6474442,1.0637856,0.69023854,0.72994447,0.6332263,0.0,0.82976204,0.5367452,0.8448771,0.0,0.0,0.7112961,1.1258543,0.0,0.4737062,0.0,1.1827922,0.0,1.4928628,0.0,0.26545888,1.0628155,0.93018293,0.9239217,0.0,0.30712992,1.4320848,1.1717386,0.2793836,0.0,0.0,0.8918021,0.0,0.090702295,1.1692454,0.0,0.0,0.0,0.0,0.0,0.0102005005,2.2064097,0.26634398,0.90424645
U01809,0.0,0.0,0.0,0.0,0.0,0.8351742,0.0,0.0,0.0,1.0885434,1.9820262,0.0,0.0,1.8607167,0.0,0.0,0.0,2.4255152,0.0,2.1399813,0.0,0.60988164,0.49540347,0.0,1.3319117,0.0,0.0,0.0,1.195248,0.0,0.0,0.40902913,0.83324933,0.0,0.0,0.0,0.5056777,0.0,0.0,0.0,0.56257343,0.3990578,0.0,0.0,1.3595219,0.0,0.8902906,1.1087003,0.26900542,0.0,0.0,0.4030818,0.0,0.0,0.0,0.0,0.0,0.0,0.0,0.0,0.6178713,2.1715925,0.71071583,1.4372241
U01810,0.0,0.0,0.0,0.0,0.0,0.69011223,0.0,0.0,0.0,0.0,0.0,0.0,0.0,1.5934721,1.9332559,0.0,0.82425445,0.0,0.0,0.0,1.7712384,0.6532905,1.5935433,1.6043448,0.052195907,0.0,0.879336,0.7288675,0.0,0.0,0.0,0.7241676,0.0,0.0,1.2886846,0.0,0.05766669,0.0,3.5930755,0.21801937,0.2500699,1.0234606,1.2914943,0.9825347,0.100687504,0.869323,2.4583526,0.7478565,0.0,0.0,0.0,0.0,0.0,0.30883315,2.421659,0.0,0.0,0.39973485,0.0,0.17309491,0.3924791,1.1276414,0.0,0.6744615
U01811,0.048320115,0.13269627,0.174452,0.49637964,0.0,0.4372408,0.40902779,0.0,0.30662203,0.0,0.0,0.10255507,0.0,0.58592933,0.9641691,0.3281933,1.2511834,0.13425255,0.14221177,0.0,0.43852448,0.96514803,1.0131984,1.0614017,0.0,0.28097078,0.8617107,0.4707774,0.0,0.32415938,0.47658965,0.0,0.27587375,0.27658284,0.34191024,0.4787687,0.0,0.20423713,2.286584,0.34346545,0.0,0.48196322,0.69554687,0.89369375,0.0,0.8607453,1.1934512,0.22102216,0.0,0.15272513,0.048287533,0.14977211,0.44461107,0.0,1.8405949,0.13202223,0.39688408,0.30312598,0.33747137,0.0,0.03475052,2.7426634,0.43371403,0.0
U01812,0.0,1.3589505,0.0,0.0,0.08834995,0.0,0.0,0.0,0.034039162,2.5981529,0.31114087,0.0,0.2886201,2.2303019,0.0,0.0,0.0,1.7724557,0.0,1.4156675,1.3582455,0.021653026,0.0,0.0,0.0,0.0,2.3808205,1.1610568,0.48152113,0.19301203,0.12922587,0.0,0.0,0.0,0.02610612,0.0,0.16094355,0.0,0.5619409,1.4205928,0.0,0.0,0.0,0.0,0.12992299,0.0,0.0,0.0,1.6599023,0.0,0.022873478,0.0,0.0,0.0,0.0,0.0,0.011226803,1.3415205,0.0,0.0,0.10200447,2.4702628,0.0,0.0
U01813,0.0,0.0,0.0,0.0,0.029030219,0.80461216,0.0,0.0,0.011275351,1.1276404,1.4110521,0.0,0.0,0.0,0.0,0.0,0.4835394,0.5020292,0.0,0.98571205,0.0,0.69956416,0.09555209,0.0,1.4614232,0.0,0.0,0.0,2.1522176,0.0,0.0,1.0129975,2.0760782,0.0,0.0,0.0,1.0304925,0.0,0.0,0.0,0.45066464,0.44414294,0.0,0.0,0.0,0.0,0.55422515,0.7808354,0.19551873,0.0,0.0,1.0487629,0.036434144,0.0,0.5685302,0.0953868,0.0,0.0,0.21861714,0.0,0.0,0.4717091,0.3633502,0.6971375
U01814,0.0,0.751885,0.0,0.0,0.0,0.45719978,0.0,0.0,0.0,0.0,0.0,0.0,0.0,1.66861,1.5477418,0.0,0.8511698,0.24147296,0.0,0.0,1.291922,0.22328061,0.40357333,1.3689927,0.0,0.0,0.61199695,0.3674544,0.0,0.0,0.0,0.91069126,0.0,0.0,1.2261596,0.0,0.08250111,0.0,1.0850267,0.92511404,0.3505174,0.7012024,1.2585015,0.18797629,1.0324451,0.9035779,2.4799643,1.7932409,0.0,0.045090646,0.0,0.060757592,0.0,0.0,0.9669584,0.0,0.0,1.3949543,0.0,0.1256082,1.2217317,0.0,0.0,0.23942435
U01815,0.0,0.0,0.065905124,0.39545006,0.0,1.6054271,0.17671305,0.0,0.0,1.272583,2.2028522,0.0,0.0,0.0,0.0,0.16912198,1.0763704,0.0,0.20515823,0.99111116,0.0,1.6278334,0.7080206,0.0,1.6637254,0.16878457,0.0,0.0,2.662241,0.06451923,0.2807623,0.66390896,2.7727652,0.0,0.0,0.17982697,1.5808337,0.0,0.0,0.27851677,0.4844678,0.702677,0.0,0.3341284,0.0,0.0,0.0,0.8307239,0.40228415,0.0,0.0,1.7080842,0.0,0.0,0.0,0.12367758,0.19951414,0.0,0.0,0.0,0.0,0.32317156,0.5379132,0.80415297
U01816,0.0,0.0,0.0,0.0,0.0,1.6780372,0.0,0.0,0.0,0.7772808,2.1231322,0.0,0.0,0.73019946,0.0,0.0,1.5633931,0.51795363,0.0,0.7010318,0.0,1.714988,0.9109768,0.3617881,1.4964972,0.0,0.0,0.0,1.3747982,0.0,0.0,0.72894716,1.6929339,0.0,0.0,0.18115509,1.6612515,0.0,0.10438267,0.38427377,0.11585379,0.6554546,0.0,0.50777507,0.0,0.0,0.74302185,1.5093514,0.3306442,0.0,0.0,1.6386815,0.0,0.2671533,0.6546298,0.0,0.0,0.0,0.0,0.0,0.0,1.6919543,0.5013126,1.2906559
U01817,0.0,0.050559342,0.0,0.0,0.0,0.52922523,0.0,0.0,0.0,0.0,0.1591682,0.0,0.0,0.6704196,1.1891508,0.0,1.845398,0.0,0.0,0.0,0.47744048,1.0199955,1.7082016,0.5562878,0.825367,0.0059010386,0.0,0.0,0.18677163,0.0,0.0,0.8612871,0.17850521,0.0,0.39405513,0.0,0.0,0.0,2.924959,0.10580194,0.44204503,0.77706695,0.93659854,0.60420305,1.5433353,1.0083464,1.4138826,0.91024995,0.0,0.0,0.0,0.0,0.0,0.022617131,2.2116103,0.0,0.013908327,0.79752815,0.0,0.0,0.36577713,0.12345256,0.19997993,0.2407316
U01818,0.0,0.5122596,0.0,0.0,0.0,0.0,0.0,0.0,0.0,1.6667558,0.48726383,0.0,0.0,0.8078571,0.84622455,0.0,0.65308905,1.0262439,0.0,1.1187749,1.3013866,0.29551652,0.0,0.0,0.3016318,0.0,1.1380751,1.1585087,1.1445955,0.0,0.0,0.0,0.8660652,0.0,0.39203155,0.0,0.5884397,0.0,0.0065786103,1.242993,0.0,0.0,0.0,0.48722768,0.4549713,0.2584176,0.0,0.0,0.9952394,0.0,0.0,0.38812745,0.0,0.0,0.0,0.0,0.0,0.9547995,0.0,0.0,0.46296918,0.44745198,0.0,0.0
U01819,0.0,0.0,0.3841293,0.1347186,0.0,1.0084972,0.0,0.0,0.0,0.0,0.39467683,0.16724177,0.0,0.677493,0.69430095,0.0018621087,0.8670535,0.0,0.0,0.0,0.0,0.0,2.140533,1.6022836,0.5935297,0.22412701,0.0,0.0,0.0,0.42081368,0.0,1.6546063,0.2631598,0.0,0.07437706,0.0,0.0,0.0,0.35177583,0.0,1.9176571,1.6499335,1.5040296,0.0,0.6571465,1.065281,3.7344656,2.286644,0.0,0.0,0.0,0.0,0.012358084,0.004652947,1.2120036,0.0,0.0,0.11018729,0.0,0.0,0.665951,1.1170628,0.0,0.87124693
U01820,0.39839736,0.7321643,0.4662178,0.44640613,0.1058528,0.0,0.4991464,0.37102482,0.85728186,0.0,0.0,0.37695545,0.71368957,2.3467176,2.8988013,0.54022926,0.0,0.6134553,0.2871153,0.20965815,2.8859258,0.0,0.0,1.0653126,0.0,0.41809738,1.4640896,1.4391443,0.0,0.52691984,0.37890464,0.0,0.0,0.23319879,1.9554739,1.3156023,0.0,0.120842665,1.7544917,1.524107,0.0,0.0,0.5493835,0.5797174,1.0053906,1.4134771,0.0,0.0,0.67492723,0.46781135,0.6549748,0.0,0.8415418,0.0,0.0,0.31489068,0.41808012,1.6406126,0.20144847,0.11504708,1.2974474,0.0,0.0,0.0
U01821,0.07768279,0.0,0.28135446,0.23562324,0.44067186,1.7634323,0.37189957,0.0,0.18673499,0.1325444,2.0367599,0.31734312,0.18805233,0.0,0.0,0.0,0.9566246,0.0,0.39003775,0.0,0.0,2.7579553,1.8969405,0.0,2.1753368,0.045731604,0.0,0.0,3.0775719,0.29500723,0.08222896,1.510267,2.9475477,0.0,0.0,0.0,0.97560453,0.3385933,1.728705,0.0,0.34499145,1.8856986,0.0,0.21240103,0.0,0.0,0.0,0.0,0.0,0.62005484,0.14896196,1.9607029,0.19087574,0.0,1.5634934,0.0,0.19225524,0.0,0.005764991,0.0,0.0,0.0,1.2435395,1.2167974
U01822,0.19057596,0.0,0.10899694,0.23778212,0.22180338,1.5714064,0.19076729,0.7853354,0.5373053,0.0,0.67989004,0.18965557,0.2695287,0.70776564,0.0,0.3405223,0.71222377,0.055227757,0.39652368,0.24911427,0.0,0.7143209,2.1613433,0.80300206,0.9357896,0.39823154,0.0,0.0,0.0,0.570104,0.051525638,2.4362133,0.38357896,0.12028825,0.0,0.0,0.14061591,0.43270785,0.24944106,0.0,1.4790123,2.2315602,1.2400408,0.0,1.3720032,0.5212812,4.0722003,3.0293748,0.0,0.28989884,0.3311326,0.0,0.42137298,0.0,1.9596831,0.3718022,0.1709991,0.0,0.18401343,0.0,0.2787381,0.847597,0.5461904,1.8395183
U01823,0.0,1.6098053,0.34284258,0.3505017,0.0,0.0,0.63972175,0.16421014,0.28527972,0.0,0.0,0.0,0.47751844,0.0,1.352578,0.38829374,0.97649294,0.0,0.23208553,0.0,0.6793262,0.0,0.0,0.8126853,0.0,0.24581057,0.89818376,1.1679053,0.0,0.13474745,0.0,0.0,0.0,0.36340004,0.059141934,0.3635317,0.0,0.15517998,1.1416088,0.0,0.0,0.28508723,1.2899307,0.0,0.0,0.6358324,0.0,0.8687732,0.2317205,0.24158436,0.42465746,0.0,0.0,0.0,1.8492116,0.2591662,0.0,0.89099056,0.0,0.0,0.56255424,1.460062,0.49528623,0.0
U01824,0.0,0.0,0.0,0.0,0.0,1.7270284,0.0,0.0,0.0,0.11361003,1.8856492,0.0,0.0,0.0,0.0,0.0,0.0,1.3608233,0.0,0.5536916,0.0,1.1353538,0.96971077,0.0,1.8563545,0.0,0.0,0.0,2.048095,0.0,0.0,2.011601,2.3966658,0.0,0.0,0.0,1.5982922,0.0,0.06908715,0.0,1.3257163,1.9558947,0.32747042,0.011483848,0.0,0.0,1.6907527,1.8209869,0.0,0.0,0.0,1.1082693,0.0,0.0,0.9953636,0.0,0.0,0.0,0.0,0.0,0.0,1.413408,0.07467842,2.1348195
U01825,0.0,0.1582973,0.0,0.0,0.0,0.45478126,0.0,0.0,0.0,1.6345584,0.869946,0.0,0.0,0.24004924,0.0,0.0,0.0,1.6940733,0.0,0.18731427,0.5165777,0.53537357,0.0,0.0,0.41978097,0.0,1.3034203,0.79557806,1.5609206,0.0,0.0,0.37504876,0.9584234,0.0,0.21309465,0.0,0.72304535,0.0,0.3174742,0.7827147,0.4017673,0.9571879,0.0,0.41998056,0.0,0.0,0.28706408,0.0,0.9261631,0.0,0.0,0.6839684,0.0,0.0,0.2458005,0.0,0.0,0.30387998,0.0,0.0,0.0,1.7691199,0.0,0.026252389
U01826,0.0,1.6988173,0.0,0.17088938,0.0844598,0.0,0.0,0.0,0.2431228,2.1155887,0.0,0.0,0.0,2.1510298,0.6418376,0.25676066,0.0,1.4752824,0.0,0.59174144,2.4321113,0.0,0.0,0.12180732,0.0,0.0,1.6757462,2.3219576,0.0,0.0,0.0,0.0,0.0,0.04208377,0.9944716,0.22968853,0.16447216,0.0,0.0,1.9787735,0.0,0.0,0.0,0.22371744,0.11269498,0.0,0.0,0.0,1.5429475,0.18929611,0.0,0.0,0.0,0.0,0.0,0.0,0.12820996,1.9683108,0.091831684,0.0,1.2247518,0.45651296,0.0,0.0
U01827,0.0,0.9006078,0.0,0.0,0.0,0.32273245,0.0,0.0,0.0,0.8526492,0.23231053,0.0,0.0,0.56423634,2.1804829,0.0,0.80816793,0.07776499,0.0,0.0,1.4160451,0.7458194,0.9430353,1.28094,0.45822,0.0,2.2931793,1.5191712,0.0,0.0,0.0,0.0,0.032766998,0.0,0.99931645,0.0,0.20628417,0.0,1.2358032,0.62151456,0.0,0.36201185,0.82401824,1.223712,0.0,0.43573606,0.46251595,0.4506555,0.82250786,0.0,0.0,0.30959278,0.0,0.098667026,0.84453714,0.0,0.0,0.31120133,0.0,0.12279945,0.47714987,2.083001,0.0,0.03949964
U01828,0.34170827,0.34529853,0.2570853,0.39059657,0.34466046,0.70804334,0.46787867,0.026547208,0.36816317,1.9717219,1.503829,0.22876741,0.39257723,0.0,0.0,0.350645,0.6956099,0.0,0.50259775,1.5903656,0.0,1.1719552,0.0,0.0,1.2460575,0.3293684,0.0,0.12772429,2.8277574,0.3859874,0.2979238,0.3356617,2.4625769,0.4571278,0.0,0.34499764,1.300365,0.3617695,0.0,0.7453065,0.023705095,0.0,0.0,0.0,0.0,0.0,0.0,0.0,0.9297411,0.5444331,0.27098668,1.6239341,0.42627454,0.0,0.0,0.3953654,0.33955204,0.0,0.13012904,0.0,0.0,0.0,0.7386472,0.10579419
U01829,0.34983888,0.0,0.2702146,0.124259174,0.0,1.2826936,0.19619888,0.0,0.0,0.0,0.96643627,0.3298552,0.0,0.0,0.0,0.04907185,2.1412673,0.0,0.0,0.0,0.0,1.7188194,2.2443547,0.0,2.0952728,0.36986637,0.0,0.0,1.6532633,0.2690137,0.44657084,1.9071364,1.6516651,0.047103763,0.0,0.26155043,0.29888445,0.091083795,1.9616177,0.0,0.99433225,1.3370205,0.03437528,0.1888901,0.73935497,0.0,1.1700299,1.2314911,0.0,0.3480513,0.21017878,0.59912777,0.21973073,0.0,2.237877,0.14115074,0.5459462,0.0,0.0,0.0,0.0,0.0,0.97762156,1.2314112
U01830,0.03176093,1.290687,0.0,0.12050438,0.1443489,0.0,0.0,0.12690711,0.10818056,0.92008126,0.0,0.27710086,0.068399206,2.1127129,1.8856713,0.03775388,0.5061681,0.4881904,0.0,0.6975244,2.419102,0.0,0.0,0.3654145,0.0,0.0,1.0480953,1.9393773,0.0,0.0,0.0,0.0,0.0,0.0,1.9291369,0.15208113,0.18905321,0.0061513186,0.0057296893,1.9576924,0.0,0.0,0.1764195,0.9085044,0.9939582,0.47153836,0.11629525,0.0,1.3270092,0.20841752,0.0,0.0,0.016358674,0.0,0.0,0.047164142,0.0,1.7181393,0.05941394,0.0,0.92815125,0.0,0.0,0.0
U01831,0.3614233,0.0,0.45745355,0.01589489,0.5865122,0.47243991,0.35999668,0.188232,0.36805236,0.0,1.2453359,0.0,0.099950984,0.0,0.0,0.0,0.0,1.1596197,0.34959912,1.4380012,0.0,0.26800212,0.4501316,0.0,1.4037977,0.28831142,0.0,0.0,2.1298676,0.55328786,0.2595905,1.2656479,2.1377034,0.08035743,0.0,0.0,0.0,0.57027775,0.0,0.0,1.470912,0.7518132,0.22739482,0.0,0.91684103,0.2269625,1.5464319,1.7972529,0.0,0.16108336,0.14363638,0.0,0.0563429,0.0,0.0,0.29708225,0.41060087,0.4753589,0.0004912764,0.0,0.557711,0.0,0.0,0.3365816
U01832,0.0,1.1645195,0.0,0.0,0.0,0.4308196,0.0,0.0,0.0,1.3955151,1.1184084,0.0,0.0,1.1622301,0.5440018,0.0,0.031421423,1.9304992,0.0,0.9873576,0.48701167,0.41273057,0.107575536,0.55238706,0.7921946,0.0,1.6111265,0.39391732,1.0452211,0.0,0.0,0.0,0.8164225,0.0,0.03450495,0.09830809,0.21393502,0.0,0.42335126,1.1788665,0.25366125,0.20414531,0.504718,0.0,0.6705427,0.69642764,0.51184934,0.74415874,0.81592864,0.0,0.0,0.5566006,0.0,0.0,0.13841653,0.0,0.0,0.81392217,0.0,0.11734251,0.9492658,2.3570786,0.3204689,0.22161806
U01833,0.002731979,0.0,0.0,0.0,0.2920289,0.55985045,0.0,0.06084819,0.0,0.0,0.35571775,0.0,0.0,0.0,0.6911385,0.0,0.0,1.4325551,0.14752579,1.3326693,0.0,0.0,0.7288385,0.0,0.87950325,0.0,0.0,0.0,0.9928293,0.0,0.0,1.206689,1.5540687,0.0,0.0,0.0,0.0,0.0077985525,0.55578804,0.0,1.4500556,0.79015756,0.922927,0.0,0.5562834,0.8267758,1.9611017,1.5607618,0.0,0.0,0.0,0.0,0.0,0.0,0.41204798,0.16690385,0.0,0.0,0.0,0.0,0.48944923,0.6172936,0.0,0.9203024
U01834,0.0,0.0,0.0,0.0,0.5949244,1.1334779,0.0,0.18697134,0.0,0.0,1.2767024,0.003165692,0.0,0.0,0.0,0.0,0.0,1.145597,0.0,1.3961775,0.0,0.829094,0.87877077,0.0,1.5471418,0.0,0.0,0.0,1.8572755,0.03891643,0.0,1.5483954,2.3322372,0.0,0.0,0.0,0.7664759,0.33912444,0.0,0.0,1.3133962,0.6228157,0.0,0.0,0.2788626,0.0,1.6669536,1.8838276,0.0,0.10459329,0.0,0.7821299,0.0,0.0,0.15042269,0.22191238,0.08573362,0.0,0.0,0.0,0.0,0.0,0.0,1.2650821
U01835,0.0,0.5816739,0.0,0.0,0.0,0.6174338,0.0,0.031772047,0.0,0.51236,1.1132289,0.0,0.0,0.0,0.0,0.0,0.0,0.908375,0.0,0.9592129,0.0,0.3412141,0.94852,0.0,1.7300186,0.0,0.111861706,0.0,1.8593061,0.0,0.0,0.5627527,2.0021312,0.0,0.0,0.0,0.0,0.0,0.6922902,0.0,0.9804471,0.25981146,0.036661536,0.0,0.0052205324,0.24652058,0.46110183,0.75665724,0.0,0.0,0.0,0.36053348,0.0,0.0,0.530308,0.0753454,0.0,0.0,0.0,0.0,0.2999144,0.6114361,0.010651588,0.7723671
U01836,0.1993931,0.0,0.070565075,0.1536597,0.0,0.8724096,0.26054668,0.0,0.16675851,0.010314465,1.2705442,0.0,0.0,0.0,0.0,0.0,1.7412193,0.0,0.20584205,0.70730126,0.0,1.4943719,1.3357961,0.0,1.9226313,0.0,0.0,0.0,2.2057328,0.0,0.0,1.0127212,2.2278814,0.06232357,0.0,0.17069685,0.6206465,0.23225303,1.4259287,0.0,0.4084611,0.9960239,0.0,0.47823137,0.7100377,0.0,0.0,0.75543,0.0,0.0,0.0,0.9141489,0.12857349,0.0,1.228113,0.052880287,0.16518757,0.0,0.0,0.0,0.0,0.0,0.9312794,0.8401269
U01837,0.0,0.0,0.0,0.0,0.0,1.415699,0.0,0.0,0.0,0.021319628,1.4401594,0.0,0.0,1.5210359,0.9682337,0.0,1.7709366,0.20019889,0.0,0.4024043,0.0,1.7351468,1.7158749,1.1759295,1.1874241,0.0,0.0,0.0,0.32813895,0.0,0.0,1.0155509,0.9947423,0.0,0.13698548,0.0,1.0567285,0.0,0.5155722,0.1632111,0.44856763,1.217188,0.52380407,0.9083699,0.5553119,0.43705094,2.0001135,1.5594678,0.016834736,0.0,0.0,0.85301685,0.0,0.3602164,0.9882945,0.0,0.0,0.019812226,0.0,0.27519563,0.49543995,1.69439,0.0,1.1923428
U01838,0.06727177,0.0,0.16359243,0.16662592,0.0,1.363509,0.20309734,0.0,0.0,0.73980904,1.7960504,0.0,0.0,0.0,0.0,0.12525079,1.0649529,0.33835196,0.15648896,1.1250592,0.0,1.3416592,0.5565781,0.0,1.4369361,0.1645063,0.0,0.0,2.47829,0.09645097,0.23606609,0.905458,2.4321694,0.0051401854,0.0,0.0117406845,1.4169445,0.109229505,0.0,0.40622306,0.6161779,0.5950759,0.0,0.23596808,0.12275815,0.0,0.39014745,1.1242822,0.15297592,0.03725341,0.0,1.3988068,0.0,0.0,0.12848401,0.21048364,0.1810871,0.0,0.0,0.0,0.0,0.0,0.3554452,0.70448697
U01839,0.062092483,0.0,0.0,0.047377348,0.0,1.1415389,0.21188045,0.0,0.0,0.5636303,1.3719584,0.0,0.0,0.0,0.0,0.0,1.7206907,0.16166401,0.06265387,1.2052944,0.0,1.6957483,1.1049902,0.0,1.6394329,0.0,0.0,0.0,2.2859406,0.0,0.0,0.947613,2.262452,0.0,0.0,0.20342696,1.0481728,0.18220028,0.3624534,0.0,0.55265474,0.9023498,0.0,0.821444,1.1142383,0.0,0.0,0.35908893,0.14582253,0.0,0.0,1.2659302,0.0,0.0,0.2506354,0.0,0.0,0.0,0.0,0.0,0.0,0.0,0.72553647,0.8316016
U01840,0.07797778,0.0,0.08383106,0.0,0.0039349645,0.53903997,0.0,0.0,0.0,0.0,1.185271,0.0,0.0,0.0,0.0,0.022630751,0.41756332,0.0,0.025204927,0.0,0.0,0.025590926,1.9989088,0.0,1.8883126,0.07715428,0.0,0.0,1.3113236,0.0,0.0,1.2937161,1.671861,0.044196934,0.0,0.0,0.0,0.0,2.4596014,0.0,1.3579082,0.897789,0.81713545,0.0,0.8816072,0.19185352,1.4595393,1.856799,0.0,0.0,0.14059241,0.0,0.0,0.0,1.9305433,0.044281542,0.13601151,0.0,0.0,0.0,0.7207184,0.0,0.0,0.91829276
U01841,0.0,0.14313245,0.0,0.0,0.0,0.0,0.0,0.0,0.0,0.0,0.28661653,0.0,0.0,0.0,0.930083,0.0,0.0,0.9517374,0.0,0.39529467,0.18813598,0.0,1.1866333,0.0,0.9276234,0.0,1.3424221,0.0,0.8354722,0.0,0.07981321,0.41230142,1.2425736,0.0,0.0,0.0,0.0,0.0,2.272279,0.0,1.3915582,0.629874,1.0205942,0.0,0.79131514,1.0994018,1.3746071,1.019468,0.0,0.0,0.0,0.0,0.0,0.0,0.90311086,0.0,0.0,0.83424383,0.0,0.0,0.7861726,1.4121331,0.0,0.36774004
U01842,0.0,1.6253141,0.0,0.0,0.0,0.0,0.0,0.0,0.0,1.5212438,0.0,0.0,0.07711578,1.2943687,1.1938397,0.0,0.0,1.1676863,0.0,1.2784863,1.8231446,0.36901805,0.0,0.0,0.0,0.0,2.120674,1.1711748,0.11417526,0.0,0.0,0.0,0.0601812,0.0,0.75348866,0.0,0.2376036,0.0,1.8386838,1.289681,0.0,0.0,0.0,0.0,0.07803607,0.0,0.3678655,0.0,1.223897,0.0,0.0,0.0,0.0,0.0,0.0,0.0,0.0,1.5187201,0.0,0.0,0.41642487,0.2969466,0.0,0.0
U01843,1.0020819,0.8931838,1.002708,1.1032004,0.38927615,0.0,1.1531374,0.71064633,1.0045841,1.0160707,0.0,0.4003846,0.71329635,1.5979626,1.4289458,1.0483497,0.0,2.180621,0.92563415,1.8874068,1.9382701,0.0,0.0,0.10073373,0.0,0.7234795,1.3303444,1.4156985,0.0,0.7457814,0.74778414,0.0,0.0,1.0020154,1.0495902,1.749721,0.0,0.77693635,0.26420933,1.5387684,0.0,0.0,0.0,0.0,1.0119219,0.81387913,0.0,0.0,1.0342635,0.854285,0.8216654,0.0,0.7924755,0.0,0.0,0.9403013,0.92648447,1.3155787,0.5343928,0.0,1.0848358,0.0,0.15486115,0.0
U01844,0.0,0.0,0.0,0.0,0.0,1.3778696,0.0,0.14849281,0.0,0.0,0.06020654,0.091318995,0.0,1.4776477,1.0557361,0.0,1.2263798,0.0,0.0009662807,0.0,0.0,1.0168853,1.9830117,1.6235754,0.53464234,0.0019432604,0.0,0.0,0.0,0.14226893,0.0,1.9199965,0.0,0.0,0.63064533,0.0,0.16221152,0.09657636,1.171629,0.0,1.080735,1.9257388,1.4914414,0.0,1.3368894,0.8452417,3.5973902,2.7586472,0.0,0.11854015,0.0,0.0,0.0,0.21776399,1.5629331,0.0,0.0,0.04152918,0.0,0.13834794,0.5784458,0.0,0.07181585,1.4058902
U01845,0.04254043,1.1339287,0.0,0.0,0.535361,0.0,0.0,0.0,0.0,0.3218739,0.0,0.35254943,0.0,0.2793886,0.40338773,0.0,1.4710622,1.2078973,0.0,0.0,1.1889746,0.0,0.0,1.0331857,0.0,0.0,1.3918962,1.5503044,0.0,0.11801329,0.3725375,0.46712732,0.0,0.0,1.1941681,0.3337978,0.0,0.0,0.0,1.1281997,0.68690515,0.49112946,0.52773696,1.2916915,0.3771782,1.409723,0.58262944,0.0,0.8917497,0.04059559,0.0,0.0,0.3846617,0.15596351,1.4736377,0.13772154,0.08895923,0.3761558,0.5066034,0.0,1.1127456,1.6071794,0.8555995,0.0
U01846,0.0,0.96052337,0.0,0.0,0.0,0.0,0.0,0.0,0.0,1.2003037,0.2172541,0.0,0.0,0.5901369,0.93884146,0.0,0.49989897,1.6155314,0.0,1.47602,1.5510187,0.23763414,0.0,0.0,0.111622036,0.0,1.0140471,1.3895869,1.1876318,0.0,0.0,0.0993557,0.9646257,0.0,0.8722208,0.0,0.36098525,0.0,0.847337,1.3942533,0.06068182,0.0,0.0,0.6150172,1.2756017,0.79900694,0.0,0.0,0.8599963,0.0,0.0,0.19803779,0.0,0.0,0.0,0.0,0.0,1.4497312,0.0,0.0,0.4548854,0.0,0.0,0.0
U01847,0.0,0.0,0.0,0.0,0.28157282,1.0260327,0.0,0.0,0.0,0.0,0.35191658,0.0,0.0,0.0,0.4341749,0.0,0.0,1.3018632,0.0,0.6898221,0.0,0.0,1.130516,0.0,1.8907168,0.0,0.17805588,0.0,1.1839626,0.0,0.0,1.593746,1.9744405,0.0,0.0,0.0,0.0,0.0,0.7562618,0.0,1.8637354,1.359202,1.3365219,0.0,0.0,0.956015,1.8132415,1.5506217,0.0,0.0,0.0,0.0,0.0,0.0,1.4101328,0.0,0.0,0.0,0.0,0.0,0.0,0.5210899,0.0,1.7858715
U01848,0.6954802,1.1912987,0.66167444,0.7111342,0.11661394,0.0,0.81214094,0.47912204,0.6022417,1.2074629,0.0,0.17148376,0.39373612,1.8215427,1.418074,0.7074789,0.0,2.4175637,0.58991313,2.269895,2.1110926,0.0,0.0,0.086239725,0.0,0.47066873,1.4579144,1.7362493,0.0,0.3806367,0.47134462,0.0,0.0,0.67409074,1.2705305,1.5461884,0.0,0.51794434,0.086054176,1.8138037,0.0,0.0,0.0,0.0,1.2781999,0.79444015,0.0,0.0,1.3022168,0.5496358,0.5664152,0.0,0.4314937,0.0,0.0,0.6549462,0.5557345,1.4331014,0.22486487,0.0,1.1278098,0.0,0.24080032,0.0
U01849,0.0,0.0,0.0,0.0,0.0,0.8813144,0.0,0.0,0.0,0.0,0.18800391,0.0,0.0,1.9896052,0.696638,0.0,1.6598768,1.1464189,0.0,0.2424128,0.7644952,0.4543156,0.0,0.86918116,0.0,0.0,0.0,0.9562875,0.0,0.0,0.0,1.2521982,0.07938613,0.0,1.1629598,0.0,1.0899141,0.0,0.17252524,0.44317567,0.111836046,0.76352227,1.3611506,1.1245651,0.77092856,0.87744105,2.132266,1.638747,0.23484695,0.0,0.0,0.6028799,0.0,0.10460466,1.5699102,0.0,0.0,0.47572428,0.0,0.10870676,0.2731213,0.68906593,0.4013693,0.6705469
U01850,0.0,1.7052832,0.0,0.0,0.0,0.0,0.0,0.0,0.0,1.8414935,0.33128774,0.0,0.0,1.9236833,0.7557746,0.0,0.43301302,1.2384428,0.0,1.0295026,1.1203125,0.54713064,0.0,0.06536557,0.06483239,0.0,1.5671518,1.3584739,0.38065702,0.0,0.0,0.0,0.31391537,0.0,0.8480835,0.0,0.20723432,0.0,0.03498557,1.3691492,0.0,0.0,0.0,0.0,0.85538536,0.0,0.0,0.0,1.4473314,0.0,0.0,0.4432486,0.0,0.0,0.0,0.0,0.0,1.1525294,0.0,0.0,0.26576388,0.6351563,0.0,0.001701653
U01851,0.0,0.06686163,0.0,0.0,0.0,0.9634056,0.0,0.0,0.0,1.0974396,0.762328,0.0,0.0,0.039489985,0.0,0.0,0.92991346,0.9426818,0.0,0.44782376,0.50256956,1.0809103,0.2713263,0.0,0.4504801,0.0,0.52489656,0.6715388,1.7550896,0.0,0.0,0.6029637,1.4764338,0.0,0.40014738,0.0,0.84287596,0.0,0.8801,0.6501744,0.21936208,0.56177115,0.0,0.5068418,0.0,0.0,0.3964038,0.14334652,0.36562026,0.0,0.0,1.1810992,0.0,0.0,0.6988529,0.0,0.0,0.0,0.0,0.0,0.0,0.35091797,0.012005806,0.37582266
U01852,0.0,0.0,0.3244338,0.0,0.0,0.77692974,0.0,0.0,0.11140391,0.0,0.0,0.40028566,0.031373963,1.8691018,2.17534,0.06693649,1.3172178,0.16538978,0.0,0.0,1.2531178,0.2393235,0.91156536,1.9749602,0.0,0.03566605,0.0,0.12859225,0.0,0.3812989,0.0,1.0849361,0.0,0.0,1.3764471,0.0,0.07058182,0.13012612,0.41415915,0.43112564,0.55349076,0.91504836,1.4037896,0.7389401,0.34268332,0.9581887,2.842977,2.3697762,0.0,0.0032310188,0.0,0.0,0.0,0.025821596,0.7284032,0.0,0.0,0.46380222,0.0,0.0,0.8509991,0.0,0.0,0.33662844
U01853,0.0,0.95792085,0.0,0.0,0.0,0.035018474,0.0,0.12059231,0.0,0.31342566,0.0,0.0,0.0,0.72272855,1.6203932,0.0,0.5975499,0.48674726,0.0,0.0,1.4693141,0.2334407,0.7929246,0.76229376,0.0,0.0,1.9948161,0.44920707,0.0742175,0.0,0.0,0.0,0.0,0.0,0.7972087,0.0,0.0,0.0,2.023759,0.9146836,0.19408059,0.0,0.90841794,0.27184564,0.43615353,1.0082117,1.0634862,0.26421613,0.14224517,0.0,0.0,0.0,0.0,0.0,0.7943069,0.0,0.0,1.2967132,0.0,0.0,0.6495875,0.66361713,0.0,0.0
U01854,0.0,0.17852056,0.0,0.0,0.30968797,0.6107173,0.0,0.10809167,0.0,0.6323683,1.2145172,0.0,0.07108883,0.0,0.024857402,0.0,0.0,0.24297571,0.0,1.0555727,0.0,0.82740796,0.9378626,0.0,1.6590805,0.0,0.0,0.0,1.2866619,0.0,0.0,0.85188377,1.6288033,0.0,0.0,0.0,0.5469352,0.0,1.4244779,0.0,0.41950047,0.7998874,0.0,0.0,0.7164754,0.0,1.2038741,1.098971,0.0,0.0,0.0,0.23859447,0.06935364,0.0,0.7965249,0.0,0.0,0.0,0.0705788,0.0,0.1005159,1.0678896,0.77899265,1.2273028
U01855,0.6064211,1.3710933,0.5518645,0.57966936,0.0,0.0,0.5105201,0.25257483,0.3033083,1.8197558,0.0,0.013059154,0.15440297,2.0669756,0.5801781,0.60076016,0.0,3.1620378,0.44363487,2.967205,1.745099,0.0,0.0,0.0,0.0,0.39487824,1.6019783,1.8899065,0.18335551,0.25568002,0.4224193,0.0,0.0,0.68500453,1.0008498,1.4903215,0.0,0.5034351,0.0,1.9287854,0.0,0.0,0.0,0.0,1.5461249,0.4986062,0.0,0.0,1.5539252,0.41011128,0.42226604,0.0,0.24108598,0.0,0.0,0.4355578,0.4006996,1.4459591,0.026878446,0.0,1.1240795,0.0,0.59684914,0.0
U01856,0.0,0.16715348,0.0,0.0,0.0,0.2278918,0.0,0.0,0.0,0.0,0.0,0.0,0.0,0.0,0.5867733,0.0,2.795044,0.35810566,0.0,0.3693602,0.19944203,0.20736517,0.95501107,1.4447227,0.0,0.0,0.0,0.19518924,0.472616,0.0,0.0,0.8491621,0.57007647,0.0,0.0,0.0,0.005670607,0.0,1.7415804,0.0,0.3013519,1.1222652,1.556379,0.89602596,0.0,0.6633388,0.6601404,0.99413335,0.0,0.0,0.0,0.45107248,0.0,0.16250417,3.2109942,0.0,0.0,0.0,0.0,0.0,0.0,2.3134713,1.3219671,0.3946892
U01857,0.0,0.30487353,0.0,0.0,0.0,1.0545899,0.0,0.0,0.0,1.1314414,1.0650336,0.0,0.0,0.0,0.0,0.0,1.611079,0.0,0.0,0.5479336,0.009259939,1.5286863,0.57314414,0.0063475,0.91896796,0.0,0.0047541857,0.75338936,1.7267797,0.0,0.0,0.4529866,1.5720974,0.0,0.14934999,0.0,1.0757833,0.0,0.27967083,0.88718665,0.0,0.2681811,0.0,0.71490216,0.0,0.0,0.2876197,0.40865424,0.6049062,0.0,0.0,1.4188839,0.0,0.0,0.5683608,0.0,0.0,0.0,0.0,0.0,0.0,0.36641955,0.42492253,0.2703873
U01858,0.48446795,1.3952467,0.0,0.3719228,0.0,0.0,0.1799087,0.0,0.1823085,0.71868396,0.0,0.0,0.0,1.3599099,1.6567087,0.3928828,0.61891854,2.4437733,0.20545843,2.8508403,2.039589,0.0,0.0,0.6079672,0.0,0.0,0.20267904,2.4223228,0.0,0.12545247,0.08658913,0.0,0.0,0.12966985,1.4665482,0.87957156,0.0,0.0,0.0,1.2104406,0.0,0.0,0.7359536,0.0,1.6899005,1.3033198,0.0,0.0,1.3986187,0.18966486,0.12411899,0.0,0.0,0.21703503,0.0,0.111763656,0.0,1.5137894,0.0,0.09090024,0.74045706,0.0,1.1273503,0.0
U01859,0.0,0.0,0.0,0.0,0.0,0.4367548,0.0,0.0,0.0,0.7043813,0.0,0.0,0.0,0.21745026,0.022411287,0.0,0.0,0.68208313,0.0,0.0,0.5965487,0.5569628,1.1035786,0.7711556,0.0,0.07579324,2.18758,0.97240996,0.4981265,0.0,0.12114334,0.0,0.08077669,0.0,0.43605763,0.0,0.2463415,0.0,3.65822,0.0,0.0,1.6647125,0.2897732,0.6303143,0.0,0.0,0.7933458,0.0,0.0,0.0,0.0,0.05741919,0.0,0.0,2.9200506,0.0,0.0,0.0,0.020746544,0.0,0.0,4.5014553,0.0,0.4338112
U01860,0.119743764,0.0,0.020382792,0.2571491,0.32284015,1.1173741,0.22113281,0.027319655,0.34409317,0.5949031,1.8872561,0.0,0.0098398365,0.0,0.0,0.13602611,0.69814885,0.0,0.028482497,1.316791,0.0,0.89678335,1.400286,0.0,2.4364939,0.101421,0.0,0.0,3.208129,0.0,0.0,1.2531011,3.1759818,0.16198143,0.0,0.0,1.0074534,0.32116693,0.0,0.0,1.1225169,0.6695082,0.0,0.08310105,0.09908199,0.0,0.0,0.528957,0.0,0.0,0.0041629486,1.1124444,0.21498862,0.0,0.38083887,0.39661008,0.24785334,0.0,0.0,0.0,0.0,0.0,0.61017716,1.2411082
U01861,0.0,1.356195,0.0,0.0,0.0,0.60368216,0.0,0.0,0.0,1.333005,0.26832446,0.0,0.0,1.5056288,1.2722659,0.0,0.21876365,1.1534665,0.0,0.58116543,1.7010978,0.48682755,0.0,0.64920306,0.196841,0.0,1.755227,1.9892106,0.22709155,0.0,0.0,0.0,0.20868824,0.0,1.2620455,0.0,1.3708082,0.0,0.67827976,0.8170922,0.0,0.047377437,0.5431676,0.9371234,0.0,0.0,0.33538887,0.30609483,1.3411644,0.0,0.0,0.7915456,0.0,0.4352807,0.58205116,0.0,0.0,0.18056631,0.0,0.16331564,0.023332298,1.1299365,0.0,0.39751613
U01862,0.0,1.5984256,0.0,0.0,0.0,0.08989708,0.0,0.0,0.0,1.7446287,0.33667552,0.0,0.0,0.0,1.0972596,0.0,0.8369545,0.0,0.0,0.15191722,0.5452342,1.1588224,0.61201996,0.0,0.7567525,0.0,1.5895011,1.6031103,0.38300902,0.0,0.0,0.0,0.65328854,0.0,0.2622655,0.0,0.41631967,0.0,0.687412,1.3873024,0.0,0.0,0.0,0.65119755,0.0,0.0,0.0,0.0,1.6263381,0.0,0.0,0.76076794,0.0,0.0,0.5558133,0.0,0.0,0.1451819,0.0,0.0,0.0,0.73435473,0.0,0.0
U01863,0.25278693,0.0,0.29418096,0.37146938,0.0,1.0475992,0.46082956,0.0,0.2742232,0.7439739,1.3283688,0.023773108,0.0,0.0,0.0,0.055651963,2.5663164,0.0,0.20878547,0.589663,0.0,1.8309944,1.3890493,0.0,1.4006459,0.27091536,0.0,0.0,2.200787,0.2455572,0.13230605,0.7491267,1.9873428,0.3296858,0.0,0.46355498,0.8582808,0.2403883,0.82891214,0.2933706,0.06498048,0.62615865,0.0,0.720199,0.30488133,0.0,0.0,0.26383606,0.236547,0.0,0.0,1.3686554,0.23815414,0.0,1.0496198,0.10838461,0.45615044,0.0,0.008827135,0.0,0.0,0.0,0.79258597,0.30173767
U01864,0.0,0.13505685,0.0,0.0,0.0,0.17779711,0.0,0.067778125,0.0,0.054243684,1.0599916,0.0,0.0,0.0,1.0468637,0.22547817,0.8775888,0.0,0.0,1.0761542,0.0,0.4872585,1.1963644,0.0,1.564738,0.0,0.0,0.0,1.851501,0.0,0.0,0.83980083,2.3229182,0.40391856,0.0,0.0,0.3933202,0.15080658,1.0383871,0.0,0.9735524,0.057667017,0.0,0.08179027,0.7812089,0.0,0.0,0.9057902,0.0,0.0,0.0,0.34197307,0.0,0.0,0.64518344,0.13329595,0.0,0.0,0.0,0.0,0.19644606,0.020319302,0.0,0.6206856
U01865,0.0,0.68822557,0.0,0.0,0.0,0.0,0.0,0.0,0.0,1.2467324,0.9473673,0.0,0.0,0.0,0.0,0.0,0.0,1.4137186,0.0,1.2278563,0.0,0.0,0.0,0.0,1.0623494,0.0,0.4174968,0.0,2.1896825,0.0,0.0,0.29205406,1.8984697,0.0,0.0,0.0,0.0,0.0,0.0,0.36044025,1.069665,0.0,0.0,0.0,0.0,0.25668812,0.34568173,0.3930833,0.1602155,0.0,0.0,0.5518496,0.0,0.0,0.0,0.0,0.0,0.11561382,0.0,0.0,0.038471222,0.37013122,0.33771503,0.026443243
U01866,1.5825473,0.5518118,1.4507533,1.6915562,0.90018654,0.0,1.7963532,1.2128572,1.6526629,0.025488615,0.0,0.9705852,1.2612679,1.2672552,1.4088893,1.5078968,0.0,0.7407534,1.5701207,0.649017,1.6416365,0.0,0.0,0.32011777,0.0,1.4042785,0.89598024,1.0159049,0.0,1.3204126,1.3078647,0.0,0.0,1.4778829,1.0351359,2.2109566,0.0,1.4259195,0.6192926,1.0415993,0.0,0.0,0.011340618,0.0,0.6801652,0.7248708,0.0,0.0,0.5802544,1.5439705,1.4504175,0.0,1.4606317,0.0,0.0,1.6049626,1.4332433,0.9517586,0.9441127,0.0,0.7210015,0.0,0.18989483,0.0
U01867,0.0,0.0939433,0.0,0.0,0.0,0.05891235,0.0,0.19282365,0.0,0.0,0.0,0.0,0.05296012,1.4132987,4.2202015,0.0,1.8701415,0.0,0.0,0.0,1.6886834,0.5741904,2.289242,2.0972102,0.6125505,0.0,1.6870235,0.4484837,0.0,0.0,0.0,0.0,0.0,0.0,1.6962569,0.0,0.0,0.0,2.8304236,0.0,0.0,0.19468588,0.8260547,1.5975966,0.0,0.057369113,1.397431,0.60404,0.0,0.0,0.0,0.0,0.0,0.25283685,1.8060604,0.0,0.0,0.0,0.0,0.0,0.0,0.33144915,0.0,0.4531244
U01868,0.5326477,0.0,0.5093451,0.9068873,0.64364743,1.2305454,0.6944705,0.06677668,0.5241217,2.2493002,2.1619022,0.40771848,0.5149081,0.0,0.0,0.6642105,1.1814085,0.0,0.87901866,1.2731309,0.0,1.2514082,0.0,0.0,1.7370942,0.6442083,0.0,0.0,3.736001,0.5497403,0.64299554,0.8302295,3.2344077,0.62380666,0.0,0.35073423,1.834357,0.55060506,0.0,0.7853739,0.40138996,0.0,0.0,0.0,0.0,0.0,0.0,0.0,0.82742393,0.74906504,0.66741407,2.2808106,0.7055668,0.0,0.0,0.6551394,0.5742992,0.0,0.2968978,0.0,0.0,0.0,0.76419336,0.2522602
U01869,0.0,0.0,0.0,0.0,0.0,0.7218933,0.17537922,0.0,0.0,0.0,1.3658929,0.0,0.0,0.44707024,0.0,0.0,1.0745643,2.6491241,0.0,2.1726067,0.0,0.48799464,0.37275678,0.37968075,0.3733583,0.0,0.0,0.0,0.99344635,0.0,0.0,1.0266924,1.1033022,0.0,0.0,0.0,0.5400883,0.0,0.0,0.0,0.71838516,0.9310224,0.29984495,0.0,1.4835457,0.14449948,0.96253824,1.7208958,0.0,0.0,0.0,0.51625407,0.0,0.0,1.2250684,0.0,0.0,0.0,0.0,0.0,0.0,1.8162735,1.4839805,0.8873532
U01870,0.0,2.1759412,0.0,0.0,0.0,0.0,0.0009509325,0.0,0.13569716,1.476583,0.0,0.0,0.23562996,0.79844546,1.2069184,0.3514579,0.0,1.249849,0.14058629,0.9039099,2.2280645,0.0,0.0,0.50783813,0.0,0.04407072,2.1720812,2.5136266,0.0,0.24623974,0.11463401,0.0,0.0,0.0,0.68287265,0.0,0.0,0.0,0.0,1.5320194,0.0,0.0,0.75336945,0.0,0.0,0.21745706,0.0,0.0,1.6878121,0.14750303,0.06398077,0.0,0.0,0.0,0.0,0.0,0.0,2.212479,0.36460257,0.0,0.61159563,0.87195253,0.0,0.0
U01871,0.14950895,0.844096,0.0,0.015725791,0.10491659,0.0,0.19440168,0.1952106,0.13559741,0.0,0.0,0.24883886,0.1542591,1.7530792,2.142035,0.030195534,1.7122486,0.0,0.0,0.0,2.065992,0.0,0.46123987,1.2159773,0.0,0.037916183,1.1936748,0.83541036,0.0,0.049526613,0.08717607,0.0,0.0,0.0,1.8557246,0.36309266,0.0,0.0,2.3303196,1.0163364,0.0,0.0,0.7498188,1.541224,0.45011878,1.4683318,0.80412513,0.0,0.49511886,0.0,0.0,0.0,0.48078144,0.12693417,1.9507624,0.03462833,0.12694868,1.2145247,0.074786544,0.0,0.54195595,0.0,0.094020784,0.0
U01872,0.0,0.0,0.0,0.005710721,0.3942296,1.0407543,0.0,0.039935783,0.076900564,0.0,0.82225466,0.0,0.0,0.12192142,0.15571833,0.0,0.0,1.3520762,0.043309987,1.6728964,0.0,0.310485,1.2305434,0.014573142,1.0877601,0.0,0.0,0.0,0.79465216,0.16245914,0.0,2.0489073,1.450474,0.0,0.0,0.0,0.037225127,0.119187474,0.0,0.0,2.011052,1.6289338,0.72878385,0.0,1.4780036,0.7626643,2.6410441,2.1026337,0.0,0.0,0.0,0.0,0.0,0.0,0.0,0.0,0.0,0.0,0.0,0.0,0.37533805,0.0,0.0,1.259511
U01873,0.0,0.5175396,0.0,0.11164135,0.0,0.97921693,0.0,0.0,0.0,2.1693187,1.6824195,0.0,0.25232017,0.0,0.0,0.0029613972,0.010978699,0.7771207,0.16101363,1.3996947,0.0,0.79619277,0.0,0.0,1.0175406,0.093753934,0.0,0.22866416,2.5255694,0.088245526,0.023810104,0.37802923,1.8081385,0.0,0.0,0.0,1.3318415,0.11769527,0.0,1.6173005,0.3434335,0.0,0.0,0.0,0.0,0.0,0.0,0.0,1.3446966,0.18384536,0.14325884,1.5787334,0.012088552,0.0,0.0,0.08465737,0.0,0.065294266,0.0,0.0,0.0,0.0,0.398259,0.08453596
U01874,0.0,0.7918112,0.0,0.0,0.0,0.7757679,0.0,0.0,0.0,1.4188722,0.6393955,0.0,0.0,0.041274667,0.44213897,0.0,0.8739567,0.7322086,0.0,0.5249851,0.82766145,0.92929614,0.37043077,0.14288417,0.5471301,0.0,1.5545745,0.8595332,1.5558397,0.0,0.0,0.2641735,1.1331935,0.0,0.61335623,0.0,0.5510882,0.0,1.0254549,1.2565157,0.32236964,0.3871528,0.36633557,0.5599135,0.15526557,0.48836225,0.3450656,0.0,0.9238746,0.0,0.0,0.88095295,0.0,0.0,0.6441885,0.0,0.0,0.804705,0.0,0.045767933,0.0,0.7156776,0.0,0.0
U01875,0.0,0.23221642,0.0,0.0,0.0,0.9562471,0.0,0.0,0.0,0.0,0.5974597,0.0,0.0,1.4602036,0.6315379,0.0,0.45830595,1.6308261,0.0,0.964301,0.6647947,0.45103112,0.55780655,0.64134276,0.72005844,0.0,0.5007875,0.0,0.86827105,0.0,0.0,1.1389745,1.1842582,0.0,0.36193907,0.0,0.14492878,0.0,0.6585777,0.5993402,0.9558285,0.6183656,0.70189464,0.036552966,1.6995468,0.96995074,2.031269,1.4620098,0.0,0.0,0.0,0.16301666,0.0,0.0,0.3902216,0.0,0.0,1.4061413,0.0,0.0,0.9212549,0.5011531,0.0,0.6055504
U01876,0.0,0.0,0.0,0.0,0.0,1.2843648,0.0,0.0,0.0,0.0,0.6403041,0.0,0.0,0.35275322,1.0154303,0.0,0.033505797,1.0957142,0.0,0.51710176,0.045688033,0.6287359,1.1190393,0.43454272,0.7058711,0.0,0.0,0.0,0.6681062,0.0,0.0,1.5600355,0.954596,0.0,0.13185549,0.0,0.9936955,0.0,1.011752,0.0,0.8656321,1.6180375,1.0209992,0.5073895,0.29562783,0.4868855,2.1900363,1.7156177,0.0,0.0,0.0,0.26512045,0.0,0.0,1.0537299,0.0,0.0,0.0,0.0,0.0,0.17369848,1.0866644,0.0,1.4572413
U01877,0.7277833,0.0,0.6612102,0.8504573,0.65918213,1.1799586,0.77058023,0.11338866,0.71193993,1.1374043,1.8444667,0.48275787,0.21547903,0.0,0.0,0.53681517,2.1085205,0.0,0.8455099,1.3489939,0.0,1.4931293,0.89196175,0.0,2.0397656,0.52491844,0.0,0.0,3.2912502,0.4535941,0.6275775,1.3615744,2.9631827,0.6830903,0.0,0.7208027,1.39563,0.66382575,0.0,0.0,0.59481186,0.64461315,0.0,0.2872734,0.0,0.0,0.0,0.21014947,0.0,0.58614385,0.5322821,1.6359291,0.6523627,0.0,0.4720677,0.82493734,0.6720674,0.0,0.36357248,0.0,0.0,0.0,1.3508779,0.69062173
U01878,0.0,1.3098756,0.0,0.0,0.0,0.22175422,0.0,0.0,0.0,1.169377,0.058489695,0.0,0.0,0.71665114,1.1007935,0.0,1.3855155,0.062251806,0.0,0.4473858,1.4572376,0.6364199,0.0,0.0,0.2101565,0.0,1.3756212,1.5945038,0.56193244,0.0,0.0,0.0,0.38170612,0.0,1.193228,0.0,0.5939442,0.0,0.6123692,1.3594022,0.0,0.0,0.22504656,1.275059,0.29815006,0.22588569,0.0,0.0,1.3506622,0.0,0.0,0.68404794,0.0,0.0,0.19865465,0.0,0.0,0.90416795,0.0,0.06128217,0.0,0.0,0.0,0.0
U01879,0.0,0.41257477,0.0,0.0,0.0,1.2051789,0.0,0.0,0.0,0.72290146,0.9540976,0.0,0.0,0.0,0.48862344,0.0,1.1472069,0.0,0.0,0.82237387,0.0,1.3845603,1.6076734,0.0,1.5974088,0.0,0.6861035,0.0,1.7329926,0.0,0.0,0.45516956,1.7774972,0.0,0.0,0.0,0.52562606,0.0,1.4103414,0.12863636,0.60244834,0.4576983,0.14430965,0.23582795,0.16811728,0.053187966,0.7124554,0.42943755,0.057065487,0.0,0.0,0.58512604,0.0,0.0,0.7933327,0.0,0.0,0.0,0.0,0.0,0.0,1.0186715,0.0,0.6997582
U01880,0.0,2.2024026,0.0,0.0,0.0,0.0,0.0,0.0,0.0,1.5092034,0.16949244,0.0,0.0,0.8184681,1.4128965,0.0,0.0,1.1380905,0.0,0.9032016,1.8117822,0.11584541,0.0,0.0,0.33713567,0.0,2.2704391,1.3696274,0.43442434,0.0,0.0,0.0,0.0,0.0,0.81390727,0.0,0.056970984,0.0,1.4880337,1.8479165,0.0,0.0,0.21361345,0.0,0.8642913,0.46822298,0.0,0.0,1.4057945,0.0,0.0,0.0,0.0,0.0673736,0.0,0.0,0.0,1.7344222,0.0,0.38900828,1.2917678,0.0,0.0,0.0
U01881,0.0,1.5549066,0.21489279,0.0,0.4645034,0.0,0.009208441,0.45861414,0.41331208,3.1714404,0.0,0.36749518,0.6462371,1.9907779,0.0,0.5088868,0.0,1.2363889,0.22538969,0.48134327,1.7147852,0.0,0.0,0.0,0.0,0.3015871,3.162402,1.4095263,0.0,0.5215171,0.7534216,0.0,0.0,0.29733127,0.0,0.0,0.0,0.22186045,0.009942789,1.5292428,0.0,0.0,0.0,0.0,0.0,0.0,0.0,0.0,1.9834292,0.14187418,0.32642984,0.0,0.22495268,0.0,0.0,0.0,0.9120483,1.7182332,0.44899738,0.0,0.16005081,2.8900666,0.0,0.0
U01882,0.0,0.55612904,0.0,0.0,0.0,0.64537406,0.0,0.0,0.0,0.51473653,0.007541001,0.0,0.0,1.1180441,1.640692,0.0,1.3627565,0.60752726,0.0,0.09944415,1.3550708,1.1702693,0.9145182,1.0312434,0.2525543,0.0,1.0581311,1.0391327,0.4529007,0.0,0.0,0.5023782,0.23673777,0.0,1.1135821,0.0,0.42936593,0.0,2.1685717,0.65105414,0.0,0.7572249,0.8639411,1.0911208,0.75103587,1.0051521,1.0779393,0.081633896,0.61197495,0.0,0.0,0.4954659,0.0,0.116437376,1.4137236,0.0,0.0,0.58002,0.0,0.21040499,0.36552075,1.4346479,0.3955731,0.08949745
U01883,0.0,0.72734165,0.0,0.0,0.0,0.34199733,0.0,0.0,0.0,0.92383695,0.48911712,0.0,0.0,1.842941,0.07037729,0.0,0.0,2.1330163,0.0,1.3373243,1.3343351,0.0,0.0,0.17845306,0.0,0.0,0.0,1.3821778,0.43769222,0.0,0.0,1.1246983,0.27633896,0.0,1.0134165,0.0,1.2309092,0.0,0.0,0.62448084,0.0,0.2541257,0.61534214,0.31976002,0.6874588,0.0,1.1536888,0.18301332,0.8985692,0.0,0.0,1.1737552,0.0,0.0026461184,1.2275404,0.0,0.0,0.55804914,0.0,0.0,0.12150669,0.3912075,0.6074639,0.57927024
U01884,0.21393698,0.9697474,0.0,0.043088257,0.2706985,0.0,0.25278592,0.22623205,0.025658362,0.0,0.0,0.2564659,0.005800534,1.8518267,2.3696265,0.01409328,1.7155817,0.0,0.049411416,0.0,2.0300665,0.05402428,0.33674365,1.1133538,0.0,0.0,0.74882275,1.5183104,0.0,0.0061201183,0.0,0.0,0.0,0.094408244,1.5770619,0.26033866,0.0,0.014274806,2.215887,0.027919173,0.0,0.0,0.85415125,1.989202,0.0,0.6427815,0.4701305,0.0,0.46410704,0.0,0.0028317068,0.0,0.3680578,0.0,2.1285658,0.045410752,0.025550157,0.47299534,0.1907197,0.0,0.0,0.5031432,0.17726088,0.0
U01885,0.36359194,1.2946565,0.3815806,0.32512662,0.0,0.0,0.13628119,0.021742463,0.0,1.6291033,0.0,0.0,0.0,1.8579108,1.1522868,0.37490392,0.0,3.0570402,0.11477345,2.77086,2.307225,0.0,0.0,0.0,0.0,0.13302246,1.5063331,1.9030185,0.08076811,0.0,0.11147873,0.0,0.0,0.29542965,1.2048955,1.1722022,0.0,0.043736786,0.0074866354,2.114361,0.0,0.0,0.0,0.0,1.6000254,0.8188282,0.0,0.0,1.5132077,0.09053026,0.10014223,0.0,0.07353742,0.0,0.0,0.16460764,0.2756895,1.7644638,0.0,0.03548507,1.280859,0.0,0.38368553,0.0
U01886,0.0,0.79686487,0.0,0.0,0.0,0.46170887,0.0,0.0,0.0,0.49343193,0.0017797574,0.0,0.0,0.9725887,1.595902,0.0,1.4717727,0.0,0.0,0.057766914,1.199634,0.994232,1.2512643,0.5797516,0.52408326,0.0,1.2672148,0.6659753,0.315212,0.0,0.0,0.0,0.58308434,0.0,0.8493538,0.0,0.0,0.0,2.1169114,0.8776244,0.0,0.25247073,0.410014,0.8124207,0.19285536,0.36185843,1.266871,0.4488139,0.2994389,0.0,0.0,0.29246747,0.0,0.017415673,1.2511765,0.0,0.0,0.9160869,0.0,0.0,0.0,0.36497748,0.0,0.0095873475
U01887,0.06904864,0.0,0.0,0.0,0.2514519,1.1395557,0.0,0.0,0.0,0.0,0.8958101,0.0,0.0,0.0,0.0,0.0,0.4687904,0.63488746,0.0,0.909798,0.0,0.54361725,1.1988661,0.0,1.6634645,0.0,0.0,0.0,1.6453004,0.0,0.0,1.4373894,2.0634837,0.0,0.0,0.0,0.020433992,0.36282736,1.0397967,0.0,1.136229,0.9912696,0.68664527,0.12553884,0.67629206,0.31502628,1.6456964,1.6807257,0.0,0.0,0.0,0.0,0.0,0.0,1.0956429,0.0,0.0,0.14810503,0.0,0.0,0.0,0.16806738,0.0,0.82546866
U01888,0.0,1.1215973,0.0,0.0,0.0,0.72313535,0.0,0.0,0.0,1.5909019,1.1837914,0.0,0.0,0.0,0.2932406,0.0,0.63824916,0.5689826,0.0,1.4093027,0.23167968,1.009484,0.2322784,0.0,1.0772412,0.0,0.8824878,0.45260143,2.0399652,0.0,0.0,0.0,1.8176535,0.0,0.0,0.0,0.88846433,0.0,0.2796564,1.5880721,0.42770433,0.0,0.0,0.12880094,0.6074744,0.0,0.0,0.0,1.1079856,0.0,0.0,0.69160056,0.0,0.0,0.0,0.0,0.0,0.47876942,0.0,0.0,0.0,0.0,0.0,0.0
U01889,0.13243139,0.0,0.11679815,0.26925704,0.6168908,0.77820516,0.28223097,0.0,0.36565,2.067068,2.5556097,0.098865286,0.3232798,0.0,0.0,0.0,0.20171225,1.0333139,0.51686215,1.5401161,0.0,0.2340672,0.04506147,0.0,2.0364692,0.39270237,0.0,0.0,4.176556,0.40059412,0.4416393,0.8912816,3.14604,0.15140986,0.0,0.3036936,0.9915267,0.2815837,0.0,0.0,1.7079134,0.20137781,0.0,0.0,0.0,0.0,0.0,0.0,0.33006918,0.266318,0.5970651,1.6162773,0.6351477,0.0,0.0,0.20320809,0.3552204,0.0,0.11181387,0.0,0.0,0.0,1.2375761,0.6746905
U01890,0.0,0.9826576,0.0,0.0,0.0,0.60183513,0.0,0.0,0.0,1.1630896,0.2502929,0.0,0.0,1.1908906,0.3670004,0.0,0.7119508,2.252969,0.0,0.95241475,1.2058464,0.1583328,0.0,0.5070091,0.0,0.0,0.899974,1.5076977,0.28334236,0.0,0.0,0.34611624,0.24162003,0.0,1.1856989,0.0,0.8928158,0.0,0.0,2.04347,0.32121605,0.0,0.82459307,0.74735117,1.1223378,0.7355921,1.1326925,0.50424075,1.247274,0.0,0.0,0.73257744,0.0,0.08950356,0.14985144,0.0,0.0,0.96287215,0.0,0.072877556,0.75370234,0.68929696,0.2155239,0.0
U01891,0.0,0.0,0.0,0.0,0.0,1.1086379,0.0,0.0,0.0,0.0,0.0,0.0,0.0,0.6081141,0.9420973,0.0,2.3524966,0.0,0.0,0.0,0.36090612,1.1566291,0.98288244,0.5421507,0.6474358,0.0,0.0,0.16062176,0.15705055,0.0,0.0,1.3939054,0.9943314,0.0,0.5377495,0.0,1.1253266,0.0,2.2238574,0.0,0.0,1.321394,1.2209053,2.0268908,0.0,0.45048815,1.2459177,1.076542,0.0,0.0,0.0,0.9522766,0.0,0.0,3.0689297,0.0,0.0,0.0,0.0,0.0,0.0,1.156394,0.53255457,1.5204678
U01892,0.0,1.961512,0.0,0.0,0.0,0.0,0.0,0.0,0.0,1.090579,0.0,0.0,0.0,0.24298787,1.7243142,0.0,0.0,0.0,0.0,0.0,1.6228721,0.08360261,0.66529566,0.7162562,0.06500059,0.0,2.8326192,1.0182571,0.0,0.0,0.0,0.0,0.0,0.0,0.48534593,0.0,0.0,0.0,2.2144165,1.2689357,0.0,0.0,0.6995412,0.32783523,0.0,0.396555,0.20163393,0.06932032,0.9377905,0.0,0.0,0.0,0.0,0.0,0.9250897,0.0,0.0,1.2965384,0.0,0.049608737,0.9749712,0.5672759,0.0,0.0
U01893,0.27203345,0.0,0.19452196,0.08652967,0.050760627,0.36524603,0.06837964,0.4207747,0.21743883,0.0,0.15482998,0.19427074,0.0,0.0,0.4257815,0.0,0.07466161,0.0,0.0,0.0,0.0,0.0,2.8718805,1.1665623,0.8096143,0.26157093,0.0,0.0,0.0,0.23544116,0.0,1.4873877,0.0,0.24825665,0.0,0.15642107,0.0,0.0,2.3733087,0.0,1.8633244,2.1282263,1.129496,0.0,1.0921619,1.279564,3.163858,2.1571097,0.0,0.4780991,0.013942404,0.0,0.0,0.29348043,2.2691293,0.1402907,0.21540219,0.0,0.0,0.0,1.1931337,0.34202173,0.5415213,0.9119688
U01894,0.17522699,1.7478497,0.0,0.0,0.0,0.0,0.0,0.0,0.0,1.8385313,0.17267816,0.0,0.24354,1.3323363,0.28553963,0.2581037,0.0,2.753924,0.010713279,2.877961,1.6180477,0.0,0.0,0.0,0.0,0.19186239,1.0069594,2.0267847,0.55543077,0.0,0.1155028,0.0,0.0,0.13154367,1.1209058,1.054659,0.29245904,0.036398947,0.0,2.0696948,0.0,0.0,0.0,0.0,2.0516636,0.27438802,0.0,0.0,1.8537616,0.09528023,0.17356507,0.0,0.0,0.0,0.0,0.009340644,0.0,1.407215,0.0,0.07325837,0.8788732,0.0,0.86522305,0.0
U01895,0.23293549,0.0,0.6220553,0.45854917,0.010538921,1.2956246,0.5301554,0.0,0.41760963,0.58236545,1.8640598,0.4750095,0.0,0.0,0.0,0.19815162,3.5053034,0.0,0.28769547,0.0,0.0,2.2535858,1.6522293,0.0,2.1516328,0.38151833,0.0,0.0,2.9362445,0.62119555,0.354273,1.431963,2.8594644,0.34667522,0.0,0.5669584,0.84761083,0.39900798,0.4629671,0.0,0.3970129,0.74045074,0.0,0.75608754,0.0,0.0,0.0,0.0,0.0,0.2960803,0.12214876,2.193258,0.56043863,0.0,1.5554138,0.1568268,0.57950014,0.0,0.026721418,0.0,0.0,0.0,1.5797168,0.5219623
U01896,0.0,0.0,0.0,0.0,0.3460278,0.8556709,0.0,0.19162548,0.0,0.57026094,1.2124112,0.007422395,0.119751215,0.0,0.0,0.0,0.0,0.5564493,0.0,1.2876306,0.0,0.91456723,1.3861179,0.0,1.8088143,0.0,0.0,0.0,1.9006507,0.0,0.0,0.7397536,1.9334793,0.0,0.0,0.0,0.62970835,0.0,0.5902114,0.0,0.75010693,0.20540679,0.0,0.0,0.56234413,0.0,0.7711338,0.6895925,0.0,0.0,0.0,0.16139431,0.0,0.0,0.25566554,0.0,0.0,0.0,0.0,0.0,0.0,0.5548095,0.0,1.2959521
U01897,0.0,1.0237964,0.0,0.0,0.24200125,0.23337775,0.0,0.0,0.0,1.4936405,0.9712795,0.0,0.0,0.5534949,1.0238819,0.0,0.6702652,0.4432497,0.0,1.0184681,0.30187595,1.449938,1.0449641,0.0,1.4209146,0.0,1.0423152,0.72101927,1.2990112,0.0,0.0,0.0,1.6188636,0.0,0.053634286,0.0,0.75584286,0.0,1.1335037,0.0,0.0,0.0,0.0,0.07222515,0.0,0.0,0.0,0.0,0.92045677,0.0,0.0,0.5983952,0.0,0.0,0.746004,0.0,0.0,0.0,0.0,0.0,0.0,1.6029948,0.0,0.9629576
U01898,0.0,0.0,0.0,0.0,0.11525448,1.9573883,0.0,0.13081154,0.036796913,0.0,1.1777717,0.0,0.0,0.0,0.07843596,0.15223011,0.0,0.34961438,0.018698275,0.6587707,0.0,0.9647406,2.212775,0.104206696,1.4329598,0.363003,0.0,0.0,0.50423944,0.19539312,0.04569608,2.5574758,1.339769,0.0,0.0,0.0,0.9427743,0.08609778,0.6090487,0.0,1.5807843,1.9843049,0.88423026,0.0,0.868857,0.0009638071,3.5621004,3.013501,0.0,0.101973936,0.0,0.26254073,0.0,0.0,1.5167907,0.0,0.050079256,0.0,0.0,0.0,0.019789875,1.113943,0.28523552,2.2579951
U01899,0.02359879,0.54336154,0.0,0.20328262,0.0,0.26445907,0.06419945,0.73246545,0.29996687,0.0,0.0,0.0,0.22344299,0.8007186,1.733596,0.009073615,1.1044395,0.49921703,0.0,0.98802257,0.1167413,0.0630635,1.7048061,0.533623,0.6835942,0.0,0.90643305,0.0,0.0,0.0,0.0,0.2691691,0.42118675,0.0,0.4036973,0.0,0.0,0.12544143,1.5424154,0.0,0.48000133,0.3743046,0.30281323,0.0,0.3191836,0.36897105,1.212857,0.9865664,0.0,0.0,0.06455241,0.0,0.0,0.0,0.47557724,0.15088299,0.0,0.088522315,0.025634319,0.0,0.31877246,0.6669916,0.0,0.79335177
U01900,0.0,1.681096,0.0,0.0,0.0,0.08579016,0.0,0.0,0.0,1.540649,0.17295004,0.0,0.0,0.021333694,0.9225642,0.0,0.61729884,0.05450344,0.0,0.6249707,1.3760065,0.39610207,0.0,0.048638135,0.25689876,0.0,1.9272003,1.0502409,0.545171,0.0,0.0,0.0,0.32380334,0.0,0.97811764,0.0,0.18755502,0.0,0.31616783,2.2119753,0.0,0.0,0.15528363,0.48645335,0.5145031,0.0392164,0.0,0.0,1.335308,0.0,0.0,0.3811186,0.0,0.0,0.0,0.0,0.0,1.2726473,0.0,0.0,0.35357845,0.0,0.0,0.0
U01901,0.0,0.0,0.0,0.0,0.0,1.1378595,0.0,0.0,0.0,0.3148756,1.0977829,0.0,0.0,1.0744727,0.712134,0.0,0.4650243,0.9299022,0.0,1.21417,0.0,0.8751179,1.7267721,0.3940941,1.2910239,0.0,0.17949021,0.0,0.9285343,0.0,0.0,0.51634467,1.0471183,0.0,0.0,0.0,0.469964,0.0,0.68352735,0.0,0.48058283,0.8467082,0.19364217,0.15215838,0.5771904,0.105293274,1.337311,0.81219363,0.0,0.0,0.0,0.558591,0.0,0.026444286,0.5346525,0.0,0.0,0.0,0.0,0.0,0.013095498,1.925986,0.0,1.4648643
U01902,0.0,0.9660843,0.0,0.0,0.0,0.3336799,0.0,0.0,0.0,1.1506734,0.0,0.0,0.0,2.7275803,0.6269626,0.0,0.0,2.3434892,0.0,0.0,2.609931,0.0,0.0,1.237424,0.0,0.0,0.69466627,2.2430036,0.0,0.0,0.0,0.918846,0.0,0.0,2.398705,0.0,0.5294581,0.0,0.0,1.2219689,0.0,0.41069007,1.2131153,0.5289352,0.0,0.1454826,0.9934815,0.0,1.0721647,0.0,0.0,0.6370808,0.0,0.42777625,1.711671,0.0,0.0,0.7432667,0.0,0.0,0.2979406,0.0,0.0,0.22224498
U01903,0.6414977,0.0,1.5999845,0.97791374,0.74586356,0.13330805,0.9823708,0.5384385,1.067303,0.0,0.0,0.8303442,0.0,0.0,0.18187928,0.80061,0.28511065,0.0,1.2075038,0.0,0.0,0.0,2.1817482,1.4804859,0.0,1.3919854,0.0,0.0,0.0,1.002162,1.299502,0.813522,0.04102929,1.0180525,0.0,0.7356097,0.0,0.8242631,0.98231804,0.0,1.4132648,1.4781334,1.2476043,0.0,0.0,0.9962252,3.0671682,1.3665293,0.0,1.020709,0.921029,0.0,0.86781716,0.0,2.9205236,0.82095796,0.84832925,0.0,0.6747514,0.0,0.32713798,4.8553014,0.5345243,0.30048835
U01904,0.0,1.0642517,0.0,0.0,0.0,0.0,0.0,0.0,0.047156833,1.3021988,0.0,0.078768514,0.0,0.874042,1.1309097,0.0,0.62729466,1.0369141,0.0,0.49387908,1.7587736,0.608717,0.07747358,0.24373275,0.0,0.0,1.7969362,1.0980539,0.7532753,0.0,0.0,0.0,0.300381,0.00038528442,0.8251071,0.0,0.0,0.0,1.1408044,1.5793573,0.0,0.0,0.18637443,0.34862798,0.0,0.28541142,0.8438744,0.0,0.8570428,0.0,0.0,0.107946694,0.0,0.0,0.4938457,0.0,0.0032382011,1.4306146,0.15838563,0.0,0.3283564,0.9467405,0.0,0.0
U01905,0.0,0.21552014,0.0,0.0,0.0,0.1460107,0.0,0.0,0.0,0.735564,0.8755977,0.0,0.0,0.0,0.6220179,0.0,0.9207046,1.8598926,0.0,0.7379284,0.11115563,0.0,1.0682828,0.28066444,0.36637217,0.0,0.9450329,0.0,1.0386989,0.0,0.0,0.68198514,1.3526987,0.0,0.0,0.0,0.06456807,0.0,0.7589303,0.046614647,1.3023019,1.2421255,0.43479872,0.0,0.5325289,0.7726133,1.369973,1.0478853,0.080687165,0.0,0.0,0.28437442,0.0,0.15184417,0.70496666,0.0,0.0,0.005569935,0.0,0.0,0.7763867,1.9060035,0.08153933,0.5002872
U01906,0.0,1.0006928,0.0,0.0,0.0,0.0,0.0,0.0,0.0,2.251237,0.76892745,0.0,0.0,1.6259172,0.0,0.0,0.0,2.729821,0.0,2.4691179,1.1665034,0.0,0.0,0.0,0.21548104,0.0,1.2699949,1.3036816,1.428227,0.0,0.0,0.0,0.42573953,0.0,0.06393725,0.0,0.35073322,0.0,0.0,1.4935187,0.0,0.0,0.0,0.0,1.342138,0.0,0.0,0.0,1.3603392,0.0,0.03760826,0.19130465,0.0,0.0,0.0,0.0,0.0,1.5904015,0.0,0.0,0.84198207,0.38917726,0.0,0.0
U01907,0.16775292,0.6015209,0.05702126,0.10156554,0.0,0.0,0.28512776,0.5324811,0.4728235,0.0,0.0,0.2088724,0.5912533,1.0697188,2.7737494,0.012183964,0.42432755,0.0,0.17191058,0.0,0.9902837,0.47146082,1.476687,0.9744918,0.0,0.040839285,1.5915706,0.13924026,0.0,0.34914333,0.3381658,0.0,0.0,0.32741523,0.54680693,0.018408418,0.0,0.1857824,2.1930935,0.0704695,0.0,0.28943878,0.7496331,0.043715745,0.0,0.2258637,1.5407628,0.5826194,0.046080947,0.1675786,0.21870475,0.0,0.3334758,0.0,0.40334964,0.00038468838,0.0,0.34708667,0.35694975,0.0,0.0,0.82159436,0.0,0.07629061
U01908,9.270752,0.0,9.626558,6.9644556,10.516848,0.0,9.584869,8.969728,9.127827,0.0,0.0,9.915143,8.632424,0.0,0.0,11.187883,0.0,0.0,8.845235,0.0,0.0,0.0,0.0,0.0,0.0,8.931656,0.0,0.0,0.0,10.503145,9.971415,0.0,0.0,10.389838,0.0,0.0,0.0,9.739881,0.0,0.0,0.0,0.0,0.0,0.0,0.0,0.0,0.0,0.0,0.0,9.005075,9.341577,0.0,9.289226,0.0,0.0,8.800756,9.92374,0.0,10.49264,0.0,0.0,0.0,0.0,0.0
U01909,0.0,0.0,0.0,0.0,0.0,1.054958,0.0,0.0,0.0,1.3173451,2.053382,0.0,0.0,1.0694718,0.0,0.0,0.0,1.9026897,0.0,1.2638506,0.0,0.9408158,0.0,0.0,1.5121615,0.0,0.0,0.0,1.4111192,0.0,0.0,0.7639283,1.6329948,0.0,0.0,0.0,1.9868222,0.0,0.0,0.0,0.19394735,0.16880015,0.0,0.0,0.17328632,0.0,0.49730992,1.1535169,0.5036527,0.0,0.0,1.3558719,0.0,0.09484416,0.2678553,0.0,0.0,0.0,0.0,0.0,0.0,2.1735804,0.84592557,2.1427412
U01910,0.0,0.46543086,0.0,0.0,0.0,0.8060092,0.0,0.0,0.0,0.55404,1.1490898,0.0,0.0,2.100087,0.4181484,0.0,0.5672376,1.6105715,0.0,1.3905848,0.06952131,1.2854652,0.5220861,0.52588344,0.59434366,0.0,0.03933072,0.3690604,0.39491636,0.0,0.0,0.2992962,0.46825773,0.0,0.04307592,0.0,0.8554616,0.0,0.22683045,0.41856062,0.0,0.3980055,0.006413728,0.0,1.1156263,0.0,1.5074936,1.378519,0.35160416,0.0,0.0,0.45990673,0.0,0.0,0.21492183,0.0,0.0,0.34292144,0.0,0.0,0.7049839,1.5598676,0.4888906,0.7851378
U01911,0.0,1.8180346,0.0,0.0,0.0,0.0,0.0,0.0,0.0,2.6689181,0.61274683,0.0,0.0,2.513205,0.0,0.0,0.0,3.0647054,0.0,1.9514648,0.41974235,0.0,0.0,0.0,0.029084146,0.0,2.4215071,0.78023875,0.359877,0.0,0.0,0.0,0.0,0.0,0.0,0.0,0.0,0.0,0.0,1.673245,0.0,0.0,0.0,0.0,0.43904305,0.0,0.0,0.0,1.5805646,0.0,0.0,0.011325289,0.0,0.0,0.0,0.0,0.0,1.1406785,0.0,0.0,0.9984042,3.6173854,0.11871904,0.0
U01912,0.0,2.8060856,0.0,0.0,0.0,0.0,0.0,0.0,0.0,1.6515079,0.0,0.0,0.0,1.6875548,1.6634607,0.0,1.2464166,0.0,0.0,0.0,1.0687417,0.0,0.46921283,0.99579734,0.0,0.0,2.582172,2.51484,0.0,0.0,0.0,0.0,0.0,0.0,0.27192473,0.0,0.25689894,0.0,1.5001241,0.0,0.0,0.0,0.15902518,0.80482614,0.0,0.0,0.0,0.0,1.9071987,0.0,0.0,0.6747341,0.0,0.0,2.2461405,0.0,0.0,0.36928082,0.0,0.0,0.0,3.0466602,0.0,0.15758896
U01913,0.0,0.36545056,0.18571419,0.48302284,0.0,0.29557124,0.21613497,0.09732337,0.26486573,0.0,0.0,0.38270497,0.120621786,0.7395136,1.5536537,0.27170232,2.1766248,0.0,0.0,0.0,0.94820434,0.7897935,1.7402649,1.0591109,0.007077098,0.4194004,0.6164337,0.0,0.0,0.39646173,0.39689976,0.0,0.0,0.10209751,0.95462996,0.0,0.0,0.0,3.0082057,0.6631886,0.0,0.0,0.73792076,1.1889627,0.061787844,1.028158,1.0122598,0.0,0.0,0.21439713,0.17357829,0.0,0.7241636,0.0,2.7452674,0.22807908,0.7584691,0.7210963,0.33948386,0.0,0.0,1.1244801,0.0,0.0
U01914,0.4611624,1.3851374,0.35849872,0.31884694,0.0,0.0,0.49865478,0.27491692,0.30932158,1.2332737,0.0,0.056751557,0.21509643,1.8170946,1.4181261,0.4697382,0.0,2.4285548,0.30905563,2.3914292,2.142529,0.0,0.0,0.10640742,0.0,0.33544672,1.4417765,1.9512252,0.0,0.101061635,0.29756272,0.0,0.0,0.41123706,1.4472522,1.3349106,0.0,0.31655586,0.01629841,1.9760228,0.0,0.0,0.0,0.0,1.5347748,0.79182506,0.0,0.0,1.4890686,0.34588146,0.3516525,0.0,0.16197602,0.0,0.0,0.41427022,0.18584536,1.4913149,0.0,0.14365184,1.1772931,0.0,0.27416942,0.0
U01915,0.0,0.0,0.0,0.0,0.0,1.3704954,0.16027713,0.0,0.0,0.6652871,1.6718929,0.0,0.0,0.0,0.0,0.0,1.1179489,0.058416843,0.2126576,0.2754631,0.0,1.5760918,0.514209,0.0,1.464809,0.0,0.0,0.0,2.6939468,0.0,0.0,1.4446645,2.6635888,0.0,0.0,0.046631336,1.8202692,0.0,0.26095185,0.0,0.464162,1.1662962,0.0,0.8444191,0.0,0.0,0.0,0.93035877,0.109185815,0.0,0.0,1.8497485,0.0,0.0,0.81213367,0.0,0.0,0.0,0.0,0.0,0.0,0.0,0.8251004,1.1848347
U01916,0.0,0.0,0.0,0.0,0.0,1.315949,0.0,0.0,0.0,2.4789486,2.5030413,0.0,0.0,0.5497829,0.0,0.0,0.0,2.0775921,0.0,0.0902164,0.0,0.40814215,0.0,0.0,1.446667,0.0,0.0,0.70503545,2.4051318,0.0,0.0,0.98344374,1.2408345,0.0,0.0,0.0,2.304678,0.0,0.0,0.0,0.13673177,1.8312492,0.0,0.0,0.0,0.0,0.0,0.0,1.6683329,0.0,0.0,1.7825474,0.0,0.0,0.0,0.0,0.0,0.0,0.0,0.0,0.0,0.0,0.0,1.0809102
U01917,0.42004532,0.0,0.59490776,0.82694566,0.063314736,1.0079036,0.6381526,0.0,0.56618845,0.0,0.5828476,0.7536227,0.0,0.0,0.0,0.23189783,3.702382,0.0,0.5279249,0.0,0.0,1.7915773,1.5060198,0.014203802,1.1588451,0.608232,0.0,0.0,1.0195123,0.5876527,0.76604915,0.7075131,1.1660076,0.59436154,0.0,0.74369425,0.8186444,0.37452886,1.214287,0.0,0.0,0.14414185,0.0,1.4341342,0.0,0.0,0.0,0.4376615,0.0,0.45232216,0.5755398,1.3875217,0.69309837,0.0,2.5619159,0.30314532,0.61307764,0.0,0.17713812,0.0,0.0,0.0,1.2121131,0.28707135
U01918,0.0,0.7622965,0.0,0.0,0.0,0.0,0.0,0.17678285,0.08144301,0.0,0.0,0.10042439,0.0,0.7034027,1.8316064,0.0,2.0555282,0.0,0.0,0.0,0.9393756,0.0,2.5650048,1.6648891,0.03046459,0.0,0.92148745,0.0,0.0,0.0,0.0,0.39994943,0.0,0.0,0.79915625,0.0,0.0,0.0,3.5962248,0.0,0.19930473,0.9216176,0.9427253,1.020226,0.0,1.3925805,1.7179829,0.23975065,0.0,0.0,0.0,0.0,0.11595041,0.41035,3.0284243,0.0,0.0,0.61446863,0.42771143,0.018970152,0.21771216,0.43137124,0.0,0.045054138
U01919,0.039976478,0.114982545,0.0,0.032501757,0.0,1.0060029,0.08370364,0.0,0.0,1.3095424,1.2093292,0.0,0.0,0.0,0.0,0.0,1.4576318,0.66865873,0.20535254,1.5031155,0.0,0.9746894,0.33131295,0.0,1.146805,0.0,0.0,0.40361333,1.9640883,0.0,0.0,0.6070812,1.7046876,0.0,0.19601399,0.34055775,1.1852173,0.0026570559,0.0,0.5408187,0.0874649,0.33083767,0.0,0.83586353,0.555391,0.14200759,0.0,0.0,0.68411726,0.0,0.0,1.3312865,0.0,0.0,0.0,0.0,0.0,0.0,0.0,0.0,0.0,0.0,0.81988466,0.4698974
U01920,0.4148532,0.0,0.20097005,0.1772967,0.6939003,1.7756438,0.3626382,1.032052,0.92071986,0.0,0.34093854,0.6559782,0.36932296,0.2035495,0.021646857,0.58183914,0.18762982,0.0,0.93134934,0.0,0.0,0.35184556,3.2974772,0.35497436,1.1868526,1.0486395,0.0,0.0,0.0,1.1489769,0.33052337,3.5410657,0.46611452,0.38006055,0.0,0.0,0.08308993,0.94194144,1.253062,0.0,2.1349308,2.5835152,1.1856754,0.0,1.6730201,0.10888624,5.145546,4.1911044,0.0,0.9593501,0.697917,0.0,0.67425287,0.0,3.1135588,0.62480855,0.5713744,0.0,0.0,0.0,0.0,0.1582572,0.26352832,2.821484
U01921,0.0,0.0,0.0,0.0,0.0,1.5347286,0.0,0.0,0.0,0.12029731,1.937392,0.0,0.0,0.0,0.0,0.0,0.27563936,0.0,0.0,0.0,0.0,1.7644038,1.4894252,0.0,1.6903341,0.0,0.0,0.0,2.2218256,0.0,0.0,1.3211964,2.2900686,0.0,0.0,0.0,0.89244664,0.0,0.8304279,0.0,0.64565563,1.580459,0.15770766,0.0,0.0,0.0,1.0980242,1.538632,0.0,0.0,0.0,1.0833088,0.0,0.0,1.1252371,0.0,0.0,0.0,0.0,0.0,0.0,0.72732997,0.3321484,1.4078851
U01922,0.39839736,0.7321643,0.4662178,0.44640613,0.1058528,0.0,0.4991464,0.37102482,0.85728186,0.0,0.0,0.37695545,0.71368957,2.3467176,2.8988013,0.54022926,0.0,0.6134553,0.2871153,0.20965815,2.8859258,0.0,0.0,1.0653126,0.0,0.41809738,1.4640896,1.4391443,0.0,0.52691984,0.37890464,0.0,0.0,0.23319879,1.9554739,1.3156023,0.0,0.120842665,1.7544917,1.524107,0.0,0.0,0.5493835,0.5797174,1.0053906,1.4134771,0.0,0.0,0.67492723,0.46781135,0.6549748,0.0,0.8415418,0.0,0.0,0.31489068,0.41808012,1.6406126,0.20144847,0.11504708,1.2974474,0.0,0.0,0.0
U01923,0.30985194,0.0,0.25931388,0.0,0.27538842,0.3122696,0.24576819,0.0067343116,0.0,0.0,0.8563695,0.0407428,0.075767525,0.0,0.49499756,0.0,0.0,0.0,0.3190263,0.305089,0.0,0.0,1.6098819,0.0,1.3316826,0.07832807,0.0,0.0,0.8391576,0.12409492,0.31397545,1.1487999,1.3780929,0.13198128,0.0,0.0,0.0,0.0,2.337204,0.0,1.6361558,0.68551284,1.0160546,0.0,1.9382133,0.84469306,1.6830939,2.0643554,0.0,0.07980943,0.255778,0.0,0.0,0.0,0.78628385,0.028553069,0.035754085,0.7420922,0.0,0.0,1.4705588,0.0,0.0,0.6683692
U01924,0.0,0.42023808,0.0,0.0,0.0,0.29278964,0.0,0.05939658,0.0,0.0,0.36938417,0.0,0.0,0.70646703,0.45116097,0.0,2.027125,1.257048,0.0,0.27383137,0.0,0.0,0.6390856,1.1876985,0.0,0.0,0.0,0.0,0.0,0.0,0.0,1.434737,0.22050634,0.0,0.69857246,0.0,0.10832657,0.0,0.100540146,0.46906948,1.1411934,1.1966484,1.1494113,0.28231737,1.7205203,1.711617,2.22548,1.2698228,0.0,0.0,0.0,0.40886945,0.0,0.41082796,1.7481295,0.0,0.0,0.1363827,0.0,0.2659536,0.8843405,1.1896852,0.8957549,0.22754025
U01925,0.0,0.1321733,0.0,0.0,0.0,0.8856422,0.0,0.0,0.0,0.1117537,0.29680932,0.0,0.0,1.2789024,2.1965423,0.0,1.1283417,0.04997945,0.0,0.027984858,0.9608828,0.6156618,1.4714558,1.2048885,0.26855385,0.0,1.3012689,0.3629316,0.0,0.0,0.0,0.18493158,0.0,0.0,1.177772,0.0,0.22161022,0.0,1.7315388,0.61062646,0.07432887,0.3711182,1.0658128,0.73767936,0.27206433,0.6470526,1.6099244,0.80477357,0.077635646,0.0,0.0,0.19168776,0.0,0.0,0.72984993,0.0,0.0,0.3552599,0.0,0.018654648,0.33498502,1.2994666,0.0,0.44593322
U01926,0.0,0.0,0.0,0.0,0.0,1.6200613,0.0,0.0,0.0,0.0,1.0744517,0.0,0.0,0.4434625,0.64791584,0.0,0.6009356,0.46418405,0.0,0.76906323,0.0,1.0353003,1.6743073,0.9608994,1.3993883,0.0,0.17890036,0.0,0.5191214,0.0,0.0,1.1691375,1.093746,0.0,0.25372738,0.0,0.36127743,0.0,0.50480086,0.0,1.2440383,1.1361766,1.1904074,0.13639148,0.67595875,0.6594923,2.4713144,1.9375225,0.0,0.0,0.0,0.48925826,0.0,0.1870754,0.36975753,0.0,0.0,0.18214083,0.0,0.23256569,0.36145702,1.064806,0.0,0.97848725
U01927,0.0,0.9966232,0.0,0.0,0.0,0.740474,0.0,0.0,0.0,1.7516166,0.9648063,0.0,0.0,0.0,0.15586102,0.0,0.2853856,0.1746211,0.0,0.9753771,0.4231794,1.0633543,0.0,0.0,0.88211465,0.0,1.1220245,1.1344658,1.8490905,0.0,0.0,0.0,1.5029218,0.0,0.3148188,0.0,0.9286853,0.0,0.3339868,1.4279165,0.02763933,0.0,0.0,0.21535377,0.0,0.0,0.0,0.0,1.1530354,0.0,0.0,1.0261929,0.0,0.0,0.0,0.0,0.0,0.15065265,0.0,0.0,0.0,0.0,0.0,0.0
U01928,0.096859515,1.1472847,0.0,0.1972146,0.03128843,0.12649037,0.0,0.0,0.0,2.6572492,0.9546515,0.0,0.27150887,0.5758334,0.0,0.11156678,0.0,1.4596195,0.08191335,1.4255737,0.372517,0.3447473,0.0,0.0,0.063771725,0.0,1.3515922,1.2905657,0.9907611,0.5199024,0.15426926,0.0,0.12209772,0.0,0.500545,0.0,0.907864,0.053924084,0.0,1.6784971,0.0,0.0,0.0,0.0,0.0,0.0,0.0,0.0,2.0365798,0.0,0.23571134,0.7423576,0.023024783,0.0,0.0,0.052264392,0.0,0.4499033,0.0,0.0,0.0,0.30689228,0.08792305,0.0
U01929,0.0,0.62576467,0.0,0.0,0.0,0.29117605,0.0,0.0,0.0,0.0,0.0,0.0,0.0,0.51634884,1.1218207,0.0,2.5944118,0.8477459,0.0,0.714272,1.3554142,0.0,0.0,1.7038269,0.0,0.0,0.06295133,1.6841182,0.0,0.044912174,0.12894928,0.6098664,0.0,0.0,1.5327244,0.0,0.47701222,0.0,0.0,0.89038503,0.23038694,0.57594657,1.7119824,0.9503219,0.70902556,0.7026584,0.92785835,1.2418572,0.76648116,0.0,0.0,0.62722456,0.0,0.40110794,0.8529099,0.0,0.0,0.61658984,0.0,0.0,0.0,0.2544772,0.7609473,0.0
U01930,0.0,2.335157,0.0,0.0,0.0,0.0,0.0,0.0,0.0,1.9860574,0.0,0.0,0.0,1.2402508,1.1308271,0.0,0.0,2.1307652,0.0,1.0242003,2.4501562,0.0,0.0,0.0,0.0,0.0,2.8306046,1.7911209,0.0,0.0,0.0,0.0,0.0,0.0,0.9422589,0.0,0.0,0.0,0.4869114,2.0576794,0.0,0.0,0.1486175,0.22612819,0.34371448,0.4014222,0.0,0.0,1.9690028,0.0,0.0,0.0,0.0,0.0,0.0,0.0,0.0,2.4291863,0.0,0.1056462,1.0604011,0.19222964,0.0,0.0
U01931,0.0,0.7157581,0.0,0.0,0.0,0.0,0.0,0.0,0.0,0.0,0.019477814,0.0,0.0,0.0,0.9747183,0.0,0.54184943,1.347009,0.0,0.0,0.25776482,0.0,1.4380033,1.1187258,0.4403658,0.0,2.4553819,0.0,0.0,0.0,0.0,0.924628,0.34077036,0.0,0.15863681,0.0,0.0,0.0,0.5368134,0.53162265,2.216274,0.8403748,1.6010665,0.0,0.040246367,1.8747859,1.7961761,1.5106535,0.0,0.0,0.0,0.0,0.0,0.12044108,0.3991406,0.0,0.0,0.4804138,0.0,0.0,1.2812445,1.3714306,0.0,0.0
U01932,0.0,0.0,0.0,0.039234877,0.0,1.0855548,0.23693705,0.0,0.08291395,0.95021266,1.4151165,0.0,0.0,0.0,0.0,0.0,0.98613274,0.17134714,0.0,0.8504474,0.0,1.2952695,0.7810009,0.0,1.4845066,0.0,0.0,0.0,2.5193796,0.0,0.0,0.95604527,2.2788196,0.0,0.0,0.0,1.0851392,0.0019456446,0.3417336,0.0,0.6018026,0.6525504,0.0,0.32020548,0.0,0.0,0.0,0.36925897,0.0,0.0,0.0,1.3648965,0.0,0.0,0.7063776,0.021571577,0.0,0.0,0.0,0.0,0.0,0.21113329,0.34261322,0.8594333
U01933,0.39839736,0.7321643,0.4662178,0.44640613,0.1058528,0.0,0.4991464,0.37102482,0.85728186,0.0,0.0,0.37695545,0.71368957,2.3467176,2.8988013,0.54022926,0.0,0.6134553,0.2871153,0.20965815,2.8859258,0.0,0.0,1.0653126,0.0,0.41809738,1.4640896,1.4391443,0.0,0.52691984,0.37890464,0.0,0.0,0.23319879,1.9554739,1.3156023,0.0,0.120842665,1.7544917,1.524107,0.0,0.0,0.5493835,0.5797174,1.0053906,1.4134771,0.0,0.0,0.67492723,0.46781135,0.6549748,0.0,0.8415418,0.0,0.0,0.31489068,0.41808012,1.6406126,0.20144847,0.11504708,1.2974474,0.0,0.0,0.0
U01934,0.0,0.0,0.0,0.0,0.02285096,1.38549,0.0,0.0,0.0,0.6126991,1.1399343,0.07570318,0.0,0.0,0.0,0.0,1.9533086,0.17133117,0.0,0.62130356,0.0,1.8890617,0.74773926,0.0,1.2309823,0.0,0.0,0.0,1.728333,0.0,0.0031655878,1.389497,1.6917343,0.0,0.0,0.06121862,1.3121618,0.0,0.13058677,0.22644126,0.227063,0.9392506,0.0,0.5829142,1.0577075,0.0,0.61423826,0.4743044,0.3271038,0.015836954,0.0,1.3694609,0.0,0.0,0.8515531,0.0,0.0,0.0,0.0,0.0,0.0,0.0,0.8952397,0.76410806
U01935,0.12058413,1.8035417,0.6439834,0.15602446,0.67182726,0.27822465,0.31582314,0.4292488,0.0,1.7949654,1.3049207,0.6426166,1.8078257,0.0,0.0,0.49708307,0.6154491,0.0,0.011154741,0.058383465,0.0,0.32649127,0.0,0.0,0.7659265,0.0,0.50096476,0.0,1.827663,0.39675564,0.0,0.0,1.8890184,0.14882445,0.0,0.0,0.3223647,0.48843545,0.0,1.171871,0.0,0.0,0.0,0.0,0.0,0.0,0.0,0.0,0.57603204,0.0,0.52887595,0.9386376,0.0,0.0,0.0,0.9587881,0.12890133,0.0,0.5249938,0.0,0.0,0.0,0.0,0.0
U01936,0.0,0.78403753,0.0,0.0,0.0,0.985193,0.0,0.0,0.0,0.7390711,1.053386,0.0,0.0,0.0,0.96412855,0.0,1.170862,0.0,0.0,0.48836064,0.43375635,0.9860108,0.8163162,0.73634815,0.81266415,0.0,1.1000154,0.43710887,0.72035664,0.0,0.0,0.30450183,0.9267189,0.0,0.46466735,0.0,0.5405757,0.0,0.4929242,1.4870279,0.3729378,0.03043884,0.7435007,0.6628355,0.13502502,0.350895,0.9491943,1.0549012,0.4839285,0.0,0.0,0.71290636,0.0,0.017231405,0.0,0.0,0.0,0.493084,0.0,0.03859988,0.4459282,0.88499236,0.0,0.0
U01937,0.0,1.172763,0.0,0.0,0.0,0.13070738,0.0,0.0,0.0,0.6877058,0.0,0.0,0.0,1.2794845,1.5892657,0.0,0.8874795,0.0,0.0,0.0,1.5491549,0.5409658,0.5893515,1.3334106,0.0,0.0,1.7201724,0.8244105,0.0,0.0,0.0,0.012474239,0.0,0.0,1.2019622,0.0,0.07689734,0.0,1.3890444,1.678294,0.0,0.34526497,1.0052044,0.5386423,0.55532795,0.84225893,1.4825295,0.5973953,0.9217686,0.0,0.0,0.041497782,0.0,0.10088816,0.82925856,0.0,0.0,1.4973929,0.0,0.21190876,1.1341146,0.57302916,0.0,0.0
U01938,0.0,1.9078403,0.0,0.0,0.0,0.0,0.0,0.0,0.0,1.7519667,0.0,0.10507777,0.27322465,1.5570029,1.1816039,0.0,0.0,2.840249,0.032696545,1.6832827,2.4983258,0.0,0.0,0.0,0.0,0.0,2.8428602,1.5988082,0.0,0.0,0.0,0.0,0.0,0.0,0.9910135,0.12081814,0.0,0.0,0.24990676,2.3000662,0.0,0.0,0.106814265,0.0,0.55318886,0.46470672,0.0,0.0,1.6610457,0.10693097,0.15543869,0.0,0.030492455,0.0,0.0,0.0,0.0,2.5017982,0.0,0.0,0.96441114,0.0,0.0,0.0
U01939,0.16152239,0.0,0.33444098,0.34014535,0.11365725,0.9641247,0.54491657,0.0,0.48467088,1.397567,1.6642749,0.093618006,0.08569144,0.0,0.0,0.29391766,2.053593,0.0,0.54884607,0.81799555,0.0,1.3871441,0.4992512,0.0,1.4957237,0.14897588,0.0,0.0,2.9074187,0.17084281,0.3178684,0.7332367,2.7895973,0.2399849,0.0,0.3271075,0.9854479,0.29727775,0.0,0.0,0.6277825,0.42599303,0.0,0.27840164,0.0,0.0,0.0,0.07268484,0.13616943,0.2791872,0.18581669,1.8555902,0.40963316,0.0,1.1176628,0.2899135,0.3241488,0.0,0.17434242,0.0,0.0,0.42754418,0.97854364,0.7116219
U01940,0.0,0.22127819,0.0,0.0,0.0,0.91129386,0.0,0.0,0.0,0.11806536,1.1412244,0.0,0.0,0.0,0.37526137,0.0,1.0553801,0.6234087,0.0,0.7455027,0.0,0.27681246,1.0265446,0.60511035,1.0395633,0.0,0.76328075,0.0,0.94076496,0.005460309,0.0,0.99703133,1.1860025,0.0,0.06559849,0.0,0.036205918,0.0,0.1201373,0.7503973,1.2477391,0.58490604,1.1816993,0.3023728,0.0,0.70413023,1.6659687,1.6409931,0.0,0.0,0.0,0.64524686,0.0,0.048083663,0.10574293,0.0,0.0,0.0,0.0,0.10561496,0.3773216,0.97761464,0.013428807,0.080673575
U01941,0.40853348,0.44745165,0.18112502,0.69035894,0.08921565,0.7476535,0.26965517,0.0,0.38755172,2.0378525,1.546473,0.1081672,0.28610533,0.0,0.0,0.22958225,0.80330324,0.34819674,0.5341357,1.8281004,0.0,1.0022764,0.0,0.0,1.151718,0.46501327,0.0,0.2488538,2.5957172,0.32057583,0.2617515,0.289078,2.2186043,0.47263932,0.0,0.59733385,1.2790179,0.29155874,0.0,1.202529,0.12247071,0.0,0.0,0.091842994,0.0,0.0,0.0,0.0,1.1134726,0.43932867,0.3784446,1.5788116,0.40105537,0.0,0.0,0.40662718,0.33063892,0.0,0.035525784,0.0,0.0,0.0,0.75707763,0.0
U01942,0.07690382,0.0,0.43694788,0.0,0.15740828,1.0892199,0.0,0.0,0.0,0.0,0.7424431,0.0,0.0,0.0,0.0,0.0,0.0,0.0,0.0,0.0,0.0,0.0,2.3576357,0.19207892,1.4600422,0.07872394,0.0,0.0,0.5191206,0.17945884,0.047271073,2.2559347,0.86069816,0.0,0.0,0.0,0.0,0.0,2.588169,0.0,2.3384702,1.6948035,1.4852507,0.0,1.5569679,1.0678605,3.1997418,2.19264,0.0,0.0,0.0,0.0,0.0,0.0,2.404417,0.0,0.07183261,0.0,0.0,0.0,0.457484,0.4761463,0.0,1.342797
U01943,0.0,0.6350217,0.0128673315,0.07949698,0.0,0.73178303,0.009385586,0.0,0.0,1.7435237,1.5590639,0.0,0.0,0.0,0.0,0.0,2.228702,0.0,0.02521038,0.7843231,0.0,1.0864592,0.028240204,0.0,1.3685712,0.0,0.0,0.1016345,2.5506759,0.0,0.0,0.7634605,2.246907,0.0363712,0.0,0.0374465,1.1496309,0.0,0.0,1.4282075,0.2714438,0.0018242002,0.0,0.64013845,0.64743745,0.0,0.0,0.0,0.99152654,0.0,0.0,1.6835907,0.0696691,0.0,0.100200176,0.09815234,0.0,0.0,0.0,0.0,0.0,0.0,0.7822935,0.0
U01944,0.0,0.0,0.0,0.0,0.0,1.0954684,0.0,0.0,0.0,0.0,0.0,0.0,0.0,1.0818303,2.0189319,0.0,0.5966828,0.0,0.0,0.0,0.24097848,0.27498382,2.7610734,1.460385,0.7087126,0.0,0.45515525,0.0,0.0,0.0,0.0,0.44924295,0.0,0.0,0.40381825,0.0,0.0,0.0,2.9960945,0.0,0.72849566,1.2215261,1.5871481,0.22819838,0.0,0.8604425,2.5982914,1.3597182,0.0,0.0,0.0,0.0,0.0,0.27287665,2.1355538,0.0,0.0,0.0,0.0,0.0,0.3469073,1.4674853,0.0,1.4697134
U01945,0.0,1.4739248,0.0,0.0,0.0,0.12782332,0.0,0.0,0.0,0.9523198,0.48016384,0.0,0.0,0.0,0.48207462,0.0,2.0662153,0.015963078,0.0,0.4758556,0.39093924,0.2756313,0.6580804,0.29378814,0.84382844,0.0,1.2881035,0.31016445,1.3920921,0.0,0.0,0.32803935,1.226292,0.0,0.43917245,0.0,0.0,0.0,1.2515916,1.3889112,0.7080801,0.1297575,0.6068175,0.7744633,0.763151,0.9145046,0.16140738,0.11155015,0.54276913,0.0,0.0,0.6915238,0.0,0.050349146,1.2335612,0.0,0.0,0.6854631,0.0,0.07293687,0.13477081,0.36992675,0.4628414,0.0
U01946,0.49646404,2.115038,0.28302154,0.3668299,0.70426774,0.0,0.0,0.15462595,0.19253388,2.4003391,0.0,0.66979736,0.4348855,1.9592834,0.0,0.6671613,0.0,1.7294137,0.49841508,0.93504524,2.5952435,0.0,0.0,0.0,0.0,0.36394584,1.968498,2.9249706,0.0,0.43026477,0.27159494,0.0,0.0,0.37257212,1.360624,0.12590611,0.0,0.3800403,0.0,2.181254,0.0,0.0,0.0,0.0,0.0,0.0,0.0,0.0,1.9947842,0.9690188,0.6163211,0.0,0.4683522,0.0,0.0,0.3329048,0.6388184,1.9900342,0.4629798,0.0,0.31643364,0.0,0.0,0.0
U01947,0.0,0.0,0.0,0.0,0.0,0.7227633,0.0,0.0,0.0,1.1014113,1.6790009,0.0,0.0,0.0017126799,0.0,0.0,0.0,0.809175,0.0,0.9486196,0.0,0.80676013,0.19512105,0.0,1.4567454,0.0,0.0,0.0,1.9242809,0.0,0.0,0.7969439,1.8552818,0.0,0.0,0.0,0.777294,0.0,0.0,0.06393409,0.5599486,0.5746652,0.0,0.0,0.83868694,0.0,0.7846629,1.1828722,0.22560841,0.0,0.0,0.792946,0.0,0.0,0.15273511,0.0,0.0,0.20984411,0.0,0.0,0.65266305,0.93064725,0.41302913,1.0330015
U01948,0.0,1.1701766,0.0,0.0,0.0,0.0,0.0,0.0,0.0,0.16730368,0.0,0.0,0.0,2.200173,2.022127,0.0,0.9073199,0.014000177,0.0,0.0,1.9576433,0.0,0.09083623,0.70919174,0.0,0.0,1.1544005,1.8387879,0.0,0.0,0.0,0.0,0.0,0.0,1.3369131,0.0,0.16170913,0.0,1.88798,0.97395825,0.0,0.098792374,1.1265785,1.2232656,0.0,0.9450068,1.0100245,0.3134112,0.8172822,0.0,0.0,0.0,0.0,0.057228535,1.4441098,0.0,0.0,0.86669254,0.0,0.0,0.30667984,0.0,0.029384911,0.0
U01949,0.0,1.113443,0.0,0.0,0.0,0.4672561,0.0,0.0,0.0,1.8297386,0.69275737,0.0,0.0,0.0,0.0,0.0,1.9225678,0.6593375,0.0,0.29729748,0.9728972,0.9552188,0.0,0.0,0.040340483,0.0,0.5437365,1.3490653,1.6689166,0.0,0.0,0.15912205,1.4642221,0.0,0.43488634,0.0,0.70939654,0.0,0.0,1.6754494,0.005097449,0.0,0.0,0.8661669,0.4286375,0.0,0.0,0.0,1.3028102,0.0,0.0,1.2749472,0.0,0.0,0.2206378,0.0,0.0,0.90512353,0.0,0.0,0.0,0.0,0.0,0.0
U01950,0.0,0.29640114,0.0,0.0,0.0,1.410106,0.0,0.0,0.0,0.84610105,1.1833415,0.0,0.0,0.0,0.07806748,0.0,1.6858757,0.0,0.0,0.0,0.18057823,1.3485498,1.0801139,0.13086042,1.2138983,0.0,0.32521546,0.0,1.6832492,0.0,0.0,0.5703076,1.815888,0.0,0.20977497,0.0,0.96223426,0.0,0.5101538,0.7273313,0.365067,0.33684248,0.35526815,0.9418834,0.0,0.0,0.7170247,0.40793082,0.08997381,0.0,0.0,1.2209579,0.0,0.0,0.963452,0.0,0.0,0.0,0.0,0.0,0.0,0.4838819,0.0,0.6986722
U01951,0.0,0.0,0.0,0.0,0.0,0.64215124,0.0,0.0,0.0,0.008509755,0.27360937,0.0,0.0,0.047403455,0.87879467,0.0,0.0,1.2278042,0.0,0.36799622,0.91375965,0.19883159,0.9635802,0.49285275,0.5271995,0.0,1.8904753,0.4689976,1.0253034,0.0,0.0,0.27683544,0.56602937,0.0,0.7075074,0.0,0.0,0.0,2.1844015,0.31629205,0.8968999,0.73465836,1.1831388,0.026554167,0.5090307,0.9651052,1.4945616,0.23567069,0.0,0.0,0.0,0.0,0.0,0.0,0.7273313,0.0,0.0,0.97212565,0.0,0.016884262,0.22698057,1.2505666,0.0,0.22653961
U01952,0.0,0.0,0.0,0.0,0.0,1.2592009,0.067108035,0.0,0.0,0.0,0.47375014,0.0,0.0,0.0,0.0,0.0,0.0,0.55193126,0.021900237,0.0,0.0,0.7975433,1.8444579,0.9151797,0.6592696,0.18447566,0.0,0.0,0.6110935,0.0,0.20918523,1.2096112,1.0659698,0.052364945,0.0,0.0,0.52174836,0.0,1.0869514,0.0,1.0738375,2.1740608,1.1903615,0.5133475,0.0,0.077059865,2.1917644,0.56852996,0.0,0.0,0.0,0.36376664,0.0,0.0,3.1893978,0.0,0.0,0.0,0.0,0.0,0.0,5.1105213,0.24056956,1.9578621
U01953,0.0,1.3407377,0.0,0.023701549,0.0,0.0,0.0,0.0,0.0,0.426108,0.0,0.0,0.0,1.3090439,2.437179,0.031206727,1.2919173,0.0,0.0,0.0,1.7537475,0.0,0.37336582,0.9549735,0.0,0.0,1.7282952,1.7965902,0.0,0.0,0.0,0.0,0.0,0.0,1.1865904,0.0,0.0,0.0,1.7331399,0.365811,0.0,0.0,0.593342,2.2129066,0.0,0.5181954,0.0,0.0,0.81749916,0.0,0.0,0.0,0.15265307,0.0,1.8253356,0.0,0.039951384,0.45332032,0.13641775,0.0,0.0,0.8715793,0.0,0.0
U01954,1.4987514,0.8280777,1.3648537,1.6520841,0.77512354,0.0,1.7110395,1.1395001,1.4454939,1.1477792,0.0,0.7337153,0.99236095,1.4590678,0.67558676,1.4520652,0.0,2.1036708,1.4924111,1.9931234,1.3258828,0.0,0.0,0.0,0.0,1.2519732,1.1078115,1.2965479,0.0,1.1835742,1.242834,0.0,0.0,1.5724596,0.72443426,2.2084866,0.0,1.4709555,0.0,1.2613986,0.0,0.0,0.0,0.0,0.92909384,0.4416154,0.0,0.0,0.996662,1.3906106,1.2587633,0.0,1.1469983,0.0,0.0,1.5410411,1.3191845,0.9601647,0.8347861,0.0,0.7575039,0.0,0.55918443,0.0
U01955,0.0,0.5452099,0.0,0.0,0.0,0.7297015,0.0,0.0,0.0,0.46868837,0.3767485,0.0,0.0,1.1392456,1.5061308,0.0,1.6174532,0.7001289,0.0,0.55455256,0.857071,1.290972,1.187592,0.8330773,0.58941567,0.0,1.1960552,0.8319321,0.59869933,0.0,0.0,0.3745296,0.58349407,0.0,0.9303935,0.0,0.31836125,0.0,1.475589,0.4609418,0.09634563,0.62363344,0.6706749,0.95807934,0.6356906,0.7914927,0.938344,0.06442413,0.27641386,0.0,0.0,0.656777,0.0,0.0,0.901384,0.0,0.0,0.54541177,0.0,0.051893625,0.01406467,1.220018,0.0,0.33351386
U01956,0.0,0.0,0.0,0.0,0.0,1.1429191,0.0,0.0,0.0,0.4429822,1.4090964,0.0,0.0,0.4082998,1.0307238,0.0,0.50810397,0.84606016,0.0,1.1422207,0.14403546,0.72779185,1.1896346,0.12250505,1.1527939,0.0,0.0,0.0,1.3335074,0.0,0.0,1.0589068,1.3232495,0.0,0.0,0.0,0.938861,0.0,0.43292883,0.0,0.7427074,1.1068081,0.18890804,0.41629457,1.0454404,0.42994374,0.99483943,1.2130013,0.15153003,0.0,0.0,0.4343741,0.0,0.02678454,0.0,0.0,0.0,0.0,0.0,0.09600579,0.7315353,0.7639911,0.0,0.9825866
U01957,0.0,0.8613718,0.0,0.0,0.0,0.0,0.0,0.0,0.062629074,0.24687564,0.0,0.0,0.0,1.5289146,2.099547,0.0,0.68276036,0.32707572,0.0,0.008137226,1.9865743,0.0,0.08683056,1.0625298,0.0,0.0,1.496072,0.97499835,0.0,0.0,0.0,0.19298458,0.0,0.0,1.4694246,0.0,0.0,0.0,1.5128698,1.1145386,0.0,0.16317296,0.789605,0.7811172,0.5812036,0.96922433,1.2628688,0.6027421,0.45778835,0.0,0.0,0.0,0.0,0.0,0.48064387,0.0,0.0,1.3221985,0.0,0.038466632,0.9416327,0.0,0.0,0.0
U01958,0.0,0.90797323,0.0,0.0,0.0,0.45399162,0.0,0.0,0.0,1.2463396,0.9177114,0.0,0.0,0.0,0.23549712,0.0,1.5457437,0.63648474,0.0,0.8551029,0.029731274,0.8591905,0.88915294,0.030374892,0.8368441,0.0,1.010895,0.47128308,1.7130014,0.0,0.0,0.29254478,1.45185,0.0,0.18120587,0.0,0.20283741,0.0,0.8548125,1.0467477,0.653727,0.34011418,0.13464703,0.46536395,0.31095564,0.63407636,0.023824722,0.0,0.5077923,0.0,0.0,0.78451824,0.0,0.0,0.5326214,0.0,0.0,0.16887164,0.0,0.0,0.0,0.81854534,0.33849862,0.0
U01959,0.0,1.0531054,0.0,0.0,0.0,0.39206108,0.0,0.0,0.0,0.9991316,0.9003147,0.0,0.0,0.0,0.33904982,0.0,0.0,1.0468043,0.0,0.8190522,0.49656963,0.33162388,0.39217824,0.0,1.022226,0.0,0.8418022,0.042975307,1.706815,0.0,0.0,0.40341187,1.3383386,0.0,0.0,0.0,0.0,0.0,0.80238676,0.5554153,0.74215525,0.026101083,0.0,0.0,0.8868991,0.33113688,0.8016925,0.24979407,0.31288594,0.0,0.0,0.10347292,0.0,0.0,0.0,0.0,0.0,0.62868285,0.0,0.0,0.82794565,0.009882934,0.0,0.38235986
U01960,0.0,0.10953319,0.0,0.0,0.0,0.5143945,0.0,0.0,0.0,0.68351144,0.7552633,0.0,0.0,0.0,0.0,0.0,0.5123392,1.289383,0.0,1.0210159,0.0,0.48678505,0.3582936,0.0,1.0650085,0.0,0.0,0.0,1.6724823,0.0,0.0,0.8899832,1.7463468,0.0,0.0,0.0,0.18793732,0.0,0.0803959,0.18485129,1.1976748,0.4443823,0.0,0.0,1.130746,0.69068825,1.1482548,0.60207283,0.0,0.0,0.0,0.2756867,0.0,0.0,0.5625644,0.13241935,0.0,0.51345503,0.0,0.0,0.53200835,0.62479186,0.059473038,0.35048735
U01961,0.0,0.05246979,0.0,0.0,0.0,1.1436281,0.0,0.0,0.0,0.68935037,0.8638127,0.0,0.0,0.7263864,0.50719815,0.0,1.572007,1.093136,0.0,0.59397995,0.56268644,1.5444226,0.7561179,0.4224409,0.6832291,0.0,0.3505932,0.6070893,1.3532984,0.0,0.0,0.6050354,1.3394458,0.0,0.595914,0.03032744,1.0159705,0.0,1.2226957,0.6483946,0.21910265,0.7309874,0.49776936,1.0001718,0.45960546,0.3982904,0.78495824,0.6101117,0.46908998,0.0,0.0,1.114711,0.0,0.12760243,0.9999722,0.0,0.0,0.15305662,0.0,0.0,0.0,1.426872,0.24089429,0.47918582
U01962,0.0,0.0,0.0,0.0,0.0,0.33841625,0.0,0.04138297,0.0,0.0,0.0,0.23014913,0.0,2.586292,1.8789976,0.0,2.2330103,0.0,0.0,0.0,1.8334424,0.074436635,0.5083464,1.9153342,0.0,0.0,0.0,0.8921497,0.0,0.056637045,0.0,0.68653774,0.0,0.0,2.1504202,0.026438355,0.0,0.0,1.8944743,0.5073112,0.0,0.21533453,1.3936385,2.159744,0.2252078,1.0136002,2.178855,0.44678256,0.0,0.0,0.0,0.0,0.26301837,0.19161388,2.7335792,0.0,0.0,0.48696828,0.0,0.0,0.0,0.0,0.0,0.24944079
U01963,0.0,1.6490359,0.0,0.0,0.0,0.0,0.0,0.0,0.0,1.688357,0.0,0.0,0.0,0.83030975,1.6768937,0.0,0.0,0.9211296,0.0,0.022493124,2.6125228,0.0,0.0,0.29383498,0.0,0.0,2.6506925,1.8793057,0.17694789,0.0,0.0,0.0,0.0,0.0,1.0464792,0.0,0.060759455,0.0,1.0931408,1.6948737,0.0,0.0,0.17783554,0.20563751,0.089848876,0.33048052,0.11229247,0.0,1.2428541,0.0,0.0,0.0,0.0,0.0,0.05664265,0.0,0.0,1.7582707,0.0,0.0,1.0178654,0.2870587,0.0,0.0
U01964,2.1530743,0.5492428,1.9710044,2.394316,1.2594361,0.0,2.3332982,1.5619214,2.1190748,1.2780185,0.0,1.2288973,1.4682885,1.3106402,0.0,2.0500083,0.0,2.2992492,2.218232,2.1122844,0.653257,0.0,0.0,0.0,0.0,1.8934908,0.9326433,1.0236089,0.0,1.8717886,1.8709804,0.0,0.0,2.332274,0.0804764,2.746603,0.0,2.2716155,0.0,0.81584525,0.0,0.0,0.0,0.0,0.7892678,0.013882875,0.0,0.0,0.79158616,2.0178874,1.8138303,0.0,1.7170286,0.0,0.0,2.1296859,1.977983,0.6256405,1.3521695,0.0,0.53288186,0.82307243,0.9902098,0.0
U01965,0.0,1.2456234,0.0,0.0,0.0,0.6295816,0.0,0.0,0.0,1.7769688,1.0876384,0.0,0.0,0.0,0.70266235,0.0,1.286671,0.0,0.0,0.21286392,0.0,1.2010156,0.60758454,0.265379,1.2570022,0.0,1.2242906,1.0348659,1.088197,0.0,0.0,0.0,1.0309899,0.0,0.14816594,0.0,1.0018294,0.0,0.0,0.7434677,0.0,0.0,0.0,0.9361124,0.0,0.0,0.0,0.0,1.3515457,0.0,0.0,1.3883191,0.0,0.048619866,0.7992948,0.0,0.0,0.0,0.0,0.0,0.0,1.8590431,0.0,0.39037955
U01966,0.32032514,1.55651,0.431845,0.41072938,0.0,0.0,0.22965133,0.0,0.0,2.5319014,0.23917046,0.0,0.09448455,2.5594475,0.0,0.39196855,0.0,3.8258386,0.21578076,3.40979,1.374814,0.0,0.0,0.0,0.0,0.13443631,1.7086642,1.8485148,0.5474814,0.31936318,0.34370282,0.0,0.0,0.4552071,0.5588723,1.3582323,0.09772551,0.3590054,0.0,1.9836606,0.0,0.0,0.0,0.0,1.8007858,0.0,0.0,0.0,1.8654282,0.21766472,0.38908264,0.0,0.1917611,0.0,0.0,0.06791228,0.32616404,1.4308273,0.0,0.0,1.1742079,0.7702408,0.87438,0.0
U01967,0.0,0.09344363,0.0,0.0,0.0,0.98217833,0.0,0.0,0.0,0.0,0.015601814,0.0,0.0,1.1365396,2.4744534,0.0,0.86781746,0.13365245,0.0,0.0,1.1092923,0.120447695,0.99922293,2.1527088,0.18749714,0.0,1.3747181,0.62841094,0.0,0.0,0.0,0.615705,0.0,0.0,1.0898893,0.0,0.5693432,0.0,1.5500822,0.0,0.007837042,0.9359957,1.7883724,1.3417499,0.0,0.6234637,2.2165828,1.7419411,0.0,0.0,0.0,0.3162472,0.0,0.085437655,2.2114549,0.0,0.0,0.0,0.0,0.039572645,0.1421836,2.3412547,0.0,1.264344
U01968,0.0,1.103837,0.0,0.0,0.0,0.4585314,0.0,0.0,0.0,1.1875196,0.61050713,0.0,0.0,0.058724403,1.9273595,0.0,1.1581739,0.03796029,0.0,0.22073317,1.0964192,0.67495286,0.6758117,0.615378,0.5737605,0.0,2.1756687,1.0388649,0.39713585,0.0,0.0,0.0,0.5202273,0.0,0.7631607,0.0,0.44754297,0.0,0.9575157,1.087216,0.0,0.0,0.606907,1.3035889,0.0,0.39680028,0.0,0.0,1.0547992,0.0,0.0,0.46155554,0.0,0.0,0.27753544,0.0,0.0,0.5513425,0.0,0.026212197,0.27736655,1.3704274,0.0,0.0
U01969,0.0,0.038047433,0.0,0.0,0.0,0.07850911,0.0,0.0,0.0,1.2021228,1.814086,0.0,0.0,1.6867659,0.0,0.0,0.0,3.4651952,0.0,2.0301945,0.0,0.0,0.0,0.0,1.0706763,0.0,0.19872952,0.0,1.16864,0.027180944,0.0,0.15289235,0.99377376,0.0,0.0,0.28759485,0.2713752,0.0,0.0,0.056577206,0.94665843,0.2798866,0.0,0.0,1.0894792,0.0,0.5485225,1.4822642,0.29678595,0.0,0.0,0.51530373,0.0,0.0,0.0,0.0,0.0,0.0,0.0,0.0,1.1296751,2.6729167,0.8925502,0.7883893
U01970,0.0,0.9049832,0.0,0.0,0.0,0.22872871,0.0,0.0,0.0,0.7850003,0.0,0.0,0.0,1.0953104,0.31397748,0.0,1.2232443,1.3057139,0.0,0.041744947,1.8678586,0.0,0.0,1.2173463,0.0,0.0,0.44068897,1.6296917,0.0,0.0,0.0,0.41051447,0.0,0.0,1.5823025,0.0,0.1340004,0.0,0.0,1.0127313,0.0,0.4163133,1.4370537,0.6643647,0.5526353,1.0255975,0.0,0.0,1.1794535,0.0,0.0,0.39066172,0.0,0.02665922,0.7528783,0.0,0.0,0.903309,0.0,0.0,0.19328433,0.9049243,0.46218243,0.0
U01971,0.0,0.0,0.0,0.0,0.0,0.7460749,0.0,0.0,0.0,0.6004547,0.6474289,0.0,0.0,0.12753677,0.42280018,0.0,1.1304531,0.14320278,0.0,0.61311746,0.24000192,0.656296,0.5440578,0.2830364,0.90459955,0.0,0.0,0.15057445,1.0372275,0.0,0.0,0.9427093,0.9349911,0.0,0.06272191,0.0,1.275572,0.0,0.9964608,0.0,0.079592705,0.6544531,0.46333063,0.522345,0.13921762,0.43735605,1.1253301,0.8387308,0.19867706,0.0,0.0,0.8003795,0.0,0.033011377,1.4215544,0.0,0.0,0.0,0.0,0.11339198,0.0,0.6318747,0.63937414,1.0650663
U01972,0.03398961,0.0,0.09259364,0.07985824,0.0,1.3112651,0.0,0.0,0.0,0.0,0.95896184,0.0,0.0,0.35606527,0.7873872,0.0,2.066994,0.0,0.014305145,0.645224,0.09151006,1.3464174,1.0524774,0.11045946,1.0199157,0.0,0.0,0.08073151,0.92390585,0.0,0.0,1.190695,1.0422246,0.004034698,0.31188732,0.18285656,1.0686716,0.04088399,0.594692,0.31981254,0.2742425,0.8657044,0.38919017,1.0803343,1.3190336,0.26180232,1.1083169,1.4475777,0.0,0.0,0.0,0.62736356,0.0,0.0,0.58350706,0.0,0.0,0.0,0.0,0.0,0.0,0.0,0.21119702,0.62307346
U01973,0.0,2.096722,0.0,0.0,0.12037332,0.0,0.0,0.0,0.0,1.8595798,0.0,0.0,0.0,2.8477097,0.30961335,0.0,0.0,2.1774147,0.0,1.5101174,1.9163774,0.0,0.0,0.0,0.0,0.0,1.3412402,2.3864887,0.0,0.0,0.0,0.0,0.0,0.0,1.4000562,0.0,0.9342021,0.0,0.0,1.4645163,0.0,0.0,0.0,0.0,0.46411836,0.0,0.0,0.0,1.8280818,0.0,0.0,0.23588657,0.0,0.13538286,0.0,0.0,0.0,1.2830359,0.0,0.0,0.69539577,0.3350064,0.16855496,0.0
U01974,0.2034899,0.0,0.0,0.15970397,0.0,1.2255123,0.18324316,0.0,0.07948622,1.1904144,1.921839,0.0,0.0,0.0,0.0,0.0,0.317253,0.0,0.21330777,1.3451024,0.0,1.2703648,0.87000483,0.0,1.7979364,0.0,0.0,0.0,2.8713431,0.0,0.037599996,0.7190045,2.5564713,0.12763518,0.0,0.22463751,1.4055802,0.081798315,0.0,0.0,0.66267926,0.9069661,0.0,0.022262275,0.33133197,0.0,0.0,0.5784297,0.42635524,0.0,0.0,1.2972044,0.0,0.0,0.0,0.18105617,0.21528426,0.0,0.0,0.0,0.0,0.0,0.65848744,0.99599206
U01975,0.0,0.0,0.0,0.0,0.0,1.2513723,0.0,0.0,0.0,0.26954365,0.7706603,0.0,0.0,1.1361473,0.6835767,0.0,1.0073816,1.3985227,0.0,0.0,0.48986232,1.2093542,0.78338474,0.9220031,0.36289233,0.0,0.16517651,0.521209,0.5658225,0.0,0.0,1.1993312,0.795971,0.0,0.6326813,0.0,1.1053283,0.0,1.2273047,0.0,0.40100265,1.2378695,1.0264019,0.9768852,0.0,0.3136478,2.1323595,1.1261984,0.0,0.0,0.0,0.97835755,0.0,0.0,1.9957794,0.0,0.0,0.0,0.0,0.0,0.075086534,2.3318977,0.0,1.0037802
U01976,0.0,0.8055918,0.0,0.0,0.0,0.5433551,0.0,0.0,0.0,1.1613467,0.90101075,0.0,0.0,1.2909545,0.0,0.0,0.6804014,1.516327,0.0,1.079155,0.42521822,0.41229433,0.0,0.0,0.31991792,0.0,0.0,0.8819483,0.6073104,0.0,0.0,1.0422308,0.8045744,0.0,0.85430294,0.0,1.0789117,0.0,0.0,0.9538939,0.0,0.0,0.0,0.043619186,1.0975279,0.0,1.1528603,0.16724384,0.8269439,0.0,0.0,1.0934908,0.0,0.0,0.5625061,0.0,0.0,0.69053024,0.0,0.0,0.24657476,0.43397704,0.34398338,0.63362575
U01977,0.0,0.61216867,0.0,0.3112477,0.0,0.68831325,0.0,0.0,0.0,2.3047187,1.7244666,0.0,0.41323453,0.0,0.0,0.0,0.4498225,0.49655008,0.0,1.3315487,0.0,0.6998491,0.0,0.0,1.2897195,0.11104247,0.0,0.050492883,2.7994266,0.0,0.0,0.3968556,2.1788297,0.0,0.0,0.055431724,1.3567225,0.0,0.0,1.3955457,0.30097276,0.0,0.0,0.0,0.0,0.0,0.0,0.0,1.1114829,0.10707696,0.06583178,1.8049005,0.10739028,0.0,0.0,0.07823092,0.03619343,0.0,0.0,0.0,0.0,0.0,0.49316418,0.08530235
U01978,0.0,0.0,0.0,0.0,0.0,0.94220436,0.0,0.0,0.0,0.75790894,1.2137786,0.0,0.0,2.5671997,0.04621935,0.0,0.41798872,2.6869524,0.0,0.6610222,0.052981257,0.22428119,0.0,0.8898845,0.0,0.0,0.34206474,1.4576187,0.0,0.0,0.0,1.0441723,0.0,0.0,0.8820867,0.12947655,1.57972,0.0,0.0,0.6873622,0.0,1.1276085,1.0521865,0.76515794,0.19694674,0.44386876,1.5665497,1.4758838,0.7979655,0.0,0.0,0.83286476,0.0,0.18784812,1.1496013,0.0,0.0,0.0,0.0,0.17942859,0.6758166,2.2390342,0.35928768,1.0466464
U01979,0.15060169,0.0,0.04119371,0.0,0.0,0.4081973,0.18901324,0.14983284,0.06156998,0.0,0.05578784,0.0,0.0,0.0,0.0023950338,0.0,0.8063638,1.3697269,0.0,0.0,0.0,0.0,1.6098375,1.0597866,0.48082876,0.0,0.0,0.0,0.0,0.0,0.0,1.823652,0.6168063,0.0,0.0,0.0,0.0,0.0,0.14680299,0.0,2.220273,1.5926839,1.1338868,0.0,0.9481535,1.7515426,2.6464176,1.5274704,0.0,0.0,0.164183,0.0,0.0,0.060129017,2.3377028,0.0,0.0,0.0,0.0,0.0,0.84438163,1.8516921,0.0,0.91300404
U01980,0.0,1.0205612,0.0,0.0,0.0,0.0,0.0,0.0,0.0,0.0,0.0,0.0,0.0,1.0520804,1.6333253,0.0,1.4274132,0.0,0.0,0.0,1.5313886,0.0,1.1064262,1.7214481,0.0,0.0,1.5884326,0.2204336,0.0,0.0,0.0,0.43518913,0.0,0.0,1.4530386,0.0,0.0,0.0,1.6479441,1.3554294,0.56702614,0.5243701,1.4767907,0.9509092,0.6762842,1.7745926,1.4853213,0.6673999,0.3277961,0.0,0.0,0.0,0.0,0.3161904,1.2078527,0.0,0.0,1.3487095,0.0,0.28928727,1.2299405,0.0,0.0,0.0
U01981,0.0,0.0,0.0,0.0,0.0,1.7580853,0.0,0.0,0.0,0.0,1.2090174,0.0,0.0,1.4821965,0.4497699,0.0,0.22222865,0.93524396,0.0,1.3048587,0.0,1.0586028,2.0861878,0.28552037,1.2019322,0.0,0.0,0.0,0.18755788,0.0,0.0,2.0785875,0.96792775,0.0,0.0,0.0,1.0836834,0.0,0.0,0.0,1.4501486,1.4957242,0.45878235,0.0,1.9908594,0.21182513,2.7296028,2.3176243,0.0,0.0,0.0,0.28660104,0.0,0.0,0.14876378,0.0,0.0,0.0,0.0,0.0,0.21743953,0.014165841,0.0,1.8925695
U01982,0.0,1.1134306,0.0,0.0,0.0,0.56758285,0.0,0.0,0.0,1.0977632,0.56567943,0.0,0.0,1.0868044,0.41124034,0.0,0.8645574,1.9632573,0.0,0.62595654,1.2811722,0.1844194,0.0,0.62378025,0.0,0.0,1.1354718,1.3009844,0.30978203,0.0,0.0,0.759302,0.3727572,0.0,1.3244694,0.0,0.89871204,0.0,0.0,2.3736427,0.49701732,0.0,0.7777731,0.7807478,1.2259607,0.7042699,1.3401433,1.004835,1.2011656,0.0,0.0,0.7257824,0.0,0.0,0.0,0.0,0.0,1.6968423,0.0,0.18243237,1.0678842,0.2865811,0.0,0.0
U01983,0.023263156,0.0,0.04890743,0.0,0.08946462,1.704862,0.0,0.36355692,0.19189835,0.0,0.6889137,0.18501587,0.0,0.47636902,0.49976683,0.42870516,0.50509137,0.0,0.45894977,0.0,0.0,0.8766314,2.5643637,0.8518009,0.99771416,0.67554295,0.0,0.0,0.0,0.5075037,0.2634296,2.6122518,0.6616454,0.116592675,0.0,0.0,0.5059958,0.2874326,1.0913608,0.0,1.5116568,2.1657302,1.2975502,0.0,1.3405321,0.26685333,4.2295723,3.2598104,0.0,0.3373227,0.13402882,0.0,0.0,0.0,2.528623,0.0,0.1439494,0.0,0.0,0.0,0.22654277,1.1717262,0.099003136,2.1784604
U01984,0.0,0.25008434,0.0,0.0,0.0,0.78888595,0.0,0.0,0.0,0.0,0.08319855,0.0,0.0,0.66448337,1.1657056,0.0,2.564158,0.0,0.0,0.0,0.8128552,1.554414,1.4251239,0.9092923,0.53839195,0.0,0.038277984,0.3920822,0.3543654,0.0,0.0,0.655552,0.420857,0.0,0.6236122,0.0,0.2902239,0.0,2.4259455,0.43071914,0.0,0.70473695,0.6353872,1.238122,0.66239834,0.7244234,1.2192435,0.63319826,0.21645564,0.0,0.0,0.5508491,0.0,0.028901458,2.1544518,0.0,0.0,0.44896704,0.0,0.03658878,0.0,0.64852524,0.46892852,0.2236718
U01985,0.0,0.71670544,0.0,0.0,0.0,0.57146084,0.0,0.0,0.0,0.29473865,0.0,0.0,0.0,1.0441096,2.04976,0.0,1.8171643,0.1394124,0.0,0.3971026,1.4739118,0.75738925,0.81321996,0.6443059,0.42703795,0.0,1.2535033,1.0194379,0.07621902,0.0,0.0,0.0,0.12900367,0.0,1.2537167,0.0,0.19568837,0.0,1.2553825,0.9297298,0.0,0.023949862,0.8252009,1.5442069,0.28819072,0.70498323,0.5478924,0.28276095,0.58005214,0.0,0.0,0.23310038,0.0,0.01186651,0.44999444,0.0,0.0,0.6676264,0.0,0.105758965,0.0,0.0643147,0.0,0.056968987
U01986,0.0,0.0047796965,0.0,0.0,0.0,1.0524101,0.0,0.0,0.0,1.687945,2.3101096,0.0,0.0,1.58817,0.0,0.0,0.6653222,1.2816066,0.0,1.0635915,0.0,1.0710369,0.007738173,0.0,1.4254594,0.0,0.0,0.0,1.2436007,0.0,0.0,0.0,1.380577,0.0,0.0,0.0,1.5427372,0.0,0.0,0.083091855,0.0,0.0,0.0,0.0,0.0,0.0,0.0,0.59964323,0.76576495,0.0,0.0,1.676529,0.0,0.030056179,0.23694026,0.0,0.0,0.0,0.0,0.0,0.0,2.0047765,0.25440165,1.5331242
U01987,0.0,0.9184212,0.0,0.0,0.0,0.22511002,0.0,0.09006792,0.0,0.0,0.0,0.0445685,0.0,1.2555852,1.4463676,0.0,1.9889977,0.0,0.0,0.0,1.3440623,0.97715956,0.96603423,0.75885767,0.41870105,0.0,0.5860858,0.62555164,0.0,0.0,0.0,0.1399033,0.090269044,0.0,0.95189494,0.0,0.0,0.0,1.7146204,0.89238715,0.0,0.10932684,0.4271525,0.86138237,1.0555269,0.62036085,1.0873007,0.52684426,0.30732948,0.0,0.0,0.17532139,0.008500904,0.109812826,1.0021323,0.0,0.0,1.1455421,0.0,0.05069629,0.23491788,0.0,0.038173795,0.0
U01988,0.0,0.0,0.026054531,0.0024576783,0.0,1.2681086,0.0,0.0,0.0,0.0,0.13353145,0.029025443,0.0,0.94409007,0.6532315,0.0,2.4961274,0.0,0.0,0.0,0.0,1.596653,1.858201,1.1907915,0.9697046,0.0,0.0,0.0,0.0,0.0,0.14864329,1.4491701,0.25848362,0.0,0.25672406,0.40414536,0.5920446,0.0,2.6417704,0.0,0.2281487,1.3925639,0.90502346,1.1710209,0.6007714,0.39515668,2.1730886,1.7062082,0.0,0.067552805,0.0,0.39011812,0.0,0.13245308,2.7241087,0.0,0.0,0.0,0.0,0.0,0.0,0.66901433,0.8463674,1.1505446
U01989,0.0,0.0,0.0,0.0,0.0,0.9214033,0.0,0.0,0.0,0.11890149,0.22590795,0.0,0.0,1.1835012,0.62438154,0.0,1.7380733,0.48564148,0.0,0.4572606,0.7314188,1.1334782,0.7385362,0.5931447,0.42240143,0.0,0.0,0.61027855,0.57101107,0.0,0.0,1.0403692,0.6978416,0.0,0.6767106,0.0,0.9912263,0.0,1.0916762,0.32611096,0.2868935,0.7312225,0.7424156,0.8666734,0.65755427,0.5558431,1.6792518,1.194926,0.16543722,0.0,0.0,0.6919339,0.0,0.0,1.3935267,0.0,0.0,0.28336227,0.0,0.052969944,0.0,0.6244626,0.3545584,0.7203201
U01990,0.0,0.0,0.0,0.0,0.0,1.0484886,0.0,0.0,0.0,0.0,0.95055723,0.0,0.0,0.0,0.38830084,0.0,0.34399027,0.0,0.0,0.0,0.0,1.8216155,2.2739148,0.87592787,1.0828551,0.0,0.021082282,0.0,0.9564738,0.0,0.0,0.7999575,1.2170777,0.0,0.0,0.0,0.0,0.0,2.9790995,0.0,0.42985803,2.1661243,0.5513763,0.8784359,0.0,0.10502279,1.2600828,0.17518437,0.0,0.0,0.0,0.33599496,0.0,0.0,2.5901084,0.0,0.0,0.0,0.0,0.0,0.0,3.391683,0.043202102,0.9986551
U01991,1.0090582,0.7746496,0.94322,1.0433414,0.47412866,0.0,1.1979302,0.81463385,1.1807715,0.0,0.0,0.61921185,0.8885684,1.7107879,1.9420099,1.025356,0.0,0.9866234,0.94078064,0.815465,2.206193,0.0,0.0,0.52833754,0.0,0.8610992,1.2006581,1.3331892,0.0,0.8490171,0.8231852,0.0,0.0,0.87118435,1.4286968,1.7718334,0.0,0.82321906,0.92620194,1.3774235,0.0,0.0,0.17382956,0.11698565,0.9315764,0.9905372,0.0,0.0,0.76718056,0.9730059,0.98822606,0.0,1.0190095,0.0,0.0,1.0000213,0.8957283,1.2762007,0.54514235,0.0,0.9565859,0.0,0.0,0.0
U01992,1.8005619,0.57923055,2.0423024,2.4016554,1.4354934,0.0,1.9852315,1.2306509,2.2312036,2.5486445,0.0,1.2237595,1.3355066,2.7790186,0.0,2.0804484,0.0,4.4744663,2.1918592,3.5000935,0.034783006,0.0,0.0,0.0,0.0,1.7787938,1.2917187,1.3279634,0.0,2.371345,2.029778,0.0,0.0,2.3493419,0.0,2.8022091,0.0,2.4213777,0.0,0.7910019,0.0,0.0,0.0,0.0,1.2202053,0.0,0.0,0.0,1.3021436,1.8339964,1.9761993,0.0,1.7259616,0.0,0.0,1.5744007,2.0002475,0.4418496,1.3980308,0.0,0.59141153,3.38836,1.6628437,0.0
U01993,0.0,0.333243,0.0,0.0,0.0,0.561574,0.0,0.0,0.0,0.0,0.0,0.0,0.0,1.0208015,1.1686045,0.0,1.1119192,0.06275892,0.0,0.0,1.1889342,0.16180511,0.8897367,0.6655609,0.4156655,0.0,0.5499731,0.15258145,0.5500637,0.0,0.0,0.99438095,0.19895855,0.0,1.0802798,0.0,0.0,0.0,2.0600266,0.66718864,0.59121877,0.37114227,0.8541703,0.52458334,1.1294632,1.0706414,1.6507365,0.6824808,0.0,0.0,0.0,0.1710929,0.0,0.0,1.0765096,0.0,0.0,0.8861257,0.0,0.005864365,0.35287935,0.0,0.0,0.3749826
U01994,0.35264787,1.0779082,0.06472355,0.5253013,0.27079397,0.0,0.5193512,0.70502687,0.81228703,1.2349095,0.0,0.1707944,0.54142636,2.0273643,1.6976259,0.48157308,0.49277067,0.0,0.17496955,0.4625666,1.2301916,0.13394664,0.7215641,0.0,0.0,0.0,1.4530352,0.9209218,0.0,0.27354515,0.315921,0.0,0.0,0.4627899,0.43497562,0.34095496,0.011449814,0.38914117,1.3372923,0.37676406,0.0,0.0,0.0,0.15243006,0.0,0.0,0.0,0.0,0.9586054,0.27006605,0.0015619937,0.0,0.34383565,0.0,0.50293267,0.26044887,0.021424353,0.63293356,0.67490125,0.0,0.0,1.3128786,0.0,0.0
U01995,0.02187848,1.646318,0.04824072,0.0,0.19534431,0.0,0.0,0.2502136,0.41424674,2.119764,0.0,0.35285568,0.5701284,0.66140544,1.0575767,0.26933253,0.0,0.0,0.0,0.0,1.8957963,0.0,0.0,0.0,0.0,0.2543156,2.7015076,1.8697089,0.0,0.05232628,0.0,0.0,0.0,0.17878014,0.38597292,0.0,0.0,0.0,0.5870044,1.686757,0.0,0.0,0.0,0.0,0.0,0.0,0.0,0.0,1.6982126,0.18803136,0.09207162,0.0,0.026943952,0.0,0.0,0.0,0.47619572,1.6269246,0.38593167,0.0,0.15793717,0.30717105,0.0,0.0
U01996,0.0,1.0835023,0.0,0.0,0.0,0.13707957,0.0,0.0,0.0,1.1798658,0.4322178,0.0,0.0,2.685333,0.5029857,0.0,0.65407664,2.2102935,0.0,1.5653036,1.0410775,0.24067196,0.0,0.71278006,0.0,0.0,0.72333163,1.7012773,0.0,0.0,0.0,0.0,0.0,0.0,1.3752921,0.32585818,0.74511504,0.0,0.0,2.0420656,0.0,0.0,0.11311376,0.21976225,1.9240472,0.77711725,0.49144572,0.030260697,1.4643472,0.0,0.0,0.41505516,0.0,0.20638111,0.0,0.0,0.0,1.041575,0.0,0.2572098,1.1912354,0.19164322,0.37826505,0.0
U01997,0.0,0.0,0.0,0.0,0.0,1.6602489,0.0,0.0,0.0,0.08484876,0.8565955,0.0,0.0,0.66609436,0.5182582,0.0,1.3918787,0.4008143,0.0,0.0,0.16581273,1.2192852,0.9617931,0.8658675,0.9765383,0.0,0.0,0.45806193,0.7158017,0.0,0.0,1.1918024,0.8997688,0.0,0.6345518,0.0,1.503056,0.0,0.7624581,0.0,0.17854849,1.2286048,1.0722077,1.4133608,0.0,0.37614322,1.351263,1.1894953,0.11762118,0.0,0.0,1.360428,0.0,0.19081113,1.5833112,0.0,0.0,0.0,0.0,0.22184165,0.0,1.2528869,0.050790906,1.4863057
U01998,0.0,0.0,0.0,0.016782105,0.0,0.3414344,0.21111733,0.21034765,0.0,0.0,0.0,0.0651979,0.0,2.1478572,1.6373785,0.0,2.6374164,0.0,0.0,0.0,0.99993545,0.19401239,0.92604774,1.9059529,0.0,0.0,0.0,0.15236068,0.0,0.0567445,0.0,1.1333013,0.0,0.1788949,1.369119,0.51662034,0.0,0.0,2.139884,0.0,0.1205703,0.7648425,1.6232066,1.6316748,1.2292423,1.4524317,2.3110776,1.4001647,0.0,0.0,0.036652673,0.0,0.16032912,0.33447948,2.7433786,0.0,0.0,0.612131,0.0,0.0,0.42841005,0.0,0.49992502,0.5905038
U01999,0.0,1.1288888,0.0,0.0,0.0,0.50750303,0.0,0.0,0.0,0.23765182,0.5782647,0.052304275,0.05103346,0.0,1.5777736,0.0,0.8919989,0.0,0.0,0.0,1.0191705,0.50894094,0.97365564,0.85184824,0.43833947,0.022895843,1.5328052,0.1772455,0.0,0.0,0.0,0.14853579,0.55690867,0.0,0.6330477,0.0,0.0,0.0,1.97194,1.2857778,0.3447175,0.28707886,1.1908499,0.45493042,0.0,0.4176988,1.3868325,1.4160671,0.17016387,0.16875774,0.0,0.09563993,0.0,0.0,0.6083101,0.0,0.0,1.0352018,0.0,0.0,0.8974377,0.4708261,0.0,0.0
U02000,0.0,0.0,0.7404219,0.0,0.39524078,0.0,0.0,0.0,0.0,0.0,0.6366011,0.0,0.34174645,0.0,0.06854719,0.0,0.0,0.16485834,0.12285298,0.08112955,0.0,0.0,1.5947208,0.0,1.6378953,0.04029891,0.0,0.0,0.17945307,0.9366748,0.0,2.207245,1.7447805,0.0,0.0,0.0,0.0,0.19871587,1.7470349,0.0,2.9919715,1.4035622,2.0254827,0.0,1.3669474,1.5311286,3.4906936,3.8644233,0.0,0.0,0.27999902,0.0,0.0,0.0,0.86169016,0.0,0.036058873,1.0355041,0.0,0.0,1.7905918,0.0,0.0,1.1512673
