step,transaction_id,risk_score,selected_policy,action,reward,cumulative_reward,simulated_feedback_label
1,TX_0000001,0.0576,conservative,ALLOW,2.0,2.0,0
2,TX_0000002,0.2148,aggressive,ALLOW,2.0,4.0,0
3,TX_0000003,0.0374,current,ALLOW,2.0,6.0,0
4,TX_0000004,0.0269,aggressive,ALLOW,2.0,8.0,0
5,TX_0000005,0.0468,conservative,ALLOW,2.0,10.0,0
6,TX_0000006,0.0728,current,ALLOW,2.0,12.0,0
7,TX_0000007,0.0563,conservative,ALLOW,2.0,14.0,0
8,TX_0000008,0.0507,current,ALLOW,2.0,16.0,0
9,TX_0000009,0.0483,current,ALLOW,2.0,18.0,0
10,TX_0000010,0.167,current,ALLOW,2.0,20.0,0
11,TX_0000011,0.0494,conservative,ALLOW,2.0,22.0,0
12,TX_0000012,0.0302,aggressive,ALLOW,2.0,24.0,0
13,TX_0000013,0.1078,conservative,ALLOW,2.0,26.0,0
14,TX_0000014,0.0558,current,ALLOW,2.0,28.0,0
15,TX_0000015,0.0389,conservative,ALLOW,2.0,30.0,0
16,TX_0000016,0.124,aggressive,ALLOW,2.0,32.0,0
17,TX_0000017,0.047,conservative,ALLOW,2.0,34.0,0
18,TX_0000018,0.0949,aggressive,ALLOW,2.0,36.0,0
19,TX_0000019,0.0284,conservative,ALLOW,2.0,38.0,0
20,TX_0000020,0.0371,aggressive,ALLOW,2.0,40.0,0
21,TX_0000021,0.0485,aggressive,ALLOW,2.0,42.0,0
22,TX_0000022,0.0307,current,ALLOW,2.0,44.0,0
23,TX_0000023,0.0501,aggressive,ALLOW,2.0,46.0,0
24,TX_0000024,0.0291,conservative,ALLOW,2.0,48.0,0
25,TX_0000025,0.0879,conservative,ALLOW,2.0,50.0,0
26,TX_0000026,0.1556,conservative,ALLOW,2.0,52.0,0
27,TX_0000027,0.2019,current,ALLOW,2.0,54.0,0
28,TX_0000028,0.0954,current,ALLOW,2.0,56.0,0
29,TX_0000029,0.0964,conservative,ALLOW,2.0,58.0,0
30,TX_0000030,0.0837,aggressive,ALLOW,2.0,60.0,0
31,TX_0000031,0.0298,conservative,ALLOW,2.0,62.0,0
32,TX_0000032,0.1254,conservative,ALLOW,2.0,64.0,0
33,TX_0000033,0.0462,conservative,ALLOW,2.0,66.0,0
34,TX_0000034,0.0331,current,ALLOW,2.0,68.0,0
35,TX_0000035,0.0455,conservative,ALLOW,2.0,70.0,0
36,TX_0000036,0.0273,aggressive,ALLOW,2.0,72.0,0
37,TX_0000037,0.0332,aggressive,ALLOW,2.0,74.0,0
38,TX_0000038,0.0549,current,ALLOW,2.0,76.0,0
39,TX_0000039,0.0824,conservative,ALLOW,2.0,78.0,0
40,TX_0000040,0.073,aggressive,ALLOW,2.0,80.0,0
41,TX_0000041,0.0284,current,ALLOW,2.0,82.0,0
42,TX_0000042,0.0289,aggressive,ALLOW,2.0,84.0,0
43,TX_0000043,0.0361,current,ALLOW,2.0,86.0,0
44,TX_0000044,0.0688,current,ALLOW,2.0,88.0,0
45,TX_0000045,0.029,current,ALLOW,2.0,90.0,0
46,TX_0000046,0.0567,aggressive,ALLOW,2.0,92.0,0
47,TX_0000047,0.0405,aggressive,ALLOW,2.0,94.0,0
48,TX_0000048,0.0279,current,ALLOW,2.0,96.0,0
49,TX_0000049,0.054,aggressive,ALLOW,2.0,98.0,0
50,TX_0000050,0.1277,current,ALLOW,2.0,100.0,0
51,TX_0000051,0.1355,conservative,ALLOW,2.0,102.0,0
52,TX_0000052,0.0402,aggressive,ALLOW,2.0,104.0,0
53,TX_0000053,0.0889,conservative,ALLOW,2.0,106.0,0
54,TX_0000054,0.0581,aggressive,ALLOW,2.0,108.0,0
55,TX_0000055,0.0488,aggressive,ALLOW,2.0,110.0,0
56,TX_0000056,0.0957,conservative,ALLOW,2.0,112.0,0
57,TX_0000057,0.0455,aggressive,ALLOW,2.0,114.0,0
58,TX_0000058,0.0448,conservative,ALLOW,2.0,116.0,0
59,TX_0000059,0.1,aggressive,ALLOW,2.0,118.0,0
60,TX_0000060,0.1254,current,ALLOW,2.0,120.0,0
61,TX_0000061,0.0295,aggressive,ALLOW,2.0,122.0,0
62,TX_0000062,0.042,conservative,ALLOW,2.0,124.0,0
63,TX_0000063,0.1032,current,ALLOW,2.0,126.0,0
64,TX_0000064,0.139,current,ALLOW,2.0,128.0,0
65,TX_0000065,0.0451,aggressive,ALLOW,2.0,130.0,0
66,TX_0000066,0.0387,aggressive,ALLOW,2.0,132.0,0
67,TX_0000067,0.0697,conservative,ALLOW,2.0,134.0,0
68,TX_0000068,0.0519,current,ALLOW,2.0,136.0,0
69,TX_0000069,0.0391,current,ALLOW,2.0,138.0,0
70,TX_0000070,0.1068,aggressive,ALLOW,2.0,140.0,0
71,TX_0000071,0.1623,conservative,ALLOW,2.0,142.0,0
72,TX_0000072,0.0841,aggressive,ALLOW,2.0,144.0,0
73,TX_0000073,0.1071,current,ALLOW,2.0,146.0,0
74,TX_0000074,0.0177,conservative,ALLOW,2.0,148.0,0
75,TX_0000075,0.0379,conservative,ALLOW,2.0,150.0,0
76,TX_0000076,0.0273,conservative,ALLOW,2.0,152.0,0
77,TX_0000077,0.042,conservative,ALLOW,2.0,154.0,0
78,TX_0000078,0.1672,conservative,ALLOW,2.0,156.0,0
79,TX_0000079,0.0778,aggressive,ALLOW,2.0,158.0,0
80,TX_0000080,0.0669,aggressive,ALLOW,2.0,160.0,0
81,TX_0000081,0.0261,aggressive,ALLOW,2.0,162.0,0
82,TX_0000082,0.0374,conservative,ALLOW,2.0,164.0,0
83,TX_0000083,0.0325,current,ALLOW,2.0,166.0,0
84,TX_0000084,0.1269,conservative,ALLOW,2.0,168.0,0
85,TX_0000085,0.0733,current,ALLOW,2.0,170.0,0
86,TX_0000086,0.0302,conservative,ALLOW,2.0,172.0,0
87,TX_0000087,0.0276,current,ALLOW,2.0,174.0,0
88,TX_0000088,0.0688,aggressive,ALLOW,2.0,176.0,0
89,TX_0000089,0.0874,current,ALLOW,2.0,178.0,0
90,TX_0000090,0.0403,conservative,ALLOW,2.0,180.0,0
91,TX_0000091,0.0815,conservative,ALLOW,2.0,182.0,0
92,TX_0000092,0.1366,current,ALLOW,2.0,184.0,0
93,TX_0000093,0.0853,aggressive,ALLOW,2.0,186.0,0
94,TX_0000094,0.0636,conservative,ALLOW,2.0,188.0,0
95,TX_0000095,0.0293,conservative,ALLOW,2.0,190.0,0
96,TX_0000096,0.3795,conservative,REVIEW,-1.0,189.0,0
97,TX_0000097,0.0274,current,ALLOW,2.0,191.0,0
98,TX_0000098,0.0647,aggressive,ALLOW,2.0,193.0,0
99,TX_0000099,0.0654,aggressive,ALLOW,2.0,195.0,0
100,TX_0000100,0.0709,aggressive,ALLOW,2.0,197.0,0
101,TX_0000101,0.0615,aggressive,ALLOW,2.0,199.0,0
102,TX_0000102,0.0307,aggressive,ALLOW,2.0,201.0,0
103,TX_0000103,0.0882,aggressive,ALLOW,2.0,203.0,0
104,TX_0000104,0.1104,current,ALLOW,2.0,205.0,0
105,TX_0000105,0.0692,current,ALLOW,2.0,207.0,0
106,TX_0000106,0.0515,current,ALLOW,2.0,209.0,0
107,TX_0000107,0.0343,aggressive,ALLOW,2.0,211.0,0
108,TX_0000108,0.0518,aggressive,ALLOW,2.0,213.0,0
109,TX_0000109,0.0282,current,ALLOW,2.0,215.0,0
110,TX_0000110,0.0415,current,ALLOW,2.0,217.0,0
111,TX_0000111,0.0397,aggressive,ALLOW,2.0,219.0,0
112,TX_0000112,0.1058,aggressive,ALLOW,2.0,221.0,0
113,TX_0000113,0.0483,current,ALLOW,2.0,223.0,0
114,TX_0000114,0.076,current,ALLOW,2.0,225.0,0
115,TX_0000115,0.0302,current,ALLOW,2.0,227.0,0
116,TX_0000116,0.071,aggressive,ALLOW,2.0,229.0,0
117,TX_0000117,0.0287,current,ALLOW,2.0,231.0,0
118,TX_0000118,0.056,current,ALLOW,2.0,233.0,0
119,TX_0000119,0.0362,aggressive,ALLOW,2.0,235.0,0
120,TX_0000120,0.0393,current,ALLOW,2.0,237.0,0
121,TX_0000121,0.0293,current,ALLOW,2.0,239.0,0
122,TX_0000122,0.0343,aggressive,ALLOW,2.0,241.0,0
123,TX_0000123,0.0345,aggressive,ALLOW,2.0,243.0,0
124,TX_0000124,0.0577,current,ALLOW,2.0,245.0,0
125,TX_0000125,0.0287,aggressive,ALLOW,2.0,247.0,0
126,TX_0000126,0.0401,aggressive,ALLOW,2.0,249.0,0
127,TX_0000127,0.058,conservative,ALLOW,2.0,251.0,0
128,TX_0000128,0.086,conservative,ALLOW,2.0,253.0,0
129,TX_0000129,0.2107,current,ALLOW,2.0,255.0,0
130,TX_0000130,0.0768,current,ALLOW,2.0,257.0,0
131,TX_0000131,0.0406,aggressive,ALLOW,2.0,259.0,0
132,TX_0000132,0.0712,aggressive,ALLOW,2.0,261.0,0
133,TX_0000133,0.0404,current,ALLOW,2.0,263.0,0
134,TX_0000134,0.0471,aggressive,ALLOW,2.0,265.0,0
135,TX_0000135,0.05,current,ALLOW,2.0,267.0,0
136,TX_0000136,0.0482,aggressive,ALLOW,2.0,269.0,0
137,TX_0000137,0.0586,aggressive,ALLOW,2.0,271.0,0
138,TX_0000138,0.0301,aggressive,ALLOW,2.0,273.0,0
139,TX_0000139,0.051,aggressive,ALLOW,2.0,275.0,0
140,TX_0000140,0.0412,aggressive,ALLOW,2.0,277.0,0
141,TX_0000141,0.0499,aggressive,ALLOW,2.0,279.0,0
142,TX_0000142,0.0263,current,ALLOW,2.0,281.0,0
143,TX_0000143,0.0515,current,ALLOW,2.0,283.0,0
144,TX_0000144,0.1222,aggressive,ALLOW,2.0,285.0,0
145,TX_0000145,0.1748,aggressive,ALLOW,2.0,287.0,0
146,TX_0000146,0.0825,aggressive,ALLOW,2.0,289.0,0
147,TX_0000147,0.0547,current,ALLOW,2.0,291.0,0
148,TX_0000148,0.0775,current,ALLOW,2.0,293.0,0
149,TX_0000149,0.053,current,ALLOW,2.0,295.0,0
150,TX_0000150,0.0219,aggressive,ALLOW,2.0,297.0,0
151,TX_0000151,0.0483,current,ALLOW,2.0,299.0,0
152,TX_0000152,0.0323,current,ALLOW,2.0,301.0,0
153,TX_0000153,0.1938,aggressive,ALLOW,2.0,303.0,0
154,TX_0000154,0.0565,aggressive,ALLOW,2.0,305.0,0
155,TX_0000155,0.0648,aggressive,ALLOW,2.0,307.0,0
156,TX_0000156,0.0288,current,ALLOW,2.0,309.0,0
157,TX_0000157,0.0342,aggressive,ALLOW,2.0,311.0,0
158,TX_0000158,0.0396,current,ALLOW,2.0,313.0,0
159,TX_0000159,0.1658,current,ALLOW,2.0,315.0,0
160,TX_0000160,0.0403,aggressive,ALLOW,2.0,317.0,0
161,TX_0000161,0.031,aggressive,ALLOW,2.0,319.0,0
162,TX_0000162,0.0314,aggressive,ALLOW,2.0,321.0,0
163,TX_0000163,0.0314,aggressive,ALLOW,2.0,323.0,0
164,TX_0000164,0.0546,aggressive,ALLOW,2.0,325.0,0
165,TX_0000165,0.1585,current,ALLOW,2.0,327.0,0
166,TX_0000166,0.043,aggressive,ALLOW,2.0,329.0,0
167,TX_0000167,0.4951,current,REVIEW,-1.0,328.0,0
168,TX_0000168,0.0557,aggressive,ALLOW,2.0,330.0,0
169,TX_0000169,0.162,aggressive,ALLOW,2.0,332.0,0
170,TX_0000170,0.1335,aggressive,ALLOW,2.0,334.0,0
171,TX_0000171,0.1663,aggressive,ALLOW,2.0,336.0,0
172,TX_0000172,0.0485,conservative,ALLOW,2.0,338.0,0
173,TX_0000173,0.0306,aggressive,ALLOW,2.0,340.0,0
174,TX_0000174,0.1294,aggressive,ALLOW,2.0,342.0,0
175,TX_0000175,0.0655,aggressive,ALLOW,2.0,344.0,0
176,TX_0000176,0.1267,aggressive,ALLOW,2.0,346.0,0
177,TX_0000177,0.0802,aggressive,ALLOW,2.0,348.0,0
178,TX_0000178,0.1941,aggressive,ALLOW,2.0,350.0,0
179,TX_0000179,0.0685,aggressive,ALLOW,2.0,352.0,0
180,TX_0000180,0.1149,aggressive,ALLOW,2.0,354.0,0
181,TX_0000181,0.0772,aggressive,ALLOW,2.0,356.0,0
182,TX_0000182,0.028,aggressive,ALLOW,2.0,358.0,0
183,TX_0000183,0.0611,aggressive,ALLOW,2.0,360.0,0
184,TX_0000184,0.0356,aggressive,ALLOW,2.0,362.0,0
185,TX_0000185,0.0342,aggressive,ALLOW,2.0,364.0,0
186,TX_0000186,0.0177,aggressive,ALLOW,2.0,366.0,0
187,TX_0000187,0.0768,aggressive,ALLOW,2.0,368.0,0
188,TX_0000188,0.059,aggressive,ALLOW,2.0,370.0,0
189,TX_0000189,0.1929,aggressive,ALLOW,2.0,372.0,0
190,TX_0000190,0.1287,aggressive,ALLOW,2.0,374.0,0
191,TX_0000191,0.0378,aggressive,ALLOW,2.0,376.0,0
192,TX_0000192,0.0304,aggressive,ALLOW,2.0,378.0,0
193,TX_0000193,0.0531,aggressive,ALLOW,2.0,380.0,0
194,TX_0000194,0.1487,aggressive,ALLOW,2.0,382.0,0
195,TX_0000195,0.2433,aggressive,ALLOW,2.0,384.0,0
196,TX_0000196,0.078,aggressive,ALLOW,2.0,386.0,0
197,TX_0000197,0.1002,aggressive,ALLOW,2.0,388.0,0
198,TX_0000198,0.0739,aggressive,ALLOW,2.0,390.0,0
199,TX_0000199,0.2295,aggressive,ALLOW,2.0,392.0,0
200,TX_0000200,0.0938,conservative,ALLOW,2.0,394.0,0
201,TX_0000201,0.0834,conservative,ALLOW,2.0,396.0,0
202,TX_0000202,0.1591,aggressive,ALLOW,2.0,398.0,0
203,TX_0000203,0.0553,aggressive,ALLOW,2.0,400.0,0
204,TX_0000204,0.0471,aggressive,ALLOW,2.0,402.0,0
205,TX_0000205,0.039,aggressive,ALLOW,2.0,404.0,0
206,TX_0000206,0.0592,current,ALLOW,2.0,406.0,0
207,TX_0000207,0.0461,aggressive,ALLOW,2.0,408.0,0
208,TX_0000208,0.018,aggressive,ALLOW,2.0,410.0,0
209,TX_0000209,0.0969,aggressive,ALLOW,2.0,412.0,0
210,TX_0000210,0.0334,aggressive,ALLOW,2.0,414.0,0
211,TX_0000211,0.0285,aggressive,ALLOW,2.0,416.0,0
212,TX_0000212,0.0488,aggressive,ALLOW,2.0,418.0,0
213,TX_0000213,0.0548,current,ALLOW,2.0,420.0,0
214,TX_0000214,0.0854,aggressive,ALLOW,2.0,422.0,0
215,TX_0000215,0.0407,aggressive,ALLOW,2.0,424.0,0
216,TX_0000216,0.1646,aggressive,ALLOW,2.0,426.0,0
217,TX_0000217,0.0808,aggressive,ALLOW,2.0,428.0,0
218,TX_0000218,0.0403,aggressive,ALLOW,2.0,430.0,0
219,TX_0000219,0.0342,aggressive,ALLOW,2.0,432.0,0
220,TX_0000220,0.0738,aggressive,ALLOW,2.0,434.0,0
221,TX_0000221,0.0538,aggressive,ALLOW,2.0,436.0,0
222,TX_0000222,0.0435,aggressive,ALLOW,2.0,438.0,0
223,TX_0000223,0.0504,aggressive,ALLOW,2.0,440.0,0
224,TX_0000224,0.07,aggressive,ALLOW,2.0,442.0,0
225,TX_0000225,0.036,aggressive,ALLOW,2.0,444.0,0
226,TX_0000226,0.0501,aggressive,ALLOW,2.0,446.0,0
227,TX_0000227,0.0247,aggressive,ALLOW,2.0,448.0,0
228,TX_0000228,0.0709,aggressive,ALLOW,2.0,450.0,0
229,TX_0000229,0.0461,aggressive,ALLOW,2.0,452.0,0
230,TX_0000230,0.0835,conservative,ALLOW,2.0,454.0,0
231,TX_0000231,0.2542,aggressive,ALLOW,2.0,456.0,0
232,TX_0000232,0.1013,aggressive,ALLOW,2.0,458.0,0
233,TX_0000233,0.0296,aggressive,ALLOW,2.0,460.0,0
234,TX_0000234,0.062,aggressive,ALLOW,2.0,462.0,0
235,TX_0000235,0.0391,aggressive,ALLOW,2.0,464.0,0
236,TX_0000236,0.0523,aggressive,ALLOW,2.0,466.0,0
237,TX_0000237,0.0498,aggressive,ALLOW,2.0,468.0,0
238,TX_0000238,0.1145,aggressive,ALLOW,2.0,470.0,0
239,TX_0000239,0.029,aggressive,ALLOW,2.0,472.0,0
240,TX_0000240,0.029,aggressive,ALLOW,2.0,474.0,0
241,TX_0000241,0.1282,aggressive,ALLOW,2.0,476.0,0
242,TX_0000242,0.0703,aggressive,ALLOW,2.0,478.0,0
243,TX_0000243,0.3526,aggressive,ALLOW,2.0,480.0,0
244,TX_0000244,0.057,aggressive,ALLOW,2.0,482.0,0
245,TX_0000245,0.0279,aggressive,ALLOW,2.0,484.0,0
246,TX_0000246,0.071,aggressive,ALLOW,2.0,486.0,0
247,TX_0000247,0.1133,aggressive,ALLOW,2.0,488.0,0
248,TX_0000248,0.0534,aggressive,ALLOW,2.0,490.0,0
249,TX_0000249,0.0284,aggressive,ALLOW,2.0,492.0,0
250,TX_0000250,0.0287,aggressive,ALLOW,2.0,494.0,0
251,TX_0000251,0.0348,aggressive,ALLOW,2.0,496.0,0
252,TX_0000252,0.0648,aggressive,ALLOW,2.0,498.0,0
253,TX_0000253,0.0394,aggressive,ALLOW,2.0,500.0,0
254,TX_0000254,0.0276,aggressive,ALLOW,2.0,502.0,0
255,TX_0000255,0.0758,aggressive,ALLOW,2.0,504.0,0
256,TX_0000256,0.1195,aggressive,ALLOW,2.0,506.0,0
257,TX_0000257,0.1771,aggressive,ALLOW,2.0,508.0,0
258,TX_0000258,0.0462,aggressive,ALLOW,2.0,510.0,0
259,TX_0000259,0.1037,aggressive,ALLOW,2.0,512.0,0
260,TX_0000260,0.0511,aggressive,ALLOW,2.0,514.0,0
261,TX_0000261,0.051,aggressive,ALLOW,2.0,516.0,0
262,TX_0000262,0.0564,aggressive,ALLOW,2.0,518.0,0
263,TX_0000263,0.0301,aggressive,ALLOW,2.0,520.0,0
264,TX_0000264,0.0224,aggressive,ALLOW,2.0,522.0,0
265,TX_0000265,0.0488,aggressive,ALLOW,2.0,524.0,0
266,TX_0000266,0.0459,aggressive,ALLOW,2.0,526.0,0
267,TX_0000267,0.0475,aggressive,ALLOW,2.0,528.0,0
268,TX_0000268,0.2303,aggressive,ALLOW,2.0,530.0,0
269,TX_0000269,0.0446,aggressive,ALLOW,2.0,532.0,0
270,TX_0000270,0.0402,aggressive,ALLOW,2.0,534.0,0
271,TX_0000271,0.045,aggressive,ALLOW,2.0,536.0,0
272,TX_0000272,0.0397,aggressive,ALLOW,2.0,538.0,0
273,TX_0000273,0.0405,aggressive,ALLOW,2.0,540.0,0
274,TX_0000274,0.1244,aggressive,ALLOW,2.0,542.0,0
275,TX_0000275,0.0301,aggressive,ALLOW,2.0,544.0,0
276,TX_0000276,0.0744,aggressive,ALLOW,2.0,546.0,0
277,TX_0000277,0.056,aggressive,ALLOW,2.0,548.0,0
278,TX_0000278,0.029,aggressive,ALLOW,2.0,550.0,0
279,TX_0000279,0.0834,aggressive,ALLOW,2.0,552.0,0
280,TX_0000280,0.1082,aggressive,ALLOW,2.0,554.0,0
281,TX_0000281,0.077,aggressive,ALLOW,2.0,556.0,0
282,TX_0000282,0.0555,aggressive,ALLOW,2.0,558.0,0
283,TX_0000283,0.0439,current,ALLOW,2.0,560.0,0
284,TX_0000284,0.0304,aggressive,ALLOW,2.0,562.0,0
285,TX_0000285,0.0683,aggressive,ALLOW,2.0,564.0,0
286,TX_0000286,0.0297,aggressive,ALLOW,2.0,566.0,0
287,TX_0000287,0.0777,aggressive,ALLOW,2.0,568.0,0
288,TX_0000288,0.0562,aggressive,ALLOW,2.0,570.0,0
289,TX_0000289,0.0682,aggressive,ALLOW,2.0,572.0,0
290,TX_0000290,0.0334,aggressive,ALLOW,2.0,574.0,0
291,TX_0000291,0.0684,aggressive,ALLOW,2.0,576.0,0
292,TX_0000292,0.1514,aggressive,ALLOW,2.0,578.0,0
293,TX_0000293,0.042,aggressive,ALLOW,2.0,580.0,0
294,TX_0000294,0.0582,aggressive,ALLOW,2.0,582.0,0
295,TX_0000295,0.0332,aggressive,ALLOW,2.0,584.0,0
296,TX_0000296,0.0299,aggressive,ALLOW,2.0,586.0,0
297,TX_0000297,0.0695,aggressive,ALLOW,2.0,588.0,0
298,TX_0000298,0.0296,conservative,ALLOW,2.0,590.0,0
299,TX_0000299,0.0486,aggressive,ALLOW,2.0,592.0,0
300,TX_0000300,0.0546,aggressive,ALLOW,2.0,594.0,0
301,TX_0000301,0.0759,aggressive,ALLOW,2.0,596.0,0
302,TX_0000302,0.0277,aggressive,ALLOW,2.0,598.0,0
303,TX_0000303,0.0664,aggressive,ALLOW,2.0,600.0,0
304,TX_0000304,0.0632,aggressive,ALLOW,2.0,602.0,0
305,TX_0000305,0.0315,aggressive,ALLOW,2.0,604.0,0
306,TX_0000306,0.1437,aggressive,ALLOW,2.0,606.0,0
307,TX_0000307,0.3404,aggressive,ALLOW,2.0,608.0,0
308,TX_0000308,0.863,aggressive,BLOCK,3.0,611.0,1
309,TX_0000309,0.8693,aggressive,BLOCK,3.0,614.0,1
310,TX_0000310,0.8743,aggressive,BLOCK,3.0,617.0,1
311,TX_0000311,0.0468,aggressive,ALLOW,2.0,619.0,0
312,TX_0000312,0.871,aggressive,BLOCK,3.0,622.0,1
313,TX_0000313,0.0802,aggressive,ALLOW,2.0,624.0,0
314,TX_0000314,0.036,aggressive,ALLOW,2.0,626.0,0
315,TX_0000315,0.0499,aggressive,ALLOW,2.0,628.0,0
316,TX_0000316,0.0685,aggressive,ALLOW,2.0,630.0,0
317,TX_0000317,0.1242,aggressive,ALLOW,2.0,632.0,0
318,TX_0000318,0.0291,aggressive,ALLOW,2.0,634.0,0
319,TX_0000319,0.0299,aggressive,ALLOW,2.0,636.0,0
320,TX_0000320,0.1225,aggressive,ALLOW,2.0,638.0,0
321,TX_0000321,0.6368,aggressive,REVIEW,-1.0,637.0,0
322,TX_0000322,0.0477,aggressive,ALLOW,2.0,639.0,0
323,TX_0000323,0.0331,current,ALLOW,2.0,641.0,0
324,TX_0000324,0.0947,conservative,ALLOW,2.0,643.0,0
325,TX_0000325,0.1068,aggressive,ALLOW,2.0,645.0,0
326,TX_0000326,0.0794,aggressive,ALLOW,2.0,647.0,0
327,TX_0000327,0.0577,aggressive,ALLOW,2.0,649.0,0
328,TX_0000328,0.0501,aggressive,ALLOW,2.0,651.0,0
329,TX_0000329,0.1117,aggressive,ALLOW,2.0,653.0,0
330,TX_0000330,0.0294,aggressive,ALLOW,2.0,655.0,0
331,TX_0000331,0.0275,aggressive,ALLOW,2.0,657.0,0
332,TX_0000332,0.051,aggressive,ALLOW,2.0,659.0,0
333,TX_0000333,0.0414,aggressive,ALLOW,2.0,661.0,0
334,TX_0000334,0.0317,aggressive,ALLOW,2.0,663.0,0
335,TX_0000335,0.0309,aggressive,ALLOW,2.0,665.0,0
336,TX_0000336,0.1327,aggressive,ALLOW,2.0,667.0,0
337,TX_0000337,0.2098,aggressive,ALLOW,2.0,669.0,0
338,TX_0000338,0.0856,aggressive,ALLOW,2.0,671.0,0
339,TX_0000339,0.0304,aggressive,ALLOW,2.0,673.0,0
340,TX_0000340,0.0363,aggressive,ALLOW,2.0,675.0,0
341,TX_0000341,0.0772,current,ALLOW,2.0,677.0,0
342,TX_0000342,0.0305,aggressive,ALLOW,2.0,679.0,0
343,TX_0000343,0.0425,conservative,ALLOW,2.0,681.0,0
344,TX_0000344,0.0374,conservative,ALLOW,2.0,683.0,0
345,TX_0000345,0.0461,aggressive,ALLOW,2.0,685.0,0
346,TX_0000346,0.0458,aggressive,ALLOW,2.0,687.0,0
347,TX_0000347,0.0756,aggressive,ALLOW,2.0,689.0,0
348,TX_0000348,0.0324,aggressive,ALLOW,2.0,691.0,0
349,TX_0000349,0.0291,aggressive,ALLOW,2.0,693.0,0
350,TX_0000350,0.1166,aggressive,ALLOW,2.0,695.0,0
351,TX_0000351,0.0389,current,ALLOW,2.0,697.0,0
352,TX_0000352,0.1405,aggressive,ALLOW,2.0,699.0,0
353,TX_0000353,0.2112,aggressive,ALLOW,2.0,701.0,0
354,TX_0000354,0.0543,aggressive,ALLOW,2.0,703.0,0
355,TX_0000355,0.0396,aggressive,ALLOW,2.0,705.0,0
356,TX_0000356,0.0388,aggressive,ALLOW,2.0,707.0,0
357,TX_0000357,0.1494,aggressive,ALLOW,2.0,709.0,0
358,TX_0000358,0.0342,aggressive,ALLOW,2.0,711.0,0
359,TX_0000359,0.0429,current,ALLOW,2.0,713.0,0
360,TX_0000360,0.0611,aggressive,ALLOW,2.0,715.0,0
361,TX_0000361,0.0882,conservative,ALLOW,2.0,717.0,0
362,TX_0000362,0.0297,aggressive,ALLOW,2.0,719.0,0
363,TX_0000363,0.0731,aggressive,ALLOW,2.0,721.0,0
364,TX_0000364,0.0244,conservative,ALLOW,2.0,723.0,0
365,TX_0000365,0.2217,aggressive,ALLOW,2.0,725.0,0
366,TX_0000366,0.0726,aggressive,ALLOW,2.0,727.0,0
367,TX_0000367,0.0263,aggressive,ALLOW,2.0,729.0,0
368,TX_0000368,0.2365,conservative,REVIEW,-1.0,728.0,0
369,TX_0000369,0.0309,aggressive,ALLOW,2.0,730.0,0
370,TX_0000370,0.092,aggressive,ALLOW,2.0,732.0,0
371,TX_0000371,0.0294,aggressive,ALLOW,2.0,734.0,0
372,TX_0000372,0.0602,aggressive,ALLOW,2.0,736.0,0
373,TX_0000373,0.0633,aggressive,ALLOW,2.0,738.0,0
374,TX_0000374,0.1466,aggressive,ALLOW,2.0,740.0,0
375,TX_0000375,0.052,aggressive,ALLOW,2.0,742.0,0
376,TX_0000376,0.0811,aggressive,ALLOW,2.0,744.0,0
377,TX_0000377,0.1956,conservative,ALLOW,2.0,746.0,0
378,TX_0000378,0.047,aggressive,ALLOW,2.0,748.0,0
379,TX_0000379,0.0278,aggressive,ALLOW,2.0,750.0,0
380,TX_0000380,0.0327,aggressive,ALLOW,2.0,752.0,0
381,TX_0000381,0.1188,aggressive,ALLOW,2.0,754.0,0
382,TX_0000382,0.2213,aggressive,ALLOW,2.0,756.0,0
383,TX_0000383,0.1522,aggressive,ALLOW,2.0,758.0,0
384,TX_0000384,0.2213,aggressive,ALLOW,2.0,760.0,0
385,TX_0000385,0.0295,current,ALLOW,2.0,762.0,0
386,TX_0000386,0.0492,aggressive,ALLOW,2.0,764.0,0
387,TX_0000387,0.0472,aggressive,ALLOW,2.0,766.0,0
388,TX_0000388,0.0712,aggressive,ALLOW,2.0,768.0,0
389,TX_0000389,0.0283,aggressive,ALLOW,2.0,770.0,0
390,TX_0000390,0.0713,aggressive,ALLOW,2.0,772.0,0
391,TX_0000391,0.136,aggressive,ALLOW,2.0,774.0,0
392,TX_0000392,0.0761,aggressive,ALLOW,2.0,776.0,0
393,TX_0000393,0.0678,aggressive,ALLOW,2.0,778.0,0
394,TX_0000394,0.0608,aggressive,ALLOW,2.0,780.0,0
395,TX_0000395,0.0254,aggressive,ALLOW,2.0,782.0,0
396,TX_0000396,0.0407,aggressive,ALLOW,2.0,784.0,0
397,TX_0000397,0.0654,aggressive,ALLOW,2.0,786.0,0
398,TX_0000398,0.0951,aggressive,ALLOW,2.0,788.0,0
399,TX_0000399,0.0539,aggressive,ALLOW,2.0,790.0,0
400,TX_0000400,0.0394,aggressive,ALLOW,2.0,792.0,0
401,TX_0000401,0.0297,aggressive,ALLOW,2.0,794.0,0
402,TX_0000402,0.1786,aggressive,ALLOW,2.0,796.0,0
403,TX_0000403,0.026,aggressive,ALLOW,2.0,798.0,0
404,TX_0000404,0.0725,aggressive,ALLOW,2.0,800.0,0
405,TX_0000405,0.0881,aggressive,ALLOW,2.0,802.0,0
406,TX_0000406,0.0289,aggressive,ALLOW,2.0,804.0,0
407,TX_0000407,0.0301,aggressive,ALLOW,2.0,806.0,0
408,TX_0000408,0.1316,aggressive,ALLOW,2.0,808.0,0
409,TX_0000409,0.0411,aggressive,ALLOW,2.0,810.0,0
410,TX_0000410,0.0442,aggressive,ALLOW,2.0,812.0,0
411,TX_0000411,0.0382,aggressive,ALLOW,2.0,814.0,0
412,TX_0000412,0.0324,aggressive,ALLOW,2.0,816.0,0
413,TX_0000413,0.0682,conservative,ALLOW,2.0,818.0,0
414,TX_0000414,0.0519,aggressive,ALLOW,2.0,820.0,0
415,TX_0000415,0.1028,aggressive,ALLOW,2.0,822.0,0
416,TX_0000416,0.0956,aggressive,ALLOW,2.0,824.0,0
417,TX_0000417,0.0481,aggressive,ALLOW,2.0,826.0,0
418,TX_0000418,0.0619,aggressive,ALLOW,2.0,828.0,0
419,TX_0000419,0.0542,aggressive,ALLOW,2.0,830.0,0
420,TX_0000420,0.1579,aggressive,ALLOW,2.0,832.0,0
421,TX_0000421,0.054,aggressive,ALLOW,2.0,834.0,0
422,TX_0000422,0.0296,aggressive,ALLOW,2.0,836.0,0
423,TX_0000423,0.0459,conservative,ALLOW,2.0,838.0,0
424,TX_0000424,0.0662,aggressive,ALLOW,2.0,840.0,0
425,TX_0000425,0.043,aggressive,ALLOW,2.0,842.0,0
426,TX_0000426,0.0592,aggressive,ALLOW,2.0,844.0,0
427,TX_0000427,0.0347,aggressive,ALLOW,2.0,846.0,0
428,TX_0000428,0.0607,aggressive,ALLOW,2.0,848.0,0
429,TX_0000429,0.0357,aggressive,ALLOW,2.0,850.0,0
430,TX_0000430,0.1218,aggressive,ALLOW,2.0,852.0,0
431,TX_0000431,0.0718,aggressive,ALLOW,2.0,854.0,0
432,TX_0000432,0.1494,aggressive,ALLOW,2.0,856.0,0
433,TX_0000433,0.2997,aggressive,ALLOW,2.0,858.0,0
434,TX_0000434,0.05,aggressive,ALLOW,2.0,860.0,0
435,TX_0000435,0.1222,aggressive,ALLOW,2.0,862.0,0
436,TX_0000436,0.0291,aggressive,ALLOW,2.0,864.0,0
437,TX_0000437,0.0539,aggressive,ALLOW,2.0,866.0,0
438,TX_0000438,0.0667,aggressive,ALLOW,2.0,868.0,0
439,TX_0000439,0.0717,aggressive,ALLOW,2.0,870.0,0
440,TX_0000440,0.1004,aggressive,ALLOW,2.0,872.0,0
441,TX_0000441,0.0288,aggressive,ALLOW,2.0,874.0,0
442,TX_0000442,0.0432,aggressive,ALLOW,2.0,876.0,0
443,TX_0000443,0.0875,aggressive,ALLOW,2.0,878.0,0
444,TX_0000444,0.0708,aggressive,ALLOW,2.0,880.0,0
445,TX_0000445,0.1137,aggressive,ALLOW,2.0,882.0,0
446,TX_0000446,0.0478,aggressive,ALLOW,2.0,884.0,0
447,TX_0000447,0.0956,aggressive,ALLOW,2.0,886.0,0
448,TX_0000448,0.0387,aggressive,ALLOW,2.0,888.0,0
449,TX_0000449,0.0469,aggressive,ALLOW,2.0,890.0,0
450,TX_0000450,0.0543,aggressive,ALLOW,2.0,892.0,0
451,TX_0000451,0.0187,aggressive,ALLOW,2.0,894.0,0
452,TX_0000452,0.0398,aggressive,ALLOW,2.0,896.0,0
453,TX_0000453,0.0753,aggressive,ALLOW,2.0,898.0,0
454,TX_0000454,0.0437,aggressive,ALLOW,2.0,900.0,0
455,TX_0000455,0.0596,aggressive,ALLOW,2.0,902.0,0
456,TX_0000456,0.0355,aggressive,ALLOW,2.0,904.0,0
457,TX_0000457,0.0286,aggressive,ALLOW,2.0,906.0,0
458,TX_0000458,0.1727,aggressive,ALLOW,2.0,908.0,0
459,TX_0000459,0.0642,aggressive,ALLOW,2.0,910.0,0
460,TX_0000460,0.0765,aggressive,ALLOW,2.0,912.0,0
461,TX_0000461,0.1004,aggressive,ALLOW,2.0,914.0,0
462,TX_0000462,0.0377,aggressive,ALLOW,2.0,916.0,0
463,TX_0000463,0.1318,aggressive,ALLOW,2.0,918.0,0
464,TX_0000464,0.0694,aggressive,ALLOW,2.0,920.0,0
465,TX_0000465,0.0337,aggressive,ALLOW,2.0,922.0,0
466,TX_0000466,0.0285,aggressive,ALLOW,2.0,924.0,0
467,TX_0000467,0.0623,aggressive,ALLOW,2.0,926.0,0
468,TX_0000468,0.0391,aggressive,ALLOW,2.0,928.0,0
469,TX_0000469,0.1495,aggressive,ALLOW,2.0,930.0,0
470,TX_0000470,0.0447,aggressive,ALLOW,2.0,932.0,0
471,TX_0000471,0.0744,aggressive,ALLOW,2.0,934.0,0
472,TX_0000472,0.0308,current,ALLOW,2.0,936.0,0
473,TX_0000473,0.0582,aggressive,ALLOW,2.0,938.0,0
474,TX_0000474,0.0401,aggressive,ALLOW,2.0,940.0,0
475,TX_0000475,0.0844,aggressive,ALLOW,2.0,942.0,0
476,TX_0000476,0.0416,aggressive,ALLOW,2.0,944.0,0
477,TX_0000477,0.09,aggressive,ALLOW,2.0,946.0,0
478,TX_0000478,0.0391,aggressive,ALLOW,2.0,948.0,0
479,TX_0000479,0.0463,aggressive,ALLOW,2.0,950.0,0
480,TX_0000480,0.0477,aggressive,ALLOW,2.0,952.0,0
481,TX_0000481,0.0414,aggressive,ALLOW,2.0,954.0,0
482,TX_0000482,0.0816,aggressive,ALLOW,2.0,956.0,0
483,TX_0000483,0.0402,aggressive,ALLOW,2.0,958.0,0
484,TX_0000484,0.0308,aggressive,ALLOW,2.0,960.0,0
485,TX_0000485,0.0849,aggressive,ALLOW,2.0,962.0,0
486,TX_0000486,0.0301,aggressive,ALLOW,2.0,964.0,0
487,TX_0000487,0.034,aggressive,ALLOW,2.0,966.0,0
488,TX_0000488,0.0208,aggressive,ALLOW,2.0,968.0,0
489,TX_0000489,0.0629,aggressive,ALLOW,2.0,970.0,0
490,TX_0000490,0.03,aggressive,ALLOW,2.0,972.0,0
491,TX_0000491,0.029,aggressive,ALLOW,2.0,974.0,0
492,TX_0000492,0.1503,aggressive,ALLOW,2.0,976.0,0
493,TX_0000493,0.0474,aggressive,ALLOW,2.0,978.0,0
494,TX_0000494,0.0394,current,ALLOW,2.0,980.0,0
495,TX_0000495,0.0286,aggressive,ALLOW,2.0,982.0,0
496,TX_0000496,0.0966,aggressive,ALLOW,2.0,984.0,0
497,TX_0000497,0.0391,aggressive,ALLOW,2.0,986.0,0
498,TX_0000498,0.0473,aggressive,ALLOW,2.0,988.0,0
499,TX_0000499,0.0483,aggressive,ALLOW,2.0,990.0,0
500,TX_0000500,0.1288,aggressive,ALLOW,2.0,992.0,0
501,TX_0000501,0.0671,aggressive,ALLOW,2.0,994.0,0
502,TX_0000502,0.0623,aggressive,ALLOW,2.0,996.0,0
503,TX_0000503,0.0528,aggressive,ALLOW,2.0,998.0,0
504,TX_0000504,0.0826,aggressive,ALLOW,2.0,1000.0,0
505,TX_0000505,0.0388,aggressive,ALLOW,2.0,1002.0,0
506,TX_0000506,0.043,current,ALLOW,2.0,1004.0,0
507,TX_0000507,0.0701,aggressive,ALLOW,2.0,1006.0,0
508,TX_0000508,0.0301,aggressive,ALLOW,2.0,1008.0,0
509,TX_0000509,0.0401,aggressive,ALLOW,2.0,1010.0,0
510,TX_0000510,0.0419,aggressive,ALLOW,2.0,1012.0,0
511,TX_0000511,0.0453,aggressive,ALLOW,2.0,1014.0,0
512,TX_0000512,0.0314,aggressive,ALLOW,2.0,1016.0,0
513,TX_0000513,0.0663,aggressive,ALLOW,2.0,1018.0,0
514,TX_0000514,0.0292,aggressive,ALLOW,2.0,1020.0,0
515,TX_0000515,0.0411,aggressive,ALLOW,2.0,1022.0,0
516,TX_0000516,0.1038,aggressive,ALLOW,2.0,1024.0,0
517,TX_0000517,0.0331,aggressive,ALLOW,2.0,1026.0,0
518,TX_0000518,0.0578,aggressive,ALLOW,2.0,1028.0,0
519,TX_0000519,0.0834,aggressive,ALLOW,2.0,1030.0,0
520,TX_0000520,0.1683,aggressive,ALLOW,2.0,1032.0,0
521,TX_0000521,0.0396,aggressive,ALLOW,2.0,1034.0,0
522,TX_0000522,0.0316,aggressive,ALLOW,2.0,1036.0,0
523,TX_0000523,0.0529,aggressive,ALLOW,2.0,1038.0,0
524,TX_0000524,0.1027,aggressive,ALLOW,2.0,1040.0,0
525,TX_0000525,0.0613,aggressive,ALLOW,2.0,1042.0,0
526,TX_0000526,0.0643,aggressive,ALLOW,2.0,1044.0,0
527,TX_0000527,0.1235,aggressive,ALLOW,2.0,1046.0,0
528,TX_0000528,0.0692,aggressive,ALLOW,2.0,1048.0,0
529,TX_0000529,0.0295,aggressive,ALLOW,2.0,1050.0,0
530,TX_0000530,0.097,aggressive,ALLOW,2.0,1052.0,0
531,TX_0000531,0.0392,aggressive,ALLOW,2.0,1054.0,0
532,TX_0000532,0.1301,aggressive,ALLOW,2.0,1056.0,0
533,TX_0000533,0.062,aggressive,ALLOW,2.0,1058.0,0
534,TX_0000534,0.1195,aggressive,ALLOW,2.0,1060.0,0
535,TX_0000535,0.0508,aggressive,ALLOW,2.0,1062.0,0
536,TX_0000536,0.0479,aggressive,ALLOW,2.0,1064.0,0
537,TX_0000537,0.0437,aggressive,ALLOW,2.0,1066.0,0
538,TX_0000538,0.1387,aggressive,ALLOW,2.0,1068.0,0
539,TX_0000539,0.0421,aggressive,ALLOW,2.0,1070.0,0
540,TX_0000540,0.0679,current,ALLOW,2.0,1072.0,0
541,TX_0000541,0.0302,aggressive,ALLOW,2.0,1074.0,0
542,TX_0000542,0.054,aggressive,ALLOW,2.0,1076.0,0
543,TX_0000543,0.0831,aggressive,ALLOW,2.0,1078.0,0
544,TX_0000544,0.0258,aggressive,ALLOW,2.0,1080.0,0
545,TX_0000545,0.0207,aggressive,ALLOW,2.0,1082.0,0
546,TX_0000546,0.0381,conservative,ALLOW,2.0,1084.0,0
547,TX_0000547,0.0854,aggressive,ALLOW,2.0,1086.0,0
548,TX_0000548,0.038,conservative,ALLOW,2.0,1088.0,0
549,TX_0000549,0.1847,conservative,ALLOW,2.0,1090.0,0
550,TX_0000550,0.0726,aggressive,ALLOW,2.0,1092.0,0
551,TX_0000551,0.0608,aggressive,ALLOW,2.0,1094.0,0
552,TX_0000552,0.0479,aggressive,ALLOW,2.0,1096.0,0
553,TX_0000553,0.0413,aggressive,ALLOW,2.0,1098.0,0
554,TX_0000554,0.0678,aggressive,ALLOW,2.0,1100.0,0
555,TX_0000555,0.0295,aggressive,ALLOW,2.0,1102.0,0
556,TX_0000556,0.0312,aggressive,ALLOW,2.0,1104.0,0
557,TX_0000557,0.0402,aggressive,ALLOW,2.0,1106.0,0
558,TX_0000558,0.0587,aggressive,ALLOW,2.0,1108.0,0
559,TX_0000559,0.0298,aggressive,ALLOW,2.0,1110.0,0
560,TX_0000560,0.2058,aggressive,ALLOW,2.0,1112.0,0
561,TX_0000561,0.0866,aggressive,ALLOW,2.0,1114.0,0
562,TX_0000562,0.0423,aggressive,ALLOW,2.0,1116.0,0
563,TX_0000563,0.063,aggressive,ALLOW,2.0,1118.0,0
564,TX_0000564,0.072,aggressive,ALLOW,2.0,1120.0,0
565,TX_0000565,0.0773,aggressive,ALLOW,2.0,1122.0,0
566,TX_0000566,0.1424,aggressive,ALLOW,2.0,1124.0,0
567,TX_0000567,0.1805,aggressive,ALLOW,2.0,1126.0,0
568,TX_0000568,0.0446,aggressive,ALLOW,2.0,1128.0,0
569,TX_0000569,0.2812,aggressive,ALLOW,2.0,1130.0,0
570,TX_0000570,0.0578,aggressive,ALLOW,2.0,1132.0,0
571,TX_0000571,0.0382,current,ALLOW,2.0,1134.0,0
572,TX_0000572,0.0632,aggressive,ALLOW,2.0,1136.0,0
573,TX_0000573,0.0309,aggressive,ALLOW,2.0,1138.0,0
574,TX_0000574,0.0495,aggressive,ALLOW,2.0,1140.0,0
575,TX_0000575,0.0808,aggressive,ALLOW,2.0,1142.0,0
576,TX_0000576,0.0517,aggressive,ALLOW,2.0,1144.0,0
577,TX_0000577,0.0561,aggressive,ALLOW,2.0,1146.0,0
578,TX_0000578,0.0821,current,ALLOW,2.0,1148.0,0
579,TX_0000579,0.0537,aggressive,ALLOW,2.0,1150.0,0
580,TX_0000580,0.0897,aggressive,ALLOW,2.0,1152.0,0
581,TX_0000581,0.111,aggressive,ALLOW,2.0,1154.0,0
582,TX_0000582,0.065,aggressive,ALLOW,2.0,1156.0,0
583,TX_0000583,0.066,aggressive,ALLOW,2.0,1158.0,0
584,TX_0000584,0.0741,aggressive,ALLOW,2.0,1160.0,0
585,TX_0000585,0.0283,aggressive,ALLOW,2.0,1162.0,0
586,TX_0000586,0.0714,aggressive,ALLOW,2.0,1164.0,0
587,TX_0000587,0.0756,aggressive,ALLOW,2.0,1166.0,0
588,TX_0000588,0.0613,aggressive,ALLOW,2.0,1168.0,0
589,TX_0000589,0.0797,aggressive,ALLOW,2.0,1170.0,0
590,TX_0000590,0.2371,aggressive,ALLOW,2.0,1172.0,0
591,TX_0000591,0.0881,aggressive,ALLOW,2.0,1174.0,0
592,TX_0000592,0.0851,aggressive,ALLOW,2.0,1176.0,0
593,TX_0000593,0.0385,aggressive,ALLOW,2.0,1178.0,0
594,TX_0000594,0.0708,aggressive,ALLOW,2.0,1180.0,0
595,TX_0000595,0.1017,aggressive,ALLOW,2.0,1182.0,0
596,TX_0000596,0.0364,aggressive,ALLOW,2.0,1184.0,0
597,TX_0000597,0.1579,aggressive,ALLOW,2.0,1186.0,0
598,TX_0000598,0.1486,aggressive,ALLOW,2.0,1188.0,0
599,TX_0000599,0.5263,aggressive,REVIEW,-1.0,1187.0,0
600,TX_0000600,0.0853,aggressive,ALLOW,2.0,1189.0,0
601,TX_0000601,0.0637,aggressive,ALLOW,2.0,1191.0,0
602,TX_0000602,0.0615,aggressive,ALLOW,2.0,1193.0,0
603,TX_0000603,0.0406,aggressive,ALLOW,2.0,1195.0,0
604,TX_0000604,0.0667,aggressive,ALLOW,2.0,1197.0,0
605,TX_0000605,0.0408,aggressive,ALLOW,2.0,1199.0,0
606,TX_0000606,0.0442,aggressive,ALLOW,2.0,1201.0,0
607,TX_0000607,0.0622,aggressive,ALLOW,2.0,1203.0,0
608,TX_0000608,0.3995,aggressive,ALLOW,2.0,1205.0,0
609,TX_0000609,0.0286,aggressive,ALLOW,2.0,1207.0,0
610,TX_0000610,0.0599,aggressive,ALLOW,2.0,1209.0,0
611,TX_0000611,0.0531,aggressive,ALLOW,2.0,1211.0,0
612,TX_0000612,0.0525,aggressive,ALLOW,2.0,1213.0,0
613,TX_0000613,0.0361,aggressive,ALLOW,2.0,1215.0,0
614,TX_0000614,0.0263,aggressive,ALLOW,2.0,1217.0,0
615,TX_0000615,0.0453,aggressive,ALLOW,2.0,1219.0,0
616,TX_0000616,0.0428,aggressive,ALLOW,2.0,1221.0,0
617,TX_0000617,0.1008,aggressive,ALLOW,2.0,1223.0,0
618,TX_0000618,0.0704,current,ALLOW,2.0,1225.0,0
619,TX_0000619,0.0705,aggressive,ALLOW,2.0,1227.0,0
620,TX_0000620,0.2535,aggressive,ALLOW,2.0,1229.0,0
621,TX_0000621,0.1555,conservative,ALLOW,2.0,1231.0,0
622,TX_0000622,0.0617,aggressive,ALLOW,2.0,1233.0,0
623,TX_0000623,0.0423,aggressive,ALLOW,2.0,1235.0,0
624,TX_0000624,0.0302,aggressive,ALLOW,2.0,1237.0,0
625,TX_0000625,0.195,current,ALLOW,2.0,1239.0,0
626,TX_0000626,0.073,aggressive,ALLOW,2.0,1241.0,0
627,TX_0000627,0.1298,aggressive,ALLOW,2.0,1243.0,0
628,TX_0000628,0.1366,aggressive,ALLOW,2.0,1245.0,0
629,TX_0000629,0.0908,aggressive,ALLOW,2.0,1247.0,0
630,TX_0000630,0.045,aggressive,ALLOW,2.0,1249.0,0
631,TX_0000631,0.0701,aggressive,ALLOW,2.0,1251.0,0
632,TX_0000632,0.1329,aggressive,ALLOW,2.0,1253.0,0
633,TX_0000633,0.0306,aggressive,ALLOW,2.0,1255.0,0
634,TX_0000634,0.027,aggressive,ALLOW,2.0,1257.0,0
635,TX_0000635,0.0415,aggressive,ALLOW,2.0,1259.0,0
636,TX_0000636,0.0907,aggressive,ALLOW,2.0,1261.0,0
637,TX_0000637,0.076,aggressive,ALLOW,2.0,1263.0,0
638,TX_0000638,0.0741,aggressive,ALLOW,2.0,1265.0,0
639,TX_0000639,0.1099,aggressive,ALLOW,2.0,1267.0,0
640,TX_0000640,0.0533,aggressive,ALLOW,2.0,1269.0,0
641,TX_0000641,0.0754,aggressive,ALLOW,2.0,1271.0,0
642,TX_0000642,0.0608,aggressive,ALLOW,2.0,1273.0,0
643,TX_0000643,0.1316,aggressive,ALLOW,2.0,1275.0,0
644,TX_0000644,0.0916,current,ALLOW,2.0,1277.0,0
645,TX_0000645,0.0683,aggressive,ALLOW,2.0,1279.0,0
646,TX_0000646,0.0513,aggressive,ALLOW,2.0,1281.0,0
647,TX_0000647,0.0367,aggressive,ALLOW,2.0,1283.0,0
648,TX_0000648,0.0336,aggressive,ALLOW,2.0,1285.0,0
649,TX_0000649,0.0223,aggressive,ALLOW,2.0,1287.0,0
650,TX_0000650,0.0379,current,ALLOW,2.0,1289.0,0
651,TX_0000651,0.1607,aggressive,ALLOW,2.0,1291.0,0
652,TX_0000652,0.0445,aggressive,ALLOW,2.0,1293.0,0
653,TX_0000653,0.0245,conservative,ALLOW,2.0,1295.0,0
654,TX_0000654,0.03,aggressive,ALLOW,2.0,1297.0,0
655,TX_0000655,0.029,conservative,ALLOW,2.0,1299.0,0
656,TX_0000656,0.0704,aggressive,ALLOW,2.0,1301.0,0
657,TX_0000657,0.3152,aggressive,ALLOW,2.0,1303.0,0
658,TX_0000658,0.0427,aggressive,ALLOW,2.0,1305.0,0
659,TX_0000659,0.0386,conservative,ALLOW,2.0,1307.0,0
660,TX_0000660,0.0294,aggressive,ALLOW,2.0,1309.0,0
661,TX_0000661,0.0671,aggressive,ALLOW,2.0,1311.0,0
662,TX_0000662,0.0421,aggressive,ALLOW,2.0,1313.0,0
663,TX_0000663,0.0313,current,ALLOW,2.0,1315.0,0
664,TX_0000664,0.1248,aggressive,ALLOW,2.0,1317.0,0
665,TX_0000665,0.0732,aggressive,ALLOW,2.0,1319.0,0
666,TX_0000666,0.1285,aggressive,ALLOW,2.0,1321.0,0
667,TX_0000667,0.0488,aggressive,ALLOW,2.0,1323.0,0
668,TX_0000668,0.0652,aggressive,ALLOW,2.0,1325.0,0
669,TX_0000669,0.0392,aggressive,ALLOW,2.0,1327.0,0
670,TX_0000670,0.0309,aggressive,ALLOW,2.0,1329.0,0
671,TX_0000671,0.2105,aggressive,ALLOW,2.0,1331.0,0
672,TX_0000672,0.0835,aggressive,ALLOW,2.0,1333.0,0
673,TX_0000673,0.0553,aggressive,ALLOW,2.0,1335.0,0
674,TX_0000674,0.0462,aggressive,ALLOW,2.0,1337.0,0
675,TX_0000675,0.0412,aggressive,ALLOW,2.0,1339.0,0
676,TX_0000676,0.0331,current,ALLOW,2.0,1341.0,0
677,TX_0000677,0.516,aggressive,REVIEW,-1.0,1340.0,0
678,TX_0000678,0.035,aggressive,ALLOW,2.0,1342.0,0
679,TX_0000679,0.0415,aggressive,ALLOW,2.0,1344.0,0
680,TX_0000680,0.1271,aggressive,ALLOW,2.0,1346.0,0
681,TX_0000681,0.1544,aggressive,ALLOW,2.0,1348.0,0
682,TX_0000682,0.0262,aggressive,ALLOW,2.0,1350.0,0
683,TX_0000683,0.0416,aggressive,ALLOW,2.0,1352.0,0
684,TX_0000684,0.0261,aggressive,ALLOW,2.0,1354.0,0
685,TX_0000685,0.0684,aggressive,ALLOW,2.0,1356.0,0
686,TX_0000686,0.0395,aggressive,ALLOW,2.0,1358.0,0
687,TX_0000687,0.0547,aggressive,ALLOW,2.0,1360.0,0
688,TX_0000688,0.0542,aggressive,ALLOW,2.0,1362.0,0
689,TX_0000689,0.0438,current,ALLOW,2.0,1364.0,0
690,TX_0000690,0.0564,aggressive,ALLOW,2.0,1366.0,0
691,TX_0000691,0.1124,aggressive,ALLOW,2.0,1368.0,0
692,TX_0000692,0.0328,aggressive,ALLOW,2.0,1370.0,0
693,TX_0000693,0.0314,aggressive,ALLOW,2.0,1372.0,0
694,TX_0000694,0.0552,aggressive,ALLOW,2.0,1374.0,0
695,TX_0000695,0.1683,aggressive,ALLOW,2.0,1376.0,0
696,TX_0000696,0.1505,aggressive,ALLOW,2.0,1378.0,0
697,TX_0000697,0.0843,aggressive,ALLOW,2.0,1380.0,0
698,TX_0000698,0.0476,aggressive,ALLOW,2.0,1382.0,0
699,TX_0000699,0.0331,aggressive,ALLOW,2.0,1384.0,0
700,TX_0000700,0.1039,aggressive,ALLOW,2.0,1386.0,0
701,TX_0000701,0.0403,aggressive,ALLOW,2.0,1388.0,0
702,TX_0000702,0.1815,current,ALLOW,2.0,1390.0,0
703,TX_0000703,0.1135,aggressive,ALLOW,2.0,1392.0,0
704,TX_0000704,0.0575,aggressive,ALLOW,2.0,1394.0,0
705,TX_0000705,0.05,aggressive,ALLOW,2.0,1396.0,0
706,TX_0000706,0.1833,aggressive,ALLOW,2.0,1398.0,0
707,TX_0000707,0.1204,aggressive,ALLOW,2.0,1400.0,0
708,TX_0000708,0.0494,aggressive,ALLOW,2.0,1402.0,0
709,TX_0000709,0.0468,aggressive,ALLOW,2.0,1404.0,0
710,TX_0000710,0.0372,aggressive,ALLOW,2.0,1406.0,0
711,TX_0000711,0.095,aggressive,ALLOW,2.0,1408.0,0
712,TX_0000712,0.0252,aggressive,ALLOW,2.0,1410.0,0
713,TX_0000713,0.0303,aggressive,ALLOW,2.0,1412.0,0
714,TX_0000714,0.0876,aggressive,ALLOW,2.0,1414.0,0
715,TX_0000715,0.0744,aggressive,ALLOW,2.0,1416.0,0
716,TX_0000716,0.2538,aggressive,ALLOW,2.0,1418.0,0
717,TX_0000717,0.0458,aggressive,ALLOW,2.0,1420.0,0
718,TX_0000718,0.0456,aggressive,ALLOW,2.0,1422.0,0
719,TX_0000719,0.074,aggressive,ALLOW,2.0,1424.0,0
720,TX_0000720,0.0654,aggressive,ALLOW,2.0,1426.0,0
721,TX_0000721,0.0606,aggressive,ALLOW,2.0,1428.0,0
722,TX_0000722,0.1016,aggressive,ALLOW,2.0,1430.0,0
723,TX_0000723,0.1417,aggressive,ALLOW,2.0,1432.0,0
724,TX_0000724,0.0332,aggressive,ALLOW,2.0,1434.0,0
725,TX_0000725,0.065,aggressive,ALLOW,2.0,1436.0,0
726,TX_0000726,0.0569,aggressive,ALLOW,2.0,1438.0,0
727,TX_0000727,0.1534,aggressive,ALLOW,2.0,1440.0,0
728,TX_0000728,0.0639,aggressive,ALLOW,2.0,1442.0,0
729,TX_0000729,0.1194,aggressive,ALLOW,2.0,1444.0,0
730,TX_0000730,0.0313,aggressive,ALLOW,2.0,1446.0,0
731,TX_0000731,0.043,aggressive,ALLOW,2.0,1448.0,0
732,TX_0000732,0.0736,aggressive,ALLOW,2.0,1450.0,0
733,TX_0000733,0.0471,aggressive,ALLOW,2.0,1452.0,0
734,TX_0000734,0.086,aggressive,ALLOW,2.0,1454.0,0
735,TX_0000735,0.1268,aggressive,ALLOW,2.0,1456.0,0
736,TX_0000736,0.0338,aggressive,ALLOW,2.0,1458.0,0
737,TX_0000737,0.132,aggressive,ALLOW,2.0,1460.0,0
738,TX_0000738,0.0381,aggressive,ALLOW,2.0,1462.0,0
739,TX_0000739,0.0381,aggressive,ALLOW,2.0,1464.0,0
740,TX_0000740,0.0785,aggressive,ALLOW,2.0,1466.0,0
741,TX_0000741,0.0353,aggressive,ALLOW,2.0,1468.0,0
742,TX_0000742,0.0307,aggressive,ALLOW,2.0,1470.0,0
743,TX_0000743,0.195,aggressive,ALLOW,2.0,1472.0,0
744,TX_0000744,0.0752,aggressive,ALLOW,2.0,1474.0,0
745,TX_0000745,0.0537,aggressive,ALLOW,2.0,1476.0,0
746,TX_0000746,0.0477,aggressive,ALLOW,2.0,1478.0,0
747,TX_0000747,0.0317,aggressive,ALLOW,2.0,1480.0,0
748,TX_0000748,0.0293,aggressive,ALLOW,2.0,1482.0,0
749,TX_0000749,0.0907,aggressive,ALLOW,2.0,1484.0,0
750,TX_0000750,0.0788,aggressive,ALLOW,2.0,1486.0,0
751,TX_0000751,0.1353,aggressive,ALLOW,2.0,1488.0,0
752,TX_0000752,0.0486,aggressive,ALLOW,2.0,1490.0,0
753,TX_0000753,0.076,aggressive,ALLOW,2.0,1492.0,0
754,TX_0000754,0.04,conservative,ALLOW,2.0,1494.0,0
755,TX_0000755,0.0367,aggressive,ALLOW,2.0,1496.0,0
756,TX_0000756,0.0504,aggressive,ALLOW,2.0,1498.0,0
757,TX_0000757,0.0458,aggressive,ALLOW,2.0,1500.0,0
758,TX_0000758,0.0417,aggressive,ALLOW,2.0,1502.0,0
759,TX_0000759,0.0234,aggressive,ALLOW,2.0,1504.0,0
760,TX_0000760,0.0652,aggressive,ALLOW,2.0,1506.0,0
761,TX_0000761,0.0724,aggressive,ALLOW,2.0,1508.0,0
762,TX_0000762,0.0409,aggressive,ALLOW,2.0,1510.0,0
763,TX_0000763,0.1033,aggressive,ALLOW,2.0,1512.0,0
764,TX_0000764,0.0444,aggressive,ALLOW,2.0,1514.0,0
765,TX_0000765,0.2108,aggressive,ALLOW,2.0,1516.0,0
766,TX_0000766,0.0532,conservative,ALLOW,2.0,1518.0,0
767,TX_0000767,0.0511,aggressive,ALLOW,2.0,1520.0,0
768,TX_0000768,0.0528,aggressive,ALLOW,2.0,1522.0,0
769,TX_0000769,0.0645,aggressive,ALLOW,2.0,1524.0,0
770,TX_0000770,0.0608,aggressive,ALLOW,2.0,1526.0,0
771,TX_0000771,0.0399,aggressive,ALLOW,2.0,1528.0,0
772,TX_0000772,0.0445,aggressive,ALLOW,2.0,1530.0,0
773,TX_0000773,0.0379,aggressive,ALLOW,2.0,1532.0,0
774,TX_0000774,0.2175,aggressive,ALLOW,2.0,1534.0,0
775,TX_0000775,0.0538,aggressive,ALLOW,2.0,1536.0,0
776,TX_0000776,0.0299,aggressive,ALLOW,2.0,1538.0,0
777,TX_0000777,0.0247,aggressive,ALLOW,2.0,1540.0,0
778,TX_0000778,0.0957,aggressive,ALLOW,2.0,1542.0,0
779,TX_0000779,0.0418,aggressive,ALLOW,2.0,1544.0,0
780,TX_0000780,0.0794,aggressive,ALLOW,2.0,1546.0,0
781,TX_0000781,0.1662,aggressive,ALLOW,2.0,1548.0,0
782,TX_0000782,0.0857,aggressive,ALLOW,2.0,1550.0,0
783,TX_0000783,0.0297,aggressive,ALLOW,2.0,1552.0,0
784,TX_0000784,0.0382,aggressive,ALLOW,2.0,1554.0,0
785,TX_0000785,0.0461,aggressive,ALLOW,2.0,1556.0,0
786,TX_0000786,0.0324,aggressive,ALLOW,2.0,1558.0,0
787,TX_0000787,0.0457,current,ALLOW,2.0,1560.0,0
788,TX_0000788,0.034,aggressive,ALLOW,2.0,1562.0,0
789,TX_0000789,0.0639,aggressive,ALLOW,2.0,1564.0,0
790,TX_0000790,0.1598,aggressive,ALLOW,2.0,1566.0,0
791,TX_0000791,0.0421,aggressive,ALLOW,2.0,1568.0,0
792,TX_0000792,0.0469,aggressive,ALLOW,2.0,1570.0,0
793,TX_0000793,0.0188,aggressive,ALLOW,2.0,1572.0,0
794,TX_0000794,0.0755,aggressive,ALLOW,2.0,1574.0,0
795,TX_0000795,0.0763,aggressive,ALLOW,2.0,1576.0,0
796,TX_0000796,0.0727,aggressive,ALLOW,2.0,1578.0,0
797,TX_0000797,0.0467,aggressive,ALLOW,2.0,1580.0,0
798,TX_0000798,0.0478,aggressive,ALLOW,2.0,1582.0,0
799,TX_0000799,0.0605,aggressive,ALLOW,2.0,1584.0,0
800,TX_0000800,0.1876,aggressive,ALLOW,2.0,1586.0,0
801,TX_0000801,0.178,aggressive,ALLOW,2.0,1588.0,0
802,TX_0000802,0.0737,aggressive,ALLOW,2.0,1590.0,0
803,TX_0000803,0.0393,aggressive,ALLOW,2.0,1592.0,0
804,TX_0000804,0.0355,aggressive,ALLOW,2.0,1594.0,0
805,TX_0000805,0.0899,aggressive,ALLOW,2.0,1596.0,0
806,TX_0000806,0.1478,aggressive,ALLOW,2.0,1598.0,0
807,TX_0000807,0.1301,aggressive,ALLOW,2.0,1600.0,0
808,TX_0000808,0.077,aggressive,ALLOW,2.0,1602.0,0
809,TX_0000809,0.0523,aggressive,ALLOW,2.0,1604.0,0
810,TX_0000810,0.0407,current,ALLOW,2.0,1606.0,0
811,TX_0000811,0.0555,aggressive,ALLOW,2.0,1608.0,0
812,TX_0000812,0.2182,aggressive,ALLOW,2.0,1610.0,0
813,TX_0000813,0.1219,aggressive,ALLOW,2.0,1612.0,0
814,TX_0000814,0.0762,aggressive,ALLOW,2.0,1614.0,0
815,TX_0000815,0.0277,aggressive,ALLOW,2.0,1616.0,0
816,TX_0000816,0.0675,aggressive,ALLOW,2.0,1618.0,0
817,TX_0000817,0.0762,aggressive,ALLOW,2.0,1620.0,0
818,TX_0000818,0.0445,aggressive,ALLOW,2.0,1622.0,0
819,TX_0000819,0.0436,aggressive,ALLOW,2.0,1624.0,0
820,TX_0000820,0.0362,aggressive,ALLOW,2.0,1626.0,0
821,TX_0000821,0.0617,aggressive,ALLOW,2.0,1628.0,0
822,TX_0000822,0.0417,aggressive,ALLOW,2.0,1630.0,0
823,TX_0000823,0.0319,aggressive,ALLOW,2.0,1632.0,0
824,TX_0000824,0.111,aggressive,ALLOW,2.0,1634.0,0
825,TX_0000825,0.0286,aggressive,ALLOW,2.0,1636.0,0
826,TX_0000826,0.0485,aggressive,ALLOW,2.0,1638.0,0
827,TX_0000827,0.0446,aggressive,ALLOW,2.0,1640.0,0
828,TX_0000828,0.0377,conservative,ALLOW,2.0,1642.0,0
829,TX_0000829,0.0833,aggressive,ALLOW,2.0,1644.0,0
830,TX_0000830,0.0541,aggressive,ALLOW,2.0,1646.0,0
831,TX_0000831,0.0371,aggressive,ALLOW,2.0,1648.0,0
832,TX_0000832,0.0261,aggressive,ALLOW,2.0,1650.0,0
833,TX_0000833,0.1516,aggressive,ALLOW,2.0,1652.0,0
834,TX_0000834,0.0274,aggressive,ALLOW,2.0,1654.0,0
835,TX_0000835,0.1451,aggressive,ALLOW,2.0,1656.0,0
836,TX_0000836,0.0422,aggressive,ALLOW,2.0,1658.0,0
837,TX_0000837,0.2138,aggressive,ALLOW,2.0,1660.0,0
838,TX_0000838,0.047,conservative,ALLOW,2.0,1662.0,0
839,TX_0000839,0.0778,conservative,ALLOW,2.0,1664.0,0
840,TX_0000840,0.0672,aggressive,ALLOW,2.0,1666.0,0
841,TX_0000841,0.0763,aggressive,ALLOW,2.0,1668.0,0
842,TX_0000842,0.0389,aggressive,ALLOW,2.0,1670.0,0
843,TX_0000843,0.0406,aggressive,ALLOW,2.0,1672.0,0
844,TX_0000844,0.149,aggressive,ALLOW,2.0,1674.0,0
845,TX_0000845,0.0542,aggressive,ALLOW,2.0,1676.0,0
846,TX_0000846,0.0309,aggressive,ALLOW,2.0,1678.0,0
847,TX_0000847,0.0686,aggressive,ALLOW,2.0,1680.0,0
848,TX_0000848,0.0387,aggressive,ALLOW,2.0,1682.0,0
849,TX_0000849,0.0707,aggressive,ALLOW,2.0,1684.0,0
850,TX_0000850,0.0887,aggressive,ALLOW,2.0,1686.0,0
851,TX_0000851,0.2031,aggressive,ALLOW,2.0,1688.0,0
852,TX_0000852,0.1361,aggressive,ALLOW,2.0,1690.0,0
853,TX_0000853,0.0282,aggressive,ALLOW,2.0,1692.0,0
854,TX_0000854,0.0339,aggressive,ALLOW,2.0,1694.0,0
855,TX_0000855,0.0341,aggressive,ALLOW,2.0,1696.0,0
856,TX_0000856,0.0396,aggressive,ALLOW,2.0,1698.0,0
857,TX_0000857,0.0391,aggressive,ALLOW,2.0,1700.0,0
858,TX_0000858,0.1059,aggressive,ALLOW,2.0,1702.0,0
859,TX_0000859,0.0407,aggressive,ALLOW,2.0,1704.0,0
860,TX_0000860,0.0289,current,ALLOW,2.0,1706.0,0
861,TX_0000861,0.0468,aggressive,ALLOW,2.0,1708.0,0
862,TX_0000862,0.1288,aggressive,ALLOW,2.0,1710.0,0
863,TX_0000863,0.0404,aggressive,ALLOW,2.0,1712.0,0
864,TX_0000864,0.0458,aggressive,ALLOW,2.0,1714.0,0
865,TX_0000865,0.0859,aggressive,ALLOW,2.0,1716.0,0
866,TX_0000866,0.0189,aggressive,ALLOW,2.0,1718.0,0
867,TX_0000867,0.0365,aggressive,ALLOW,2.0,1720.0,0
868,TX_0000868,0.0304,current,ALLOW,2.0,1722.0,0
869,TX_0000869,0.0417,aggressive,ALLOW,2.0,1724.0,0
870,TX_0000870,0.1505,aggressive,ALLOW,2.0,1726.0,0
871,TX_0000871,0.106,aggressive,ALLOW,2.0,1728.0,0
872,TX_0000872,0.1483,aggressive,ALLOW,2.0,1730.0,0
873,TX_0000873,0.0407,current,ALLOW,2.0,1732.0,0
874,TX_0000874,0.324,aggressive,ALLOW,2.0,1734.0,0
875,TX_0000875,0.0379,aggressive,ALLOW,2.0,1736.0,0
876,TX_0000876,0.0576,aggressive,ALLOW,2.0,1738.0,0
877,TX_0000877,0.1515,aggressive,ALLOW,2.0,1740.0,0
878,TX_0000878,0.0507,aggressive,ALLOW,2.0,1742.0,0
879,TX_0000879,0.2193,aggressive,ALLOW,2.0,1744.0,0
880,TX_0000880,0.0914,aggressive,ALLOW,2.0,1746.0,0
881,TX_0000881,0.0453,aggressive,ALLOW,2.0,1748.0,0
882,TX_0000882,0.0648,aggressive,ALLOW,2.0,1750.0,0
883,TX_0000883,0.0393,aggressive,ALLOW,2.0,1752.0,0
884,TX_0000884,0.0705,aggressive,ALLOW,2.0,1754.0,0
885,TX_0000885,0.086,aggressive,ALLOW,2.0,1756.0,0
886,TX_0000886,0.0774,aggressive,ALLOW,2.0,1758.0,0
887,TX_0000887,0.0421,aggressive,ALLOW,2.0,1760.0,0
888,TX_0000888,0.0827,aggressive,ALLOW,2.0,1762.0,0
889,TX_0000889,0.0409,aggressive,ALLOW,2.0,1764.0,0
890,TX_0000890,0.0644,aggressive,ALLOW,2.0,1766.0,0
891,TX_0000891,0.0634,aggressive,ALLOW,2.0,1768.0,0
892,TX_0000892,0.0515,aggressive,ALLOW,2.0,1770.0,0
893,TX_0000893,0.0727,aggressive,ALLOW,2.0,1772.0,0
894,TX_0000894,0.0762,aggressive,ALLOW,2.0,1774.0,0
895,TX_0000895,0.0456,aggressive,ALLOW,2.0,1776.0,0
896,TX_0000896,0.0676,aggressive,ALLOW,2.0,1778.0,0
897,TX_0000897,0.0233,aggressive,ALLOW,2.0,1780.0,0
898,TX_0000898,0.0404,aggressive,ALLOW,2.0,1782.0,0
899,TX_0000899,0.0384,aggressive,ALLOW,2.0,1784.0,0
900,TX_0000900,0.1077,aggressive,ALLOW,2.0,1786.0,0
901,TX_0000901,0.0369,aggressive,ALLOW,2.0,1788.0,0
902,TX_0000902,0.0274,aggressive,ALLOW,2.0,1790.0,0
903,TX_0000903,0.0351,conservative,ALLOW,2.0,1792.0,0
904,TX_0000904,0.0202,aggressive,ALLOW,2.0,1794.0,0
905,TX_0000905,0.1615,aggressive,ALLOW,2.0,1796.0,0
906,TX_0000906,0.0617,aggressive,ALLOW,2.0,1798.0,0
907,TX_0000907,0.0919,current,ALLOW,2.0,1800.0,0
908,TX_0000908,0.0673,aggressive,ALLOW,2.0,1802.0,0
909,TX_0000909,0.0225,current,ALLOW,2.0,1804.0,0
910,TX_0000910,0.0648,aggressive,ALLOW,2.0,1806.0,0
911,TX_0000911,0.0696,aggressive,ALLOW,2.0,1808.0,0
912,TX_0000912,0.0383,aggressive,ALLOW,2.0,1810.0,0
913,TX_0000913,0.0527,aggressive,ALLOW,2.0,1812.0,0
914,TX_0000914,0.0466,aggressive,ALLOW,2.0,1814.0,0
915,TX_0000915,0.0677,aggressive,ALLOW,2.0,1816.0,0
916,TX_0000916,0.078,conservative,ALLOW,2.0,1818.0,0
917,TX_0000917,0.0283,aggressive,ALLOW,2.0,1820.0,0
918,TX_0000918,0.0622,conservative,ALLOW,2.0,1822.0,0
919,TX_0000919,0.0533,aggressive,ALLOW,2.0,1824.0,0
920,TX_0000920,0.071,aggressive,ALLOW,2.0,1826.0,0
921,TX_0000921,0.0282,aggressive,ALLOW,2.0,1828.0,0
922,TX_0000922,0.0312,aggressive,ALLOW,2.0,1830.0,0
923,TX_0000923,0.0746,conservative,ALLOW,2.0,1832.0,0
924,TX_0000924,0.0471,aggressive,ALLOW,2.0,1834.0,0
925,TX_0000925,0.0626,aggressive,ALLOW,2.0,1836.0,0
926,TX_0000926,0.0377,aggressive,ALLOW,2.0,1838.0,0
927,TX_0000927,0.0576,aggressive,ALLOW,2.0,1840.0,0
928,TX_0000928,0.0371,aggressive,ALLOW,2.0,1842.0,0
929,TX_0000929,0.0664,aggressive,ALLOW,2.0,1844.0,0
930,TX_0000930,0.1651,aggressive,ALLOW,2.0,1846.0,0
931,TX_0000931,0.0271,aggressive,ALLOW,2.0,1848.0,0
932,TX_0000932,0.0746,conservative,ALLOW,2.0,1850.0,0
933,TX_0000933,0.1069,aggressive,ALLOW,2.0,1852.0,0
934,TX_0000934,0.0685,aggressive,ALLOW,2.0,1854.0,0
935,TX_0000935,0.04,aggressive,ALLOW,2.0,1856.0,0
936,TX_0000936,0.0221,aggressive,ALLOW,2.0,1858.0,0
937,TX_0000937,0.0843,aggressive,ALLOW,2.0,1860.0,0
938,TX_0000938,0.2253,aggressive,ALLOW,2.0,1862.0,0
939,TX_0000939,0.0482,aggressive,ALLOW,2.0,1864.0,0
940,TX_0000940,0.4421,aggressive,REVIEW,-1.0,1863.0,0
941,TX_0000941,0.0383,aggressive,ALLOW,2.0,1865.0,0
942,TX_0000942,0.0599,aggressive,ALLOW,2.0,1867.0,0
943,TX_0000943,0.0854,aggressive,ALLOW,2.0,1869.0,0
944,TX_0000944,0.1052,aggressive,ALLOW,2.0,1871.0,0
945,TX_0000945,0.0625,aggressive,ALLOW,2.0,1873.0,0
946,TX_0000946,0.089,aggressive,ALLOW,2.0,1875.0,0
947,TX_0000947,0.1254,aggressive,ALLOW,2.0,1877.0,0
948,TX_0000948,0.0314,aggressive,ALLOW,2.0,1879.0,0
949,TX_0000949,0.0188,aggressive,ALLOW,2.0,1881.0,0
950,TX_0000950,0.1774,aggressive,ALLOW,2.0,1883.0,0
951,TX_0000951,0.1555,aggressive,ALLOW,2.0,1885.0,0
952,TX_0000952,0.0679,aggressive,ALLOW,2.0,1887.0,0
953,TX_0000953,0.0898,aggressive,ALLOW,2.0,1889.0,0
954,TX_0000954,0.1038,aggressive,ALLOW,2.0,1891.0,0
955,TX_0000955,0.0559,aggressive,ALLOW,2.0,1893.0,0
956,TX_0000956,0.0419,current,ALLOW,2.0,1895.0,0
957,TX_0000957,0.1437,aggressive,ALLOW,2.0,1897.0,0
958,TX_0000958,0.0656,aggressive,ALLOW,2.0,1899.0,0
959,TX_0000959,0.199,aggressive,ALLOW,2.0,1901.0,0
960,TX_0000960,0.0502,aggressive,ALLOW,2.0,1903.0,0
961,TX_0000961,0.1002,aggressive,ALLOW,2.0,1905.0,0
962,TX_0000962,0.0599,aggressive,ALLOW,2.0,1907.0,0
963,TX_0000963,0.0402,aggressive,ALLOW,2.0,1909.0,0
964,TX_0000964,0.0998,aggressive,ALLOW,2.0,1911.0,0
965,TX_0000965,0.072,aggressive,ALLOW,2.0,1913.0,0
966,TX_0000966,0.0333,aggressive,ALLOW,2.0,1915.0,0
967,TX_0000967,0.0472,aggressive,ALLOW,2.0,1917.0,0
968,TX_0000968,0.1662,aggressive,ALLOW,2.0,1919.0,0
969,TX_0000969,0.167,aggressive,ALLOW,2.0,1921.0,0
970,TX_0000970,0.0283,aggressive,ALLOW,2.0,1923.0,0
971,TX_0000971,0.0609,aggressive,ALLOW,2.0,1925.0,0
972,TX_0000972,0.0353,aggressive,ALLOW,2.0,1927.0,0
973,TX_0000973,0.0456,aggressive,ALLOW,2.0,1929.0,0
974,TX_0000974,0.171,aggressive,ALLOW,2.0,1931.0,0
975,TX_0000975,0.2048,aggressive,ALLOW,2.0,1933.0,0
976,TX_0000976,0.0287,aggressive,ALLOW,2.0,1935.0,0
977,TX_0000977,0.037,aggressive,ALLOW,2.0,1937.0,0
978,TX_0000978,0.081,aggressive,ALLOW,2.0,1939.0,0
979,TX_0000979,0.0723,aggressive,ALLOW,2.0,1941.0,0
980,TX_0000980,0.0733,aggressive,ALLOW,2.0,1943.0,0
981,TX_0000981,0.0493,current,ALLOW,2.0,1945.0,0
982,TX_0000982,0.0297,aggressive,ALLOW,2.0,1947.0,0
983,TX_0000983,0.045,aggressive,ALLOW,2.0,1949.0,0
984,TX_0000984,0.0694,aggressive,ALLOW,2.0,1951.0,0
985,TX_0000985,0.0678,aggressive,ALLOW,2.0,1953.0,0
986,TX_0000986,0.0413,aggressive,ALLOW,2.0,1955.0,0
987,TX_0000987,0.0537,aggressive,ALLOW,2.0,1957.0,0
988,TX_0000988,0.0434,aggressive,ALLOW,2.0,1959.0,0
989,TX_0000989,0.1122,conservative,ALLOW,2.0,1961.0,0
990,TX_0000990,0.1195,aggressive,ALLOW,2.0,1963.0,0
991,TX_0000991,0.0357,aggressive,ALLOW,2.0,1965.0,0
992,TX_0000992,0.0306,aggressive,ALLOW,2.0,1967.0,0
993,TX_0000993,0.0603,aggressive,ALLOW,2.0,1969.0,0
994,TX_0000994,0.1507,aggressive,ALLOW,2.0,1971.0,0
995,TX_0000995,0.0247,aggressive,ALLOW,2.0,1973.0,0
996,TX_0000996,0.032,aggressive,ALLOW,2.0,1975.0,0
997,TX_0000997,0.0393,aggressive,ALLOW,2.0,1977.0,0
998,TX_0000998,0.1224,current,ALLOW,2.0,1979.0,0
999,TX_0000999,0.0477,aggressive,ALLOW,2.0,1981.0,0
1000,TX_0001000,0.031,aggressive,ALLOW,2.0,1983.0,0
1001,TX_0001001,0.0174,aggressive,ALLOW,2.0,1985.0,0
1002,TX_0001002,0.0297,aggressive,ALLOW,2.0,1987.0,0
1003,TX_0001003,0.0388,aggressive,ALLOW,2.0,1989.0,0
1004,TX_0001004,0.0522,aggressive,ALLOW,2.0,1991.0,0
1005,TX_0001005,0.0419,aggressive,ALLOW,2.0,1993.0,0
1006,TX_0001006,0.0291,aggressive,ALLOW,2.0,1995.0,0
1007,TX_0001007,0.1481,conservative,ALLOW,2.0,1997.0,0
1008,TX_0001008,0.0741,aggressive,ALLOW,2.0,1999.0,0
1009,TX_0001009,0.0402,aggressive,ALLOW,2.0,2001.0,0
1010,TX_0001010,0.1811,aggressive,ALLOW,2.0,2003.0,0
1011,TX_0001011,0.028,aggressive,ALLOW,2.0,2005.0,0
1012,TX_0001012,0.0643,aggressive,ALLOW,2.0,2007.0,0
1013,TX_0001013,0.0857,aggressive,ALLOW,2.0,2009.0,0
1014,TX_0001014,0.0645,current,ALLOW,2.0,2011.0,0
1015,TX_0001015,0.089,aggressive,ALLOW,2.0,2013.0,0
1016,TX_0001016,0.0544,aggressive,ALLOW,2.0,2015.0,0
1017,TX_0001017,0.0241,aggressive,ALLOW,2.0,2017.0,0
1018,TX_0001018,0.1004,aggressive,ALLOW,2.0,2019.0,0
1019,TX_0001019,0.0278,aggressive,ALLOW,2.0,2021.0,0
1020,TX_0001020,0.1893,aggressive,ALLOW,2.0,2023.0,0
1021,TX_0001021,0.0558,aggressive,ALLOW,2.0,2025.0,0
1022,TX_0001022,0.0469,aggressive,ALLOW,2.0,2027.0,0
1023,TX_0001023,0.0277,aggressive,ALLOW,2.0,2029.0,0
1024,TX_0001024,0.0301,conservative,ALLOW,2.0,2031.0,0
1025,TX_0001025,0.069,current,ALLOW,2.0,2033.0,0
1026,TX_0001026,0.2072,aggressive,ALLOW,2.0,2035.0,0
1027,TX_0001027,0.0297,aggressive,ALLOW,2.0,2037.0,0
1028,TX_0001028,0.0397,aggressive,ALLOW,2.0,2039.0,0
1029,TX_0001029,0.056,aggressive,ALLOW,2.0,2041.0,0
1030,TX_0001030,0.0933,aggressive,ALLOW,2.0,2043.0,0
1031,TX_0001031,0.0463,aggressive,ALLOW,2.0,2045.0,0
1032,TX_0001032,0.0962,aggressive,ALLOW,2.0,2047.0,0
1033,TX_0001033,0.0489,aggressive,ALLOW,2.0,2049.0,0
1034,TX_0001034,0.0709,aggressive,ALLOW,2.0,2051.0,0
1035,TX_0001035,0.0556,aggressive,ALLOW,2.0,2053.0,0
1036,TX_0001036,0.0415,aggressive,ALLOW,2.0,2055.0,0
1037,TX_0001037,0.4008,aggressive,REVIEW,-1.0,2054.0,0
1038,TX_0001038,0.1485,aggressive,ALLOW,2.0,2056.0,0
1039,TX_0001039,0.0308,aggressive,ALLOW,2.0,2058.0,0
1040,TX_0001040,0.0751,aggressive,ALLOW,2.0,2060.0,0
1041,TX_0001041,0.0375,aggressive,ALLOW,2.0,2062.0,0
1042,TX_0001042,0.0662,aggressive,ALLOW,2.0,2064.0,0
1043,TX_0001043,0.134,aggressive,ALLOW,2.0,2066.0,0
1044,TX_0001044,0.214,aggressive,ALLOW,2.0,2068.0,0
1045,TX_0001045,0.059,aggressive,ALLOW,2.0,2070.0,0
1046,TX_0001046,0.2217,aggressive,ALLOW,2.0,2072.0,0
1047,TX_0001047,0.0271,current,ALLOW,2.0,2074.0,0
1048,TX_0001048,0.0713,aggressive,ALLOW,2.0,2076.0,0
1049,TX_0001049,0.0705,aggressive,ALLOW,2.0,2078.0,0
1050,TX_0001050,0.041,aggressive,ALLOW,2.0,2080.0,0
1051,TX_0001051,0.0546,aggressive,ALLOW,2.0,2082.0,0
1052,TX_0001052,0.1196,aggressive,ALLOW,2.0,2084.0,0
1053,TX_0001053,0.1057,aggressive,ALLOW,2.0,2086.0,0
1054,TX_0001054,0.0392,aggressive,ALLOW,2.0,2088.0,0
1055,TX_0001055,0.0406,aggressive,ALLOW,2.0,2090.0,0
1056,TX_0001056,0.0368,aggressive,ALLOW,2.0,2092.0,0
1057,TX_0001057,0.0553,aggressive,ALLOW,2.0,2094.0,0
1058,TX_0001058,0.0787,aggressive,ALLOW,2.0,2096.0,0
1059,TX_0001059,0.03,aggressive,ALLOW,2.0,2098.0,0
1060,TX_0001060,0.1494,aggressive,ALLOW,2.0,2100.0,0
1061,TX_0001061,0.0965,aggressive,ALLOW,2.0,2102.0,0
1062,TX_0001062,0.0406,conservative,ALLOW,2.0,2104.0,0
1063,TX_0001063,0.057,aggressive,ALLOW,2.0,2106.0,0
1064,TX_0001064,0.0443,current,ALLOW,2.0,2108.0,0
1065,TX_0001065,0.0567,aggressive,ALLOW,2.0,2110.0,0
1066,TX_0001066,0.0512,aggressive,ALLOW,2.0,2112.0,0
1067,TX_0001067,0.0876,aggressive,ALLOW,2.0,2114.0,0
1068,TX_0001068,0.1209,aggressive,ALLOW,2.0,2116.0,0
1069,TX_0001069,0.0309,current,ALLOW,2.0,2118.0,0
1070,TX_0001070,0.0847,aggressive,ALLOW,2.0,2120.0,0
1071,TX_0001071,0.079,aggressive,ALLOW,2.0,2122.0,0
1072,TX_0001072,0.0877,aggressive,ALLOW,2.0,2124.0,0
1073,TX_0001073,0.0747,aggressive,ALLOW,2.0,2126.0,0
1074,TX_0001074,0.0487,aggressive,ALLOW,2.0,2128.0,0
1075,TX_0001075,0.0282,aggressive,ALLOW,2.0,2130.0,0
1076,TX_0001076,0.0309,aggressive,ALLOW,2.0,2132.0,0
1077,TX_0001077,0.1683,aggressive,ALLOW,2.0,2134.0,0
1078,TX_0001078,0.0692,aggressive,ALLOW,2.0,2136.0,0
1079,TX_0001079,0.1195,aggressive,ALLOW,2.0,2138.0,0
1080,TX_0001080,0.1109,aggressive,ALLOW,2.0,2140.0,0
1081,TX_0001081,0.0394,aggressive,ALLOW,2.0,2142.0,0
1082,TX_0001082,0.031,aggressive,ALLOW,2.0,2144.0,0
1083,TX_0001083,0.0297,aggressive,ALLOW,2.0,2146.0,0
1084,TX_0001084,0.0253,aggressive,ALLOW,2.0,2148.0,0
1085,TX_0001085,0.0668,aggressive,ALLOW,2.0,2150.0,0
1086,TX_0001086,0.0291,aggressive,ALLOW,2.0,2152.0,0
1087,TX_0001087,0.0549,aggressive,ALLOW,2.0,2154.0,0
1088,TX_0001088,0.0264,aggressive,ALLOW,2.0,2156.0,0
1089,TX_0001089,0.0384,aggressive,ALLOW,2.0,2158.0,0
1090,TX_0001090,0.0662,conservative,ALLOW,2.0,2160.0,0
1091,TX_0001091,0.078,aggressive,ALLOW,2.0,2162.0,0
1092,TX_0001092,0.1497,aggressive,ALLOW,2.0,2164.0,0
1093,TX_0001093,0.039,aggressive,ALLOW,2.0,2166.0,0
1094,TX_0001094,0.0262,aggressive,ALLOW,2.0,2168.0,0
1095,TX_0001095,0.0567,aggressive,ALLOW,2.0,2170.0,0
1096,TX_0001096,0.0284,aggressive,ALLOW,2.0,2172.0,0
1097,TX_0001097,0.0639,aggressive,ALLOW,2.0,2174.0,0
1098,TX_0001098,0.4137,aggressive,REVIEW,-1.0,2173.0,0
1099,TX_0001099,0.0906,aggressive,ALLOW,2.0,2175.0,0
1100,TX_0001100,0.0456,aggressive,ALLOW,2.0,2177.0,0
1101,TX_0001101,0.0327,aggressive,ALLOW,2.0,2179.0,0
1102,TX_0001102,0.0426,aggressive,ALLOW,2.0,2181.0,0
1103,TX_0001103,0.0294,current,ALLOW,2.0,2183.0,0
1104,TX_0001104,0.0323,aggressive,ALLOW,2.0,2185.0,0
1105,TX_0001105,0.0297,aggressive,ALLOW,2.0,2187.0,0
1106,TX_0001106,0.0726,aggressive,ALLOW,2.0,2189.0,0
1107,TX_0001107,0.0341,aggressive,ALLOW,2.0,2191.0,0
1108,TX_0001108,0.1309,conservative,ALLOW,2.0,2193.0,0
1109,TX_0001109,0.1347,current,ALLOW,2.0,2195.0,0
1110,TX_0001110,0.0586,aggressive,ALLOW,2.0,2197.0,0
1111,TX_0001111,0.0809,aggressive,ALLOW,2.0,2199.0,0
1112,TX_0001112,0.0663,aggressive,ALLOW,2.0,2201.0,0
1113,TX_0001113,0.0814,aggressive,ALLOW,2.0,2203.0,0
1114,TX_0001114,0.0381,aggressive,ALLOW,2.0,2205.0,0
1115,TX_0001115,0.0646,aggressive,ALLOW,2.0,2207.0,0
1116,TX_0001116,0.0553,aggressive,ALLOW,2.0,2209.0,0
1117,TX_0001117,0.048,conservative,ALLOW,2.0,2211.0,0
1118,TX_0001118,0.0447,conservative,ALLOW,2.0,2213.0,0
1119,TX_0001119,0.0778,aggressive,ALLOW,2.0,2215.0,0
1120,TX_0001120,0.1023,aggressive,ALLOW,2.0,2217.0,0
1121,TX_0001121,0.0406,aggressive,ALLOW,2.0,2219.0,0
1122,TX_0001122,0.0343,conservative,ALLOW,2.0,2221.0,0
1123,TX_0001123,0.0431,conservative,ALLOW,2.0,2223.0,0
1124,TX_0001124,0.1243,aggressive,ALLOW,2.0,2225.0,0
1125,TX_0001125,0.0676,aggressive,ALLOW,2.0,2227.0,0
1126,TX_0001126,0.1278,aggressive,ALLOW,2.0,2229.0,0
1127,TX_0001127,0.0529,aggressive,ALLOW,2.0,2231.0,0
1128,TX_0001128,0.0492,aggressive,ALLOW,2.0,2233.0,0
1129,TX_0001129,0.0967,aggressive,ALLOW,2.0,2235.0,0
1130,TX_0001130,0.0538,aggressive,ALLOW,2.0,2237.0,0
1131,TX_0001131,0.0484,aggressive,ALLOW,2.0,2239.0,0
1132,TX_0001132,0.0906,aggressive,ALLOW,2.0,2241.0,0
1133,TX_0001133,0.0714,aggressive,ALLOW,2.0,2243.0,0
1134,TX_0001134,0.0542,aggressive,ALLOW,2.0,2245.0,0
1135,TX_0001135,0.1155,aggressive,ALLOW,2.0,2247.0,0
1136,TX_0001136,0.0193,aggressive,ALLOW,2.0,2249.0,0
1137,TX_0001137,0.0972,aggressive,ALLOW,2.0,2251.0,0
1138,TX_0001138,0.0446,aggressive,ALLOW,2.0,2253.0,0
1139,TX_0001139,0.0437,conservative,ALLOW,2.0,2255.0,0
1140,TX_0001140,0.168,aggressive,ALLOW,2.0,2257.0,0
1141,TX_0001141,0.0437,aggressive,ALLOW,2.0,2259.0,0
1142,TX_0001142,0.0617,aggressive,ALLOW,2.0,2261.0,0
1143,TX_0001143,0.0518,aggressive,ALLOW,2.0,2263.0,0
1144,TX_0001144,0.0451,aggressive,ALLOW,2.0,2265.0,0
1145,TX_0001145,0.1077,aggressive,ALLOW,2.0,2267.0,0
1146,TX_0001146,0.0651,aggressive,ALLOW,2.0,2269.0,0
1147,TX_0001147,0.0655,aggressive,ALLOW,2.0,2271.0,0
1148,TX_0001148,0.1507,aggressive,ALLOW,2.0,2273.0,0
1149,TX_0001149,0.0557,aggressive,ALLOW,2.0,2275.0,0
1150,TX_0001150,0.072,aggressive,ALLOW,2.0,2277.0,0
1151,TX_0001151,0.0463,aggressive,ALLOW,2.0,2279.0,0
1152,TX_0001152,0.0309,aggressive,ALLOW,2.0,2281.0,0
1153,TX_0001153,0.063,aggressive,ALLOW,2.0,2283.0,0
1154,TX_0001154,0.0927,aggressive,ALLOW,2.0,2285.0,0
1155,TX_0001155,0.0247,aggressive,ALLOW,2.0,2287.0,0
1156,TX_0001156,0.0706,aggressive,ALLOW,2.0,2289.0,0
1157,TX_0001157,0.0221,aggressive,ALLOW,2.0,2291.0,0
1158,TX_0001158,0.0393,aggressive,ALLOW,2.0,2293.0,0
1159,TX_0001159,0.095,aggressive,ALLOW,2.0,2295.0,0
1160,TX_0001160,0.0628,aggressive,ALLOW,2.0,2297.0,0
1161,TX_0001161,0.0375,aggressive,ALLOW,2.0,2299.0,0
1162,TX_0001162,0.0245,aggressive,ALLOW,2.0,2301.0,0
1163,TX_0001163,0.074,aggressive,ALLOW,2.0,2303.0,0
1164,TX_0001164,0.0719,aggressive,ALLOW,2.0,2305.0,0
1165,TX_0001165,0.0648,aggressive,ALLOW,2.0,2307.0,0
1166,TX_0001166,0.0647,aggressive,ALLOW,2.0,2309.0,0
1167,TX_0001167,0.0289,aggressive,ALLOW,2.0,2311.0,0
1168,TX_0001168,0.054,current,ALLOW,2.0,2313.0,0
1169,TX_0001169,0.125,aggressive,ALLOW,2.0,2315.0,0
1170,TX_0001170,0.0342,aggressive,ALLOW,2.0,2317.0,0
1171,TX_0001171,0.0789,aggressive,ALLOW,2.0,2319.0,0
1172,TX_0001172,0.0576,aggressive,ALLOW,2.0,2321.0,0
1173,TX_0001173,0.0363,aggressive,ALLOW,2.0,2323.0,0
1174,TX_0001174,0.0543,aggressive,ALLOW,2.0,2325.0,0
1175,TX_0001175,0.0435,aggressive,ALLOW,2.0,2327.0,0
1176,TX_0001176,0.0773,aggressive,ALLOW,2.0,2329.0,0
1177,TX_0001177,0.0361,aggressive,ALLOW,2.0,2331.0,0
1178,TX_0001178,0.1605,aggressive,ALLOW,2.0,2333.0,0
1179,TX_0001179,0.0912,aggressive,ALLOW,2.0,2335.0,0
1180,TX_0001180,0.0305,aggressive,ALLOW,2.0,2337.0,0
1181,TX_0001181,0.0801,aggressive,ALLOW,2.0,2339.0,0
1182,TX_0001182,0.0626,aggressive,ALLOW,2.0,2341.0,0
1183,TX_0001183,0.1475,aggressive,ALLOW,2.0,2343.0,0
1184,TX_0001184,0.0536,aggressive,ALLOW,2.0,2345.0,0
1185,TX_0001185,0.0633,aggressive,ALLOW,2.0,2347.0,0
1186,TX_0001186,0.0262,aggressive,ALLOW,2.0,2349.0,0
1187,TX_0001187,0.0943,aggressive,ALLOW,2.0,2351.0,0
1188,TX_0001188,0.07,aggressive,ALLOW,2.0,2353.0,0
1189,TX_0001189,0.041,aggressive,ALLOW,2.0,2355.0,0
1190,TX_0001190,0.0378,aggressive,ALLOW,2.0,2357.0,0
1191,TX_0001191,0.0523,aggressive,ALLOW,2.0,2359.0,0
1192,TX_0001192,0.0554,aggressive,ALLOW,2.0,2361.0,0
1193,TX_0001193,0.055,aggressive,ALLOW,2.0,2363.0,0
1194,TX_0001194,0.0698,current,ALLOW,2.0,2365.0,0
1195,TX_0001195,0.0311,aggressive,ALLOW,2.0,2367.0,0
1196,TX_0001196,0.9305,aggressive,BLOCK,3.0,2370.0,1
1197,TX_0001197,0.0371,aggressive,ALLOW,2.0,2372.0,0
1198,TX_0001198,0.0484,aggressive,ALLOW,2.0,2374.0,0
1199,TX_0001199,0.028,aggressive,ALLOW,2.0,2376.0,0
1200,TX_0001200,0.043,aggressive,ALLOW,2.0,2378.0,0
1201,TX_0001201,0.0317,aggressive,ALLOW,2.0,2380.0,0
1202,TX_0001202,0.062,aggressive,ALLOW,2.0,2382.0,0
1203,TX_0001203,0.0405,aggressive,ALLOW,2.0,2384.0,0
1204,TX_0001204,0.1781,aggressive,ALLOW,2.0,2386.0,0
1205,TX_0001205,0.0649,aggressive,ALLOW,2.0,2388.0,0
1206,TX_0001206,0.0299,aggressive,ALLOW,2.0,2390.0,0
1207,TX_0001207,0.0383,aggressive,ALLOW,2.0,2392.0,0
1208,TX_0001208,0.1198,aggressive,ALLOW,2.0,2394.0,0
1209,TX_0001209,0.9267,aggressive,BLOCK,3.0,2397.0,1
1210,TX_0001210,0.927,conservative,BLOCK,3.0,2400.0,1
1211,TX_0001211,0.9276,aggressive,BLOCK,3.0,2403.0,1
1212,TX_0001212,0.9267,aggressive,BLOCK,3.0,2406.0,1
1213,TX_0001213,0.1222,aggressive,ALLOW,2.0,2408.0,0
1214,TX_0001214,0.9244,aggressive,BLOCK,3.0,2411.0,1
1215,TX_0001215,0.0702,aggressive,ALLOW,2.0,2413.0,0
1216,TX_0001216,0.0369,aggressive,ALLOW,2.0,2415.0,0
1217,TX_0001217,0.0614,aggressive,ALLOW,2.0,2417.0,0
1218,TX_0001218,0.0968,aggressive,ALLOW,2.0,2419.0,0
1219,TX_0001219,0.1573,aggressive,ALLOW,2.0,2421.0,0
1220,TX_0001220,0.9009,aggressive,BLOCK,3.0,2424.0,1
1221,TX_0001221,0.052,current,ALLOW,2.0,2426.0,0
1222,TX_0001222,0.0872,aggressive,ALLOW,2.0,2428.0,0
1223,TX_0001223,0.0741,aggressive,ALLOW,2.0,2430.0,0
1224,TX_0001224,0.1194,aggressive,ALLOW,2.0,2432.0,0
1225,TX_0001225,0.1662,aggressive,ALLOW,2.0,2434.0,0
1226,TX_0001226,0.0391,aggressive,ALLOW,2.0,2436.0,0
1227,TX_0001227,0.055,current,ALLOW,2.0,2438.0,0
1228,TX_0001228,0.0718,aggressive,ALLOW,2.0,2440.0,0
1229,TX_0001229,0.0769,aggressive,ALLOW,2.0,2442.0,0
1230,TX_0001230,0.0334,aggressive,ALLOW,2.0,2444.0,0
1231,TX_0001231,0.0399,aggressive,ALLOW,2.0,2446.0,0
1232,TX_0001232,0.0292,aggressive,ALLOW,2.0,2448.0,0
1233,TX_0001233,0.0192,aggressive,ALLOW,2.0,2450.0,0
1234,TX_0001234,0.0342,aggressive,ALLOW,2.0,2452.0,0
1235,TX_0001235,0.0626,aggressive,ALLOW,2.0,2454.0,0
1236,TX_0001236,0.044,aggressive,ALLOW,2.0,2456.0,0
1237,TX_0001237,0.1069,aggressive,ALLOW,2.0,2458.0,0
1238,TX_0001238,0.1517,aggressive,ALLOW,2.0,2460.0,0
1239,TX_0001239,0.0505,aggressive,ALLOW,2.0,2462.0,0
1240,TX_0001240,0.0596,aggressive,ALLOW,2.0,2464.0,0
1241,TX_0001241,0.0525,aggressive,ALLOW,2.0,2466.0,0
1242,TX_0001242,0.0814,aggressive,ALLOW,2.0,2468.0,0
1243,TX_0001243,0.0677,conservative,ALLOW,2.0,2470.0,0
1244,TX_0001244,0.0384,aggressive,ALLOW,2.0,2472.0,0
1245,TX_0001245,0.0749,aggressive,ALLOW,2.0,2474.0,0
1246,TX_0001246,0.0331,aggressive,ALLOW,2.0,2476.0,0
1247,TX_0001247,0.11,aggressive,ALLOW,2.0,2478.0,0
1248,TX_0001248,0.0988,aggressive,ALLOW,2.0,2480.0,0
1249,TX_0001249,0.029,aggressive,ALLOW,2.0,2482.0,0
1250,TX_0001250,0.0784,aggressive,ALLOW,2.0,2484.0,0
1251,TX_0001251,0.0351,aggressive,ALLOW,2.0,2486.0,0
1252,TX_0001252,0.0487,aggressive,ALLOW,2.0,2488.0,0
1253,TX_0001253,0.171,aggressive,ALLOW,2.0,2490.0,0
1254,TX_0001254,0.0641,aggressive,ALLOW,2.0,2492.0,0
1255,TX_0001255,0.035,aggressive,ALLOW,2.0,2494.0,0
1256,TX_0001256,0.0238,aggressive,ALLOW,2.0,2496.0,0
1257,TX_0001257,0.0575,aggressive,ALLOW,2.0,2498.0,0
1258,TX_0001258,0.1031,aggressive,ALLOW,2.0,2500.0,0
1259,TX_0001259,0.0501,aggressive,ALLOW,2.0,2502.0,0
1260,TX_0001260,0.039,aggressive,ALLOW,2.0,2504.0,0
1261,TX_0001261,0.0418,aggressive,ALLOW,2.0,2506.0,0
1262,TX_0001262,0.1067,aggressive,ALLOW,2.0,2508.0,0
1263,TX_0001263,0.1348,aggressive,ALLOW,2.0,2510.0,0
1264,TX_0001264,0.0721,aggressive,ALLOW,2.0,2512.0,0
1265,TX_0001265,0.0348,aggressive,ALLOW,2.0,2514.0,0
1266,TX_0001266,0.114,aggressive,ALLOW,2.0,2516.0,0
1267,TX_0001267,0.1499,aggressive,ALLOW,2.0,2518.0,0
1268,TX_0001268,0.1686,aggressive,ALLOW,2.0,2520.0,0
1269,TX_0001269,0.0781,aggressive,ALLOW,2.0,2522.0,0
1270,TX_0001270,0.0751,aggressive,ALLOW,2.0,2524.0,0
1271,TX_0001271,0.0539,aggressive,ALLOW,2.0,2526.0,0
1272,TX_0001272,0.055,aggressive,ALLOW,2.0,2528.0,0
1273,TX_0001273,0.1084,aggressive,ALLOW,2.0,2530.0,0
1274,TX_0001274,0.0436,aggressive,ALLOW,2.0,2532.0,0
1275,TX_0001275,0.0667,aggressive,ALLOW,2.0,2534.0,0
1276,TX_0001276,0.0833,aggressive,ALLOW,2.0,2536.0,0
1277,TX_0001277,0.0513,aggressive,ALLOW,2.0,2538.0,0
1278,TX_0001278,0.2178,aggressive,ALLOW,2.0,2540.0,0
1279,TX_0001279,0.0518,aggressive,ALLOW,2.0,2542.0,0
1280,TX_0001280,0.1652,aggressive,ALLOW,2.0,2544.0,0
1281,TX_0001281,0.0646,aggressive,ALLOW,2.0,2546.0,0
1282,TX_0001282,0.0415,aggressive,ALLOW,2.0,2548.0,0
1283,TX_0001283,0.0698,aggressive,ALLOW,2.0,2550.0,0
1284,TX_0001284,0.0381,aggressive,ALLOW,2.0,2552.0,0
1285,TX_0001285,0.0502,aggressive,ALLOW,2.0,2554.0,0
1286,TX_0001286,0.0356,aggressive,ALLOW,2.0,2556.0,0
1287,TX_0001287,0.0634,aggressive,ALLOW,2.0,2558.0,0
1288,TX_0001288,0.1199,aggressive,ALLOW,2.0,2560.0,0
1289,TX_0001289,0.0577,aggressive,ALLOW,2.0,2562.0,0
1290,TX_0001290,0.0375,aggressive,ALLOW,2.0,2564.0,0
1291,TX_0001291,0.0752,aggressive,ALLOW,2.0,2566.0,0
1292,TX_0001292,0.0392,aggressive,ALLOW,2.0,2568.0,0
1293,TX_0001293,0.057,aggressive,ALLOW,2.0,2570.0,0
1294,TX_0001294,0.0941,aggressive,ALLOW,2.0,2572.0,0
1295,TX_0001295,0.0919,aggressive,ALLOW,2.0,2574.0,0
1296,TX_0001296,0.057,current,ALLOW,2.0,2576.0,0
1297,TX_0001297,0.1037,aggressive,ALLOW,2.0,2578.0,0
1298,TX_0001298,0.0762,aggressive,ALLOW,2.0,2580.0,0
1299,TX_0001299,0.021,aggressive,ALLOW,2.0,2582.0,0
1300,TX_0001300,0.0206,aggressive,ALLOW,2.0,2584.0,0
1301,TX_0001301,0.1581,aggressive,ALLOW,2.0,2586.0,0
1302,TX_0001302,0.0626,aggressive,ALLOW,2.0,2588.0,0
1303,TX_0001303,0.042,aggressive,ALLOW,2.0,2590.0,0
1304,TX_0001304,0.0377,aggressive,ALLOW,2.0,2592.0,0
1305,TX_0001305,0.0354,aggressive,ALLOW,2.0,2594.0,0
1306,TX_0001306,0.0287,aggressive,ALLOW,2.0,2596.0,0
1307,TX_0001307,0.1998,current,ALLOW,2.0,2598.0,0
1308,TX_0001308,0.1603,aggressive,ALLOW,2.0,2600.0,0
1309,TX_0001309,0.044,aggressive,ALLOW,2.0,2602.0,0
1310,TX_0001310,0.0427,aggressive,ALLOW,2.0,2604.0,0
1311,TX_0001311,0.0246,aggressive,ALLOW,2.0,2606.0,0
1312,TX_0001312,0.0871,aggressive,ALLOW,2.0,2608.0,0
1313,TX_0001313,0.0761,aggressive,ALLOW,2.0,2610.0,0
1314,TX_0001314,0.0597,aggressive,ALLOW,2.0,2612.0,0
1315,TX_0001315,0.0325,aggressive,ALLOW,2.0,2614.0,0
1316,TX_0001316,0.1043,aggressive,ALLOW,2.0,2616.0,0
1317,TX_0001317,0.0277,aggressive,ALLOW,2.0,2618.0,0
1318,TX_0001318,0.037,aggressive,ALLOW,2.0,2620.0,0
1319,TX_0001319,0.1113,conservative,ALLOW,2.0,2622.0,0
1320,TX_0001320,0.0822,aggressive,ALLOW,2.0,2624.0,0
1321,TX_0001321,0.084,aggressive,ALLOW,2.0,2626.0,0
1322,TX_0001322,0.0756,aggressive,ALLOW,2.0,2628.0,0
1323,TX_0001323,0.0967,aggressive,ALLOW,2.0,2630.0,0
1324,TX_0001324,0.0384,aggressive,ALLOW,2.0,2632.0,0
1325,TX_0001325,0.0393,aggressive,ALLOW,2.0,2634.0,0
1326,TX_0001326,0.0552,aggressive,ALLOW,2.0,2636.0,0
1327,TX_0001327,0.0733,aggressive,ALLOW,2.0,2638.0,0
1328,TX_0001328,0.1405,aggressive,ALLOW,2.0,2640.0,0
1329,TX_0001329,0.0513,aggressive,ALLOW,2.0,2642.0,0
1330,TX_0001330,0.0825,aggressive,ALLOW,2.0,2644.0,0
1331,TX_0001331,0.0282,aggressive,ALLOW,2.0,2646.0,0
1332,TX_0001332,0.0203,aggressive,ALLOW,2.0,2648.0,0
1333,TX_0001333,0.079,aggressive,ALLOW,2.0,2650.0,0
1334,TX_0001334,0.1636,aggressive,ALLOW,2.0,2652.0,0
1335,TX_0001335,0.0388,aggressive,ALLOW,2.0,2654.0,0
1336,TX_0001336,0.0334,aggressive,ALLOW,2.0,2656.0,0
1337,TX_0001337,0.0336,aggressive,ALLOW,2.0,2658.0,0
1338,TX_0001338,0.0915,aggressive,ALLOW,2.0,2660.0,0
1339,TX_0001339,0.0468,aggressive,ALLOW,2.0,2662.0,0
1340,TX_0001340,0.0462,conservative,ALLOW,2.0,2664.0,0
1341,TX_0001341,0.0344,aggressive,ALLOW,2.0,2666.0,0
1342,TX_0001342,0.0284,current,ALLOW,2.0,2668.0,0
1343,TX_0001343,0.0427,aggressive,ALLOW,2.0,2670.0,0
1344,TX_0001344,0.0521,aggressive,ALLOW,2.0,2672.0,0
1345,TX_0001345,0.0692,aggressive,ALLOW,2.0,2674.0,0
1346,TX_0001346,0.0896,aggressive,ALLOW,2.0,2676.0,0
1347,TX_0001347,0.0299,aggressive,ALLOW,2.0,2678.0,0
1348,TX_0001348,0.0343,aggressive,ALLOW,2.0,2680.0,0
1349,TX_0001349,0.0983,aggressive,ALLOW,2.0,2682.0,0
1350,TX_0001350,0.0313,aggressive,ALLOW,2.0,2684.0,0
1351,TX_0001351,0.1619,aggressive,ALLOW,2.0,2686.0,0
1352,TX_0001352,0.0706,aggressive,ALLOW,2.0,2688.0,0
1353,TX_0001353,0.0348,aggressive,ALLOW,2.0,2690.0,0
1354,TX_0001354,0.1058,conservative,ALLOW,2.0,2692.0,0
1355,TX_0001355,0.1083,aggressive,ALLOW,2.0,2694.0,0
1356,TX_0001356,0.0832,aggressive,ALLOW,2.0,2696.0,0
1357,TX_0001357,0.0669,aggressive,ALLOW,2.0,2698.0,0
1358,TX_0001358,0.0392,conservative,ALLOW,2.0,2700.0,0
1359,TX_0001359,0.1511,aggressive,ALLOW,2.0,2702.0,0
1360,TX_0001360,0.0695,aggressive,ALLOW,2.0,2704.0,0
1361,TX_0001361,0.192,aggressive,ALLOW,2.0,2706.0,0
1362,TX_0001362,0.07,aggressive,ALLOW,2.0,2708.0,0
1363,TX_0001363,0.0865,aggressive,ALLOW,2.0,2710.0,0
1364,TX_0001364,0.0336,aggressive,ALLOW,2.0,2712.0,0
1365,TX_0001365,0.0398,aggressive,ALLOW,2.0,2714.0,0
1366,TX_0001366,0.069,aggressive,ALLOW,2.0,2716.0,0
1367,TX_0001367,0.0514,aggressive,ALLOW,2.0,2718.0,0
1368,TX_0001368,0.082,aggressive,ALLOW,2.0,2720.0,0
1369,TX_0001369,0.0448,aggressive,ALLOW,2.0,2722.0,0
1370,TX_0001370,0.0617,current,ALLOW,2.0,2724.0,0
1371,TX_0001371,0.0417,aggressive,ALLOW,2.0,2726.0,0
1372,TX_0001372,0.0857,aggressive,ALLOW,2.0,2728.0,0
1373,TX_0001373,0.1078,aggressive,ALLOW,2.0,2730.0,0
1374,TX_0001374,0.0376,aggressive,ALLOW,2.0,2732.0,0
1375,TX_0001375,0.0657,aggressive,ALLOW,2.0,2734.0,0
1376,TX_0001376,0.0389,aggressive,ALLOW,2.0,2736.0,0
1377,TX_0001377,0.0649,current,ALLOW,2.0,2738.0,0
1378,TX_0001378,0.1078,aggressive,ALLOW,2.0,2740.0,0
1379,TX_0001379,0.0611,aggressive,ALLOW,2.0,2742.0,0
1380,TX_0001380,0.0867,aggressive,ALLOW,2.0,2744.0,0
1381,TX_0001381,0.0234,aggressive,ALLOW,2.0,2746.0,0
1382,TX_0001382,0.0224,aggressive,ALLOW,2.0,2748.0,0
1383,TX_0001383,0.0683,aggressive,ALLOW,2.0,2750.0,0
1384,TX_0001384,0.0414,aggressive,ALLOW,2.0,2752.0,0
1385,TX_0001385,0.0418,aggressive,ALLOW,2.0,2754.0,0
1386,TX_0001386,0.0388,aggressive,ALLOW,2.0,2756.0,0
1387,TX_0001387,0.0705,aggressive,ALLOW,2.0,2758.0,0
1388,TX_0001388,0.0795,aggressive,ALLOW,2.0,2760.0,0
1389,TX_0001389,0.2977,aggressive,ALLOW,2.0,2762.0,0
1390,TX_0001390,0.045,aggressive,ALLOW,2.0,2764.0,0
1391,TX_0001391,0.0441,aggressive,ALLOW,2.0,2766.0,0
1392,TX_0001392,0.0416,aggressive,ALLOW,2.0,2768.0,0
1393,TX_0001393,0.0681,aggressive,ALLOW,2.0,2770.0,0
1394,TX_0001394,0.0565,conservative,ALLOW,2.0,2772.0,0
1395,TX_0001395,0.0306,aggressive,ALLOW,2.0,2774.0,0
1396,TX_0001396,0.0466,aggressive,ALLOW,2.0,2776.0,0
1397,TX_0001397,0.0799,aggressive,ALLOW,2.0,2778.0,0
1398,TX_0001398,0.0722,aggressive,ALLOW,2.0,2780.0,0
1399,TX_0001399,0.0405,aggressive,ALLOW,2.0,2782.0,0
1400,TX_0001400,0.0556,conservative,ALLOW,2.0,2784.0,0
1401,TX_0001401,0.0481,aggressive,ALLOW,2.0,2786.0,0
1402,TX_0001402,0.0297,aggressive,ALLOW,2.0,2788.0,0
1403,TX_0001403,0.0451,aggressive,ALLOW,2.0,2790.0,0
1404,TX_0001404,0.1812,aggressive,ALLOW,2.0,2792.0,0
1405,TX_0001405,0.0289,aggressive,ALLOW,2.0,2794.0,0
1406,TX_0001406,0.0376,aggressive,ALLOW,2.0,2796.0,0
1407,TX_0001407,0.0366,aggressive,ALLOW,2.0,2798.0,0
1408,TX_0001408,0.0807,aggressive,ALLOW,2.0,2800.0,0
1409,TX_0001409,0.0533,aggressive,ALLOW,2.0,2802.0,0
1410,TX_0001410,0.0626,aggressive,ALLOW,2.0,2804.0,0
1411,TX_0001411,0.056,aggressive,ALLOW,2.0,2806.0,0
1412,TX_0001412,0.0344,aggressive,ALLOW,2.0,2808.0,0
1413,TX_0001413,0.1426,aggressive,ALLOW,2.0,2810.0,0
1414,TX_0001414,0.035,aggressive,ALLOW,2.0,2812.0,0
1415,TX_0001415,0.0609,aggressive,ALLOW,2.0,2814.0,0
1416,TX_0001416,0.1094,aggressive,ALLOW,2.0,2816.0,0
1417,TX_0001417,0.1437,aggressive,ALLOW,2.0,2818.0,0
1418,TX_0001418,0.059,aggressive,ALLOW,2.0,2820.0,0
1419,TX_0001419,0.1871,aggressive,ALLOW,2.0,2822.0,0
1420,TX_0001420,0.0285,aggressive,ALLOW,2.0,2824.0,0
1421,TX_0001421,0.0128,current,ALLOW,2.0,2826.0,0
1422,TX_0001422,0.1433,aggressive,ALLOW,2.0,2828.0,0
1423,TX_0001423,0.0477,aggressive,ALLOW,2.0,2830.0,0
1424,TX_0001424,0.0289,aggressive,ALLOW,2.0,2832.0,0
1425,TX_0001425,0.06,aggressive,ALLOW,2.0,2834.0,0
1426,TX_0001426,0.0761,aggressive,ALLOW,2.0,2836.0,0
1427,TX_0001427,0.1015,aggressive,ALLOW,2.0,2838.0,0
1428,TX_0001428,0.1122,aggressive,ALLOW,2.0,2840.0,0
1429,TX_0001429,0.0238,aggressive,ALLOW,2.0,2842.0,0
1430,TX_0001430,0.0399,aggressive,ALLOW,2.0,2844.0,0
1431,TX_0001431,0.0502,current,ALLOW,2.0,2846.0,0
1432,TX_0001432,0.0756,aggressive,ALLOW,2.0,2848.0,0
1433,TX_0001433,0.1067,conservative,ALLOW,2.0,2850.0,0
1434,TX_0001434,0.0723,aggressive,ALLOW,2.0,2852.0,0
1435,TX_0001435,0.0673,aggressive,ALLOW,2.0,2854.0,0
1436,TX_0001436,0.1154,aggressive,ALLOW,2.0,2856.0,0
1437,TX_0001437,0.0468,aggressive,ALLOW,2.0,2858.0,0
1438,TX_0001438,0.171,aggressive,ALLOW,2.0,2860.0,0
1439,TX_0001439,0.0854,aggressive,ALLOW,2.0,2862.0,0
1440,TX_0001440,0.0618,aggressive,ALLOW,2.0,2864.0,0
1441,TX_0001441,0.0196,aggressive,ALLOW,2.0,2866.0,0
1442,TX_0001442,0.0749,aggressive,ALLOW,2.0,2868.0,0
1443,TX_0001443,0.0305,aggressive,ALLOW,2.0,2870.0,0
1444,TX_0001444,0.2136,current,ALLOW,2.0,2872.0,0
1445,TX_0001445,0.0245,aggressive,ALLOW,2.0,2874.0,0
1446,TX_0001446,0.1395,aggressive,ALLOW,2.0,2876.0,0
1447,TX_0001447,0.0835,conservative,ALLOW,2.0,2878.0,0
1448,TX_0001448,0.072,aggressive,ALLOW,2.0,2880.0,0
1449,TX_0001449,0.0502,aggressive,ALLOW,2.0,2882.0,0
1450,TX_0001450,0.0498,aggressive,ALLOW,2.0,2884.0,0
1451,TX_0001451,0.0373,aggressive,ALLOW,2.0,2886.0,0
1452,TX_0001452,0.1801,aggressive,ALLOW,2.0,2888.0,0
1453,TX_0001453,0.1285,aggressive,ALLOW,2.0,2890.0,0
1454,TX_0001454,0.0383,aggressive,ALLOW,2.0,2892.0,0
1455,TX_0001455,0.0863,aggressive,ALLOW,2.0,2894.0,0
1456,TX_0001456,0.0373,aggressive,ALLOW,2.0,2896.0,0
1457,TX_0001457,0.1214,aggressive,ALLOW,2.0,2898.0,0
1458,TX_0001458,0.0499,aggressive,ALLOW,2.0,2900.0,0
1459,TX_0001459,0.0813,aggressive,ALLOW,2.0,2902.0,0
1460,TX_0001460,0.129,aggressive,ALLOW,2.0,2904.0,0
1461,TX_0001461,0.0686,aggressive,ALLOW,2.0,2906.0,0
1462,TX_0001462,0.0339,aggressive,ALLOW,2.0,2908.0,0
1463,TX_0001463,0.0718,aggressive,ALLOW,2.0,2910.0,0
1464,TX_0001464,0.0544,aggressive,ALLOW,2.0,2912.0,0
1465,TX_0001465,0.0303,aggressive,ALLOW,2.0,2914.0,0
1466,TX_0001466,0.1322,aggressive,ALLOW,2.0,2916.0,0
1467,TX_0001467,0.0409,aggressive,ALLOW,2.0,2918.0,0
1468,TX_0001468,0.0611,aggressive,ALLOW,2.0,2920.0,0
1469,TX_0001469,0.0445,aggressive,ALLOW,2.0,2922.0,0
1470,TX_0001470,0.0401,aggressive,ALLOW,2.0,2924.0,0
1471,TX_0001471,0.0767,aggressive,ALLOW,2.0,2926.0,0
1472,TX_0001472,0.107,aggressive,ALLOW,2.0,2928.0,0
1473,TX_0001473,0.0359,aggressive,ALLOW,2.0,2930.0,0
1474,TX_0001474,0.0355,aggressive,ALLOW,2.0,2932.0,0
1475,TX_0001475,0.0751,aggressive,ALLOW,2.0,2934.0,0
1476,TX_0001476,0.1096,aggressive,ALLOW,2.0,2936.0,0
1477,TX_0001477,0.0578,aggressive,ALLOW,2.0,2938.0,0
1478,TX_0001478,0.0424,aggressive,ALLOW,2.0,2940.0,0
1479,TX_0001479,0.1108,aggressive,ALLOW,2.0,2942.0,0
1480,TX_0001480,0.0279,aggressive,ALLOW,2.0,2944.0,0
1481,TX_0001481,0.1312,aggressive,ALLOW,2.0,2946.0,0
1482,TX_0001482,0.0241,aggressive,ALLOW,2.0,2948.0,0
1483,TX_0001483,0.0493,aggressive,ALLOW,2.0,2950.0,0
1484,TX_0001484,0.0267,aggressive,ALLOW,2.0,2952.0,0
1485,TX_0001485,0.0534,aggressive,ALLOW,2.0,2954.0,0
1486,TX_0001486,0.0642,aggressive,ALLOW,2.0,2956.0,0
1487,TX_0001487,0.07,aggressive,ALLOW,2.0,2958.0,0
1488,TX_0001488,0.0211,aggressive,ALLOW,2.0,2960.0,0
1489,TX_0001489,0.0325,aggressive,ALLOW,2.0,2962.0,0
1490,TX_0001490,0.0441,aggressive,ALLOW,2.0,2964.0,0
1491,TX_0001491,0.0459,aggressive,ALLOW,2.0,2966.0,0
1492,TX_0001492,0.0389,aggressive,ALLOW,2.0,2968.0,0
1493,TX_0001493,0.0394,aggressive,ALLOW,2.0,2970.0,0
1494,TX_0001494,0.0998,aggressive,ALLOW,2.0,2972.0,0
1495,TX_0001495,0.1926,aggressive,ALLOW,2.0,2974.0,0
1496,TX_0001496,0.0803,conservative,ALLOW,2.0,2976.0,0
1497,TX_0001497,0.0391,aggressive,ALLOW,2.0,2978.0,0
1498,TX_0001498,0.0544,aggressive,ALLOW,2.0,2980.0,0
1499,TX_0001499,0.0349,aggressive,ALLOW,2.0,2982.0,0
1500,TX_0001500,0.0693,aggressive,ALLOW,2.0,2984.0,0
1501,TX_0001501,0.0297,aggressive,ALLOW,2.0,2986.0,0
1502,TX_0001502,0.1271,aggressive,ALLOW,2.0,2988.0,0
1503,TX_0001503,0.119,aggressive,ALLOW,2.0,2990.0,0
1504,TX_0001504,0.0532,aggressive,ALLOW,2.0,2992.0,0
1505,TX_0001505,0.0466,aggressive,ALLOW,2.0,2994.0,0
1506,TX_0001506,0.0275,aggressive,ALLOW,2.0,2996.0,0
1507,TX_0001507,0.0184,aggressive,ALLOW,2.0,2998.0,0
1508,TX_0001508,0.0725,aggressive,ALLOW,2.0,3000.0,0
1509,TX_0001509,0.0812,aggressive,ALLOW,2.0,3002.0,0
1510,TX_0001510,0.0697,aggressive,ALLOW,2.0,3004.0,0
1511,TX_0001511,0.0803,aggressive,ALLOW,2.0,3006.0,0
1512,TX_0001512,0.21,aggressive,ALLOW,2.0,3008.0,0
1513,TX_0001513,0.0738,current,ALLOW,2.0,3010.0,0
1514,TX_0001514,0.0648,aggressive,ALLOW,2.0,3012.0,0
1515,TX_0001515,0.0548,aggressive,ALLOW,2.0,3014.0,0
1516,TX_0001516,0.0717,conservative,ALLOW,2.0,3016.0,0
1517,TX_0001517,0.1069,aggressive,ALLOW,2.0,3018.0,0
1518,TX_0001518,0.0295,aggressive,ALLOW,2.0,3020.0,0
1519,TX_0001519,0.0324,aggressive,ALLOW,2.0,3022.0,0
1520,TX_0001520,0.1174,conservative,ALLOW,2.0,3024.0,0
1521,TX_0001521,0.0661,aggressive,ALLOW,2.0,3026.0,0
1522,TX_0001522,0.1185,aggressive,ALLOW,2.0,3028.0,0
1523,TX_0001523,0.0278,aggressive,ALLOW,2.0,3030.0,0
1524,TX_0001524,0.0398,aggressive,ALLOW,2.0,3032.0,0
1525,TX_0001525,0.1206,aggressive,ALLOW,2.0,3034.0,0
1526,TX_0001526,0.0299,aggressive,ALLOW,2.0,3036.0,0
1527,TX_0001527,0.043,aggressive,ALLOW,2.0,3038.0,0
1528,TX_0001528,0.0261,conservative,ALLOW,2.0,3040.0,0
1529,TX_0001529,0.2244,aggressive,ALLOW,2.0,3042.0,0
1530,TX_0001530,0.1781,aggressive,ALLOW,2.0,3044.0,0
1531,TX_0001531,0.169,aggressive,ALLOW,2.0,3046.0,0
1532,TX_0001532,0.0402,aggressive,ALLOW,2.0,3048.0,0
1533,TX_0001533,0.0793,current,ALLOW,2.0,3050.0,0
1534,TX_0001534,0.0514,aggressive,ALLOW,2.0,3052.0,0
1535,TX_0001535,0.0564,aggressive,ALLOW,2.0,3054.0,0
1536,TX_0001536,0.0532,aggressive,ALLOW,2.0,3056.0,0
1537,TX_0001537,0.0739,aggressive,ALLOW,2.0,3058.0,0
1538,TX_0001538,0.0378,aggressive,ALLOW,2.0,3060.0,0
1539,TX_0001539,0.0203,aggressive,ALLOW,2.0,3062.0,0
1540,TX_0001540,0.1563,aggressive,ALLOW,2.0,3064.0,0
1541,TX_0001541,0.0545,current,ALLOW,2.0,3066.0,0
1542,TX_0001542,0.0404,aggressive,ALLOW,2.0,3068.0,0
1543,TX_0001543,0.0799,aggressive,ALLOW,2.0,3070.0,0
1544,TX_0001544,0.0335,aggressive,ALLOW,2.0,3072.0,0
1545,TX_0001545,0.0759,aggressive,ALLOW,2.0,3074.0,0
1546,TX_0001546,0.034,aggressive,ALLOW,2.0,3076.0,0
1547,TX_0001547,0.0374,aggressive,ALLOW,2.0,3078.0,0
1548,TX_0001548,0.1322,aggressive,ALLOW,2.0,3080.0,0
1549,TX_0001549,0.1507,aggressive,ALLOW,2.0,3082.0,0
1550,TX_0001550,0.0468,aggressive,ALLOW,2.0,3084.0,0
1551,TX_0001551,0.0282,aggressive,ALLOW,2.0,3086.0,0
1552,TX_0001552,0.0842,aggressive,ALLOW,2.0,3088.0,0
1553,TX_0001553,0.2106,current,ALLOW,2.0,3090.0,0
1554,TX_0001554,0.0358,conservative,ALLOW,2.0,3092.0,0
1555,TX_0001555,0.0672,aggressive,ALLOW,2.0,3094.0,0
1556,TX_0001556,0.0511,aggressive,ALLOW,2.0,3096.0,0
1557,TX_0001557,0.1522,aggressive,ALLOW,2.0,3098.0,0
1558,TX_0001558,0.0578,aggressive,ALLOW,2.0,3100.0,0
1559,TX_0001559,0.0368,aggressive,ALLOW,2.0,3102.0,0
1560,TX_0001560,0.0689,aggressive,ALLOW,2.0,3104.0,0
1561,TX_0001561,0.0262,aggressive,ALLOW,2.0,3106.0,0
1562,TX_0001562,0.0448,aggressive,ALLOW,2.0,3108.0,0
1563,TX_0001563,0.1013,aggressive,ALLOW,2.0,3110.0,0
1564,TX_0001564,0.0457,current,ALLOW,2.0,3112.0,0
1565,TX_0001565,0.045,aggressive,ALLOW,2.0,3114.0,0
1566,TX_0001566,0.0748,aggressive,ALLOW,2.0,3116.0,0
1567,TX_0001567,0.0902,aggressive,ALLOW,2.0,3118.0,0
1568,TX_0001568,0.0311,aggressive,ALLOW,2.0,3120.0,0
1569,TX_0001569,0.106,aggressive,ALLOW,2.0,3122.0,0
1570,TX_0001570,0.0611,aggressive,ALLOW,2.0,3124.0,0
1571,TX_0001571,0.0316,aggressive,ALLOW,2.0,3126.0,0
1572,TX_0001572,0.0417,aggressive,ALLOW,2.0,3128.0,0
1573,TX_0001573,0.0585,current,ALLOW,2.0,3130.0,0
1574,TX_0001574,0.0505,aggressive,ALLOW,2.0,3132.0,0
1575,TX_0001575,0.0319,aggressive,ALLOW,2.0,3134.0,0
1576,TX_0001576,0.0298,aggressive,ALLOW,2.0,3136.0,0
1577,TX_0001577,0.0429,conservative,ALLOW,2.0,3138.0,0
1578,TX_0001578,0.1355,aggressive,ALLOW,2.0,3140.0,0
1579,TX_0001579,0.141,aggressive,ALLOW,2.0,3142.0,0
1580,TX_0001580,0.3752,aggressive,ALLOW,2.0,3144.0,0
1581,TX_0001581,0.0183,conservative,ALLOW,2.0,3146.0,0
1582,TX_0001582,0.0637,aggressive,ALLOW,2.0,3148.0,0
1583,TX_0001583,0.0755,aggressive,ALLOW,2.0,3150.0,0
1584,TX_0001584,0.029,aggressive,ALLOW,2.0,3152.0,0
1585,TX_0001585,0.0387,aggressive,ALLOW,2.0,3154.0,0
1586,TX_0001586,0.0486,aggressive,ALLOW,2.0,3156.0,0
1587,TX_0001587,0.0491,aggressive,ALLOW,2.0,3158.0,0
1588,TX_0001588,0.0387,aggressive,ALLOW,2.0,3160.0,0
1589,TX_0001589,0.0428,aggressive,ALLOW,2.0,3162.0,0
1590,TX_0001590,0.0754,aggressive,ALLOW,2.0,3164.0,0
1591,TX_0001591,0.0412,aggressive,ALLOW,2.0,3166.0,0
1592,TX_0001592,0.0367,aggressive,ALLOW,2.0,3168.0,0
1593,TX_0001593,0.0304,aggressive,ALLOW,2.0,3170.0,0
1594,TX_0001594,0.0634,aggressive,ALLOW,2.0,3172.0,0
1595,TX_0001595,0.0329,aggressive,ALLOW,2.0,3174.0,0
1596,TX_0001596,0.1724,aggressive,ALLOW,2.0,3176.0,0
1597,TX_0001597,0.0584,aggressive,ALLOW,2.0,3178.0,0
1598,TX_0001598,0.036,aggressive,ALLOW,2.0,3180.0,0
1599,TX_0001599,0.1623,aggressive,ALLOW,2.0,3182.0,0
1600,TX_0001600,0.0729,aggressive,ALLOW,2.0,3184.0,0
1601,TX_0001601,0.0519,aggressive,ALLOW,2.0,3186.0,0
1602,TX_0001602,0.031,aggressive,ALLOW,2.0,3188.0,0
1603,TX_0001603,0.0247,aggressive,ALLOW,2.0,3190.0,0
1604,TX_0001604,0.0304,aggressive,ALLOW,2.0,3192.0,0
1605,TX_0001605,0.0443,aggressive,ALLOW,2.0,3194.0,0
1606,TX_0001606,0.0536,aggressive,ALLOW,2.0,3196.0,0
1607,TX_0001607,0.0382,aggressive,ALLOW,2.0,3198.0,0
1608,TX_0001608,0.1696,aggressive,ALLOW,2.0,3200.0,0
1609,TX_0001609,0.051,aggressive,ALLOW,2.0,3202.0,0
1610,TX_0001610,0.1868,aggressive,ALLOW,2.0,3204.0,0
1611,TX_0001611,0.0462,aggressive,ALLOW,2.0,3206.0,0
1612,TX_0001612,0.0924,aggressive,ALLOW,2.0,3208.0,0
1613,TX_0001613,0.0231,aggressive,ALLOW,2.0,3210.0,0
1614,TX_0001614,0.0286,aggressive,ALLOW,2.0,3212.0,0
1615,TX_0001615,0.0382,aggressive,ALLOW,2.0,3214.0,0
1616,TX_0001616,0.181,aggressive,ALLOW,2.0,3216.0,0
1617,TX_0001617,0.0458,aggressive,ALLOW,2.0,3218.0,0
1618,TX_0001618,0.0376,aggressive,ALLOW,2.0,3220.0,0
1619,TX_0001619,0.0481,aggressive,ALLOW,2.0,3222.0,0
1620,TX_0001620,0.0293,aggressive,ALLOW,2.0,3224.0,0
1621,TX_0001621,0.0318,current,ALLOW,2.0,3226.0,0
1622,TX_0001622,0.0371,aggressive,ALLOW,2.0,3228.0,0
1623,TX_0001623,0.1683,aggressive,ALLOW,2.0,3230.0,0
1624,TX_0001624,0.0829,aggressive,ALLOW,2.0,3232.0,0
1625,TX_0001625,0.2238,aggressive,ALLOW,2.0,3234.0,0
1626,TX_0001626,0.124,aggressive,ALLOW,2.0,3236.0,0
1627,TX_0001627,0.0775,aggressive,ALLOW,2.0,3238.0,0
1628,TX_0001628,0.03,aggressive,ALLOW,2.0,3240.0,0
1629,TX_0001629,0.0367,aggressive,ALLOW,2.0,3242.0,0
1630,TX_0001630,0.0857,aggressive,ALLOW,2.0,3244.0,0
1631,TX_0001631,0.1522,aggressive,ALLOW,2.0,3246.0,0
1632,TX_0001632,0.1201,aggressive,ALLOW,2.0,3248.0,0
1633,TX_0001633,0.1522,aggressive,ALLOW,2.0,3250.0,0
1634,TX_0001634,0.1718,aggressive,ALLOW,2.0,3252.0,0
1635,TX_0001635,0.0579,aggressive,ALLOW,2.0,3254.0,0
1636,TX_0001636,0.0384,aggressive,ALLOW,2.0,3256.0,0
1637,TX_0001637,0.0429,conservative,ALLOW,2.0,3258.0,0
1638,TX_0001638,0.0752,aggressive,ALLOW,2.0,3260.0,0
1639,TX_0001639,0.218,aggressive,ALLOW,2.0,3262.0,0
1640,TX_0001640,0.0391,aggressive,ALLOW,2.0,3264.0,0
1641,TX_0001641,0.1147,aggressive,ALLOW,2.0,3266.0,0
1642,TX_0001642,0.0373,aggressive,ALLOW,2.0,3268.0,0
1643,TX_0001643,0.0719,aggressive,ALLOW,2.0,3270.0,0
1644,TX_0001644,0.0885,aggressive,ALLOW,2.0,3272.0,0
1645,TX_0001645,0.0571,aggressive,ALLOW,2.0,3274.0,0
1646,TX_0001646,0.0315,conservative,ALLOW,2.0,3276.0,0
1647,TX_0001647,0.0368,aggressive,ALLOW,2.0,3278.0,0
1648,TX_0001648,0.0486,aggressive,ALLOW,2.0,3280.0,0
1649,TX_0001649,0.0591,aggressive,ALLOW,2.0,3282.0,0
1650,TX_0001650,0.0316,aggressive,ALLOW,2.0,3284.0,0
1651,TX_0001651,0.0513,aggressive,ALLOW,2.0,3286.0,0
1652,TX_0001652,0.0389,aggressive,ALLOW,2.0,3288.0,0
1653,TX_0001653,0.086,aggressive,ALLOW,2.0,3290.0,0
1654,TX_0001654,0.069,aggressive,ALLOW,2.0,3292.0,0
1655,TX_0001655,0.0332,aggressive,ALLOW,2.0,3294.0,0
1656,TX_0001656,0.1819,aggressive,ALLOW,2.0,3296.0,0
1657,TX_0001657,0.0275,aggressive,ALLOW,2.0,3298.0,0
1658,TX_0001658,0.0386,aggressive,ALLOW,2.0,3300.0,0
1659,TX_0001659,0.0725,aggressive,ALLOW,2.0,3302.0,0
1660,TX_0001660,0.0304,aggressive,ALLOW,2.0,3304.0,0
1661,TX_0001661,0.1628,aggressive,ALLOW,2.0,3306.0,0
1662,TX_0001662,0.0716,aggressive,ALLOW,2.0,3308.0,0
1663,TX_0001663,0.1399,aggressive,ALLOW,2.0,3310.0,0
1664,TX_0001664,0.0257,aggressive,ALLOW,2.0,3312.0,0
1665,TX_0001665,0.108,aggressive,ALLOW,2.0,3314.0,0
1666,TX_0001666,0.028,aggressive,ALLOW,2.0,3316.0,0
1667,TX_0001667,0.1279,aggressive,ALLOW,2.0,3318.0,0
1668,TX_0001668,0.0348,aggressive,ALLOW,2.0,3320.0,0
1669,TX_0001669,0.0413,aggressive,ALLOW,2.0,3322.0,0
1670,TX_0001670,0.0508,aggressive,ALLOW,2.0,3324.0,0
1671,TX_0001671,0.0753,aggressive,ALLOW,2.0,3326.0,0
1672,TX_0001672,0.0449,aggressive,ALLOW,2.0,3328.0,0
1673,TX_0001673,0.0342,aggressive,ALLOW,2.0,3330.0,0
1674,TX_0001674,0.0382,aggressive,ALLOW,2.0,3332.0,0
1675,TX_0001675,0.031,aggressive,ALLOW,2.0,3334.0,0
1676,TX_0001676,0.0295,aggressive,ALLOW,2.0,3336.0,0
1677,TX_0001677,0.0392,aggressive,ALLOW,2.0,3338.0,0
1678,TX_0001678,0.0492,aggressive,ALLOW,2.0,3340.0,0
1679,TX_0001679,0.0549,aggressive,ALLOW,2.0,3342.0,0
1680,TX_0001680,0.0837,aggressive,ALLOW,2.0,3344.0,0
1681,TX_0001681,0.043,aggressive,ALLOW,2.0,3346.0,0
1682,TX_0001682,0.1007,current,ALLOW,2.0,3348.0,0
1683,TX_0001683,0.0823,conservative,ALLOW,2.0,3350.0,0
1684,TX_0001684,0.077,aggressive,ALLOW,2.0,3352.0,0
1685,TX_0001685,0.1808,aggressive,ALLOW,2.0,3354.0,0
1686,TX_0001686,0.0139,aggressive,ALLOW,2.0,3356.0,0
1687,TX_0001687,0.0291,aggressive,ALLOW,2.0,3358.0,0
1688,TX_0001688,0.0843,aggressive,ALLOW,2.0,3360.0,0
1689,TX_0001689,0.0854,aggressive,ALLOW,2.0,3362.0,0
1690,TX_0001690,0.0538,aggressive,ALLOW,2.0,3364.0,0
1691,TX_0001691,0.136,aggressive,ALLOW,2.0,3366.0,0
1692,TX_0001692,0.0775,aggressive,ALLOW,2.0,3368.0,0
1693,TX_0001693,0.0553,aggressive,ALLOW,2.0,3370.0,0
1694,TX_0001694,0.0389,aggressive,ALLOW,2.0,3372.0,0
1695,TX_0001695,0.096,aggressive,ALLOW,2.0,3374.0,0
1696,TX_0001696,0.0397,aggressive,ALLOW,2.0,3376.0,0
1697,TX_0001697,0.052,aggressive,ALLOW,2.0,3378.0,0
1698,TX_0001698,0.0417,aggressive,ALLOW,2.0,3380.0,0
1699,TX_0001699,0.063,aggressive,ALLOW,2.0,3382.0,0
1700,TX_0001700,0.1271,aggressive,ALLOW,2.0,3384.0,0
1701,TX_0001701,0.0425,aggressive,ALLOW,2.0,3386.0,0
1702,TX_0001702,0.091,aggressive,ALLOW,2.0,3388.0,0
1703,TX_0001703,0.0326,aggressive,ALLOW,2.0,3390.0,0
1704,TX_0001704,0.0544,aggressive,ALLOW,2.0,3392.0,0
1705,TX_0001705,0.0626,conservative,ALLOW,2.0,3394.0,0
1706,TX_0001706,0.1002,aggressive,ALLOW,2.0,3396.0,0
1707,TX_0001707,0.0415,aggressive,ALLOW,2.0,3398.0,0
1708,TX_0001708,0.0388,aggressive,ALLOW,2.0,3400.0,0
1709,TX_0001709,0.0273,aggressive,ALLOW,2.0,3402.0,0
1710,TX_0001710,0.0832,aggressive,ALLOW,2.0,3404.0,0
1711,TX_0001711,0.039,conservative,ALLOW,2.0,3406.0,0
1712,TX_0001712,0.0755,aggressive,ALLOW,2.0,3408.0,0
1713,TX_0001713,0.0382,aggressive,ALLOW,2.0,3410.0,0
1714,TX_0001714,0.0546,aggressive,ALLOW,2.0,3412.0,0
1715,TX_0001715,0.0213,aggressive,ALLOW,2.0,3414.0,0
1716,TX_0001716,0.1663,aggressive,ALLOW,2.0,3416.0,0
1717,TX_0001717,0.0956,aggressive,ALLOW,2.0,3418.0,0
1718,TX_0001718,0.0682,aggressive,ALLOW,2.0,3420.0,0
1719,TX_0001719,0.0561,aggressive,ALLOW,2.0,3422.0,0
1720,TX_0001720,0.0941,aggressive,ALLOW,2.0,3424.0,0
1721,TX_0001721,0.0776,aggressive,ALLOW,2.0,3426.0,0
1722,TX_0001722,0.0797,aggressive,ALLOW,2.0,3428.0,0
1723,TX_0001723,0.1097,aggressive,ALLOW,2.0,3430.0,0
1724,TX_0001724,0.0307,aggressive,ALLOW,2.0,3432.0,0
1725,TX_0001725,0.0537,aggressive,ALLOW,2.0,3434.0,0
1726,TX_0001726,0.0495,aggressive,ALLOW,2.0,3436.0,0
1727,TX_0001727,0.0608,aggressive,ALLOW,2.0,3438.0,0
1728,TX_0001728,0.0897,aggressive,ALLOW,2.0,3440.0,0
1729,TX_0001729,0.0831,aggressive,ALLOW,2.0,3442.0,0
1730,TX_0001730,0.08,aggressive,ALLOW,2.0,3444.0,0
1731,TX_0001731,0.0353,aggressive,ALLOW,2.0,3446.0,0
1732,TX_0001732,0.1106,aggressive,ALLOW,2.0,3448.0,0
1733,TX_0001733,0.0405,conservative,ALLOW,2.0,3450.0,0
1734,TX_0001734,0.1662,aggressive,ALLOW,2.0,3452.0,0
1735,TX_0001735,0.0483,aggressive,ALLOW,2.0,3454.0,0
1736,TX_0001736,0.0646,aggressive,ALLOW,2.0,3456.0,0
1737,TX_0001737,0.0515,aggressive,ALLOW,2.0,3458.0,0
1738,TX_0001738,0.0814,aggressive,ALLOW,2.0,3460.0,0
1739,TX_0001739,0.0479,aggressive,ALLOW,2.0,3462.0,0
1740,TX_0001740,0.0568,aggressive,ALLOW,2.0,3464.0,0
1741,TX_0001741,0.0358,aggressive,ALLOW,2.0,3466.0,0
1742,TX_0001742,0.0461,aggressive,ALLOW,2.0,3468.0,0
1743,TX_0001743,0.0391,aggressive,ALLOW,2.0,3470.0,0
1744,TX_0001744,0.1736,aggressive,ALLOW,2.0,3472.0,0
1745,TX_0001745,0.0733,aggressive,ALLOW,2.0,3474.0,0
1746,TX_0001746,0.0415,aggressive,ALLOW,2.0,3476.0,0
1747,TX_0001747,0.0557,aggressive,ALLOW,2.0,3478.0,0
1748,TX_0001748,0.0415,aggressive,ALLOW,2.0,3480.0,0
1749,TX_0001749,0.0856,aggressive,ALLOW,2.0,3482.0,0
1750,TX_0001750,0.0296,aggressive,ALLOW,2.0,3484.0,0
1751,TX_0001751,0.0761,aggressive,ALLOW,2.0,3486.0,0
1752,TX_0001752,0.042,conservative,ALLOW,2.0,3488.0,0
1753,TX_0001753,0.0544,aggressive,ALLOW,2.0,3490.0,0
1754,TX_0001754,0.0501,aggressive,ALLOW,2.0,3492.0,0
1755,TX_0001755,0.171,aggressive,ALLOW,2.0,3494.0,0
1756,TX_0001756,0.0469,aggressive,ALLOW,2.0,3496.0,0
1757,TX_0001757,0.0656,current,ALLOW,2.0,3498.0,0
1758,TX_0001758,0.0492,aggressive,ALLOW,2.0,3500.0,0
1759,TX_0001759,0.1074,aggressive,ALLOW,2.0,3502.0,0
1760,TX_0001760,0.0464,aggressive,ALLOW,2.0,3504.0,0
1761,TX_0001761,0.0404,current,ALLOW,2.0,3506.0,0
1762,TX_0001762,0.0376,aggressive,ALLOW,2.0,3508.0,0
1763,TX_0001763,0.1069,aggressive,ALLOW,2.0,3510.0,0
1764,TX_0001764,0.1268,aggressive,ALLOW,2.0,3512.0,0
1765,TX_0001765,0.08,aggressive,ALLOW,2.0,3514.0,0
1766,TX_0001766,0.096,aggressive,ALLOW,2.0,3516.0,0
1767,TX_0001767,0.0546,aggressive,ALLOW,2.0,3518.0,0
1768,TX_0001768,0.1674,aggressive,ALLOW,2.0,3520.0,0
1769,TX_0001769,0.0701,aggressive,ALLOW,2.0,3522.0,0
1770,TX_0001770,0.0494,aggressive,ALLOW,2.0,3524.0,0
1771,TX_0001771,0.1245,aggressive,ALLOW,2.0,3526.0,0
1772,TX_0001772,0.0428,aggressive,ALLOW,2.0,3528.0,0
1773,TX_0001773,0.0417,aggressive,ALLOW,2.0,3530.0,0
1774,TX_0001774,0.0367,aggressive,ALLOW,2.0,3532.0,0
1775,TX_0001775,0.1589,aggressive,ALLOW,2.0,3534.0,0
1776,TX_0001776,0.122,aggressive,ALLOW,2.0,3536.0,0
1777,TX_0001777,0.0926,aggressive,ALLOW,2.0,3538.0,0
1778,TX_0001778,0.0513,aggressive,ALLOW,2.0,3540.0,0
1779,TX_0001779,0.0718,aggressive,ALLOW,2.0,3542.0,0
1780,TX_0001780,0.1228,aggressive,ALLOW,2.0,3544.0,0
1781,TX_0001781,0.1966,aggressive,ALLOW,2.0,3546.0,0
1782,TX_0001782,0.0404,aggressive,ALLOW,2.0,3548.0,0
1783,TX_0001783,0.0724,aggressive,ALLOW,2.0,3550.0,0
1784,TX_0001784,0.0366,aggressive,ALLOW,2.0,3552.0,0
1785,TX_0001785,0.0413,aggressive,ALLOW,2.0,3554.0,0
1786,TX_0001786,0.0924,aggressive,ALLOW,2.0,3556.0,0
1787,TX_0001787,0.1684,aggressive,ALLOW,2.0,3558.0,0
1788,TX_0001788,0.0704,aggressive,ALLOW,2.0,3560.0,0
1789,TX_0001789,0.035,aggressive,ALLOW,2.0,3562.0,0
1790,TX_0001790,0.0485,aggressive,ALLOW,2.0,3564.0,0
1791,TX_0001791,0.0459,conservative,ALLOW,2.0,3566.0,0
1792,TX_0001792,0.0222,aggressive,ALLOW,2.0,3568.0,0
1793,TX_0001793,0.0393,aggressive,ALLOW,2.0,3570.0,0
1794,TX_0001794,0.0789,aggressive,ALLOW,2.0,3572.0,0
1795,TX_0001795,0.1151,aggressive,ALLOW,2.0,3574.0,0
1796,TX_0001796,0.0191,aggressive,ALLOW,2.0,3576.0,0
1797,TX_0001797,0.0332,aggressive,ALLOW,2.0,3578.0,0
1798,TX_0001798,0.0305,aggressive,ALLOW,2.0,3580.0,0
1799,TX_0001799,0.0538,aggressive,ALLOW,2.0,3582.0,0
1800,TX_0001800,0.0291,aggressive,ALLOW,2.0,3584.0,0
1801,TX_0001801,0.1482,aggressive,ALLOW,2.0,3586.0,0
1802,TX_0001802,0.0843,aggressive,ALLOW,2.0,3588.0,0
1803,TX_0001803,0.0194,aggressive,ALLOW,2.0,3590.0,0
1804,TX_0001804,0.0911,aggressive,ALLOW,2.0,3592.0,0
1805,TX_0001805,0.0276,aggressive,ALLOW,2.0,3594.0,0
1806,TX_0001806,0.1195,aggressive,ALLOW,2.0,3596.0,0
1807,TX_0001807,0.0694,aggressive,ALLOW,2.0,3598.0,0
1808,TX_0001808,0.0772,aggressive,ALLOW,2.0,3600.0,0
1809,TX_0001809,0.0482,aggressive,ALLOW,2.0,3602.0,0
1810,TX_0001810,0.0485,aggressive,ALLOW,2.0,3604.0,0
1811,TX_0001811,0.0899,aggressive,ALLOW,2.0,3606.0,0
1812,TX_0001812,0.0445,conservative,ALLOW,2.0,3608.0,0
1813,TX_0001813,0.0342,aggressive,ALLOW,2.0,3610.0,0
1814,TX_0001814,0.0313,aggressive,ALLOW,2.0,3612.0,0
1815,TX_0001815,0.0286,aggressive,ALLOW,2.0,3614.0,0
1816,TX_0001816,0.0488,aggressive,ALLOW,2.0,3616.0,0
1817,TX_0001817,0.0237,aggressive,ALLOW,2.0,3618.0,0
1818,TX_0001818,0.1494,aggressive,ALLOW,2.0,3620.0,0
1819,TX_0001819,0.1241,aggressive,ALLOW,2.0,3622.0,0
1820,TX_0001820,0.03,aggressive,ALLOW,2.0,3624.0,0
1821,TX_0001821,0.0369,aggressive,ALLOW,2.0,3626.0,0
1822,TX_0001822,0.0383,aggressive,ALLOW,2.0,3628.0,0
1823,TX_0001823,0.0214,aggressive,ALLOW,2.0,3630.0,0
1824,TX_0001824,0.074,aggressive,ALLOW,2.0,3632.0,0
1825,TX_0001825,0.0414,aggressive,ALLOW,2.0,3634.0,0
1826,TX_0001826,0.1458,aggressive,ALLOW,2.0,3636.0,0
1827,TX_0001827,0.0762,aggressive,ALLOW,2.0,3638.0,0
1828,TX_0001828,0.0484,aggressive,ALLOW,2.0,3640.0,0
1829,TX_0001829,0.0966,aggressive,ALLOW,2.0,3642.0,0
1830,TX_0001830,0.0426,aggressive,ALLOW,2.0,3644.0,0
1831,TX_0001831,0.0631,aggressive,ALLOW,2.0,3646.0,0
1832,TX_0001832,0.0697,aggressive,ALLOW,2.0,3648.0,0
1833,TX_0001833,0.024,aggressive,ALLOW,2.0,3650.0,0
1834,TX_0001834,0.031,aggressive,ALLOW,2.0,3652.0,0
1835,TX_0001835,0.0469,aggressive,ALLOW,2.0,3654.0,0
1836,TX_0001836,0.0406,aggressive,ALLOW,2.0,3656.0,0
1837,TX_0001837,0.2104,aggressive,ALLOW,2.0,3658.0,0
1838,TX_0001838,0.0444,aggressive,ALLOW,2.0,3660.0,0
1839,TX_0001839,0.0796,current,ALLOW,2.0,3662.0,0
1840,TX_0001840,0.0697,aggressive,ALLOW,2.0,3664.0,0
1841,TX_0001841,0.0816,aggressive,ALLOW,2.0,3666.0,0
1842,TX_0001842,0.0252,aggressive,ALLOW,2.0,3668.0,0
1843,TX_0001843,0.0737,aggressive,ALLOW,2.0,3670.0,0
1844,TX_0001844,0.0279,aggressive,ALLOW,2.0,3672.0,0
1845,TX_0001845,0.0283,aggressive,ALLOW,2.0,3674.0,0
1846,TX_0001846,0.1204,aggressive,ALLOW,2.0,3676.0,0
1847,TX_0001847,0.0314,aggressive,ALLOW,2.0,3678.0,0
1848,TX_0001848,0.1498,aggressive,ALLOW,2.0,3680.0,0
1849,TX_0001849,0.1538,aggressive,ALLOW,2.0,3682.0,0
1850,TX_0001850,0.0375,aggressive,ALLOW,2.0,3684.0,0
1851,TX_0001851,0.0299,aggressive,ALLOW,2.0,3686.0,0
1852,TX_0001852,0.0789,aggressive,ALLOW,2.0,3688.0,0
1853,TX_0001853,0.0398,aggressive,ALLOW,2.0,3690.0,0
1854,TX_0001854,0.0393,aggressive,ALLOW,2.0,3692.0,0
1855,TX_0001855,0.038,aggressive,ALLOW,2.0,3694.0,0
1856,TX_0001856,0.0328,aggressive,ALLOW,2.0,3696.0,0
1857,TX_0001857,0.0864,aggressive,ALLOW,2.0,3698.0,0
1858,TX_0001858,0.1092,aggressive,ALLOW,2.0,3700.0,0
1859,TX_0001859,0.1305,aggressive,ALLOW,2.0,3702.0,0
1860,TX_0001860,0.0467,aggressive,ALLOW,2.0,3704.0,0
1861,TX_0001861,0.0979,aggressive,ALLOW,2.0,3706.0,0
1862,TX_0001862,0.1238,aggressive,ALLOW,2.0,3708.0,0
1863,TX_0001863,0.0344,aggressive,ALLOW,2.0,3710.0,0
1864,TX_0001864,0.0444,aggressive,ALLOW,2.0,3712.0,0
1865,TX_0001865,0.0488,aggressive,ALLOW,2.0,3714.0,0
1866,TX_0001866,0.0586,aggressive,ALLOW,2.0,3716.0,0
1867,TX_0001867,0.0598,aggressive,ALLOW,2.0,3718.0,0
1868,TX_0001868,0.0406,aggressive,ALLOW,2.0,3720.0,0
1869,TX_0001869,0.0416,aggressive,ALLOW,2.0,3722.0,0
1870,TX_0001870,0.1957,aggressive,ALLOW,2.0,3724.0,0
1871,TX_0001871,0.0558,aggressive,ALLOW,2.0,3726.0,0
1872,TX_0001872,0.1003,aggressive,ALLOW,2.0,3728.0,0
1873,TX_0001873,0.0418,current,ALLOW,2.0,3730.0,0
1874,TX_0001874,0.0716,aggressive,ALLOW,2.0,3732.0,0
1875,TX_0001875,0.0686,aggressive,ALLOW,2.0,3734.0,0
1876,TX_0001876,0.0732,aggressive,ALLOW,2.0,3736.0,0
1877,TX_0001877,0.0469,aggressive,ALLOW,2.0,3738.0,0
1878,TX_0001878,0.1253,aggressive,ALLOW,2.0,3740.0,0
1879,TX_0001879,0.0431,aggressive,ALLOW,2.0,3742.0,0
1880,TX_0001880,0.121,aggressive,ALLOW,2.0,3744.0,0
1881,TX_0001881,0.0282,aggressive,ALLOW,2.0,3746.0,0
1882,TX_0001882,0.051,aggressive,ALLOW,2.0,3748.0,0
1883,TX_0001883,0.0414,conservative,ALLOW,2.0,3750.0,0
1884,TX_0001884,0.0285,aggressive,ALLOW,2.0,3752.0,0
1885,TX_0001885,0.0813,aggressive,ALLOW,2.0,3754.0,0
1886,TX_0001886,0.0408,aggressive,ALLOW,2.0,3756.0,0
1887,TX_0001887,0.0537,aggressive,ALLOW,2.0,3758.0,0
1888,TX_0001888,0.2095,aggressive,ALLOW,2.0,3760.0,0
1889,TX_0001889,0.1107,aggressive,ALLOW,2.0,3762.0,0
1890,TX_0001890,0.0809,aggressive,ALLOW,2.0,3764.0,0
1891,TX_0001891,0.0517,aggressive,ALLOW,2.0,3766.0,0
1892,TX_0001892,0.0267,aggressive,ALLOW,2.0,3768.0,0
1893,TX_0001893,0.047,conservative,ALLOW,2.0,3770.0,0
1894,TX_0001894,0.1147,aggressive,ALLOW,2.0,3772.0,0
1895,TX_0001895,0.0238,aggressive,ALLOW,2.0,3774.0,0
1896,TX_0001896,0.0221,current,ALLOW,2.0,3776.0,0
1897,TX_0001897,0.0414,aggressive,ALLOW,2.0,3778.0,0
1898,TX_0001898,0.023,aggressive,ALLOW,2.0,3780.0,0
1899,TX_0001899,0.0563,aggressive,ALLOW,2.0,3782.0,0
1900,TX_0001900,0.0447,aggressive,ALLOW,2.0,3784.0,0
1901,TX_0001901,0.0652,aggressive,ALLOW,2.0,3786.0,0
1902,TX_0001902,0.1052,aggressive,ALLOW,2.0,3788.0,0
1903,TX_0001903,0.0522,conservative,ALLOW,2.0,3790.0,0
1904,TX_0001904,0.0895,aggressive,ALLOW,2.0,3792.0,0
1905,TX_0001905,0.0698,aggressive,ALLOW,2.0,3794.0,0
1906,TX_0001906,0.0928,aggressive,ALLOW,2.0,3796.0,0
1907,TX_0001907,0.0623,aggressive,ALLOW,2.0,3798.0,0
1908,TX_0001908,0.0508,aggressive,ALLOW,2.0,3800.0,0
1909,TX_0001909,0.0395,aggressive,ALLOW,2.0,3802.0,0
1910,TX_0001910,0.0318,aggressive,ALLOW,2.0,3804.0,0
1911,TX_0001911,0.1494,aggressive,ALLOW,2.0,3806.0,0
1912,TX_0001912,0.0368,aggressive,ALLOW,2.0,3808.0,0
1913,TX_0001913,0.0286,aggressive,ALLOW,2.0,3810.0,0
1914,TX_0001914,0.0297,aggressive,ALLOW,2.0,3812.0,0
1915,TX_0001915,0.0346,aggressive,ALLOW,2.0,3814.0,0
1916,TX_0001916,0.0462,aggressive,ALLOW,2.0,3816.0,0
1917,TX_0001917,0.195,aggressive,ALLOW,2.0,3818.0,0
1918,TX_0001918,0.0282,aggressive,ALLOW,2.0,3820.0,0
1919,TX_0001919,0.0298,aggressive,ALLOW,2.0,3822.0,0
1920,TX_0001920,0.2193,aggressive,ALLOW,2.0,3824.0,0
1921,TX_0001921,0.5026,aggressive,REVIEW,-1.0,3823.0,0
1922,TX_0001922,0.0285,aggressive,ALLOW,2.0,3825.0,0
1923,TX_0001923,0.21,aggressive,ALLOW,2.0,3827.0,0
1924,TX_0001924,0.044,aggressive,ALLOW,2.0,3829.0,0
1925,TX_0001925,0.0365,aggressive,ALLOW,2.0,3831.0,0
1926,TX_0001926,0.1157,aggressive,ALLOW,2.0,3833.0,0
1927,TX_0001927,0.0686,aggressive,ALLOW,2.0,3835.0,0
1928,TX_0001928,0.1695,aggressive,ALLOW,2.0,3837.0,0
1929,TX_0001929,0.0771,aggressive,ALLOW,2.0,3839.0,0
1930,TX_0001930,0.07,aggressive,ALLOW,2.0,3841.0,0
1931,TX_0001931,0.0307,aggressive,ALLOW,2.0,3843.0,0
1932,TX_0001932,0.0426,aggressive,ALLOW,2.0,3845.0,0
1933,TX_0001933,0.0406,aggressive,ALLOW,2.0,3847.0,0
1934,TX_0001934,0.023,aggressive,ALLOW,2.0,3849.0,0
1935,TX_0001935,0.0652,aggressive,ALLOW,2.0,3851.0,0
1936,TX_0001936,0.178,aggressive,ALLOW,2.0,3853.0,0
1937,TX_0001937,0.0778,aggressive,ALLOW,2.0,3855.0,0
1938,TX_0001938,0.0438,aggressive,ALLOW,2.0,3857.0,0
1939,TX_0001939,0.0456,aggressive,ALLOW,2.0,3859.0,0
1940,TX_0001940,0.2366,aggressive,ALLOW,2.0,3861.0,0
1941,TX_0001941,0.0302,aggressive,ALLOW,2.0,3863.0,0
1942,TX_0001942,0.0679,aggressive,ALLOW,2.0,3865.0,0
1943,TX_0001943,0.0361,aggressive,ALLOW,2.0,3867.0,0
1944,TX_0001944,0.2192,aggressive,ALLOW,2.0,3869.0,0
1945,TX_0001945,0.0626,current,ALLOW,2.0,3871.0,0
1946,TX_0001946,0.057,aggressive,ALLOW,2.0,3873.0,0
1947,TX_0001947,0.0341,aggressive,ALLOW,2.0,3875.0,0
1948,TX_0001948,0.0177,aggressive,ALLOW,2.0,3877.0,0
1949,TX_0001949,0.0216,aggressive,ALLOW,2.0,3879.0,0
1950,TX_0001950,0.0307,aggressive,ALLOW,2.0,3881.0,0
1951,TX_0001951,0.0427,aggressive,ALLOW,2.0,3883.0,0
1952,TX_0001952,0.1535,aggressive,ALLOW,2.0,3885.0,0
1953,TX_0001953,0.0693,aggressive,ALLOW,2.0,3887.0,0
1954,TX_0001954,0.0689,aggressive,ALLOW,2.0,3889.0,0
1955,TX_0001955,0.0364,aggressive,ALLOW,2.0,3891.0,0
1956,TX_0001956,0.0821,aggressive,ALLOW,2.0,3893.0,0
1957,TX_0001957,0.1243,aggressive,ALLOW,2.0,3895.0,0
1958,TX_0001958,0.0408,aggressive,ALLOW,2.0,3897.0,0
1959,TX_0001959,0.1014,aggressive,ALLOW,2.0,3899.0,0
1960,TX_0001960,0.249,aggressive,ALLOW,2.0,3901.0,0
1961,TX_0001961,0.0705,aggressive,ALLOW,2.0,3903.0,0
1962,TX_0001962,0.0444,aggressive,ALLOW,2.0,3905.0,0
1963,TX_0001963,0.044,aggressive,ALLOW,2.0,3907.0,0
1964,TX_0001964,0.2099,aggressive,ALLOW,2.0,3909.0,0
1965,TX_0001965,0.0431,aggressive,ALLOW,2.0,3911.0,0
1966,TX_0001966,0.1287,aggressive,ALLOW,2.0,3913.0,0
1967,TX_0001967,0.1618,aggressive,ALLOW,2.0,3915.0,0
1968,TX_0001968,0.0429,aggressive,ALLOW,2.0,3917.0,0
1969,TX_0001969,0.0332,aggressive,ALLOW,2.0,3919.0,0
1970,TX_0001970,0.0745,current,ALLOW,2.0,3921.0,0
1971,TX_0001971,0.162,aggressive,ALLOW,2.0,3923.0,0
1972,TX_0001972,0.037,conservative,ALLOW,2.0,3925.0,0
1973,TX_0001973,0.0538,aggressive,ALLOW,2.0,3927.0,0
1974,TX_0001974,0.1219,aggressive,ALLOW,2.0,3929.0,0
1975,TX_0001975,0.0471,aggressive,ALLOW,2.0,3931.0,0
1976,TX_0001976,0.0932,aggressive,ALLOW,2.0,3933.0,0
1977,TX_0001977,0.0388,current,ALLOW,2.0,3935.0,0
1978,TX_0001978,0.0458,aggressive,ALLOW,2.0,3937.0,0
1979,TX_0001979,0.1403,aggressive,ALLOW,2.0,3939.0,0
1980,TX_0001980,0.086,aggressive,ALLOW,2.0,3941.0,0
1981,TX_0001981,0.0578,aggressive,ALLOW,2.0,3943.0,0
1982,TX_0001982,0.0725,aggressive,ALLOW,2.0,3945.0,0
1983,TX_0001983,0.0442,aggressive,ALLOW,2.0,3947.0,0
1984,TX_0001984,0.0356,aggressive,ALLOW,2.0,3949.0,0
1985,TX_0001985,0.0603,aggressive,ALLOW,2.0,3951.0,0
1986,TX_0001986,0.0233,aggressive,ALLOW,2.0,3953.0,0
1987,TX_0001987,0.079,aggressive,ALLOW,2.0,3955.0,0
1988,TX_0001988,0.0737,aggressive,ALLOW,2.0,3957.0,0
1989,TX_0001989,0.0389,aggressive,ALLOW,2.0,3959.0,0
1990,TX_0001990,0.0426,aggressive,ALLOW,2.0,3961.0,0
1991,TX_0001991,0.0663,aggressive,ALLOW,2.0,3963.0,0
1992,TX_0001992,0.0665,aggressive,ALLOW,2.0,3965.0,0
1993,TX_0001993,0.0322,aggressive,ALLOW,2.0,3967.0,0
1994,TX_0001994,0.04,current,ALLOW,2.0,3969.0,0
1995,TX_0001995,0.1308,aggressive,ALLOW,2.0,3971.0,0
1996,TX_0001996,0.0956,aggressive,ALLOW,2.0,3973.0,0
1997,TX_0001997,0.0645,aggressive,ALLOW,2.0,3975.0,0
1998,TX_0001998,0.0842,aggressive,ALLOW,2.0,3977.0,0
1999,TX_0001999,0.055,aggressive,ALLOW,2.0,3979.0,0
2000,TX_0002000,0.0377,aggressive,ALLOW,2.0,3981.0,0
2001,TX_0002001,0.036,aggressive,ALLOW,2.0,3983.0,0
2002,TX_0002002,0.0462,current,ALLOW,2.0,3985.0,0
2003,TX_0002003,0.0367,aggressive,ALLOW,2.0,3987.0,0
2004,TX_0002004,0.0898,aggressive,ALLOW,2.0,3989.0,0
2005,TX_0002005,0.1229,aggressive,ALLOW,2.0,3991.0,0
2006,TX_0002006,0.0721,aggressive,ALLOW,2.0,3993.0,0
2007,TX_0002007,0.0822,conservative,ALLOW,2.0,3995.0,0
2008,TX_0002008,0.0416,aggressive,ALLOW,2.0,3997.0,0
2009,TX_0002009,0.0568,conservative,ALLOW,2.0,3999.0,0
2010,TX_0002010,0.0478,aggressive,ALLOW,2.0,4001.0,0
2011,TX_0002011,0.1272,aggressive,ALLOW,2.0,4003.0,0
2012,TX_0002012,0.0521,aggressive,ALLOW,2.0,4005.0,0
2013,TX_0002013,0.1975,aggressive,ALLOW,2.0,4007.0,0
2014,TX_0002014,0.0514,aggressive,ALLOW,2.0,4009.0,0
2015,TX_0002015,0.08,aggressive,ALLOW,2.0,4011.0,0
2016,TX_0002016,0.0371,aggressive,ALLOW,2.0,4013.0,0
2017,TX_0002017,0.0346,aggressive,ALLOW,2.0,4015.0,0
2018,TX_0002018,0.0592,aggressive,ALLOW,2.0,4017.0,0
2019,TX_0002019,0.0256,aggressive,ALLOW,2.0,4019.0,0
2020,TX_0002020,0.0663,aggressive,ALLOW,2.0,4021.0,0
2021,TX_0002021,0.0831,aggressive,ALLOW,2.0,4023.0,0
2022,TX_0002022,0.0833,aggressive,ALLOW,2.0,4025.0,0
2023,TX_0002023,0.1287,aggressive,ALLOW,2.0,4027.0,0
2024,TX_0002024,0.0543,aggressive,ALLOW,2.0,4029.0,0
2025,TX_0002025,0.137,aggressive,ALLOW,2.0,4031.0,0
2026,TX_0002026,0.0654,current,ALLOW,2.0,4033.0,0
2027,TX_0002027,0.0797,aggressive,ALLOW,2.0,4035.0,0
2028,TX_0002028,0.1394,aggressive,ALLOW,2.0,4037.0,0
2029,TX_0002029,0.0476,aggressive,ALLOW,2.0,4039.0,0
2030,TX_0002030,0.1055,aggressive,ALLOW,2.0,4041.0,0
2031,TX_0002031,0.0501,aggressive,ALLOW,2.0,4043.0,0
2032,TX_0002032,0.0684,aggressive,ALLOW,2.0,4045.0,0
2033,TX_0002033,0.0605,aggressive,ALLOW,2.0,4047.0,0
2034,TX_0002034,0.0398,aggressive,ALLOW,2.0,4049.0,0
2035,TX_0002035,0.1883,aggressive,ALLOW,2.0,4051.0,0
2036,TX_0002036,0.0445,aggressive,ALLOW,2.0,4053.0,0
2037,TX_0002037,0.0606,aggressive,ALLOW,2.0,4055.0,0
2038,TX_0002038,0.0718,aggressive,ALLOW,2.0,4057.0,0
2039,TX_0002039,0.0186,aggressive,ALLOW,2.0,4059.0,0
2040,TX_0002040,0.1014,aggressive,ALLOW,2.0,4061.0,0
2041,TX_0002041,0.0564,aggressive,ALLOW,2.0,4063.0,0
2042,TX_0002042,0.0555,conservative,ALLOW,2.0,4065.0,0
2043,TX_0002043,0.0459,conservative,ALLOW,2.0,4067.0,0
2044,TX_0002044,0.0699,aggressive,ALLOW,2.0,4069.0,0
2045,TX_0002045,0.0247,aggressive,ALLOW,2.0,4071.0,0
2046,TX_0002046,0.06,aggressive,ALLOW,2.0,4073.0,0
2047,TX_0002047,0.0449,aggressive,ALLOW,2.0,4075.0,0
2048,TX_0002048,0.0526,aggressive,ALLOW,2.0,4077.0,0
2049,TX_0002049,0.0756,conservative,ALLOW,2.0,4079.0,0
2050,TX_0002050,0.0756,aggressive,ALLOW,2.0,4081.0,0
2051,TX_0002051,0.0712,aggressive,ALLOW,2.0,4083.0,0
2052,TX_0002052,0.0751,aggressive,ALLOW,2.0,4085.0,0
2053,TX_0002053,0.1877,aggressive,ALLOW,2.0,4087.0,0
2054,TX_0002054,0.0785,aggressive,ALLOW,2.0,4089.0,0
2055,TX_0002055,0.0632,aggressive,ALLOW,2.0,4091.0,0
2056,TX_0002056,0.0746,aggressive,ALLOW,2.0,4093.0,0
2057,TX_0002057,0.0832,aggressive,ALLOW,2.0,4095.0,0
2058,TX_0002058,0.0633,aggressive,ALLOW,2.0,4097.0,0
2059,TX_0002059,0.1219,aggressive,ALLOW,2.0,4099.0,0
2060,TX_0002060,0.039,aggressive,ALLOW,2.0,4101.0,0
2061,TX_0002061,0.1776,aggressive,ALLOW,2.0,4103.0,0
2062,TX_0002062,0.1033,aggressive,ALLOW,2.0,4105.0,0
2063,TX_0002063,0.0727,aggressive,ALLOW,2.0,4107.0,0
2064,TX_0002064,0.0347,aggressive,ALLOW,2.0,4109.0,0
2065,TX_0002065,0.2022,conservative,REVIEW,-1.0,4108.0,0
2066,TX_0002066,0.066,conservative,ALLOW,2.0,4110.0,0
2067,TX_0002067,0.1802,aggressive,ALLOW,2.0,4112.0,0
2068,TX_0002068,0.1559,aggressive,ALLOW,2.0,4114.0,0
2069,TX_0002069,0.0752,aggressive,ALLOW,2.0,4116.0,0
2070,TX_0002070,0.0943,aggressive,ALLOW,2.0,4118.0,0
2071,TX_0002071,0.1006,aggressive,ALLOW,2.0,4120.0,0
2072,TX_0002072,0.0209,aggressive,ALLOW,2.0,4122.0,0
2073,TX_0002073,0.1168,aggressive,ALLOW,2.0,4124.0,0
2074,TX_0002074,0.0345,current,ALLOW,2.0,4126.0,0
2075,TX_0002075,0.0284,aggressive,ALLOW,2.0,4128.0,0
2076,TX_0002076,0.0408,aggressive,ALLOW,2.0,4130.0,0
2077,TX_0002077,0.0724,aggressive,ALLOW,2.0,4132.0,0
2078,TX_0002078,0.0293,aggressive,ALLOW,2.0,4134.0,0
2079,TX_0002079,0.0298,aggressive,ALLOW,2.0,4136.0,0
2080,TX_0002080,0.0524,aggressive,ALLOW,2.0,4138.0,0
2081,TX_0002081,0.0215,aggressive,ALLOW,2.0,4140.0,0
2082,TX_0002082,0.082,aggressive,ALLOW,2.0,4142.0,0
2083,TX_0002083,0.0596,aggressive,ALLOW,2.0,4144.0,0
2084,TX_0002084,0.1397,aggressive,ALLOW,2.0,4146.0,0
2085,TX_0002085,0.2618,aggressive,ALLOW,2.0,4148.0,0
2086,TX_0002086,0.04,aggressive,ALLOW,2.0,4150.0,0
2087,TX_0002087,0.0332,aggressive,ALLOW,2.0,4152.0,0
2088,TX_0002088,0.0175,aggressive,ALLOW,2.0,4154.0,0
2089,TX_0002089,0.0261,aggressive,ALLOW,2.0,4156.0,0
2090,TX_0002090,0.0419,aggressive,ALLOW,2.0,4158.0,0
2091,TX_0002091,0.0521,aggressive,ALLOW,2.0,4160.0,0
2092,TX_0002092,0.0447,aggressive,ALLOW,2.0,4162.0,0
2093,TX_0002093,0.0449,aggressive,ALLOW,2.0,4164.0,0
2094,TX_0002094,0.1023,aggressive,ALLOW,2.0,4166.0,0
2095,TX_0002095,0.0356,aggressive,ALLOW,2.0,4168.0,0
2096,TX_0002096,0.0771,aggressive,ALLOW,2.0,4170.0,0
2097,TX_0002097,0.0426,aggressive,ALLOW,2.0,4172.0,0
2098,TX_0002098,0.2241,aggressive,ALLOW,2.0,4174.0,0
2099,TX_0002099,0.0296,aggressive,ALLOW,2.0,4176.0,0
2100,TX_0002100,0.0536,aggressive,ALLOW,2.0,4178.0,0
2101,TX_0002101,0.0488,aggressive,ALLOW,2.0,4180.0,0
2102,TX_0002102,0.0421,aggressive,ALLOW,2.0,4182.0,0
2103,TX_0002103,0.0722,aggressive,ALLOW,2.0,4184.0,0
2104,TX_0002104,0.0508,aggressive,ALLOW,2.0,4186.0,0
2105,TX_0002105,0.096,aggressive,ALLOW,2.0,4188.0,0
2106,TX_0002106,0.0795,aggressive,ALLOW,2.0,4190.0,0
2107,TX_0002107,0.175,aggressive,ALLOW,2.0,4192.0,0
2108,TX_0002108,0.0668,aggressive,ALLOW,2.0,4194.0,0
2109,TX_0002109,0.0411,aggressive,ALLOW,2.0,4196.0,0
2110,TX_0002110,0.052,aggressive,ALLOW,2.0,4198.0,0
2111,TX_0002111,0.0303,aggressive,ALLOW,2.0,4200.0,0
2112,TX_0002112,0.0507,aggressive,ALLOW,2.0,4202.0,0
2113,TX_0002113,0.2262,aggressive,ALLOW,2.0,4204.0,0
2114,TX_0002114,0.0494,aggressive,ALLOW,2.0,4206.0,0
2115,TX_0002115,0.0475,conservative,ALLOW,2.0,4208.0,0
2116,TX_0002116,0.0758,aggressive,ALLOW,2.0,4210.0,0
2117,TX_0002117,0.0222,aggressive,ALLOW,2.0,4212.0,0
2118,TX_0002118,0.0332,aggressive,ALLOW,2.0,4214.0,0
2119,TX_0002119,0.0673,aggressive,ALLOW,2.0,4216.0,0
2120,TX_0002120,0.0349,aggressive,ALLOW,2.0,4218.0,0
2121,TX_0002121,0.0316,aggressive,ALLOW,2.0,4220.0,0
2122,TX_0002122,0.0663,aggressive,ALLOW,2.0,4222.0,0
2123,TX_0002123,0.0409,aggressive,ALLOW,2.0,4224.0,0
2124,TX_0002124,0.0705,aggressive,ALLOW,2.0,4226.0,0
2125,TX_0002125,0.0628,aggressive,ALLOW,2.0,4228.0,0
2126,TX_0002126,0.0287,aggressive,ALLOW,2.0,4230.0,0
2127,TX_0002127,0.0413,aggressive,ALLOW,2.0,4232.0,0
2128,TX_0002128,0.0566,aggressive,ALLOW,2.0,4234.0,0
2129,TX_0002129,0.0255,aggressive,ALLOW,2.0,4236.0,0
2130,TX_0002130,0.0515,aggressive,ALLOW,2.0,4238.0,0
2131,TX_0002131,0.0319,aggressive,ALLOW,2.0,4240.0,0
2132,TX_0002132,0.0742,aggressive,ALLOW,2.0,4242.0,0
2133,TX_0002133,0.0356,aggressive,ALLOW,2.0,4244.0,0
2134,TX_0002134,0.04,aggressive,ALLOW,2.0,4246.0,0
2135,TX_0002135,0.034,aggressive,ALLOW,2.0,4248.0,0
2136,TX_0002136,0.0538,aggressive,ALLOW,2.0,4250.0,0
2137,TX_0002137,0.0227,aggressive,ALLOW,2.0,4252.0,0
2138,TX_0002138,0.0303,aggressive,ALLOW,2.0,4254.0,0
2139,TX_0002139,0.1207,aggressive,ALLOW,2.0,4256.0,0
2140,TX_0002140,0.0671,aggressive,ALLOW,2.0,4258.0,0
2141,TX_0002141,0.0275,aggressive,ALLOW,2.0,4260.0,0
2142,TX_0002142,0.0807,aggressive,ALLOW,2.0,4262.0,0
2143,TX_0002143,0.1534,aggressive,ALLOW,2.0,4264.0,0
2144,TX_0002144,0.054,aggressive,ALLOW,2.0,4266.0,0
2145,TX_0002145,0.0717,aggressive,ALLOW,2.0,4268.0,0
2146,TX_0002146,0.0924,aggressive,ALLOW,2.0,4270.0,0
2147,TX_0002147,0.072,aggressive,ALLOW,2.0,4272.0,0
2148,TX_0002148,0.064,aggressive,ALLOW,2.0,4274.0,0
2149,TX_0002149,0.0169,aggressive,ALLOW,2.0,4276.0,0
2150,TX_0002150,0.0387,aggressive,ALLOW,2.0,4278.0,0
2151,TX_0002151,0.0467,aggressive,ALLOW,2.0,4280.0,0
2152,TX_0002152,0.0483,aggressive,ALLOW,2.0,4282.0,0
2153,TX_0002153,0.0626,aggressive,ALLOW,2.0,4284.0,0
2154,TX_0002154,0.0147,aggressive,ALLOW,2.0,4286.0,0
2155,TX_0002155,0.0682,aggressive,ALLOW,2.0,4288.0,0
2156,TX_0002156,0.0437,aggressive,ALLOW,2.0,4290.0,0
2157,TX_0002157,0.0526,aggressive,ALLOW,2.0,4292.0,0
2158,TX_0002158,0.0527,aggressive,ALLOW,2.0,4294.0,0
2159,TX_0002159,0.0827,aggressive,ALLOW,2.0,4296.0,0
2160,TX_0002160,0.1579,current,ALLOW,2.0,4298.0,0
2161,TX_0002161,0.0271,aggressive,ALLOW,2.0,4300.0,0
2162,TX_0002162,0.0448,aggressive,ALLOW,2.0,4302.0,0
2163,TX_0002163,0.1535,conservative,ALLOW,2.0,4304.0,0
2164,TX_0002164,0.1356,aggressive,ALLOW,2.0,4306.0,0
2165,TX_0002165,0.113,aggressive,ALLOW,2.0,4308.0,0
2166,TX_0002166,0.0252,aggressive,ALLOW,2.0,4310.0,0
2167,TX_0002167,0.1175,aggressive,ALLOW,2.0,4312.0,0
2168,TX_0002168,0.0417,aggressive,ALLOW,2.0,4314.0,0
2169,TX_0002169,0.0437,aggressive,ALLOW,2.0,4316.0,0
2170,TX_0002170,0.0683,aggressive,ALLOW,2.0,4318.0,0
2171,TX_0002171,0.103,aggressive,ALLOW,2.0,4320.0,0
2172,TX_0002172,0.0854,aggressive,ALLOW,2.0,4322.0,0
2173,TX_0002173,0.0915,aggressive,ALLOW,2.0,4324.0,0
2174,TX_0002174,0.0314,aggressive,ALLOW,2.0,4326.0,0
2175,TX_0002175,0.0617,aggressive,ALLOW,2.0,4328.0,0
2176,TX_0002176,0.0764,aggressive,ALLOW,2.0,4330.0,0
2177,TX_0002177,0.0429,aggressive,ALLOW,2.0,4332.0,0
2178,TX_0002178,0.0665,aggressive,ALLOW,2.0,4334.0,0
2179,TX_0002179,0.0334,aggressive,ALLOW,2.0,4336.0,0
2180,TX_0002180,0.039,aggressive,ALLOW,2.0,4338.0,0
2181,TX_0002181,0.0951,aggressive,ALLOW,2.0,4340.0,0
2182,TX_0002182,0.0181,aggressive,ALLOW,2.0,4342.0,0
2183,TX_0002183,0.0227,aggressive,ALLOW,2.0,4344.0,0
2184,TX_0002184,0.0298,aggressive,ALLOW,2.0,4346.0,0
2185,TX_0002185,0.0436,aggressive,ALLOW,2.0,4348.0,0
2186,TX_0002186,0.0483,aggressive,ALLOW,2.0,4350.0,0
2187,TX_0002187,0.1269,aggressive,ALLOW,2.0,4352.0,0
2188,TX_0002188,0.1188,aggressive,ALLOW,2.0,4354.0,0
2189,TX_0002189,0.1407,aggressive,ALLOW,2.0,4356.0,0
2190,TX_0002190,0.0431,aggressive,ALLOW,2.0,4358.0,0
2191,TX_0002191,0.0215,aggressive,ALLOW,2.0,4360.0,0
2192,TX_0002192,0.2576,aggressive,ALLOW,2.0,4362.0,0
2193,TX_0002193,0.0424,aggressive,ALLOW,2.0,4364.0,0
2194,TX_0002194,0.0354,aggressive,ALLOW,2.0,4366.0,0
2195,TX_0002195,0.0768,aggressive,ALLOW,2.0,4368.0,0
2196,TX_0002196,0.0545,aggressive,ALLOW,2.0,4370.0,0
2197,TX_0002197,0.0701,aggressive,ALLOW,2.0,4372.0,0
2198,TX_0002198,0.0308,aggressive,ALLOW,2.0,4374.0,0
2199,TX_0002199,0.0717,aggressive,ALLOW,2.0,4376.0,0
2200,TX_0002200,0.0613,aggressive,ALLOW,2.0,4378.0,0
2201,TX_0002201,0.016,aggressive,ALLOW,2.0,4380.0,0
2202,TX_0002202,0.0242,aggressive,ALLOW,2.0,4382.0,0
2203,TX_0002203,0.0262,aggressive,ALLOW,2.0,4384.0,0
2204,TX_0002204,0.0375,aggressive,ALLOW,2.0,4386.0,0
2205,TX_0002205,0.0426,aggressive,ALLOW,2.0,4388.0,0
2206,TX_0002206,0.0836,aggressive,ALLOW,2.0,4390.0,0
2207,TX_0002207,0.095,aggressive,ALLOW,2.0,4392.0,0
2208,TX_0002208,0.0404,aggressive,ALLOW,2.0,4394.0,0
2209,TX_0002209,0.051,aggressive,ALLOW,2.0,4396.0,0
2210,TX_0002210,0.0178,conservative,ALLOW,2.0,4398.0,0
2211,TX_0002211,0.1353,current,ALLOW,2.0,4400.0,0
2212,TX_0002212,0.0381,aggressive,ALLOW,2.0,4402.0,0
2213,TX_0002213,0.1735,aggressive,ALLOW,2.0,4404.0,0
2214,TX_0002214,0.0472,aggressive,ALLOW,2.0,4406.0,0
2215,TX_0002215,0.1808,aggressive,ALLOW,2.0,4408.0,0
2216,TX_0002216,0.0978,aggressive,ALLOW,2.0,4410.0,0
2217,TX_0002217,0.1219,aggressive,ALLOW,2.0,4412.0,0
2218,TX_0002218,0.0985,aggressive,ALLOW,2.0,4414.0,0
2219,TX_0002219,0.0384,aggressive,ALLOW,2.0,4416.0,0
2220,TX_0002220,0.1243,aggressive,ALLOW,2.0,4418.0,0
2221,TX_0002221,0.0468,aggressive,ALLOW,2.0,4420.0,0
2222,TX_0002222,0.1004,aggressive,ALLOW,2.0,4422.0,0
2223,TX_0002223,0.162,aggressive,ALLOW,2.0,4424.0,0
2224,TX_0002224,0.0412,aggressive,ALLOW,2.0,4426.0,0
2225,TX_0002225,0.0382,aggressive,ALLOW,2.0,4428.0,0
2226,TX_0002226,0.0465,aggressive,ALLOW,2.0,4430.0,0
2227,TX_0002227,0.0301,aggressive,ALLOW,2.0,4432.0,0
2228,TX_0002228,0.0365,aggressive,ALLOW,2.0,4434.0,0
2229,TX_0002229,0.0765,aggressive,ALLOW,2.0,4436.0,0
2230,TX_0002230,0.0247,aggressive,ALLOW,2.0,4438.0,0
2231,TX_0002231,0.0778,aggressive,ALLOW,2.0,4440.0,0
2232,TX_0002232,0.0404,aggressive,ALLOW,2.0,4442.0,0
2233,TX_0002233,0.0488,aggressive,ALLOW,2.0,4444.0,0
2234,TX_0002234,0.1136,aggressive,ALLOW,2.0,4446.0,0
2235,TX_0002235,0.0328,aggressive,ALLOW,2.0,4448.0,0
2236,TX_0002236,0.0408,aggressive,ALLOW,2.0,4450.0,0
2237,TX_0002237,0.0468,aggressive,ALLOW,2.0,4452.0,0
2238,TX_0002238,0.0668,aggressive,ALLOW,2.0,4454.0,0
2239,TX_0002239,0.0435,aggressive,ALLOW,2.0,4456.0,0
2240,TX_0002240,0.0535,aggressive,ALLOW,2.0,4458.0,0
2241,TX_0002241,0.0651,aggressive,ALLOW,2.0,4460.0,0
2242,TX_0002242,0.0365,aggressive,ALLOW,2.0,4462.0,0
2243,TX_0002243,0.0749,aggressive,ALLOW,2.0,4464.0,0
2244,TX_0002244,0.0384,aggressive,ALLOW,2.0,4466.0,0
2245,TX_0002245,0.0241,aggressive,ALLOW,2.0,4468.0,0
2246,TX_0002246,0.0356,aggressive,ALLOW,2.0,4470.0,0
2247,TX_0002247,0.0493,aggressive,ALLOW,2.0,4472.0,0
2248,TX_0002248,0.1796,aggressive,ALLOW,2.0,4474.0,0
2249,TX_0002249,0.0816,current,ALLOW,2.0,4476.0,0
2250,TX_0002250,0.0374,aggressive,ALLOW,2.0,4478.0,0
2251,TX_0002251,0.0423,aggressive,ALLOW,2.0,4480.0,0
2252,TX_0002252,0.0468,aggressive,ALLOW,2.0,4482.0,0
2253,TX_0002253,0.0224,aggressive,ALLOW,2.0,4484.0,0
2254,TX_0002254,0.1199,aggressive,ALLOW,2.0,4486.0,0
2255,TX_0002255,0.0493,aggressive,ALLOW,2.0,4488.0,0
2256,TX_0002256,0.0517,aggressive,ALLOW,2.0,4490.0,0
2257,TX_0002257,0.0192,aggressive,ALLOW,2.0,4492.0,0
2258,TX_0002258,0.0291,aggressive,ALLOW,2.0,4494.0,0
2259,TX_0002259,0.0625,conservative,ALLOW,2.0,4496.0,0
2260,TX_0002260,0.0626,current,ALLOW,2.0,4498.0,0
2261,TX_0002261,0.0397,aggressive,ALLOW,2.0,4500.0,0
2262,TX_0002262,0.111,aggressive,ALLOW,2.0,4502.0,0
2263,TX_0002263,0.0463,aggressive,ALLOW,2.0,4504.0,0
2264,TX_0002264,0.078,aggressive,ALLOW,2.0,4506.0,0
2265,TX_0002265,0.0439,aggressive,ALLOW,2.0,4508.0,0
2266,TX_0002266,0.0799,aggressive,ALLOW,2.0,4510.0,0
2267,TX_0002267,0.03,aggressive,ALLOW,2.0,4512.0,0
2268,TX_0002268,0.043,aggressive,ALLOW,2.0,4514.0,0
2269,TX_0002269,0.0317,aggressive,ALLOW,2.0,4516.0,0
2270,TX_0002270,0.0853,aggressive,ALLOW,2.0,4518.0,0
2271,TX_0002271,0.0809,aggressive,ALLOW,2.0,4520.0,0
2272,TX_0002272,0.0557,aggressive,ALLOW,2.0,4522.0,0
2273,TX_0002273,0.048,current,ALLOW,2.0,4524.0,0
2274,TX_0002274,0.0422,aggressive,ALLOW,2.0,4526.0,0
2275,TX_0002275,0.0375,current,ALLOW,2.0,4528.0,0
2276,TX_0002276,0.0711,current,ALLOW,2.0,4530.0,0
2277,TX_0002277,0.0388,aggressive,ALLOW,2.0,4532.0,0
2278,TX_0002278,0.1287,aggressive,ALLOW,2.0,4534.0,0
2279,TX_0002279,0.0433,aggressive,ALLOW,2.0,4536.0,0
2280,TX_0002280,0.1369,aggressive,ALLOW,2.0,4538.0,0
2281,TX_0002281,0.0413,aggressive,ALLOW,2.0,4540.0,0
2282,TX_0002282,0.0324,aggressive,ALLOW,2.0,4542.0,0
2283,TX_0002283,0.0733,aggressive,ALLOW,2.0,4544.0,0
2284,TX_0002284,0.0433,aggressive,ALLOW,2.0,4546.0,0
2285,TX_0002285,0.058,aggressive,ALLOW,2.0,4548.0,0
2286,TX_0002286,0.1092,aggressive,ALLOW,2.0,4550.0,0
2287,TX_0002287,0.0435,aggressive,ALLOW,2.0,4552.0,0
2288,TX_0002288,0.0297,aggressive,ALLOW,2.0,4554.0,0
2289,TX_0002289,0.0418,aggressive,ALLOW,2.0,4556.0,0
2290,TX_0002290,0.0717,aggressive,ALLOW,2.0,4558.0,0
2291,TX_0002291,0.0256,aggressive,ALLOW,2.0,4560.0,0
2292,TX_0002292,0.0355,aggressive,ALLOW,2.0,4562.0,0
2293,TX_0002293,0.0326,aggressive,ALLOW,2.0,4564.0,0
2294,TX_0002294,0.1323,aggressive,ALLOW,2.0,4566.0,0
2295,TX_0002295,0.0801,aggressive,ALLOW,2.0,4568.0,0
2296,TX_0002296,0.0396,aggressive,ALLOW,2.0,4570.0,0
2297,TX_0002297,0.0628,aggressive,ALLOW,2.0,4572.0,0
2298,TX_0002298,0.0298,aggressive,ALLOW,2.0,4574.0,0
2299,TX_0002299,0.0731,aggressive,ALLOW,2.0,4576.0,0
2300,TX_0002300,0.0381,aggressive,ALLOW,2.0,4578.0,0
2301,TX_0002301,0.0589,aggressive,ALLOW,2.0,4580.0,0
2302,TX_0002302,0.0517,aggressive,ALLOW,2.0,4582.0,0
2303,TX_0002303,0.2223,current,ALLOW,2.0,4584.0,0
2304,TX_0002304,0.0462,aggressive,ALLOW,2.0,4586.0,0
2305,TX_0002305,0.0638,aggressive,ALLOW,2.0,4588.0,0
2306,TX_0002306,0.0448,aggressive,ALLOW,2.0,4590.0,0
2307,TX_0002307,0.2104,aggressive,ALLOW,2.0,4592.0,0
2308,TX_0002308,0.0295,aggressive,ALLOW,2.0,4594.0,0
2309,TX_0002309,0.0298,aggressive,ALLOW,2.0,4596.0,0
2310,TX_0002310,0.0299,aggressive,ALLOW,2.0,4598.0,0
2311,TX_0002311,0.0457,aggressive,ALLOW,2.0,4600.0,0
2312,TX_0002312,0.0452,aggressive,ALLOW,2.0,4602.0,0
2313,TX_0002313,0.0344,aggressive,ALLOW,2.0,4604.0,0
2314,TX_0002314,0.2134,aggressive,ALLOW,2.0,4606.0,0
2315,TX_0002315,0.0451,aggressive,ALLOW,2.0,4608.0,0
2316,TX_0002316,0.0507,aggressive,ALLOW,2.0,4610.0,0
2317,TX_0002317,0.0571,aggressive,ALLOW,2.0,4612.0,0
2318,TX_0002318,0.0486,aggressive,ALLOW,2.0,4614.0,0
2319,TX_0002319,0.0521,aggressive,ALLOW,2.0,4616.0,0
2320,TX_0002320,0.0365,aggressive,ALLOW,2.0,4618.0,0
2321,TX_0002321,0.0865,aggressive,ALLOW,2.0,4620.0,0
2322,TX_0002322,0.0336,aggressive,ALLOW,2.0,4622.0,0
2323,TX_0002323,0.0465,aggressive,ALLOW,2.0,4624.0,0
2324,TX_0002324,0.0685,aggressive,ALLOW,2.0,4626.0,0
2325,TX_0002325,0.0388,aggressive,ALLOW,2.0,4628.0,0
2326,TX_0002326,0.0505,aggressive,ALLOW,2.0,4630.0,0
2327,TX_0002327,0.0515,aggressive,ALLOW,2.0,4632.0,0
2328,TX_0002328,0.064,aggressive,ALLOW,2.0,4634.0,0
2329,TX_0002329,0.0198,aggressive,ALLOW,2.0,4636.0,0
2330,TX_0002330,0.0681,aggressive,ALLOW,2.0,4638.0,0
2331,TX_0002331,0.0236,aggressive,ALLOW,2.0,4640.0,0
2332,TX_0002332,0.0626,aggressive,ALLOW,2.0,4642.0,0
2333,TX_0002333,0.0764,aggressive,ALLOW,2.0,4644.0,0
2334,TX_0002334,0.0856,aggressive,ALLOW,2.0,4646.0,0
2335,TX_0002335,0.0467,aggressive,ALLOW,2.0,4648.0,0
2336,TX_0002336,0.0862,aggressive,ALLOW,2.0,4650.0,0
2337,TX_0002337,0.0229,aggressive,ALLOW,2.0,4652.0,0
2338,TX_0002338,0.0638,aggressive,ALLOW,2.0,4654.0,0
2339,TX_0002339,0.0286,aggressive,ALLOW,2.0,4656.0,0
2340,TX_0002340,0.0464,aggressive,ALLOW,2.0,4658.0,0
2341,TX_0002341,0.1538,aggressive,ALLOW,2.0,4660.0,0
2342,TX_0002342,0.134,aggressive,ALLOW,2.0,4662.0,0
2343,TX_0002343,0.1494,aggressive,ALLOW,2.0,4664.0,0
2344,TX_0002344,0.0505,aggressive,ALLOW,2.0,4666.0,0
2345,TX_0002345,0.0248,aggressive,ALLOW,2.0,4668.0,0
2346,TX_0002346,0.1526,aggressive,ALLOW,2.0,4670.0,0
2347,TX_0002347,0.0699,aggressive,ALLOW,2.0,4672.0,0
2348,TX_0002348,0.0523,aggressive,ALLOW,2.0,4674.0,0
2349,TX_0002349,0.0452,aggressive,ALLOW,2.0,4676.0,0
2350,TX_0002350,0.0733,aggressive,ALLOW,2.0,4678.0,0
2351,TX_0002351,0.0288,aggressive,ALLOW,2.0,4680.0,0
2352,TX_0002352,0.2166,aggressive,ALLOW,2.0,4682.0,0
2353,TX_0002353,0.1075,aggressive,ALLOW,2.0,4684.0,0
2354,TX_0002354,0.0252,aggressive,ALLOW,2.0,4686.0,0
2355,TX_0002355,0.0231,aggressive,ALLOW,2.0,4688.0,0
2356,TX_0002356,0.1202,aggressive,ALLOW,2.0,4690.0,0
2357,TX_0002357,0.0824,aggressive,ALLOW,2.0,4692.0,0
2358,TX_0002358,0.0554,aggressive,ALLOW,2.0,4694.0,0
2359,TX_0002359,0.2241,aggressive,ALLOW,2.0,4696.0,0
2360,TX_0002360,0.0419,aggressive,ALLOW,2.0,4698.0,0
2361,TX_0002361,0.0674,aggressive,ALLOW,2.0,4700.0,0
2362,TX_0002362,0.0756,aggressive,ALLOW,2.0,4702.0,0
2363,TX_0002363,0.0421,aggressive,ALLOW,2.0,4704.0,0
2364,TX_0002364,0.0757,aggressive,ALLOW,2.0,4706.0,0
2365,TX_0002365,0.0343,current,ALLOW,2.0,4708.0,0
2366,TX_0002366,0.0762,aggressive,ALLOW,2.0,4710.0,0
2367,TX_0002367,0.0585,aggressive,ALLOW,2.0,4712.0,0
2368,TX_0002368,0.0501,aggressive,ALLOW,2.0,4714.0,0
2369,TX_0002369,0.0708,aggressive,ALLOW,2.0,4716.0,0
2370,TX_0002370,0.056,aggressive,ALLOW,2.0,4718.0,0
2371,TX_0002371,0.0251,aggressive,ALLOW,2.0,4720.0,0
2372,TX_0002372,0.0394,aggressive,ALLOW,2.0,4722.0,0
2373,TX_0002373,0.0785,aggressive,ALLOW,2.0,4724.0,0
2374,TX_0002374,0.0429,aggressive,ALLOW,2.0,4726.0,0
2375,TX_0002375,0.0361,aggressive,ALLOW,2.0,4728.0,0
2376,TX_0002376,0.0642,aggressive,ALLOW,2.0,4730.0,0
2377,TX_0002377,0.0947,aggressive,ALLOW,2.0,4732.0,0
2378,TX_0002378,0.0202,aggressive,ALLOW,2.0,4734.0,0
2379,TX_0002379,0.0439,aggressive,ALLOW,2.0,4736.0,0
2380,TX_0002380,0.08,aggressive,ALLOW,2.0,4738.0,0
2381,TX_0002381,0.0374,aggressive,ALLOW,2.0,4740.0,0
2382,TX_0002382,0.087,conservative,ALLOW,2.0,4742.0,0
2383,TX_0002383,0.0177,aggressive,ALLOW,2.0,4744.0,0
2384,TX_0002384,0.055,aggressive,ALLOW,2.0,4746.0,0
2385,TX_0002385,0.1484,aggressive,ALLOW,2.0,4748.0,0
2386,TX_0002386,0.192,aggressive,ALLOW,2.0,4750.0,0
2387,TX_0002387,0.0525,aggressive,ALLOW,2.0,4752.0,0
2388,TX_0002388,0.1665,aggressive,ALLOW,2.0,4754.0,0
2389,TX_0002389,0.0569,aggressive,ALLOW,2.0,4756.0,0
2390,TX_0002390,0.171,aggressive,ALLOW,2.0,4758.0,0
2391,TX_0002391,0.0331,aggressive,ALLOW,2.0,4760.0,0
2392,TX_0002392,0.0626,aggressive,ALLOW,2.0,4762.0,0
2393,TX_0002393,0.0519,aggressive,ALLOW,2.0,4764.0,0
2394,TX_0002394,0.1255,aggressive,ALLOW,2.0,4766.0,0
2395,TX_0002395,0.0375,aggressive,ALLOW,2.0,4768.0,0
2396,TX_0002396,0.2365,aggressive,ALLOW,2.0,4770.0,0
2397,TX_0002397,0.095,aggressive,ALLOW,2.0,4772.0,0
2398,TX_0002398,0.0116,aggressive,ALLOW,2.0,4774.0,0
2399,TX_0002399,0.0408,aggressive,ALLOW,2.0,4776.0,0
2400,TX_0002400,0.0843,aggressive,ALLOW,2.0,4778.0,0
2401,TX_0002401,0.0256,aggressive,ALLOW,2.0,4780.0,0
2402,TX_0002402,0.1333,aggressive,ALLOW,2.0,4782.0,0
2403,TX_0002403,0.042,aggressive,ALLOW,2.0,4784.0,0
2404,TX_0002404,0.0363,aggressive,ALLOW,2.0,4786.0,0
2405,TX_0002405,0.0694,aggressive,ALLOW,2.0,4788.0,0
2406,TX_0002406,0.0615,aggressive,ALLOW,2.0,4790.0,0
2407,TX_0002407,0.1171,aggressive,ALLOW,2.0,4792.0,0
2408,TX_0002408,0.0228,aggressive,ALLOW,2.0,4794.0,0
2409,TX_0002409,0.0733,aggressive,ALLOW,2.0,4796.0,0
2410,TX_0002410,0.0351,aggressive,ALLOW,2.0,4798.0,0
2411,TX_0002411,0.1031,aggressive,ALLOW,2.0,4800.0,0
2412,TX_0002412,0.0205,aggressive,ALLOW,2.0,4802.0,0
2413,TX_0002413,0.0278,aggressive,ALLOW,2.0,4804.0,0
2414,TX_0002414,0.0701,aggressive,ALLOW,2.0,4806.0,0
2415,TX_0002415,0.023,aggressive,ALLOW,2.0,4808.0,0
2416,TX_0002416,0.0264,aggressive,ALLOW,2.0,4810.0,0
2417,TX_0002417,0.0107,aggressive,ALLOW,2.0,4812.0,0
2418,TX_0002418,0.0391,aggressive,ALLOW,2.0,4814.0,0
2419,TX_0002419,0.0391,aggressive,ALLOW,2.0,4816.0,0
2420,TX_0002420,0.0904,aggressive,ALLOW,2.0,4818.0,0
2421,TX_0002421,0.0959,aggressive,ALLOW,2.0,4820.0,0
2422,TX_0002422,0.0764,aggressive,ALLOW,2.0,4822.0,0
2423,TX_0002423,0.1534,aggressive,ALLOW,2.0,4824.0,0
2424,TX_0002424,0.1069,aggressive,ALLOW,2.0,4826.0,0
2425,TX_0002425,0.0569,aggressive,ALLOW,2.0,4828.0,0
2426,TX_0002426,0.0756,aggressive,ALLOW,2.0,4830.0,0
2427,TX_0002427,0.0595,aggressive,ALLOW,2.0,4832.0,0
2428,TX_0002428,0.0723,aggressive,ALLOW,2.0,4834.0,0
2429,TX_0002429,0.0242,aggressive,ALLOW,2.0,4836.0,0
2430,TX_0002430,0.0387,aggressive,ALLOW,2.0,4838.0,0
2431,TX_0002431,0.0709,aggressive,ALLOW,2.0,4840.0,0
2432,TX_0002432,0.1122,aggressive,ALLOW,2.0,4842.0,0
2433,TX_0002433,0.033,aggressive,ALLOW,2.0,4844.0,0
2434,TX_0002434,0.2177,aggressive,ALLOW,2.0,4846.0,0
2435,TX_0002435,0.1222,aggressive,ALLOW,2.0,4848.0,0
2436,TX_0002436,0.0623,aggressive,ALLOW,2.0,4850.0,0
2437,TX_0002437,0.0514,aggressive,ALLOW,2.0,4852.0,0
2438,TX_0002438,0.0662,aggressive,ALLOW,2.0,4854.0,0
2439,TX_0002439,0.0699,aggressive,ALLOW,2.0,4856.0,0
2440,TX_0002440,0.2573,aggressive,ALLOW,2.0,4858.0,0
2441,TX_0002441,0.0493,aggressive,ALLOW,2.0,4860.0,0
2442,TX_0002442,0.0512,aggressive,ALLOW,2.0,4862.0,0
2443,TX_0002443,0.067,aggressive,ALLOW,2.0,4864.0,0
2444,TX_0002444,0.2213,conservative,REVIEW,-1.0,4863.0,0
2445,TX_0002445,0.0384,aggressive,ALLOW,2.0,4865.0,0
2446,TX_0002446,0.1556,aggressive,ALLOW,2.0,4867.0,0
2447,TX_0002447,0.0464,aggressive,ALLOW,2.0,4869.0,0
2448,TX_0002448,0.0431,aggressive,ALLOW,2.0,4871.0,0
2449,TX_0002449,0.0294,aggressive,ALLOW,2.0,4873.0,0
2450,TX_0002450,0.0473,aggressive,ALLOW,2.0,4875.0,0
2451,TX_0002451,0.1084,aggressive,ALLOW,2.0,4877.0,0
2452,TX_0002452,0.1077,current,ALLOW,2.0,4879.0,0
2453,TX_0002453,0.1209,aggressive,ALLOW,2.0,4881.0,0
2454,TX_0002454,0.0412,aggressive,ALLOW,2.0,4883.0,0
2455,TX_0002455,0.0667,aggressive,ALLOW,2.0,4885.0,0
2456,TX_0002456,0.0298,aggressive,ALLOW,2.0,4887.0,0
2457,TX_0002457,0.0398,aggressive,ALLOW,2.0,4889.0,0
2458,TX_0002458,0.1332,aggressive,ALLOW,2.0,4891.0,0
2459,TX_0002459,0.0721,aggressive,ALLOW,2.0,4893.0,0
2460,TX_0002460,0.0464,aggressive,ALLOW,2.0,4895.0,0
2461,TX_0002461,0.0377,aggressive,ALLOW,2.0,4897.0,0
2462,TX_0002462,0.1356,aggressive,ALLOW,2.0,4899.0,0
2463,TX_0002463,0.0285,aggressive,ALLOW,2.0,4901.0,0
2464,TX_0002464,0.2105,aggressive,ALLOW,2.0,4903.0,0
2465,TX_0002465,0.0335,aggressive,ALLOW,2.0,4905.0,0
2466,TX_0002466,0.0235,aggressive,ALLOW,2.0,4907.0,0
2467,TX_0002467,0.0182,aggressive,ALLOW,2.0,4909.0,0
2468,TX_0002468,0.0638,aggressive,ALLOW,2.0,4911.0,0
2469,TX_0002469,0.0695,aggressive,ALLOW,2.0,4913.0,0
2470,TX_0002470,0.0722,aggressive,ALLOW,2.0,4915.0,0
2471,TX_0002471,0.0443,aggressive,ALLOW,2.0,4917.0,0
2472,TX_0002472,0.036,aggressive,ALLOW,2.0,4919.0,0
2473,TX_0002473,0.1496,aggressive,ALLOW,2.0,4921.0,0
2474,TX_0002474,0.0826,aggressive,ALLOW,2.0,4923.0,0
2475,TX_0002475,0.0663,aggressive,ALLOW,2.0,4925.0,0
2476,TX_0002476,0.0316,current,ALLOW,2.0,4927.0,0
2477,TX_0002477,0.0585,aggressive,ALLOW,2.0,4929.0,0
2478,TX_0002478,0.0319,aggressive,ALLOW,2.0,4931.0,0
2479,TX_0002479,0.041,aggressive,ALLOW,2.0,4933.0,0
2480,TX_0002480,0.0454,aggressive,ALLOW,2.0,4935.0,0
2481,TX_0002481,0.0321,aggressive,ALLOW,2.0,4937.0,0
2482,TX_0002482,0.0317,aggressive,ALLOW,2.0,4939.0,0
2483,TX_0002483,0.154,aggressive,ALLOW,2.0,4941.0,0
2484,TX_0002484,0.0352,current,ALLOW,2.0,4943.0,0
2485,TX_0002485,0.0387,aggressive,ALLOW,2.0,4945.0,0
2486,TX_0002486,0.0859,aggressive,ALLOW,2.0,4947.0,0
2487,TX_0002487,0.1392,aggressive,ALLOW,2.0,4949.0,0
2488,TX_0002488,0.0878,aggressive,ALLOW,2.0,4951.0,0
2489,TX_0002489,0.0175,aggressive,ALLOW,2.0,4953.0,0
2490,TX_0002490,0.0437,aggressive,ALLOW,2.0,4955.0,0
2491,TX_0002491,0.0547,aggressive,ALLOW,2.0,4957.0,0
2492,TX_0002492,0.0484,aggressive,ALLOW,2.0,4959.0,0
2493,TX_0002493,0.045,aggressive,ALLOW,2.0,4961.0,0
2494,TX_0002494,0.0592,aggressive,ALLOW,2.0,4963.0,0
2495,TX_0002495,0.0458,aggressive,ALLOW,2.0,4965.0,0
2496,TX_0002496,0.1919,aggressive,ALLOW,2.0,4967.0,0
2497,TX_0002497,0.0559,aggressive,ALLOW,2.0,4969.0,0
2498,TX_0002498,0.0746,aggressive,ALLOW,2.0,4971.0,0
2499,TX_0002499,0.078,aggressive,ALLOW,2.0,4973.0,0
2500,TX_0002500,0.1249,aggressive,ALLOW,2.0,4975.0,0
2501,TX_0002501,0.0403,aggressive,ALLOW,2.0,4977.0,0
2502,TX_0002502,0.0382,aggressive,ALLOW,2.0,4979.0,0
2503,TX_0002503,0.1122,aggressive,ALLOW,2.0,4981.0,0
2504,TX_0002504,0.0581,aggressive,ALLOW,2.0,4983.0,0
2505,TX_0002505,0.0377,current,ALLOW,2.0,4985.0,0
2506,TX_0002506,0.0261,aggressive,ALLOW,2.0,4987.0,0
2507,TX_0002507,0.0272,aggressive,ALLOW,2.0,4989.0,0
2508,TX_0002508,0.0706,aggressive,ALLOW,2.0,4991.0,0
2509,TX_0002509,0.013,aggressive,ALLOW,2.0,4993.0,0
2510,TX_0002510,0.1686,aggressive,ALLOW,2.0,4995.0,0
2511,TX_0002511,0.0761,aggressive,ALLOW,2.0,4997.0,0
2512,TX_0002512,0.1424,aggressive,ALLOW,2.0,4999.0,0
2513,TX_0002513,0.0113,aggressive,ALLOW,2.0,5001.0,0
2514,TX_0002514,0.0589,aggressive,ALLOW,2.0,5003.0,0
2515,TX_0002515,0.0351,aggressive,ALLOW,2.0,5005.0,0
2516,TX_0002516,0.1693,aggressive,ALLOW,2.0,5007.0,0
2517,TX_0002517,0.0539,aggressive,ALLOW,2.0,5009.0,0
2518,TX_0002518,0.0694,aggressive,ALLOW,2.0,5011.0,0
2519,TX_0002519,0.0757,aggressive,ALLOW,2.0,5013.0,0
2520,TX_0002520,0.0499,aggressive,ALLOW,2.0,5015.0,0
2521,TX_0002521,0.0346,aggressive,ALLOW,2.0,5017.0,0
2522,TX_0002522,0.0479,aggressive,ALLOW,2.0,5019.0,0
2523,TX_0002523,0.1151,aggressive,ALLOW,2.0,5021.0,0
2524,TX_0002524,0.1338,current,ALLOW,2.0,5023.0,0
2525,TX_0002525,0.0349,aggressive,ALLOW,2.0,5025.0,0
2526,TX_0002526,0.0726,aggressive,ALLOW,2.0,5027.0,0
2527,TX_0002527,0.0384,aggressive,ALLOW,2.0,5029.0,0
2528,TX_0002528,0.0271,aggressive,ALLOW,2.0,5031.0,0
2529,TX_0002529,0.0391,aggressive,ALLOW,2.0,5033.0,0
2530,TX_0002530,0.028,conservative,ALLOW,2.0,5035.0,0
2531,TX_0002531,0.0722,aggressive,ALLOW,2.0,5037.0,0
2532,TX_0002532,0.0435,conservative,ALLOW,2.0,5039.0,0
2533,TX_0002533,0.0435,aggressive,ALLOW,2.0,5041.0,0
2534,TX_0002534,0.1784,aggressive,ALLOW,2.0,5043.0,0
2535,TX_0002535,0.0522,aggressive,ALLOW,2.0,5045.0,0
2536,TX_0002536,0.1262,aggressive,ALLOW,2.0,5047.0,0
2537,TX_0002537,0.069,aggressive,ALLOW,2.0,5049.0,0
2538,TX_0002538,0.0569,aggressive,ALLOW,2.0,5051.0,0
2539,TX_0002539,0.0271,aggressive,ALLOW,2.0,5053.0,0
2540,TX_0002540,0.0414,aggressive,ALLOW,2.0,5055.0,0
2541,TX_0002541,0.0521,aggressive,ALLOW,2.0,5057.0,0
2542,TX_0002542,0.0853,aggressive,ALLOW,2.0,5059.0,0
2543,TX_0002543,0.0706,aggressive,ALLOW,2.0,5061.0,0
2544,TX_0002544,0.136,aggressive,ALLOW,2.0,5063.0,0
2545,TX_0002545,0.0385,aggressive,ALLOW,2.0,5065.0,0
2546,TX_0002546,0.029,aggressive,ALLOW,2.0,5067.0,0
2547,TX_0002547,0.1248,aggressive,ALLOW,2.0,5069.0,0
2548,TX_0002548,0.0549,aggressive,ALLOW,2.0,5071.0,0
2549,TX_0002549,0.0312,aggressive,ALLOW,2.0,5073.0,0
2550,TX_0002550,0.0571,aggressive,ALLOW,2.0,5075.0,0
2551,TX_0002551,0.085,aggressive,ALLOW,2.0,5077.0,0
2552,TX_0002552,0.0631,current,ALLOW,2.0,5079.0,0
2553,TX_0002553,0.1403,aggressive,ALLOW,2.0,5081.0,0
2554,TX_0002554,0.0293,aggressive,ALLOW,2.0,5083.0,0
2555,TX_0002555,0.0732,aggressive,ALLOW,2.0,5085.0,0
2556,TX_0002556,0.0434,aggressive,ALLOW,2.0,5087.0,0
2557,TX_0002557,0.0215,current,ALLOW,2.0,5089.0,0
2558,TX_0002558,0.0458,aggressive,ALLOW,2.0,5091.0,0
2559,TX_0002559,0.0257,aggressive,ALLOW,2.0,5093.0,0
2560,TX_0002560,0.0309,aggressive,ALLOW,2.0,5095.0,0
2561,TX_0002561,0.0246,aggressive,ALLOW,2.0,5097.0,0
2562,TX_0002562,0.0618,aggressive,ALLOW,2.0,5099.0,0
2563,TX_0002563,0.0388,aggressive,ALLOW,2.0,5101.0,0
2564,TX_0002564,0.021,aggressive,ALLOW,2.0,5103.0,0
2565,TX_0002565,0.1111,aggressive,ALLOW,2.0,5105.0,0
2566,TX_0002566,0.0407,aggressive,ALLOW,2.0,5107.0,0
2567,TX_0002567,0.161,aggressive,ALLOW,2.0,5109.0,0
2568,TX_0002568,0.0951,aggressive,ALLOW,2.0,5111.0,0
2569,TX_0002569,0.0537,aggressive,ALLOW,2.0,5113.0,0
2570,TX_0002570,0.0662,aggressive,ALLOW,2.0,5115.0,0
2571,TX_0002571,0.0156,aggressive,ALLOW,2.0,5117.0,0
2572,TX_0002572,0.0233,aggressive,ALLOW,2.0,5119.0,0
2573,TX_0002573,0.0448,aggressive,ALLOW,2.0,5121.0,0
2574,TX_0002574,0.0428,aggressive,ALLOW,2.0,5123.0,0
2575,TX_0002575,0.0363,aggressive,ALLOW,2.0,5125.0,0
2576,TX_0002576,0.0373,aggressive,ALLOW,2.0,5127.0,0
2577,TX_0002577,0.0189,aggressive,ALLOW,2.0,5129.0,0
2578,TX_0002578,0.0391,aggressive,ALLOW,2.0,5131.0,0
2579,TX_0002579,0.0365,aggressive,ALLOW,2.0,5133.0,0
2580,TX_0002580,0.0473,aggressive,ALLOW,2.0,5135.0,0
2581,TX_0002581,0.0364,aggressive,ALLOW,2.0,5137.0,0
2582,TX_0002582,0.0418,aggressive,ALLOW,2.0,5139.0,0
2583,TX_0002583,0.0698,aggressive,ALLOW,2.0,5141.0,0
2584,TX_0002584,0.0409,aggressive,ALLOW,2.0,5143.0,0
2585,TX_0002585,0.0238,aggressive,ALLOW,2.0,5145.0,0
2586,TX_0002586,0.0368,aggressive,ALLOW,2.0,5147.0,0
2587,TX_0002587,0.0275,aggressive,ALLOW,2.0,5149.0,0
2588,TX_0002588,0.1645,aggressive,ALLOW,2.0,5151.0,0
2589,TX_0002589,0.0302,aggressive,ALLOW,2.0,5153.0,0
2590,TX_0002590,0.2022,aggressive,ALLOW,2.0,5155.0,0
2591,TX_0002591,0.0939,aggressive,ALLOW,2.0,5157.0,0
2592,TX_0002592,0.0404,aggressive,ALLOW,2.0,5159.0,0
2593,TX_0002593,0.0385,aggressive,ALLOW,2.0,5161.0,0
2594,TX_0002594,0.023,aggressive,ALLOW,2.0,5163.0,0
2595,TX_0002595,0.1346,aggressive,ALLOW,2.0,5165.0,0
2596,TX_0002596,0.0399,aggressive,ALLOW,2.0,5167.0,0
2597,TX_0002597,0.0764,aggressive,ALLOW,2.0,5169.0,0
2598,TX_0002598,0.0444,conservative,ALLOW,2.0,5171.0,0
2599,TX_0002599,0.0547,aggressive,ALLOW,2.0,5173.0,0
2600,TX_0002600,0.0804,aggressive,ALLOW,2.0,5175.0,0
2601,TX_0002601,0.055,conservative,ALLOW,2.0,5177.0,0
2602,TX_0002602,0.0951,aggressive,ALLOW,2.0,5179.0,0
2603,TX_0002603,0.0396,aggressive,ALLOW,2.0,5181.0,0
2604,TX_0002604,0.0563,aggressive,ALLOW,2.0,5183.0,0
2605,TX_0002605,0.0382,aggressive,ALLOW,2.0,5185.0,0
2606,TX_0002606,0.0709,aggressive,ALLOW,2.0,5187.0,0
2607,TX_0002607,0.0441,aggressive,ALLOW,2.0,5189.0,0
2608,TX_0002608,0.1696,aggressive,ALLOW,2.0,5191.0,0
2609,TX_0002609,0.0644,conservative,ALLOW,2.0,5193.0,0
2610,TX_0002610,0.0477,aggressive,ALLOW,2.0,5195.0,0
2611,TX_0002611,0.0859,aggressive,ALLOW,2.0,5197.0,0
2612,TX_0002612,0.0545,aggressive,ALLOW,2.0,5199.0,0
2613,TX_0002613,0.0754,aggressive,ALLOW,2.0,5201.0,0
2614,TX_0002614,0.0534,aggressive,ALLOW,2.0,5203.0,0
2615,TX_0002615,0.0265,aggressive,ALLOW,2.0,5205.0,0
2616,TX_0002616,0.0429,aggressive,ALLOW,2.0,5207.0,0
2617,TX_0002617,0.0806,aggressive,ALLOW,2.0,5209.0,0
2618,TX_0002618,0.1212,aggressive,ALLOW,2.0,5211.0,0
2619,TX_0002619,0.0966,aggressive,ALLOW,2.0,5213.0,0
2620,TX_0002620,0.0387,aggressive,ALLOW,2.0,5215.0,0
2621,TX_0002621,0.0662,aggressive,ALLOW,2.0,5217.0,0
2622,TX_0002622,0.0402,aggressive,ALLOW,2.0,5219.0,0
2623,TX_0002623,0.1326,aggressive,ALLOW,2.0,5221.0,0
2624,TX_0002624,0.0302,aggressive,ALLOW,2.0,5223.0,0
2625,TX_0002625,0.0944,aggressive,ALLOW,2.0,5225.0,0
2626,TX_0002626,0.0254,aggressive,ALLOW,2.0,5227.0,0
2627,TX_0002627,0.1077,aggressive,ALLOW,2.0,5229.0,0
2628,TX_0002628,0.0337,aggressive,ALLOW,2.0,5231.0,0
2629,TX_0002629,0.0737,aggressive,ALLOW,2.0,5233.0,0
2630,TX_0002630,0.1215,aggressive,ALLOW,2.0,5235.0,0
2631,TX_0002631,0.0855,aggressive,ALLOW,2.0,5237.0,0
2632,TX_0002632,0.0413,aggressive,ALLOW,2.0,5239.0,0
2633,TX_0002633,0.0605,aggressive,ALLOW,2.0,5241.0,0
2634,TX_0002634,0.1524,aggressive,ALLOW,2.0,5243.0,0
2635,TX_0002635,0.1083,aggressive,ALLOW,2.0,5245.0,0
2636,TX_0002636,0.1211,aggressive,ALLOW,2.0,5247.0,0
2637,TX_0002637,0.111,conservative,ALLOW,2.0,5249.0,0
2638,TX_0002638,0.0277,aggressive,ALLOW,2.0,5251.0,0
2639,TX_0002639,0.0322,aggressive,ALLOW,2.0,5253.0,0
2640,TX_0002640,0.0404,aggressive,ALLOW,2.0,5255.0,0
2641,TX_0002641,0.375,aggressive,ALLOW,2.0,5257.0,0
2642,TX_0002642,0.0452,aggressive,ALLOW,2.0,5259.0,0
2643,TX_0002643,0.0403,conservative,ALLOW,2.0,5261.0,0
2644,TX_0002644,0.0516,aggressive,ALLOW,2.0,5263.0,0
2645,TX_0002645,0.1078,aggressive,ALLOW,2.0,5265.0,0
2646,TX_0002646,0.033,aggressive,ALLOW,2.0,5267.0,0
2647,TX_0002647,0.0539,aggressive,ALLOW,2.0,5269.0,0
2648,TX_0002648,0.0536,aggressive,ALLOW,2.0,5271.0,0
2649,TX_0002649,0.0744,aggressive,ALLOW,2.0,5273.0,0
2650,TX_0002650,0.1059,aggressive,ALLOW,2.0,5275.0,0
2651,TX_0002651,0.0305,aggressive,ALLOW,2.0,5277.0,0
2652,TX_0002652,0.1837,aggressive,ALLOW,2.0,5279.0,0
2653,TX_0002653,0.0409,aggressive,ALLOW,2.0,5281.0,0
2654,TX_0002654,0.0299,aggressive,ALLOW,2.0,5283.0,0
2655,TX_0002655,0.1075,aggressive,ALLOW,2.0,5285.0,0
2656,TX_0002656,0.0246,aggressive,ALLOW,2.0,5287.0,0
2657,TX_0002657,0.1268,aggressive,ALLOW,2.0,5289.0,0
2658,TX_0002658,0.1145,aggressive,ALLOW,2.0,5291.0,0
2659,TX_0002659,0.0826,aggressive,ALLOW,2.0,5293.0,0
2660,TX_0002660,0.0426,aggressive,ALLOW,2.0,5295.0,0
2661,TX_0002661,0.0372,aggressive,ALLOW,2.0,5297.0,0
2662,TX_0002662,0.0407,aggressive,ALLOW,2.0,5299.0,0
2663,TX_0002663,0.0939,aggressive,ALLOW,2.0,5301.0,0
2664,TX_0002664,0.0994,aggressive,ALLOW,2.0,5303.0,0
2665,TX_0002665,0.0372,aggressive,ALLOW,2.0,5305.0,0
2666,TX_0002666,0.0391,conservative,ALLOW,2.0,5307.0,0
2667,TX_0002667,0.0604,aggressive,ALLOW,2.0,5309.0,0
2668,TX_0002668,0.1186,current,ALLOW,2.0,5311.0,0
2669,TX_0002669,0.1229,aggressive,ALLOW,2.0,5313.0,0
2670,TX_0002670,0.0499,aggressive,ALLOW,2.0,5315.0,0
2671,TX_0002671,0.0461,aggressive,ALLOW,2.0,5317.0,0
2672,TX_0002672,0.0478,aggressive,ALLOW,2.0,5319.0,0
2673,TX_0002673,0.0514,aggressive,ALLOW,2.0,5321.0,0
2674,TX_0002674,0.0291,aggressive,ALLOW,2.0,5323.0,0
2675,TX_0002675,0.072,aggressive,ALLOW,2.0,5325.0,0
2676,TX_0002676,0.0249,aggressive,ALLOW,2.0,5327.0,0
2677,TX_0002677,0.0393,aggressive,ALLOW,2.0,5329.0,0
2678,TX_0002678,0.1077,aggressive,ALLOW,2.0,5331.0,0
2679,TX_0002679,0.0649,aggressive,ALLOW,2.0,5333.0,0
2680,TX_0002680,0.0788,aggressive,ALLOW,2.0,5335.0,0
2681,TX_0002681,0.0266,aggressive,ALLOW,2.0,5337.0,0
2682,TX_0002682,0.129,aggressive,ALLOW,2.0,5339.0,0
2683,TX_0002683,0.0234,aggressive,ALLOW,2.0,5341.0,0
2684,TX_0002684,0.0393,aggressive,ALLOW,2.0,5343.0,0
2685,TX_0002685,0.0501,aggressive,ALLOW,2.0,5345.0,0
2686,TX_0002686,0.0836,aggressive,ALLOW,2.0,5347.0,0
2687,TX_0002687,0.0324,aggressive,ALLOW,2.0,5349.0,0
2688,TX_0002688,0.171,aggressive,ALLOW,2.0,5351.0,0
2689,TX_0002689,0.0967,aggressive,ALLOW,2.0,5353.0,0
2690,TX_0002690,0.1001,aggressive,ALLOW,2.0,5355.0,0
2691,TX_0002691,0.0526,aggressive,ALLOW,2.0,5357.0,0
2692,TX_0002692,0.0869,aggressive,ALLOW,2.0,5359.0,0
2693,TX_0002693,0.0362,aggressive,ALLOW,2.0,5361.0,0
2694,TX_0002694,0.0245,aggressive,ALLOW,2.0,5363.0,0
2695,TX_0002695,0.0709,conservative,ALLOW,2.0,5365.0,0
2696,TX_0002696,0.0555,aggressive,ALLOW,2.0,5367.0,0
2697,TX_0002697,0.0288,aggressive,ALLOW,2.0,5369.0,0
2698,TX_0002698,0.0305,aggressive,ALLOW,2.0,5371.0,0
2699,TX_0002699,0.1612,aggressive,ALLOW,2.0,5373.0,0
2700,TX_0002700,0.0438,aggressive,ALLOW,2.0,5375.0,0
2701,TX_0002701,0.0698,aggressive,ALLOW,2.0,5377.0,0
2702,TX_0002702,0.043,aggressive,ALLOW,2.0,5379.0,0
2703,TX_0002703,0.0524,aggressive,ALLOW,2.0,5381.0,0
2704,TX_0002704,0.0617,aggressive,ALLOW,2.0,5383.0,0
2705,TX_0002705,0.0516,aggressive,ALLOW,2.0,5385.0,0
2706,TX_0002706,0.0525,aggressive,ALLOW,2.0,5387.0,0
2707,TX_0002707,0.1004,aggressive,ALLOW,2.0,5389.0,0
2708,TX_0002708,0.0307,aggressive,ALLOW,2.0,5391.0,0
2709,TX_0002709,0.2099,aggressive,ALLOW,2.0,5393.0,0
2710,TX_0002710,0.0272,aggressive,ALLOW,2.0,5395.0,0
2711,TX_0002711,0.0664,aggressive,ALLOW,2.0,5397.0,0
2712,TX_0002712,0.0693,aggressive,ALLOW,2.0,5399.0,0
2713,TX_0002713,0.0814,aggressive,ALLOW,2.0,5401.0,0
2714,TX_0002714,0.0649,aggressive,ALLOW,2.0,5403.0,0
2715,TX_0002715,0.0192,aggressive,ALLOW,2.0,5405.0,0
2716,TX_0002716,0.0222,aggressive,ALLOW,2.0,5407.0,0
2717,TX_0002717,0.1482,aggressive,ALLOW,2.0,5409.0,0
2718,TX_0002718,0.0677,aggressive,ALLOW,2.0,5411.0,0
2719,TX_0002719,0.0239,aggressive,ALLOW,2.0,5413.0,0
2720,TX_0002720,0.0677,aggressive,ALLOW,2.0,5415.0,0
2721,TX_0002721,0.0495,aggressive,ALLOW,2.0,5417.0,0
2722,TX_0002722,0.111,aggressive,ALLOW,2.0,5419.0,0
2723,TX_0002723,0.0526,aggressive,ALLOW,2.0,5421.0,0
2724,TX_0002724,0.0432,conservative,ALLOW,2.0,5423.0,0
2725,TX_0002725,0.0342,aggressive,ALLOW,2.0,5425.0,0
2726,TX_0002726,0.061,aggressive,ALLOW,2.0,5427.0,0
2727,TX_0002727,0.0565,aggressive,ALLOW,2.0,5429.0,0
2728,TX_0002728,0.1597,aggressive,ALLOW,2.0,5431.0,0
2729,TX_0002729,0.0534,aggressive,ALLOW,2.0,5433.0,0
2730,TX_0002730,0.051,aggressive,ALLOW,2.0,5435.0,0
2731,TX_0002731,0.0809,aggressive,ALLOW,2.0,5437.0,0
2732,TX_0002732,0.0761,aggressive,ALLOW,2.0,5439.0,0
2733,TX_0002733,0.0641,aggressive,ALLOW,2.0,5441.0,0
2734,TX_0002734,0.1031,aggressive,ALLOW,2.0,5443.0,0
2735,TX_0002735,0.0415,aggressive,ALLOW,2.0,5445.0,0
2736,TX_0002736,0.0668,aggressive,ALLOW,2.0,5447.0,0
2737,TX_0002737,0.0529,aggressive,ALLOW,2.0,5449.0,0
2738,TX_0002738,0.076,aggressive,ALLOW,2.0,5451.0,0
2739,TX_0002739,0.0387,aggressive,ALLOW,2.0,5453.0,0
2740,TX_0002740,0.161,aggressive,ALLOW,2.0,5455.0,0
2741,TX_0002741,0.0744,aggressive,ALLOW,2.0,5457.0,0
2742,TX_0002742,0.0562,aggressive,ALLOW,2.0,5459.0,0
2743,TX_0002743,0.0422,aggressive,ALLOW,2.0,5461.0,0
2744,TX_0002744,0.0366,aggressive,ALLOW,2.0,5463.0,0
2745,TX_0002745,0.0451,aggressive,ALLOW,2.0,5465.0,0
2746,TX_0002746,0.0643,aggressive,ALLOW,2.0,5467.0,0
2747,TX_0002747,0.1226,aggressive,ALLOW,2.0,5469.0,0
2748,TX_0002748,0.0914,aggressive,ALLOW,2.0,5471.0,0
2749,TX_0002749,0.2631,aggressive,ALLOW,2.0,5473.0,0
2750,TX_0002750,0.0815,aggressive,ALLOW,2.0,5475.0,0
2751,TX_0002751,0.0233,aggressive,ALLOW,2.0,5477.0,0
2752,TX_0002752,0.0467,aggressive,ALLOW,2.0,5479.0,0
2753,TX_0002753,0.0473,aggressive,ALLOW,2.0,5481.0,0
2754,TX_0002754,0.0233,aggressive,ALLOW,2.0,5483.0,0
2755,TX_0002755,0.1181,aggressive,ALLOW,2.0,5485.0,0
2756,TX_0002756,0.0602,aggressive,ALLOW,2.0,5487.0,0
2757,TX_0002757,0.0652,aggressive,ALLOW,2.0,5489.0,0
2758,TX_0002758,0.0724,aggressive,ALLOW,2.0,5491.0,0
2759,TX_0002759,0.0804,aggressive,ALLOW,2.0,5493.0,0
2760,TX_0002760,0.0202,aggressive,ALLOW,2.0,5495.0,0
2761,TX_0002761,0.0912,aggressive,ALLOW,2.0,5497.0,0
2762,TX_0002762,0.1359,aggressive,ALLOW,2.0,5499.0,0
2763,TX_0002763,0.0752,aggressive,ALLOW,2.0,5501.0,0
2764,TX_0002764,0.107,aggressive,ALLOW,2.0,5503.0,0
2765,TX_0002765,0.041,aggressive,ALLOW,2.0,5505.0,0
2766,TX_0002766,0.0526,aggressive,ALLOW,2.0,5507.0,0
2767,TX_0002767,0.0375,aggressive,ALLOW,2.0,5509.0,0
2768,TX_0002768,0.0324,aggressive,ALLOW,2.0,5511.0,0
2769,TX_0002769,0.094,current,ALLOW,2.0,5513.0,0
2770,TX_0002770,0.1069,aggressive,ALLOW,2.0,5515.0,0
2771,TX_0002771,0.1834,aggressive,ALLOW,2.0,5517.0,0
2772,TX_0002772,0.1207,aggressive,ALLOW,2.0,5519.0,0
2773,TX_0002773,0.1951,aggressive,ALLOW,2.0,5521.0,0
2774,TX_0002774,0.0401,aggressive,ALLOW,2.0,5523.0,0
2775,TX_0002775,0.218,aggressive,ALLOW,2.0,5525.0,0
2776,TX_0002776,0.0683,aggressive,ALLOW,2.0,5527.0,0
2777,TX_0002777,0.0963,aggressive,ALLOW,2.0,5529.0,0
2778,TX_0002778,0.0773,aggressive,ALLOW,2.0,5531.0,0
2779,TX_0002779,0.0962,aggressive,ALLOW,2.0,5533.0,0
2780,TX_0002780,0.0221,aggressive,ALLOW,2.0,5535.0,0
2781,TX_0002781,0.0377,aggressive,ALLOW,2.0,5537.0,0
2782,TX_0002782,0.0286,aggressive,ALLOW,2.0,5539.0,0
2783,TX_0002783,0.0696,aggressive,ALLOW,2.0,5541.0,0
2784,TX_0002784,0.0332,aggressive,ALLOW,2.0,5543.0,0
2785,TX_0002785,0.0706,aggressive,ALLOW,2.0,5545.0,0
2786,TX_0002786,0.0206,aggressive,ALLOW,2.0,5547.0,0
2787,TX_0002787,0.0728,aggressive,ALLOW,2.0,5549.0,0
2788,TX_0002788,0.0376,aggressive,ALLOW,2.0,5551.0,0
2789,TX_0002789,0.1361,conservative,ALLOW,2.0,5553.0,0
2790,TX_0002790,0.0447,aggressive,ALLOW,2.0,5555.0,0
2791,TX_0002791,0.0387,aggressive,ALLOW,2.0,5557.0,0
2792,TX_0002792,0.1269,aggressive,ALLOW,2.0,5559.0,0
2793,TX_0002793,0.0561,aggressive,ALLOW,2.0,5561.0,0
2794,TX_0002794,0.1395,aggressive,ALLOW,2.0,5563.0,0
2795,TX_0002795,0.0839,aggressive,ALLOW,2.0,5565.0,0
2796,TX_0002796,0.0399,aggressive,ALLOW,2.0,5567.0,0
2797,TX_0002797,0.1603,aggressive,ALLOW,2.0,5569.0,0
2798,TX_0002798,0.1381,aggressive,ALLOW,2.0,5571.0,0
2799,TX_0002799,0.0297,aggressive,ALLOW,2.0,5573.0,0
2800,TX_0002800,0.0572,aggressive,ALLOW,2.0,5575.0,0
2801,TX_0002801,0.0616,aggressive,ALLOW,2.0,5577.0,0
2802,TX_0002802,0.065,aggressive,ALLOW,2.0,5579.0,0
2803,TX_0002803,0.0426,current,ALLOW,2.0,5581.0,0
2804,TX_0002804,0.1058,aggressive,ALLOW,2.0,5583.0,0
2805,TX_0002805,0.0199,aggressive,ALLOW,2.0,5585.0,0
2806,TX_0002806,0.0517,aggressive,ALLOW,2.0,5587.0,0
2807,TX_0002807,0.1309,aggressive,ALLOW,2.0,5589.0,0
2808,TX_0002808,0.195,aggressive,ALLOW,2.0,5591.0,0
2809,TX_0002809,0.0755,aggressive,ALLOW,2.0,5593.0,0
2810,TX_0002810,0.0753,aggressive,ALLOW,2.0,5595.0,0
2811,TX_0002811,0.0214,aggressive,ALLOW,2.0,5597.0,0
2812,TX_0002812,0.2161,aggressive,ALLOW,2.0,5599.0,0
2813,TX_0002813,0.0402,aggressive,ALLOW,2.0,5601.0,0
2814,TX_0002814,0.0354,aggressive,ALLOW,2.0,5603.0,0
2815,TX_0002815,0.0601,aggressive,ALLOW,2.0,5605.0,0
2816,TX_0002816,0.0641,aggressive,ALLOW,2.0,5607.0,0
2817,TX_0002817,0.0595,aggressive,ALLOW,2.0,5609.0,0
2818,TX_0002818,0.0397,aggressive,ALLOW,2.0,5611.0,0
2819,TX_0002819,0.0664,aggressive,ALLOW,2.0,5613.0,0
2820,TX_0002820,0.0438,aggressive,ALLOW,2.0,5615.0,0
2821,TX_0002821,0.0427,aggressive,ALLOW,2.0,5617.0,0
2822,TX_0002822,0.0786,aggressive,ALLOW,2.0,5619.0,0
2823,TX_0002823,0.0758,aggressive,ALLOW,2.0,5621.0,0
2824,TX_0002824,0.0458,aggressive,ALLOW,2.0,5623.0,0
2825,TX_0002825,0.1227,aggressive,ALLOW,2.0,5625.0,0
2826,TX_0002826,0.1195,aggressive,ALLOW,2.0,5627.0,0
2827,TX_0002827,0.0324,aggressive,ALLOW,2.0,5629.0,0
2828,TX_0002828,0.064,aggressive,ALLOW,2.0,5631.0,0
2829,TX_0002829,0.0827,aggressive,ALLOW,2.0,5633.0,0
2830,TX_0002830,0.1494,aggressive,ALLOW,2.0,5635.0,0
2831,TX_0002831,0.1504,current,ALLOW,2.0,5637.0,0
2832,TX_0002832,0.033,conservative,ALLOW,2.0,5639.0,0
2833,TX_0002833,0.0464,aggressive,ALLOW,2.0,5641.0,0
2834,TX_0002834,0.1109,aggressive,ALLOW,2.0,5643.0,0
2835,TX_0002835,0.0663,aggressive,ALLOW,2.0,5645.0,0
2836,TX_0002836,0.1451,current,ALLOW,2.0,5647.0,0
2837,TX_0002837,0.0798,aggressive,ALLOW,2.0,5649.0,0
2838,TX_0002838,0.0399,current,ALLOW,2.0,5651.0,0
2839,TX_0002839,0.0477,aggressive,ALLOW,2.0,5653.0,0
2840,TX_0002840,0.0387,conservative,ALLOW,2.0,5655.0,0
2841,TX_0002841,0.0793,aggressive,ALLOW,2.0,5657.0,0
2842,TX_0002842,0.1202,aggressive,ALLOW,2.0,5659.0,0
2843,TX_0002843,0.0929,aggressive,ALLOW,2.0,5661.0,0
2844,TX_0002844,0.0458,aggressive,ALLOW,2.0,5663.0,0
2845,TX_0002845,0.0719,aggressive,ALLOW,2.0,5665.0,0
2846,TX_0002846,0.0286,aggressive,ALLOW,2.0,5667.0,0
2847,TX_0002847,0.1424,aggressive,ALLOW,2.0,5669.0,0
2848,TX_0002848,0.0371,aggressive,ALLOW,2.0,5671.0,0
2849,TX_0002849,0.0384,aggressive,ALLOW,2.0,5673.0,0
2850,TX_0002850,0.0436,aggressive,ALLOW,2.0,5675.0,0
2851,TX_0002851,0.0573,aggressive,ALLOW,2.0,5677.0,0
2852,TX_0002852,0.0319,aggressive,ALLOW,2.0,5679.0,0
2853,TX_0002853,0.0824,aggressive,ALLOW,2.0,5681.0,0
2854,TX_0002854,0.0381,aggressive,ALLOW,2.0,5683.0,0
2855,TX_0002855,0.0812,aggressive,ALLOW,2.0,5685.0,0
2856,TX_0002856,0.0874,aggressive,ALLOW,2.0,5687.0,0
2857,TX_0002857,0.0733,aggressive,ALLOW,2.0,5689.0,0
2858,TX_0002858,0.0596,aggressive,ALLOW,2.0,5691.0,0
2859,TX_0002859,0.0256,aggressive,ALLOW,2.0,5693.0,0
2860,TX_0002860,0.0382,aggressive,ALLOW,2.0,5695.0,0
2861,TX_0002861,0.0294,conservative,ALLOW,2.0,5697.0,0
2862,TX_0002862,0.111,aggressive,ALLOW,2.0,5699.0,0
2863,TX_0002863,0.0773,aggressive,ALLOW,2.0,5701.0,0
2864,TX_0002864,0.0337,aggressive,ALLOW,2.0,5703.0,0
2865,TX_0002865,0.1006,conservative,ALLOW,2.0,5705.0,0
2866,TX_0002866,0.0692,aggressive,ALLOW,2.0,5707.0,0
2867,TX_0002867,0.0228,aggressive,ALLOW,2.0,5709.0,0
2868,TX_0002868,0.1476,aggressive,ALLOW,2.0,5711.0,0
2869,TX_0002869,0.0816,aggressive,ALLOW,2.0,5713.0,0
2870,TX_0002870,0.0722,aggressive,ALLOW,2.0,5715.0,0
2871,TX_0002871,0.0314,aggressive,ALLOW,2.0,5717.0,0
2872,TX_0002872,0.0547,aggressive,ALLOW,2.0,5719.0,0
2873,TX_0002873,0.195,aggressive,ALLOW,2.0,5721.0,0
2874,TX_0002874,0.0298,aggressive,ALLOW,2.0,5723.0,0
2875,TX_0002875,0.1023,aggressive,ALLOW,2.0,5725.0,0
2876,TX_0002876,0.093,aggressive,ALLOW,2.0,5727.0,0
2877,TX_0002877,0.1753,aggressive,ALLOW,2.0,5729.0,0
2878,TX_0002878,0.0578,aggressive,ALLOW,2.0,5731.0,0
2879,TX_0002879,0.0855,aggressive,ALLOW,2.0,5733.0,0
2880,TX_0002880,0.0203,aggressive,ALLOW,2.0,5735.0,0
2881,TX_0002881,0.0372,aggressive,ALLOW,2.0,5737.0,0
2882,TX_0002882,0.1671,current,ALLOW,2.0,5739.0,0
2883,TX_0002883,0.0486,aggressive,ALLOW,2.0,5741.0,0
2884,TX_0002884,0.0679,aggressive,ALLOW,2.0,5743.0,0
2885,TX_0002885,0.0469,aggressive,ALLOW,2.0,5745.0,0
2886,TX_0002886,0.0502,current,ALLOW,2.0,5747.0,0
2887,TX_0002887,0.0693,aggressive,ALLOW,2.0,5749.0,0
2888,TX_0002888,0.0264,aggressive,ALLOW,2.0,5751.0,0
2889,TX_0002889,0.1706,aggressive,ALLOW,2.0,5753.0,0
2890,TX_0002890,0.0353,aggressive,ALLOW,2.0,5755.0,0
2891,TX_0002891,0.0417,aggressive,ALLOW,2.0,5757.0,0
2892,TX_0002892,0.0586,aggressive,ALLOW,2.0,5759.0,0
2893,TX_0002893,0.0633,aggressive,ALLOW,2.0,5761.0,0
2894,TX_0002894,0.0393,conservative,ALLOW,2.0,5763.0,0
2895,TX_0002895,0.1219,aggressive,ALLOW,2.0,5765.0,0
2896,TX_0002896,0.0883,aggressive,ALLOW,2.0,5767.0,0
2897,TX_0002897,0.0656,current,ALLOW,2.0,5769.0,0
2898,TX_0002898,0.1014,aggressive,ALLOW,2.0,5771.0,0
2899,TX_0002899,0.0367,conservative,ALLOW,2.0,5773.0,0
2900,TX_0002900,0.1307,current,ALLOW,2.0,5775.0,0
2901,TX_0002901,0.1048,aggressive,ALLOW,2.0,5777.0,0
2902,TX_0002902,0.0772,aggressive,ALLOW,2.0,5779.0,0
2903,TX_0002903,0.0301,aggressive,ALLOW,2.0,5781.0,0
2904,TX_0002904,0.0461,aggressive,ALLOW,2.0,5783.0,0
2905,TX_0002905,0.0337,aggressive,ALLOW,2.0,5785.0,0
2906,TX_0002906,0.1094,aggressive,ALLOW,2.0,5787.0,0
2907,TX_0002907,0.0418,aggressive,ALLOW,2.0,5789.0,0
2908,TX_0002908,0.041,aggressive,ALLOW,2.0,5791.0,0
2909,TX_0002909,0.0403,aggressive,ALLOW,2.0,5793.0,0
2910,TX_0002910,0.0656,aggressive,ALLOW,2.0,5795.0,0
2911,TX_0002911,0.0533,aggressive,ALLOW,2.0,5797.0,0
2912,TX_0002912,0.0288,aggressive,ALLOW,2.0,5799.0,0
2913,TX_0002913,0.0302,aggressive,ALLOW,2.0,5801.0,0
2914,TX_0002914,0.0554,aggressive,ALLOW,2.0,5803.0,0
2915,TX_0002915,0.1178,aggressive,ALLOW,2.0,5805.0,0
2916,TX_0002916,0.1214,aggressive,ALLOW,2.0,5807.0,0
2917,TX_0002917,0.0549,current,ALLOW,2.0,5809.0,0
2918,TX_0002918,0.0702,aggressive,ALLOW,2.0,5811.0,0
2919,TX_0002919,0.0407,current,ALLOW,2.0,5813.0,0
2920,TX_0002920,0.0711,aggressive,ALLOW,2.0,5815.0,0
2921,TX_0002921,0.1581,aggressive,ALLOW,2.0,5817.0,0
2922,TX_0002922,0.0804,aggressive,ALLOW,2.0,5819.0,0
2923,TX_0002923,0.1534,aggressive,ALLOW,2.0,5821.0,0
2924,TX_0002924,0.0382,aggressive,ALLOW,2.0,5823.0,0
2925,TX_0002925,0.1186,aggressive,ALLOW,2.0,5825.0,0
2926,TX_0002926,0.2241,aggressive,ALLOW,2.0,5827.0,0
2927,TX_0002927,0.038,aggressive,ALLOW,2.0,5829.0,0
2928,TX_0002928,0.0913,conservative,ALLOW,2.0,5831.0,0
2929,TX_0002929,0.0414,aggressive,ALLOW,2.0,5833.0,0
2930,TX_0002930,0.036,aggressive,ALLOW,2.0,5835.0,0
2931,TX_0002931,0.0331,aggressive,ALLOW,2.0,5837.0,0
2932,TX_0002932,0.0873,aggressive,ALLOW,2.0,5839.0,0
2933,TX_0002933,0.045,aggressive,ALLOW,2.0,5841.0,0
2934,TX_0002934,0.034,aggressive,ALLOW,2.0,5843.0,0
2935,TX_0002935,0.0526,aggressive,ALLOW,2.0,5845.0,0
2936,TX_0002936,0.0307,conservative,ALLOW,2.0,5847.0,0
2937,TX_0002937,0.0775,aggressive,ALLOW,2.0,5849.0,0
2938,TX_0002938,0.0687,aggressive,ALLOW,2.0,5851.0,0
2939,TX_0002939,0.0966,aggressive,ALLOW,2.0,5853.0,0
2940,TX_0002940,0.0351,aggressive,ALLOW,2.0,5855.0,0
2941,TX_0002941,0.0974,aggressive,ALLOW,2.0,5857.0,0
2942,TX_0002942,0.0814,aggressive,ALLOW,2.0,5859.0,0
2943,TX_0002943,0.0713,aggressive,ALLOW,2.0,5861.0,0
2944,TX_0002944,0.0979,aggressive,ALLOW,2.0,5863.0,0
2945,TX_0002945,0.0201,aggressive,ALLOW,2.0,5865.0,0
2946,TX_0002946,0.0822,aggressive,ALLOW,2.0,5867.0,0
2947,TX_0002947,0.4066,aggressive,REVIEW,-1.0,5866.0,0
2948,TX_0002948,0.0367,aggressive,ALLOW,2.0,5868.0,0
2949,TX_0002949,0.1149,aggressive,ALLOW,2.0,5870.0,0
2950,TX_0002950,0.0209,aggressive,ALLOW,2.0,5872.0,0
2951,TX_0002951,0.0171,aggressive,ALLOW,2.0,5874.0,0
2952,TX_0002952,0.0608,aggressive,ALLOW,2.0,5876.0,0
2953,TX_0002953,0.0788,current,ALLOW,2.0,5878.0,0
2954,TX_0002954,0.0848,aggressive,ALLOW,2.0,5880.0,0
2955,TX_0002955,0.0308,aggressive,ALLOW,2.0,5882.0,0
2956,TX_0002956,0.4589,aggressive,REVIEW,-1.0,5881.0,0
2957,TX_0002957,0.168,aggressive,ALLOW,2.0,5883.0,0
2958,TX_0002958,0.0494,aggressive,ALLOW,2.0,5885.0,0
2959,TX_0002959,0.0467,aggressive,ALLOW,2.0,5887.0,0
2960,TX_0002960,0.0502,aggressive,ALLOW,2.0,5889.0,0
2961,TX_0002961,0.0264,aggressive,ALLOW,2.0,5891.0,0
2962,TX_0002962,0.1293,aggressive,ALLOW,2.0,5893.0,0
2963,TX_0002963,0.0314,aggressive,ALLOW,2.0,5895.0,0
2964,TX_0002964,0.5606,aggressive,REVIEW,-1.0,5894.0,0
2965,TX_0002965,0.0226,aggressive,ALLOW,2.0,5896.0,0
2966,TX_0002966,0.0485,aggressive,ALLOW,2.0,5898.0,0
2967,TX_0002967,0.0501,aggressive,ALLOW,2.0,5900.0,0
2968,TX_0002968,0.0908,aggressive,ALLOW,2.0,5902.0,0
2969,TX_0002969,0.0854,aggressive,ALLOW,2.0,5904.0,0
2970,TX_0002970,0.0737,aggressive,ALLOW,2.0,5906.0,0
2971,TX_0002971,0.0297,aggressive,ALLOW,2.0,5908.0,0
2972,TX_0002972,0.1222,aggressive,ALLOW,2.0,5910.0,0
2973,TX_0002973,0.0745,aggressive,ALLOW,2.0,5912.0,0
2974,TX_0002974,0.0247,aggressive,ALLOW,2.0,5914.0,0
2975,TX_0002975,0.0639,aggressive,ALLOW,2.0,5916.0,0
2976,TX_0002976,0.1255,conservative,ALLOW,2.0,5918.0,0
2977,TX_0002977,0.0959,aggressive,ALLOW,2.0,5920.0,0
2978,TX_0002978,0.0832,conservative,ALLOW,2.0,5922.0,0
2979,TX_0002979,0.0522,aggressive,ALLOW,2.0,5924.0,0
2980,TX_0002980,0.0571,aggressive,ALLOW,2.0,5926.0,0
2981,TX_0002981,0.044,aggressive,ALLOW,2.0,5928.0,0
2982,TX_0002982,0.0443,aggressive,ALLOW,2.0,5930.0,0
2983,TX_0002983,0.033,aggressive,ALLOW,2.0,5932.0,0
2984,TX_0002984,0.0755,aggressive,ALLOW,2.0,5934.0,0
2985,TX_0002985,0.0198,aggressive,ALLOW,2.0,5936.0,0
2986,TX_0002986,0.195,aggressive,ALLOW,2.0,5938.0,0
2987,TX_0002987,0.0702,aggressive,ALLOW,2.0,5940.0,0
2988,TX_0002988,0.5292,aggressive,REVIEW,-1.0,5939.0,0
2989,TX_0002989,0.0542,aggressive,ALLOW,2.0,5941.0,0
2990,TX_0002990,0.0424,aggressive,ALLOW,2.0,5943.0,0
2991,TX_0002991,0.0554,aggressive,ALLOW,2.0,5945.0,0
2992,TX_0002992,0.0309,current,ALLOW,2.0,5947.0,0
2993,TX_0002993,0.0402,current,ALLOW,2.0,5949.0,0
2994,TX_0002994,0.0368,aggressive,ALLOW,2.0,5951.0,0
2995,TX_0002995,0.0549,aggressive,ALLOW,2.0,5953.0,0
2996,TX_0002996,0.0173,aggressive,ALLOW,2.0,5955.0,0
2997,TX_0002997,0.1121,aggressive,ALLOW,2.0,5957.0,0
2998,TX_0002998,0.0171,aggressive,ALLOW,2.0,5959.0,0
2999,TX_0002999,0.0703,aggressive,ALLOW,2.0,5961.0,0
3000,TX_0003000,0.0556,aggressive,ALLOW,2.0,5963.0,0
3001,TX_0003001,0.0832,aggressive,ALLOW,2.0,5965.0,0
3002,TX_0003002,0.0403,aggressive,ALLOW,2.0,5967.0,0
3003,TX_0003003,0.1579,aggressive,ALLOW,2.0,5969.0,0
3004,TX_0003004,0.0544,aggressive,ALLOW,2.0,5971.0,0
3005,TX_0003005,0.1417,aggressive,ALLOW,2.0,5973.0,0
3006,TX_0003006,0.0198,aggressive,ALLOW,2.0,5975.0,0
3007,TX_0003007,0.0722,aggressive,ALLOW,2.0,5977.0,0
3008,TX_0003008,0.0238,aggressive,ALLOW,2.0,5979.0,0
3009,TX_0003009,0.0755,aggressive,ALLOW,2.0,5981.0,0
3010,TX_0003010,0.0904,aggressive,ALLOW,2.0,5983.0,0
3011,TX_0003011,0.0202,aggressive,ALLOW,2.0,5985.0,0
3012,TX_0003012,0.0636,aggressive,ALLOW,2.0,5987.0,0
3013,TX_0003013,0.1037,aggressive,ALLOW,2.0,5989.0,0
3014,TX_0003014,0.0285,aggressive,ALLOW,2.0,5991.0,0
3015,TX_0003015,0.1496,aggressive,ALLOW,2.0,5993.0,0
3016,TX_0003016,0.0571,aggressive,ALLOW,2.0,5995.0,0
3017,TX_0003017,0.1194,aggressive,ALLOW,2.0,5997.0,0
3018,TX_0003018,0.0538,aggressive,ALLOW,2.0,5999.0,0
3019,TX_0003019,0.069,aggressive,ALLOW,2.0,6001.0,0
3020,TX_0003020,0.1485,aggressive,ALLOW,2.0,6003.0,0
3021,TX_0003021,0.1068,aggressive,ALLOW,2.0,6005.0,0
3022,TX_0003022,0.0436,aggressive,ALLOW,2.0,6007.0,0
3023,TX_0003023,0.048,aggressive,ALLOW,2.0,6009.0,0
3024,TX_0003024,0.0376,aggressive,ALLOW,2.0,6011.0,0
3025,TX_0003025,0.0588,aggressive,ALLOW,2.0,6013.0,0
3026,TX_0003026,0.1042,aggressive,ALLOW,2.0,6015.0,0
3027,TX_0003027,0.0446,aggressive,ALLOW,2.0,6017.0,0
3028,TX_0003028,0.0507,aggressive,ALLOW,2.0,6019.0,0
3029,TX_0003029,0.0199,aggressive,ALLOW,2.0,6021.0,0
3030,TX_0003030,0.1426,aggressive,ALLOW,2.0,6023.0,0
3031,TX_0003031,0.0451,aggressive,ALLOW,2.0,6025.0,0
3032,TX_0003032,0.0225,aggressive,ALLOW,2.0,6027.0,0
3033,TX_0003033,0.1147,aggressive,ALLOW,2.0,6029.0,0
3034,TX_0003034,0.0386,aggressive,ALLOW,2.0,6031.0,0
3035,TX_0003035,0.0444,aggressive,ALLOW,2.0,6033.0,0
3036,TX_0003036,0.1095,aggressive,ALLOW,2.0,6035.0,0
3037,TX_0003037,0.0356,aggressive,ALLOW,2.0,6037.0,0
3038,TX_0003038,0.0636,aggressive,ALLOW,2.0,6039.0,0
3039,TX_0003039,0.0426,aggressive,ALLOW,2.0,6041.0,0
3040,TX_0003040,0.0722,aggressive,ALLOW,2.0,6043.0,0
3041,TX_0003041,0.1824,aggressive,ALLOW,2.0,6045.0,0
3042,TX_0003042,0.0314,aggressive,ALLOW,2.0,6047.0,0
3043,TX_0003043,0.0713,aggressive,ALLOW,2.0,6049.0,0
3044,TX_0003044,0.0436,aggressive,ALLOW,2.0,6051.0,0
3045,TX_0003045,0.0699,aggressive,ALLOW,2.0,6053.0,0
3046,TX_0003046,0.0297,aggressive,ALLOW,2.0,6055.0,0
3047,TX_0003047,0.1123,aggressive,ALLOW,2.0,6057.0,0
3048,TX_0003048,0.077,aggressive,ALLOW,2.0,6059.0,0
3049,TX_0003049,0.0562,aggressive,ALLOW,2.0,6061.0,0
3050,TX_0003050,0.1194,aggressive,ALLOW,2.0,6063.0,0
3051,TX_0003051,0.0356,aggressive,ALLOW,2.0,6065.0,0
3052,TX_0003052,0.0815,aggressive,ALLOW,2.0,6067.0,0
3053,TX_0003053,0.0813,aggressive,ALLOW,2.0,6069.0,0
3054,TX_0003054,0.0937,aggressive,ALLOW,2.0,6071.0,0
3055,TX_0003055,0.1771,aggressive,ALLOW,2.0,6073.0,0
3056,TX_0003056,0.0724,aggressive,ALLOW,2.0,6075.0,0
3057,TX_0003057,0.0823,aggressive,ALLOW,2.0,6077.0,0
3058,TX_0003058,0.1412,aggressive,ALLOW,2.0,6079.0,0
3059,TX_0003059,0.0688,aggressive,ALLOW,2.0,6081.0,0
3060,TX_0003060,0.0303,aggressive,ALLOW,2.0,6083.0,0
3061,TX_0003061,0.028,aggressive,ALLOW,2.0,6085.0,0
3062,TX_0003062,0.0698,aggressive,ALLOW,2.0,6087.0,0
3063,TX_0003063,0.0547,conservative,ALLOW,2.0,6089.0,0
3064,TX_0003064,0.0323,aggressive,ALLOW,2.0,6091.0,0
3065,TX_0003065,0.0401,aggressive,ALLOW,2.0,6093.0,0
3066,TX_0003066,0.0859,aggressive,ALLOW,2.0,6095.0,0
3067,TX_0003067,0.0512,aggressive,ALLOW,2.0,6097.0,0
3068,TX_0003068,0.1366,aggressive,ALLOW,2.0,6099.0,0
3069,TX_0003069,0.0432,aggressive,ALLOW,2.0,6101.0,0
3070,TX_0003070,0.0402,aggressive,ALLOW,2.0,6103.0,0
3071,TX_0003071,0.043,aggressive,ALLOW,2.0,6105.0,0
3072,TX_0003072,0.0304,aggressive,ALLOW,2.0,6107.0,0
3073,TX_0003073,0.0781,aggressive,ALLOW,2.0,6109.0,0
3074,TX_0003074,0.0414,aggressive,ALLOW,2.0,6111.0,0
3075,TX_0003075,0.0419,aggressive,ALLOW,2.0,6113.0,0
3076,TX_0003076,0.089,aggressive,ALLOW,2.0,6115.0,0
3077,TX_0003077,0.2191,aggressive,ALLOW,2.0,6117.0,0
3078,TX_0003078,0.0674,aggressive,ALLOW,2.0,6119.0,0
3079,TX_0003079,0.0423,aggressive,ALLOW,2.0,6121.0,0
3080,TX_0003080,0.1633,aggressive,ALLOW,2.0,6123.0,0
3081,TX_0003081,0.0186,aggressive,ALLOW,2.0,6125.0,0
3082,TX_0003082,0.049,aggressive,ALLOW,2.0,6127.0,0
3083,TX_0003083,0.0343,aggressive,ALLOW,2.0,6129.0,0
3084,TX_0003084,0.1723,aggressive,ALLOW,2.0,6131.0,0
3085,TX_0003085,0.0294,aggressive,ALLOW,2.0,6133.0,0
3086,TX_0003086,0.0565,aggressive,ALLOW,2.0,6135.0,0
3087,TX_0003087,0.051,aggressive,ALLOW,2.0,6137.0,0
3088,TX_0003088,0.079,aggressive,ALLOW,2.0,6139.0,0
3089,TX_0003089,0.1045,aggressive,ALLOW,2.0,6141.0,0
3090,TX_0003090,0.0615,aggressive,ALLOW,2.0,6143.0,0
3091,TX_0003091,0.0545,aggressive,ALLOW,2.0,6145.0,0
3092,TX_0003092,0.0457,aggressive,ALLOW,2.0,6147.0,0
3093,TX_0003093,0.2214,aggressive,ALLOW,2.0,6149.0,0
3094,TX_0003094,0.0795,aggressive,ALLOW,2.0,6151.0,0
3095,TX_0003095,0.0523,aggressive,ALLOW,2.0,6153.0,0
3096,TX_0003096,0.1008,aggressive,ALLOW,2.0,6155.0,0
3097,TX_0003097,0.0615,aggressive,ALLOW,2.0,6157.0,0
3098,TX_0003098,0.0427,aggressive,ALLOW,2.0,6159.0,0
3099,TX_0003099,0.175,aggressive,ALLOW,2.0,6161.0,0
3100,TX_0003100,0.1174,aggressive,ALLOW,2.0,6163.0,0
3101,TX_0003101,0.147,aggressive,ALLOW,2.0,6165.0,0
3102,TX_0003102,0.0766,aggressive,ALLOW,2.0,6167.0,0
3103,TX_0003103,0.1685,aggressive,ALLOW,2.0,6169.0,0
3104,TX_0003104,0.0433,aggressive,ALLOW,2.0,6171.0,0
3105,TX_0003105,0.0532,aggressive,ALLOW,2.0,6173.0,0
3106,TX_0003106,0.0778,aggressive,ALLOW,2.0,6175.0,0
3107,TX_0003107,0.0477,aggressive,ALLOW,2.0,6177.0,0
3108,TX_0003108,0.0689,aggressive,ALLOW,2.0,6179.0,0
3109,TX_0003109,0.0697,aggressive,ALLOW,2.0,6181.0,0
3110,TX_0003110,0.0433,aggressive,ALLOW,2.0,6183.0,0
3111,TX_0003111,0.0347,aggressive,ALLOW,2.0,6185.0,0
3112,TX_0003112,0.0796,aggressive,ALLOW,2.0,6187.0,0
3113,TX_0003113,0.0467,aggressive,ALLOW,2.0,6189.0,0
3114,TX_0003114,0.178,aggressive,ALLOW,2.0,6191.0,0
3115,TX_0003115,0.1198,aggressive,ALLOW,2.0,6193.0,0
3116,TX_0003116,0.0238,aggressive,ALLOW,2.0,6195.0,0
3117,TX_0003117,0.0551,aggressive,ALLOW,2.0,6197.0,0
3118,TX_0003118,0.0711,aggressive,ALLOW,2.0,6199.0,0
3119,TX_0003119,0.1778,aggressive,ALLOW,2.0,6201.0,0
3120,TX_0003120,0.1594,aggressive,ALLOW,2.0,6203.0,0
3121,TX_0003121,0.0975,aggressive,ALLOW,2.0,6205.0,0
3122,TX_0003122,0.0419,aggressive,ALLOW,2.0,6207.0,0
3123,TX_0003123,0.0863,aggressive,ALLOW,2.0,6209.0,0
3124,TX_0003124,0.03,aggressive,ALLOW,2.0,6211.0,0
3125,TX_0003125,0.1227,aggressive,ALLOW,2.0,6213.0,0
3126,TX_0003126,0.037,aggressive,ALLOW,2.0,6215.0,0
3127,TX_0003127,0.0663,aggressive,ALLOW,2.0,6217.0,0
3128,TX_0003128,0.0458,aggressive,ALLOW,2.0,6219.0,0
3129,TX_0003129,0.0239,aggressive,ALLOW,2.0,6221.0,0
3130,TX_0003130,0.043,aggressive,ALLOW,2.0,6223.0,0
3131,TX_0003131,0.2253,aggressive,ALLOW,2.0,6225.0,0
3132,TX_0003132,0.0563,aggressive,ALLOW,2.0,6227.0,0
3133,TX_0003133,0.0495,aggressive,ALLOW,2.0,6229.0,0
3134,TX_0003134,0.0404,aggressive,ALLOW,2.0,6231.0,0
3135,TX_0003135,0.0751,aggressive,ALLOW,2.0,6233.0,0
3136,TX_0003136,0.0813,aggressive,ALLOW,2.0,6235.0,0
3137,TX_0003137,0.051,aggressive,ALLOW,2.0,6237.0,0
3138,TX_0003138,0.1502,aggressive,ALLOW,2.0,6239.0,0
3139,TX_0003139,0.1149,aggressive,ALLOW,2.0,6241.0,0
3140,TX_0003140,0.1741,conservative,ALLOW,2.0,6243.0,0
3141,TX_0003141,0.054,aggressive,ALLOW,2.0,6245.0,0
3142,TX_0003142,0.0794,aggressive,ALLOW,2.0,6247.0,0
3143,TX_0003143,0.0515,aggressive,ALLOW,2.0,6249.0,0
3144,TX_0003144,0.0648,aggressive,ALLOW,2.0,6251.0,0
3145,TX_0003145,0.0615,aggressive,ALLOW,2.0,6253.0,0
3146,TX_0003146,0.171,conservative,ALLOW,2.0,6255.0,0
3147,TX_0003147,0.0534,aggressive,ALLOW,2.0,6257.0,0
3148,TX_0003148,0.0396,aggressive,ALLOW,2.0,6259.0,0
3149,TX_0003149,0.0668,aggressive,ALLOW,2.0,6261.0,0
3150,TX_0003150,0.0351,aggressive,ALLOW,2.0,6263.0,0
3151,TX_0003151,0.0607,aggressive,ALLOW,2.0,6265.0,0
3152,TX_0003152,0.1077,current,ALLOW,2.0,6267.0,0
3153,TX_0003153,0.082,aggressive,ALLOW,2.0,6269.0,0
3154,TX_0003154,0.0346,aggressive,ALLOW,2.0,6271.0,0
3155,TX_0003155,0.0694,aggressive,ALLOW,2.0,6273.0,0
3156,TX_0003156,0.1591,aggressive,ALLOW,2.0,6275.0,0
3157,TX_0003157,0.1279,aggressive,ALLOW,2.0,6277.0,0
3158,TX_0003158,0.0381,aggressive,ALLOW,2.0,6279.0,0
3159,TX_0003159,0.0632,aggressive,ALLOW,2.0,6281.0,0
3160,TX_0003160,0.0182,aggressive,ALLOW,2.0,6283.0,0
3161,TX_0003161,0.0534,aggressive,ALLOW,2.0,6285.0,0
3162,TX_0003162,0.0469,aggressive,ALLOW,2.0,6287.0,0
3163,TX_0003163,0.2642,aggressive,ALLOW,2.0,6289.0,0
3164,TX_0003164,0.0399,aggressive,ALLOW,2.0,6291.0,0
3165,TX_0003165,0.043,aggressive,ALLOW,2.0,6293.0,0
3166,TX_0003166,0.0488,aggressive,ALLOW,2.0,6295.0,0
3167,TX_0003167,0.0186,aggressive,ALLOW,2.0,6297.0,0
3168,TX_0003168,0.1193,aggressive,ALLOW,2.0,6299.0,0
3169,TX_0003169,0.0546,conservative,ALLOW,2.0,6301.0,0
3170,TX_0003170,0.0908,aggressive,ALLOW,2.0,6303.0,0
3171,TX_0003171,0.0676,aggressive,ALLOW,2.0,6305.0,0
3172,TX_0003172,0.0644,aggressive,ALLOW,2.0,6307.0,0
3173,TX_0003173,0.1642,aggressive,ALLOW,2.0,6309.0,0
3174,TX_0003174,0.0574,aggressive,ALLOW,2.0,6311.0,0
3175,TX_0003175,0.015,aggressive,ALLOW,2.0,6313.0,0
3176,TX_0003176,0.0466,aggressive,ALLOW,2.0,6315.0,0
3177,TX_0003177,0.0644,aggressive,ALLOW,2.0,6317.0,0
3178,TX_0003178,0.1527,aggressive,ALLOW,2.0,6319.0,0
3179,TX_0003179,0.0645,aggressive,ALLOW,2.0,6321.0,0
3180,TX_0003180,0.0642,aggressive,ALLOW,2.0,6323.0,0
3181,TX_0003181,0.0415,aggressive,ALLOW,2.0,6325.0,0
3182,TX_0003182,0.0448,aggressive,ALLOW,2.0,6327.0,0
3183,TX_0003183,0.0419,conservative,ALLOW,2.0,6329.0,0
3184,TX_0003184,0.0337,aggressive,ALLOW,2.0,6331.0,0
3185,TX_0003185,0.0401,aggressive,ALLOW,2.0,6333.0,0
3186,TX_0003186,0.0584,aggressive,ALLOW,2.0,6335.0,0
3187,TX_0003187,0.0402,aggressive,ALLOW,2.0,6337.0,0
3188,TX_0003188,0.0333,aggressive,ALLOW,2.0,6339.0,0
3189,TX_0003189,0.0948,aggressive,ALLOW,2.0,6341.0,0
3190,TX_0003190,0.1034,aggressive,ALLOW,2.0,6343.0,0
3191,TX_0003191,0.1078,aggressive,ALLOW,2.0,6345.0,0
3192,TX_0003192,0.0357,aggressive,ALLOW,2.0,6347.0,0
3193,TX_0003193,0.0621,aggressive,ALLOW,2.0,6349.0,0
3194,TX_0003194,0.0794,aggressive,ALLOW,2.0,6351.0,0
3195,TX_0003195,0.0731,aggressive,ALLOW,2.0,6353.0,0
3196,TX_0003196,0.0553,aggressive,ALLOW,2.0,6355.0,0
3197,TX_0003197,0.0388,aggressive,ALLOW,2.0,6357.0,0
3198,TX_0003198,0.0675,aggressive,ALLOW,2.0,6359.0,0
3199,TX_0003199,0.0234,aggressive,ALLOW,2.0,6361.0,0
3200,TX_0003200,0.0422,aggressive,ALLOW,2.0,6363.0,0
3201,TX_0003201,0.178,aggressive,ALLOW,2.0,6365.0,0
3202,TX_0003202,0.0702,aggressive,ALLOW,2.0,6367.0,0
3203,TX_0003203,0.0792,aggressive,ALLOW,2.0,6369.0,0
3204,TX_0003204,0.1354,aggressive,ALLOW,2.0,6371.0,0
3205,TX_0003205,0.0368,aggressive,ALLOW,2.0,6373.0,0
3206,TX_0003206,0.1544,aggressive,ALLOW,2.0,6375.0,0
3207,TX_0003207,0.026,aggressive,ALLOW,2.0,6377.0,0
3208,TX_0003208,0.1195,aggressive,ALLOW,2.0,6379.0,0
3209,TX_0003209,0.0191,aggressive,ALLOW,2.0,6381.0,0
3210,TX_0003210,0.07,aggressive,ALLOW,2.0,6383.0,0
3211,TX_0003211,0.0451,aggressive,ALLOW,2.0,6385.0,0
3212,TX_0003212,0.0848,aggressive,ALLOW,2.0,6387.0,0
3213,TX_0003213,0.0307,conservative,ALLOW,2.0,6389.0,0
3214,TX_0003214,0.1174,current,ALLOW,2.0,6391.0,0
3215,TX_0003215,0.063,aggressive,ALLOW,2.0,6393.0,0
3216,TX_0003216,0.1569,aggressive,ALLOW,2.0,6395.0,0
3217,TX_0003217,0.0309,aggressive,ALLOW,2.0,6397.0,0
3218,TX_0003218,0.0603,aggressive,ALLOW,2.0,6399.0,0
3219,TX_0003219,0.0339,aggressive,ALLOW,2.0,6401.0,0
3220,TX_0003220,0.0681,aggressive,ALLOW,2.0,6403.0,0
3221,TX_0003221,0.0811,aggressive,ALLOW,2.0,6405.0,0
3222,TX_0003222,0.0648,conservative,ALLOW,2.0,6407.0,0
3223,TX_0003223,0.026,aggressive,ALLOW,2.0,6409.0,0
3224,TX_0003224,0.0319,aggressive,ALLOW,2.0,6411.0,0
3225,TX_0003225,0.0546,aggressive,ALLOW,2.0,6413.0,0
3226,TX_0003226,0.1314,aggressive,ALLOW,2.0,6415.0,0
3227,TX_0003227,0.0234,aggressive,ALLOW,2.0,6417.0,0
3228,TX_0003228,0.0156,aggressive,ALLOW,2.0,6419.0,0
3229,TX_0003229,0.1665,aggressive,ALLOW,2.0,6421.0,0
3230,TX_0003230,0.0753,aggressive,ALLOW,2.0,6423.0,0
3231,TX_0003231,0.0479,aggressive,ALLOW,2.0,6425.0,0
3232,TX_0003232,0.0225,aggressive,ALLOW,2.0,6427.0,0
3233,TX_0003233,0.0493,current,ALLOW,2.0,6429.0,0
3234,TX_0003234,0.0439,aggressive,ALLOW,2.0,6431.0,0
3235,TX_0003235,0.0432,aggressive,ALLOW,2.0,6433.0,0
3236,TX_0003236,0.0372,aggressive,ALLOW,2.0,6435.0,0
3237,TX_0003237,0.0545,aggressive,ALLOW,2.0,6437.0,0
3238,TX_0003238,0.0398,aggressive,ALLOW,2.0,6439.0,0
3239,TX_0003239,0.0293,aggressive,ALLOW,2.0,6441.0,0
3240,TX_0003240,0.0604,aggressive,ALLOW,2.0,6443.0,0
3241,TX_0003241,0.0402,aggressive,ALLOW,2.0,6445.0,0
3242,TX_0003242,0.055,aggressive,ALLOW,2.0,6447.0,0
3243,TX_0003243,0.1644,aggressive,ALLOW,2.0,6449.0,0
3244,TX_0003244,0.0303,aggressive,ALLOW,2.0,6451.0,0
3245,TX_0003245,0.0427,aggressive,ALLOW,2.0,6453.0,0
3246,TX_0003246,0.0216,aggressive,ALLOW,2.0,6455.0,0
3247,TX_0003247,0.0324,aggressive,ALLOW,2.0,6457.0,0
3248,TX_0003248,0.0481,aggressive,ALLOW,2.0,6459.0,0
3249,TX_0003249,0.1047,aggressive,ALLOW,2.0,6461.0,0
3250,TX_0003250,0.0858,aggressive,ALLOW,2.0,6463.0,0
3251,TX_0003251,0.104,aggressive,ALLOW,2.0,6465.0,0
3252,TX_0003252,0.1043,current,ALLOW,2.0,6467.0,0
3253,TX_0003253,0.0462,aggressive,ALLOW,2.0,6469.0,0
3254,TX_0003254,0.0387,current,ALLOW,2.0,6471.0,0
3255,TX_0003255,0.0585,aggressive,ALLOW,2.0,6473.0,0
3256,TX_0003256,0.06,aggressive,ALLOW,2.0,6475.0,0
3257,TX_0003257,0.0351,aggressive,ALLOW,2.0,6477.0,0
3258,TX_0003258,0.1538,aggressive,ALLOW,2.0,6479.0,0
3259,TX_0003259,0.0538,conservative,ALLOW,2.0,6481.0,0
3260,TX_0003260,0.0248,aggressive,ALLOW,2.0,6483.0,0
3261,TX_0003261,0.0268,aggressive,ALLOW,2.0,6485.0,0
3262,TX_0003262,0.1302,aggressive,ALLOW,2.0,6487.0,0
3263,TX_0003263,0.0673,aggressive,ALLOW,2.0,6489.0,0
3264,TX_0003264,0.1323,current,ALLOW,2.0,6491.0,0
3265,TX_0003265,0.0342,aggressive,ALLOW,2.0,6493.0,0
3266,TX_0003266,0.1813,aggressive,ALLOW,2.0,6495.0,0
3267,TX_0003267,0.0376,aggressive,ALLOW,2.0,6497.0,0
3268,TX_0003268,0.0482,aggressive,ALLOW,2.0,6499.0,0
3269,TX_0003269,0.0853,aggressive,ALLOW,2.0,6501.0,0
3270,TX_0003270,0.035,aggressive,ALLOW,2.0,6503.0,0
3271,TX_0003271,0.0541,aggressive,ALLOW,2.0,6505.0,0
3272,TX_0003272,0.0366,aggressive,ALLOW,2.0,6507.0,0
3273,TX_0003273,0.0852,aggressive,ALLOW,2.0,6509.0,0
3274,TX_0003274,0.0652,aggressive,ALLOW,2.0,6511.0,0
3275,TX_0003275,0.0702,aggressive,ALLOW,2.0,6513.0,0
3276,TX_0003276,0.0562,aggressive,ALLOW,2.0,6515.0,0
3277,TX_0003277,0.2163,aggressive,ALLOW,2.0,6517.0,0
3278,TX_0003278,0.0413,aggressive,ALLOW,2.0,6519.0,0
3279,TX_0003279,0.0412,aggressive,ALLOW,2.0,6521.0,0
3280,TX_0003280,0.0611,aggressive,ALLOW,2.0,6523.0,0
3281,TX_0003281,0.0685,aggressive,ALLOW,2.0,6525.0,0
3282,TX_0003282,0.1733,aggressive,ALLOW,2.0,6527.0,0
3283,TX_0003283,0.1493,aggressive,ALLOW,2.0,6529.0,0
3284,TX_0003284,0.0537,aggressive,ALLOW,2.0,6531.0,0
3285,TX_0003285,0.1308,aggressive,ALLOW,2.0,6533.0,0
3286,TX_0003286,0.1503,aggressive,ALLOW,2.0,6535.0,0
3287,TX_0003287,0.1084,aggressive,ALLOW,2.0,6537.0,0
3288,TX_0003288,0.0762,aggressive,ALLOW,2.0,6539.0,0
3289,TX_0003289,0.0436,aggressive,ALLOW,2.0,6541.0,0
3290,TX_0003290,0.0757,aggressive,ALLOW,2.0,6543.0,0
3291,TX_0003291,0.0402,aggressive,ALLOW,2.0,6545.0,0
3292,TX_0003292,0.1004,aggressive,ALLOW,2.0,6547.0,0
3293,TX_0003293,0.8664,aggressive,BLOCK,3.0,6550.0,1
3294,TX_0003294,0.048,aggressive,ALLOW,2.0,6552.0,0
3295,TX_0003295,0.0305,aggressive,ALLOW,2.0,6554.0,0
3296,TX_0003296,0.0585,aggressive,ALLOW,2.0,6556.0,0
3297,TX_0003297,0.0384,aggressive,ALLOW,2.0,6558.0,0
3298,TX_0003298,0.8718,aggressive,BLOCK,3.0,6561.0,1
3299,TX_0003299,0.0571,aggressive,ALLOW,2.0,6563.0,0
3300,TX_0003300,0.0427,aggressive,ALLOW,2.0,6565.0,0
3301,TX_0003301,0.1238,aggressive,ALLOW,2.0,6567.0,0
3302,TX_0003302,0.0951,aggressive,ALLOW,2.0,6569.0,0
3303,TX_0003303,0.0229,aggressive,ALLOW,2.0,6571.0,0
3304,TX_0003304,0.8716,aggressive,BLOCK,3.0,6574.0,1
3305,TX_0003305,0.0772,aggressive,ALLOW,2.0,6576.0,0
3306,TX_0003306,0.0836,aggressive,ALLOW,2.0,6578.0,0
3307,TX_0003307,0.027,aggressive,ALLOW,2.0,6580.0,0
3308,TX_0003308,0.0386,aggressive,ALLOW,2.0,6582.0,0
3309,TX_0003309,0.8845,aggressive,BLOCK,3.0,6585.0,1
3310,TX_0003310,0.0697,aggressive,ALLOW,2.0,6587.0,0
3311,TX_0003311,0.0432,aggressive,ALLOW,2.0,6589.0,0
3312,TX_0003312,0.0222,aggressive,ALLOW,2.0,6591.0,0
3313,TX_0003313,0.0256,aggressive,ALLOW,2.0,6593.0,0
3314,TX_0003314,0.0671,aggressive,ALLOW,2.0,6595.0,0
3315,TX_0003315,0.1758,aggressive,ALLOW,2.0,6597.0,0
3316,TX_0003316,0.027,aggressive,ALLOW,2.0,6599.0,0
3317,TX_0003317,0.0637,aggressive,ALLOW,2.0,6601.0,0
3318,TX_0003318,0.0697,aggressive,ALLOW,2.0,6603.0,0
3319,TX_0003319,0.0912,aggressive,ALLOW,2.0,6605.0,0
3320,TX_0003320,0.0453,aggressive,ALLOW,2.0,6607.0,0
3321,TX_0003321,0.158,aggressive,ALLOW,2.0,6609.0,0
3322,TX_0003322,0.0521,aggressive,ALLOW,2.0,6611.0,0
3323,TX_0003323,0.0189,aggressive,ALLOW,2.0,6613.0,0
3324,TX_0003324,0.0591,aggressive,ALLOW,2.0,6615.0,0
3325,TX_0003325,0.0537,aggressive,ALLOW,2.0,6617.0,0
3326,TX_0003326,0.0757,aggressive,ALLOW,2.0,6619.0,0
3327,TX_0003327,0.0792,aggressive,ALLOW,2.0,6621.0,0
3328,TX_0003328,0.0487,aggressive,ALLOW,2.0,6623.0,0
3329,TX_0003329,0.0233,aggressive,ALLOW,2.0,6625.0,0
3330,TX_0003330,0.0383,aggressive,ALLOW,2.0,6627.0,0
3331,TX_0003331,0.0128,current,ALLOW,2.0,6629.0,0
3332,TX_0003332,0.0926,current,ALLOW,2.0,6631.0,0
3333,TX_0003333,0.0459,aggressive,ALLOW,2.0,6633.0,0
3334,TX_0003334,0.0337,aggressive,ALLOW,2.0,6635.0,0
3335,TX_0003335,0.0466,aggressive,ALLOW,2.0,6637.0,0
3336,TX_0003336,0.0361,aggressive,ALLOW,2.0,6639.0,0
3337,TX_0003337,0.0479,aggressive,ALLOW,2.0,6641.0,0
3338,TX_0003338,0.0291,aggressive,ALLOW,2.0,6643.0,0
3339,TX_0003339,0.0717,aggressive,ALLOW,2.0,6645.0,0
3340,TX_0003340,0.0513,aggressive,ALLOW,2.0,6647.0,0
3341,TX_0003341,0.1555,aggressive,ALLOW,2.0,6649.0,0
3342,TX_0003342,0.0297,aggressive,ALLOW,2.0,6651.0,0
3343,TX_0003343,0.062,aggressive,ALLOW,2.0,6653.0,0
3344,TX_0003344,0.079,aggressive,ALLOW,2.0,6655.0,0
3345,TX_0003345,0.0395,current,ALLOW,2.0,6657.0,0
3346,TX_0003346,0.0725,conservative,ALLOW,2.0,6659.0,0
3347,TX_0003347,0.1736,aggressive,ALLOW,2.0,6661.0,0
3348,TX_0003348,0.0831,aggressive,ALLOW,2.0,6663.0,0
3349,TX_0003349,0.08,aggressive,ALLOW,2.0,6665.0,0
3350,TX_0003350,0.0501,aggressive,ALLOW,2.0,6667.0,0
3351,TX_0003351,0.0721,aggressive,ALLOW,2.0,6669.0,0
3352,TX_0003352,0.03,current,ALLOW,2.0,6671.0,0
3353,TX_0003353,0.0568,aggressive,ALLOW,2.0,6673.0,0
3354,TX_0003354,0.0547,aggressive,ALLOW,2.0,6675.0,0
3355,TX_0003355,0.0575,aggressive,ALLOW,2.0,6677.0,0
3356,TX_0003356,0.0654,aggressive,ALLOW,2.0,6679.0,0
3357,TX_0003357,0.0391,aggressive,ALLOW,2.0,6681.0,0
3358,TX_0003358,0.0524,current,ALLOW,2.0,6683.0,0
3359,TX_0003359,0.2303,aggressive,ALLOW,2.0,6685.0,0
3360,TX_0003360,0.0594,aggressive,ALLOW,2.0,6687.0,0
3361,TX_0003361,0.1004,aggressive,ALLOW,2.0,6689.0,0
3362,TX_0003362,0.0176,aggressive,ALLOW,2.0,6691.0,0
3363,TX_0003363,0.1057,aggressive,ALLOW,2.0,6693.0,0
3364,TX_0003364,0.0467,aggressive,ALLOW,2.0,6695.0,0
3365,TX_0003365,0.055,aggressive,ALLOW,2.0,6697.0,0
3366,TX_0003366,0.0215,aggressive,ALLOW,2.0,6699.0,0
3367,TX_0003367,0.0876,conservative,ALLOW,2.0,6701.0,0
3368,TX_0003368,0.0451,aggressive,ALLOW,2.0,6703.0,0
3369,TX_0003369,0.0305,aggressive,ALLOW,2.0,6705.0,0
3370,TX_0003370,0.0275,aggressive,ALLOW,2.0,6707.0,0
3371,TX_0003371,0.0574,aggressive,ALLOW,2.0,6709.0,0
3372,TX_0003372,0.0698,aggressive,ALLOW,2.0,6711.0,0
3373,TX_0003373,0.0215,aggressive,ALLOW,2.0,6713.0,0
3374,TX_0003374,0.0721,aggressive,ALLOW,2.0,6715.0,0
3375,TX_0003375,0.0469,aggressive,ALLOW,2.0,6717.0,0
3376,TX_0003376,0.0721,aggressive,ALLOW,2.0,6719.0,0
3377,TX_0003377,0.0685,aggressive,ALLOW,2.0,6721.0,0
3378,TX_0003378,0.0451,aggressive,ALLOW,2.0,6723.0,0
3379,TX_0003379,0.0225,aggressive,ALLOW,2.0,6725.0,0
3380,TX_0003380,0.116,aggressive,ALLOW,2.0,6727.0,0
3381,TX_0003381,0.0346,aggressive,ALLOW,2.0,6729.0,0
3382,TX_0003382,0.0724,aggressive,ALLOW,2.0,6731.0,0
3383,TX_0003383,0.1317,aggressive,ALLOW,2.0,6733.0,0
3384,TX_0003384,0.0916,aggressive,ALLOW,2.0,6735.0,0
3385,TX_0003385,0.1194,aggressive,ALLOW,2.0,6737.0,0
3386,TX_0003386,0.0681,aggressive,ALLOW,2.0,6739.0,0
3387,TX_0003387,0.0674,aggressive,ALLOW,2.0,6741.0,0
3388,TX_0003388,0.0819,current,ALLOW,2.0,6743.0,0
3389,TX_0003389,0.178,aggressive,ALLOW,2.0,6745.0,0
3390,TX_0003390,0.1776,aggressive,ALLOW,2.0,6747.0,0
3391,TX_0003391,0.0238,aggressive,ALLOW,2.0,6749.0,0
3392,TX_0003392,0.0374,aggressive,ALLOW,2.0,6751.0,0
3393,TX_0003393,0.0348,aggressive,ALLOW,2.0,6753.0,0
3394,TX_0003394,0.0733,aggressive,ALLOW,2.0,6755.0,0
3395,TX_0003395,0.0432,aggressive,ALLOW,2.0,6757.0,0
3396,TX_0003396,0.0233,aggressive,ALLOW,2.0,6759.0,0
3397,TX_0003397,0.0481,aggressive,ALLOW,2.0,6761.0,0
3398,TX_0003398,0.0247,aggressive,ALLOW,2.0,6763.0,0
3399,TX_0003399,0.0264,aggressive,ALLOW,2.0,6765.0,0
3400,TX_0003400,0.0235,aggressive,ALLOW,2.0,6767.0,0
3401,TX_0003401,0.0569,aggressive,ALLOW,2.0,6769.0,0
3402,TX_0003402,0.0636,aggressive,ALLOW,2.0,6771.0,0
3403,TX_0003403,0.0533,aggressive,ALLOW,2.0,6773.0,0
3404,TX_0003404,0.0317,aggressive,ALLOW,2.0,6775.0,0
3405,TX_0003405,0.0497,aggressive,ALLOW,2.0,6777.0,0
3406,TX_0003406,0.078,aggressive,ALLOW,2.0,6779.0,0
3407,TX_0003407,0.07,aggressive,ALLOW,2.0,6781.0,0
3408,TX_0003408,0.0512,aggressive,ALLOW,2.0,6783.0,0
3409,TX_0003409,0.1146,aggressive,ALLOW,2.0,6785.0,0
3410,TX_0003410,0.1229,aggressive,ALLOW,2.0,6787.0,0
3411,TX_0003411,0.0621,aggressive,ALLOW,2.0,6789.0,0
3412,TX_0003412,0.0888,aggressive,ALLOW,2.0,6791.0,0
3413,TX_0003413,0.1677,aggressive,ALLOW,2.0,6793.0,0
3414,TX_0003414,0.0527,aggressive,ALLOW,2.0,6795.0,0
3415,TX_0003415,0.0672,aggressive,ALLOW,2.0,6797.0,0
3416,TX_0003416,0.0465,aggressive,ALLOW,2.0,6799.0,0
3417,TX_0003417,0.1003,aggressive,ALLOW,2.0,6801.0,0
3418,TX_0003418,0.0584,aggressive,ALLOW,2.0,6803.0,0
3419,TX_0003419,0.0498,aggressive,ALLOW,2.0,6805.0,0
3420,TX_0003420,0.0439,aggressive,ALLOW,2.0,6807.0,0
3421,TX_0003421,0.1385,current,ALLOW,2.0,6809.0,0
3422,TX_0003422,0.0688,aggressive,ALLOW,2.0,6811.0,0
3423,TX_0003423,0.2123,aggressive,ALLOW,2.0,6813.0,0
3424,TX_0003424,0.0248,aggressive,ALLOW,2.0,6815.0,0
3425,TX_0003425,0.048,aggressive,ALLOW,2.0,6817.0,0
3426,TX_0003426,0.0963,aggressive,ALLOW,2.0,6819.0,0
3427,TX_0003427,0.139,aggressive,ALLOW,2.0,6821.0,0
3428,TX_0003428,0.0217,aggressive,ALLOW,2.0,6823.0,0
3429,TX_0003429,0.0352,aggressive,ALLOW,2.0,6825.0,0
3430,TX_0003430,0.073,aggressive,ALLOW,2.0,6827.0,0
3431,TX_0003431,0.0286,aggressive,ALLOW,2.0,6829.0,0
3432,TX_0003432,0.1545,aggressive,ALLOW,2.0,6831.0,0
3433,TX_0003433,0.1278,aggressive,ALLOW,2.0,6833.0,0
3434,TX_0003434,0.023,current,ALLOW,2.0,6835.0,0
3435,TX_0003435,0.0873,aggressive,ALLOW,2.0,6837.0,0
3436,TX_0003436,0.0621,aggressive,ALLOW,2.0,6839.0,0
3437,TX_0003437,0.1355,aggressive,ALLOW,2.0,6841.0,0
3438,TX_0003438,0.096,aggressive,ALLOW,2.0,6843.0,0
3439,TX_0003439,0.1354,aggressive,ALLOW,2.0,6845.0,0
3440,TX_0003440,0.0854,aggressive,ALLOW,2.0,6847.0,0
3441,TX_0003441,0.049,aggressive,ALLOW,2.0,6849.0,0
3442,TX_0003442,0.1279,aggressive,ALLOW,2.0,6851.0,0
3443,TX_0003443,0.0682,aggressive,ALLOW,2.0,6853.0,0
3444,TX_0003444,0.0704,aggressive,ALLOW,2.0,6855.0,0
3445,TX_0003445,0.2151,aggressive,ALLOW,2.0,6857.0,0
3446,TX_0003446,0.0703,aggressive,ALLOW,2.0,6859.0,0
3447,TX_0003447,0.0674,aggressive,ALLOW,2.0,6861.0,0
3448,TX_0003448,0.0451,aggressive,ALLOW,2.0,6863.0,0
3449,TX_0003449,0.0803,aggressive,ALLOW,2.0,6865.0,0
3450,TX_0003450,0.0369,aggressive,ALLOW,2.0,6867.0,0
3451,TX_0003451,0.0442,aggressive,ALLOW,2.0,6869.0,0
3452,TX_0003452,0.0613,aggressive,ALLOW,2.0,6871.0,0
3453,TX_0003453,0.0496,aggressive,ALLOW,2.0,6873.0,0
3454,TX_0003454,0.0978,aggressive,ALLOW,2.0,6875.0,0
3455,TX_0003455,0.0717,aggressive,ALLOW,2.0,6877.0,0
3456,TX_0003456,0.0914,aggressive,ALLOW,2.0,6879.0,0
3457,TX_0003457,0.1868,aggressive,ALLOW,2.0,6881.0,0
3458,TX_0003458,0.0282,aggressive,ALLOW,2.0,6883.0,0
3459,TX_0003459,0.0366,aggressive,ALLOW,2.0,6885.0,0
3460,TX_0003460,0.0472,aggressive,ALLOW,2.0,6887.0,0
3461,TX_0003461,0.0628,aggressive,ALLOW,2.0,6889.0,0
3462,TX_0003462,0.0224,aggressive,ALLOW,2.0,6891.0,0
3463,TX_0003463,0.0221,aggressive,ALLOW,2.0,6893.0,0
3464,TX_0003464,0.0752,aggressive,ALLOW,2.0,6895.0,0
3465,TX_0003465,0.1579,aggressive,ALLOW,2.0,6897.0,0
3466,TX_0003466,0.0459,aggressive,ALLOW,2.0,6899.0,0
3467,TX_0003467,0.0626,aggressive,ALLOW,2.0,6901.0,0
3468,TX_0003468,0.0782,aggressive,ALLOW,2.0,6903.0,0
3469,TX_0003469,0.0868,aggressive,ALLOW,2.0,6905.0,0
3470,TX_0003470,0.0758,aggressive,ALLOW,2.0,6907.0,0
3471,TX_0003471,0.0514,aggressive,ALLOW,2.0,6909.0,0
3472,TX_0003472,0.0552,aggressive,ALLOW,2.0,6911.0,0
3473,TX_0003473,0.2238,aggressive,ALLOW,2.0,6913.0,0
3474,TX_0003474,0.0575,aggressive,ALLOW,2.0,6915.0,0
3475,TX_0003475,0.0774,aggressive,ALLOW,2.0,6917.0,0
3476,TX_0003476,0.2259,aggressive,ALLOW,2.0,6919.0,0
3477,TX_0003477,0.0288,aggressive,ALLOW,2.0,6921.0,0
3478,TX_0003478,0.1307,aggressive,ALLOW,2.0,6923.0,0
3479,TX_0003479,0.0524,aggressive,ALLOW,2.0,6925.0,0
3480,TX_0003480,0.0494,aggressive,ALLOW,2.0,6927.0,0
3481,TX_0003481,0.0522,aggressive,ALLOW,2.0,6929.0,0
3482,TX_0003482,0.0582,aggressive,ALLOW,2.0,6931.0,0
3483,TX_0003483,0.0853,aggressive,ALLOW,2.0,6933.0,0
3484,TX_0003484,0.0394,aggressive,ALLOW,2.0,6935.0,0
3485,TX_0003485,0.0155,aggressive,ALLOW,2.0,6937.0,0
3486,TX_0003486,0.0527,aggressive,ALLOW,2.0,6939.0,0
3487,TX_0003487,0.0357,aggressive,ALLOW,2.0,6941.0,0
3488,TX_0003488,0.0473,aggressive,ALLOW,2.0,6943.0,0
3489,TX_0003489,0.0437,aggressive,ALLOW,2.0,6945.0,0
3490,TX_0003490,0.079,conservative,ALLOW,2.0,6947.0,0
3491,TX_0003491,0.0418,aggressive,ALLOW,2.0,6949.0,0
3492,TX_0003492,0.0591,aggressive,ALLOW,2.0,6951.0,0
3493,TX_0003493,0.0761,aggressive,ALLOW,2.0,6953.0,0
3494,TX_0003494,0.1271,aggressive,ALLOW,2.0,6955.0,0
3495,TX_0003495,0.0719,aggressive,ALLOW,2.0,6957.0,0
3496,TX_0003496,0.0636,aggressive,ALLOW,2.0,6959.0,0
3497,TX_0003497,0.0433,aggressive,ALLOW,2.0,6961.0,0
3498,TX_0003498,0.0393,aggressive,ALLOW,2.0,6963.0,0
3499,TX_0003499,0.0554,aggressive,ALLOW,2.0,6965.0,0
3500,TX_0003500,0.0549,aggressive,ALLOW,2.0,6967.0,0
3501,TX_0003501,0.085,current,ALLOW,2.0,6969.0,0
3502,TX_0003502,0.0275,aggressive,ALLOW,2.0,6971.0,0
3503,TX_0003503,0.0789,aggressive,ALLOW,2.0,6973.0,0
3504,TX_0003504,0.0755,aggressive,ALLOW,2.0,6975.0,0
3505,TX_0003505,0.0404,aggressive,ALLOW,2.0,6977.0,0
3506,TX_0003506,0.0296,aggressive,ALLOW,2.0,6979.0,0
3507,TX_0003507,0.1813,aggressive,ALLOW,2.0,6981.0,0
3508,TX_0003508,0.0138,aggressive,ALLOW,2.0,6983.0,0
3509,TX_0003509,0.0424,aggressive,ALLOW,2.0,6985.0,0
3510,TX_0003510,0.0649,aggressive,ALLOW,2.0,6987.0,0
3511,TX_0003511,0.0337,aggressive,ALLOW,2.0,6989.0,0
3512,TX_0003512,0.0451,aggressive,ALLOW,2.0,6991.0,0
3513,TX_0003513,0.0824,aggressive,ALLOW,2.0,6993.0,0
3514,TX_0003514,0.0378,aggressive,ALLOW,2.0,6995.0,0
3515,TX_0003515,0.0797,aggressive,ALLOW,2.0,6997.0,0
3516,TX_0003516,0.0434,aggressive,ALLOW,2.0,6999.0,0
3517,TX_0003517,0.0202,aggressive,ALLOW,2.0,7001.0,0
3518,TX_0003518,0.0872,aggressive,ALLOW,2.0,7003.0,0
3519,TX_0003519,0.1642,aggressive,ALLOW,2.0,7005.0,0
3520,TX_0003520,0.0262,aggressive,ALLOW,2.0,7007.0,0
3521,TX_0003521,0.1481,aggressive,ALLOW,2.0,7009.0,0
3522,TX_0003522,0.051,aggressive,ALLOW,2.0,7011.0,0
3523,TX_0003523,0.037,current,ALLOW,2.0,7013.0,0
3524,TX_0003524,0.0544,aggressive,ALLOW,2.0,7015.0,0
3525,TX_0003525,0.076,aggressive,ALLOW,2.0,7017.0,0
3526,TX_0003526,0.0642,aggressive,ALLOW,2.0,7019.0,0
3527,TX_0003527,0.1591,aggressive,ALLOW,2.0,7021.0,0
3528,TX_0003528,0.1155,aggressive,ALLOW,2.0,7023.0,0
3529,TX_0003529,0.1254,aggressive,ALLOW,2.0,7025.0,0
3530,TX_0003530,0.0377,aggressive,ALLOW,2.0,7027.0,0
3531,TX_0003531,0.0721,aggressive,ALLOW,2.0,7029.0,0
3532,TX_0003532,0.07,aggressive,ALLOW,2.0,7031.0,0
3533,TX_0003533,0.1004,aggressive,ALLOW,2.0,7033.0,0
3534,TX_0003534,0.0215,conservative,ALLOW,2.0,7035.0,0
3535,TX_0003535,0.0368,aggressive,ALLOW,2.0,7037.0,0
3536,TX_0003536,0.1951,aggressive,ALLOW,2.0,7039.0,0
3537,TX_0003537,0.0416,aggressive,ALLOW,2.0,7041.0,0
3538,TX_0003538,0.0203,aggressive,ALLOW,2.0,7043.0,0
3539,TX_0003539,0.1077,aggressive,ALLOW,2.0,7045.0,0
3540,TX_0003540,0.0844,aggressive,ALLOW,2.0,7047.0,0
3541,TX_0003541,0.0365,aggressive,ALLOW,2.0,7049.0,0
3542,TX_0003542,0.0479,aggressive,ALLOW,2.0,7051.0,0
3543,TX_0003543,0.0236,aggressive,ALLOW,2.0,7053.0,0
3544,TX_0003544,0.0785,aggressive,ALLOW,2.0,7055.0,0
3545,TX_0003545,0.0808,aggressive,ALLOW,2.0,7057.0,0
3546,TX_0003546,0.1332,aggressive,ALLOW,2.0,7059.0,0
3547,TX_0003547,0.0358,aggressive,ALLOW,2.0,7061.0,0
3548,TX_0003548,0.043,aggressive,ALLOW,2.0,7063.0,0
3549,TX_0003549,0.0846,aggressive,ALLOW,2.0,7065.0,0
3550,TX_0003550,0.0599,aggressive,ALLOW,2.0,7067.0,0
3551,TX_0003551,0.0401,aggressive,ALLOW,2.0,7069.0,0
3552,TX_0003552,0.0821,aggressive,ALLOW,2.0,7071.0,0
3553,TX_0003553,0.0403,aggressive,ALLOW,2.0,7073.0,0
3554,TX_0003554,0.0688,aggressive,ALLOW,2.0,7075.0,0
3555,TX_0003555,0.0464,aggressive,ALLOW,2.0,7077.0,0
3556,TX_0003556,0.099,aggressive,ALLOW,2.0,7079.0,0
3557,TX_0003557,0.0466,current,ALLOW,2.0,7081.0,0
3558,TX_0003558,0.0713,aggressive,ALLOW,2.0,7083.0,0
3559,TX_0003559,0.1537,aggressive,ALLOW,2.0,7085.0,0
3560,TX_0003560,0.0814,aggressive,ALLOW,2.0,7087.0,0
3561,TX_0003561,0.0869,aggressive,ALLOW,2.0,7089.0,0
3562,TX_0003562,0.0188,aggressive,ALLOW,2.0,7091.0,0
3563,TX_0003563,0.0394,aggressive,ALLOW,2.0,7093.0,0
3564,TX_0003564,0.0689,aggressive,ALLOW,2.0,7095.0,0
3565,TX_0003565,0.0281,aggressive,ALLOW,2.0,7097.0,0
3566,TX_0003566,0.0788,aggressive,ALLOW,2.0,7099.0,0
3567,TX_0003567,0.0855,aggressive,ALLOW,2.0,7101.0,0
3568,TX_0003568,0.0743,current,ALLOW,2.0,7103.0,0
3569,TX_0003569,0.0816,conservative,ALLOW,2.0,7105.0,0
3570,TX_0003570,0.0364,aggressive,ALLOW,2.0,7107.0,0
3571,TX_0003571,0.088,aggressive,ALLOW,2.0,7109.0,0
3572,TX_0003572,0.0417,aggressive,ALLOW,2.0,7111.0,0
3573,TX_0003573,0.0452,aggressive,ALLOW,2.0,7113.0,0
3574,TX_0003574,0.0407,aggressive,ALLOW,2.0,7115.0,0
3575,TX_0003575,0.0779,aggressive,ALLOW,2.0,7117.0,0
3576,TX_0003576,0.0458,aggressive,ALLOW,2.0,7119.0,0
3577,TX_0003577,0.0669,aggressive,ALLOW,2.0,7121.0,0
3578,TX_0003578,0.0362,aggressive,ALLOW,2.0,7123.0,0
3579,TX_0003579,0.0449,aggressive,ALLOW,2.0,7125.0,0
3580,TX_0003580,0.0621,aggressive,ALLOW,2.0,7127.0,0
3581,TX_0003581,0.0467,aggressive,ALLOW,2.0,7129.0,0
3582,TX_0003582,0.0718,aggressive,ALLOW,2.0,7131.0,0
3583,TX_0003583,0.0305,current,ALLOW,2.0,7133.0,0
3584,TX_0003584,0.0809,current,ALLOW,2.0,7135.0,0
3585,TX_0003585,0.05,aggressive,ALLOW,2.0,7137.0,0
3586,TX_0003586,0.0359,aggressive,ALLOW,2.0,7139.0,0
3587,TX_0003587,0.0408,aggressive,ALLOW,2.0,7141.0,0
3588,TX_0003588,0.0413,aggressive,ALLOW,2.0,7143.0,0
3589,TX_0003589,0.037,aggressive,ALLOW,2.0,7145.0,0
3590,TX_0003590,0.015,aggressive,ALLOW,2.0,7147.0,0
3591,TX_0003591,0.1,aggressive,ALLOW,2.0,7149.0,0
3592,TX_0003592,0.0425,aggressive,ALLOW,2.0,7151.0,0
3593,TX_0003593,0.0827,aggressive,ALLOW,2.0,7153.0,0
3594,TX_0003594,0.0383,aggressive,ALLOW,2.0,7155.0,0
3595,TX_0003595,0.0315,aggressive,ALLOW,2.0,7157.0,0
3596,TX_0003596,0.041,aggressive,ALLOW,2.0,7159.0,0
3597,TX_0003597,0.0687,aggressive,ALLOW,2.0,7161.0,0
3598,TX_0003598,0.0426,conservative,ALLOW,2.0,7163.0,0
3599,TX_0003599,0.048,aggressive,ALLOW,2.0,7165.0,0
3600,TX_0003600,0.1554,aggressive,ALLOW,2.0,7167.0,0
3601,TX_0003601,0.0725,aggressive,ALLOW,2.0,7169.0,0
3602,TX_0003602,0.0787,aggressive,ALLOW,2.0,7171.0,0
3603,TX_0003603,0.0298,aggressive,ALLOW,2.0,7173.0,0
3604,TX_0003604,0.0765,aggressive,ALLOW,2.0,7175.0,0
3605,TX_0003605,0.051,aggressive,ALLOW,2.0,7177.0,0
3606,TX_0003606,0.0262,aggressive,ALLOW,2.0,7179.0,0
3607,TX_0003607,0.0202,aggressive,ALLOW,2.0,7181.0,0
3608,TX_0003608,0.0688,aggressive,ALLOW,2.0,7183.0,0
3609,TX_0003609,0.0231,aggressive,ALLOW,2.0,7185.0,0
3610,TX_0003610,0.0345,current,ALLOW,2.0,7187.0,0
3611,TX_0003611,0.0339,aggressive,ALLOW,2.0,7189.0,0
3612,TX_0003612,0.1078,aggressive,ALLOW,2.0,7191.0,0
3613,TX_0003613,0.013,aggressive,ALLOW,2.0,7193.0,0
3614,TX_0003614,0.0434,aggressive,ALLOW,2.0,7195.0,0
3615,TX_0003615,0.0761,aggressive,ALLOW,2.0,7197.0,0
3616,TX_0003616,0.1683,aggressive,ALLOW,2.0,7199.0,0
3617,TX_0003617,0.0185,aggressive,ALLOW,2.0,7201.0,0
3618,TX_0003618,0.0396,aggressive,ALLOW,2.0,7203.0,0
3619,TX_0003619,0.0542,aggressive,ALLOW,2.0,7205.0,0
3620,TX_0003620,0.0206,aggressive,ALLOW,2.0,7207.0,0
3621,TX_0003621,0.1082,aggressive,ALLOW,2.0,7209.0,0
3622,TX_0003622,0.0391,aggressive,ALLOW,2.0,7211.0,0
3623,TX_0003623,0.0453,aggressive,ALLOW,2.0,7213.0,0
3624,TX_0003624,0.0537,aggressive,ALLOW,2.0,7215.0,0
3625,TX_0003625,0.0389,aggressive,ALLOW,2.0,7217.0,0
3626,TX_0003626,0.0165,current,ALLOW,2.0,7219.0,0
3627,TX_0003627,0.0462,aggressive,ALLOW,2.0,7221.0,0
3628,TX_0003628,0.086,aggressive,ALLOW,2.0,7223.0,0
3629,TX_0003629,0.1391,aggressive,ALLOW,2.0,7225.0,0
3630,TX_0003630,0.0281,aggressive,ALLOW,2.0,7227.0,0
3631,TX_0003631,0.0551,aggressive,ALLOW,2.0,7229.0,0
3632,TX_0003632,0.0756,aggressive,ALLOW,2.0,7231.0,0
3633,TX_0003633,0.0415,aggressive,ALLOW,2.0,7233.0,0
3634,TX_0003634,0.0518,aggressive,ALLOW,2.0,7235.0,0
3635,TX_0003635,0.0175,aggressive,ALLOW,2.0,7237.0,0
3636,TX_0003636,0.095,current,ALLOW,2.0,7239.0,0
3637,TX_0003637,0.0609,aggressive,ALLOW,2.0,7241.0,0
3638,TX_0003638,0.0348,aggressive,ALLOW,2.0,7243.0,0
3639,TX_0003639,0.0599,aggressive,ALLOW,2.0,7245.0,0
3640,TX_0003640,0.1069,aggressive,ALLOW,2.0,7247.0,0
3641,TX_0003641,0.0532,aggressive,ALLOW,2.0,7249.0,0
3642,TX_0003642,0.0502,aggressive,ALLOW,2.0,7251.0,0
3643,TX_0003643,0.0641,aggressive,ALLOW,2.0,7253.0,0
3644,TX_0003644,0.0657,aggressive,ALLOW,2.0,7255.0,0
3645,TX_0003645,0.0325,conservative,ALLOW,2.0,7257.0,0
3646,TX_0003646,0.0424,aggressive,ALLOW,2.0,7259.0,0
3647,TX_0003647,0.0833,aggressive,ALLOW,2.0,7261.0,0
3648,TX_0003648,0.2102,aggressive,ALLOW,2.0,7263.0,0
3649,TX_0003649,0.0554,current,ALLOW,2.0,7265.0,0
3650,TX_0003650,0.0768,aggressive,ALLOW,2.0,7267.0,0
3651,TX_0003651,0.0656,aggressive,ALLOW,2.0,7269.0,0
3652,TX_0003652,0.035,aggressive,ALLOW,2.0,7271.0,0
3653,TX_0003653,0.1215,aggressive,ALLOW,2.0,7273.0,0
3654,TX_0003654,0.0464,aggressive,ALLOW,2.0,7275.0,0
3655,TX_0003655,0.0688,aggressive,ALLOW,2.0,7277.0,0
3656,TX_0003656,0.1219,aggressive,ALLOW,2.0,7279.0,0
3657,TX_0003657,0.0534,aggressive,ALLOW,2.0,7281.0,0
3658,TX_0003658,0.1482,aggressive,ALLOW,2.0,7283.0,0
3659,TX_0003659,0.0259,aggressive,ALLOW,2.0,7285.0,0
3660,TX_0003660,0.0447,aggressive,ALLOW,2.0,7287.0,0
3661,TX_0003661,0.028,aggressive,ALLOW,2.0,7289.0,0
3662,TX_0003662,0.0888,aggressive,ALLOW,2.0,7291.0,0
3663,TX_0003663,0.1223,aggressive,ALLOW,2.0,7293.0,0
3664,TX_0003664,0.1688,aggressive,ALLOW,2.0,7295.0,0
3665,TX_0003665,0.0363,aggressive,ALLOW,2.0,7297.0,0
3666,TX_0003666,0.0666,aggressive,ALLOW,2.0,7299.0,0
3667,TX_0003667,0.0662,aggressive,ALLOW,2.0,7301.0,0
3668,TX_0003668,0.0339,aggressive,ALLOW,2.0,7303.0,0
3669,TX_0003669,0.0953,aggressive,ALLOW,2.0,7305.0,0
3670,TX_0003670,0.1196,aggressive,ALLOW,2.0,7307.0,0
3671,TX_0003671,0.1008,aggressive,ALLOW,2.0,7309.0,0
3672,TX_0003672,0.099,aggressive,ALLOW,2.0,7311.0,0
3673,TX_0003673,0.0625,aggressive,ALLOW,2.0,7313.0,0
3674,TX_0003674,0.1068,aggressive,ALLOW,2.0,7315.0,0
3675,TX_0003675,0.0191,aggressive,ALLOW,2.0,7317.0,0
3676,TX_0003676,0.0199,aggressive,ALLOW,2.0,7319.0,0
3677,TX_0003677,0.0935,aggressive,ALLOW,2.0,7321.0,0
3678,TX_0003678,0.0737,aggressive,ALLOW,2.0,7323.0,0
3679,TX_0003679,0.0612,aggressive,ALLOW,2.0,7325.0,0
3680,TX_0003680,0.0845,aggressive,ALLOW,2.0,7327.0,0
3681,TX_0003681,0.0666,aggressive,ALLOW,2.0,7329.0,0
3682,TX_0003682,0.0593,current,ALLOW,2.0,7331.0,0
3683,TX_0003683,0.0706,aggressive,ALLOW,2.0,7333.0,0
3684,TX_0003684,0.0287,aggressive,ALLOW,2.0,7335.0,0
3685,TX_0003685,0.0717,aggressive,ALLOW,2.0,7337.0,0
3686,TX_0003686,0.0222,aggressive,ALLOW,2.0,7339.0,0
3687,TX_0003687,0.0556,aggressive,ALLOW,2.0,7341.0,0
3688,TX_0003688,0.1155,aggressive,ALLOW,2.0,7343.0,0
3689,TX_0003689,0.0408,aggressive,ALLOW,2.0,7345.0,0
3690,TX_0003690,0.0423,conservative,ALLOW,2.0,7347.0,0
3691,TX_0003691,0.0183,aggressive,ALLOW,2.0,7349.0,0
3692,TX_0003692,0.1004,aggressive,ALLOW,2.0,7351.0,0
3693,TX_0003693,0.1092,aggressive,ALLOW,2.0,7353.0,0
3694,TX_0003694,0.2241,aggressive,ALLOW,2.0,7355.0,0
3695,TX_0003695,0.0874,aggressive,ALLOW,2.0,7357.0,0
3696,TX_0003696,0.0553,aggressive,ALLOW,2.0,7359.0,0
3697,TX_0003697,0.0561,aggressive,ALLOW,2.0,7361.0,0
3698,TX_0003698,0.1093,aggressive,ALLOW,2.0,7363.0,0
3699,TX_0003699,0.0285,aggressive,ALLOW,2.0,7365.0,0
3700,TX_0003700,0.038,aggressive,ALLOW,2.0,7367.0,0
3701,TX_0003701,0.0508,aggressive,ALLOW,2.0,7369.0,0
3702,TX_0003702,0.0153,current,ALLOW,2.0,7371.0,0
3703,TX_0003703,0.0622,aggressive,ALLOW,2.0,7373.0,0
3704,TX_0003704,0.2245,aggressive,ALLOW,2.0,7375.0,0
3705,TX_0003705,0.0904,aggressive,ALLOW,2.0,7377.0,0
3706,TX_0003706,0.1004,aggressive,ALLOW,2.0,7379.0,0
3707,TX_0003707,0.1394,aggressive,ALLOW,2.0,7381.0,0
3708,TX_0003708,0.0349,aggressive,ALLOW,2.0,7383.0,0
3709,TX_0003709,0.0682,aggressive,ALLOW,2.0,7385.0,0
3710,TX_0003710,0.039,aggressive,ALLOW,2.0,7387.0,0
3711,TX_0003711,0.0447,aggressive,ALLOW,2.0,7389.0,0
3712,TX_0003712,0.07,aggressive,ALLOW,2.0,7391.0,0
3713,TX_0003713,0.0919,aggressive,ALLOW,2.0,7393.0,0
3714,TX_0003714,0.0373,aggressive,ALLOW,2.0,7395.0,0
3715,TX_0003715,0.0373,aggressive,ALLOW,2.0,7397.0,0
3716,TX_0003716,0.0664,aggressive,ALLOW,2.0,7399.0,0
3717,TX_0003717,0.0558,aggressive,ALLOW,2.0,7401.0,0
3718,TX_0003718,0.0461,aggressive,ALLOW,2.0,7403.0,0
3719,TX_0003719,0.0456,aggressive,ALLOW,2.0,7405.0,0
3720,TX_0003720,0.2192,aggressive,ALLOW,2.0,7407.0,0
3721,TX_0003721,0.1452,aggressive,ALLOW,2.0,7409.0,0
3722,TX_0003722,0.0594,aggressive,ALLOW,2.0,7411.0,0
3723,TX_0003723,0.1876,aggressive,ALLOW,2.0,7413.0,0
3724,TX_0003724,0.0714,aggressive,ALLOW,2.0,7415.0,0
3725,TX_0003725,0.1521,aggressive,ALLOW,2.0,7417.0,0
3726,TX_0003726,0.0383,aggressive,ALLOW,2.0,7419.0,0
3727,TX_0003727,0.065,aggressive,ALLOW,2.0,7421.0,0
3728,TX_0003728,0.0428,aggressive,ALLOW,2.0,7423.0,0
3729,TX_0003729,0.0357,aggressive,ALLOW,2.0,7425.0,0
3730,TX_0003730,0.0427,aggressive,ALLOW,2.0,7427.0,0
3731,TX_0003731,0.0762,aggressive,ALLOW,2.0,7429.0,0
3732,TX_0003732,0.0396,aggressive,ALLOW,2.0,7431.0,0
3733,TX_0003733,0.0387,aggressive,ALLOW,2.0,7433.0,0
3734,TX_0003734,0.0556,aggressive,ALLOW,2.0,7435.0,0
3735,TX_0003735,0.1641,aggressive,ALLOW,2.0,7437.0,0
3736,TX_0003736,0.0493,aggressive,ALLOW,2.0,7439.0,0
3737,TX_0003737,0.0755,aggressive,ALLOW,2.0,7441.0,0
3738,TX_0003738,0.0416,aggressive,ALLOW,2.0,7443.0,0
3739,TX_0003739,0.0437,aggressive,ALLOW,2.0,7445.0,0
3740,TX_0003740,0.0913,aggressive,ALLOW,2.0,7447.0,0
3741,TX_0003741,0.057,aggressive,ALLOW,2.0,7449.0,0
3742,TX_0003742,0.0248,aggressive,ALLOW,2.0,7451.0,0
3743,TX_0003743,0.037,aggressive,ALLOW,2.0,7453.0,0
3744,TX_0003744,0.0224,aggressive,ALLOW,2.0,7455.0,0
3745,TX_0003745,0.0372,aggressive,ALLOW,2.0,7457.0,0
3746,TX_0003746,0.0366,aggressive,ALLOW,2.0,7459.0,0
3747,TX_0003747,0.0665,aggressive,ALLOW,2.0,7461.0,0
3748,TX_0003748,0.089,aggressive,ALLOW,2.0,7463.0,0
3749,TX_0003749,0.0931,aggressive,ALLOW,2.0,7465.0,0
3750,TX_0003750,0.1115,aggressive,ALLOW,2.0,7467.0,0
3751,TX_0003751,0.0486,aggressive,ALLOW,2.0,7469.0,0
3752,TX_0003752,0.0642,aggressive,ALLOW,2.0,7471.0,0
3753,TX_0003753,0.0732,aggressive,ALLOW,2.0,7473.0,0
3754,TX_0003754,0.232,conservative,REVIEW,-1.0,7472.0,0
3755,TX_0003755,0.0316,aggressive,ALLOW,2.0,7474.0,0
3756,TX_0003756,0.0465,aggressive,ALLOW,2.0,7476.0,0
3757,TX_0003757,0.0402,aggressive,ALLOW,2.0,7478.0,0
3758,TX_0003758,0.0425,conservative,ALLOW,2.0,7480.0,0
3759,TX_0003759,0.0456,aggressive,ALLOW,2.0,7482.0,0
3760,TX_0003760,0.0625,aggressive,ALLOW,2.0,7484.0,0
3761,TX_0003761,0.0653,aggressive,ALLOW,2.0,7486.0,0
3762,TX_0003762,0.0511,aggressive,ALLOW,2.0,7488.0,0
3763,TX_0003763,0.0953,aggressive,ALLOW,2.0,7490.0,0
3764,TX_0003764,0.045,aggressive,ALLOW,2.0,7492.0,0
3765,TX_0003765,0.0388,aggressive,ALLOW,2.0,7494.0,0
3766,TX_0003766,0.0738,aggressive,ALLOW,2.0,7496.0,0
3767,TX_0003767,0.09,aggressive,ALLOW,2.0,7498.0,0
3768,TX_0003768,0.0468,aggressive,ALLOW,2.0,7500.0,0
3769,TX_0003769,0.0746,aggressive,ALLOW,2.0,7502.0,0
3770,TX_0003770,0.0633,aggressive,ALLOW,2.0,7504.0,0
3771,TX_0003771,0.1095,aggressive,ALLOW,2.0,7506.0,0
3772,TX_0003772,0.1028,aggressive,ALLOW,2.0,7508.0,0
3773,TX_0003773,0.0422,aggressive,ALLOW,2.0,7510.0,0
3774,TX_0003774,0.045,aggressive,ALLOW,2.0,7512.0,0
3775,TX_0003775,0.07,aggressive,ALLOW,2.0,7514.0,0
3776,TX_0003776,0.085,aggressive,ALLOW,2.0,7516.0,0
3777,TX_0003777,0.0334,aggressive,ALLOW,2.0,7518.0,0
3778,TX_0003778,0.0757,aggressive,ALLOW,2.0,7520.0,0
3779,TX_0003779,0.0613,aggressive,ALLOW,2.0,7522.0,0
3780,TX_0003780,0.0375,aggressive,ALLOW,2.0,7524.0,0
3781,TX_0003781,0.0694,current,ALLOW,2.0,7526.0,0
3782,TX_0003782,0.0666,aggressive,ALLOW,2.0,7528.0,0
3783,TX_0003783,0.0245,aggressive,ALLOW,2.0,7530.0,0
3784,TX_0003784,0.1116,aggressive,ALLOW,2.0,7532.0,0
3785,TX_0003785,0.0368,aggressive,ALLOW,2.0,7534.0,0
3786,TX_0003786,0.157,aggressive,ALLOW,2.0,7536.0,0
3787,TX_0003787,0.0518,aggressive,ALLOW,2.0,7538.0,0
3788,TX_0003788,0.0205,aggressive,ALLOW,2.0,7540.0,0
3789,TX_0003789,0.0438,aggressive,ALLOW,2.0,7542.0,0
3790,TX_0003790,0.0391,aggressive,ALLOW,2.0,7544.0,0
3791,TX_0003791,0.0238,aggressive,ALLOW,2.0,7546.0,0
3792,TX_0003792,0.069,aggressive,ALLOW,2.0,7548.0,0
3793,TX_0003793,0.0528,aggressive,ALLOW,2.0,7550.0,0
3794,TX_0003794,0.0424,aggressive,ALLOW,2.0,7552.0,0
3795,TX_0003795,0.0337,aggressive,ALLOW,2.0,7554.0,0
3796,TX_0003796,0.0647,aggressive,ALLOW,2.0,7556.0,0
3797,TX_0003797,0.0418,aggressive,ALLOW,2.0,7558.0,0
3798,TX_0003798,0.0819,aggressive,ALLOW,2.0,7560.0,0
3799,TX_0003799,0.0328,current,ALLOW,2.0,7562.0,0
3800,TX_0003800,0.03,aggressive,ALLOW,2.0,7564.0,0
3801,TX_0003801,0.0387,aggressive,ALLOW,2.0,7566.0,0
3802,TX_0003802,0.057,aggressive,ALLOW,2.0,7568.0,0
3803,TX_0003803,0.111,aggressive,ALLOW,2.0,7570.0,0
3804,TX_0003804,0.0323,aggressive,ALLOW,2.0,7572.0,0
3805,TX_0003805,0.1283,aggressive,ALLOW,2.0,7574.0,0
3806,TX_0003806,0.0479,aggressive,ALLOW,2.0,7576.0,0
3807,TX_0003807,0.0907,aggressive,ALLOW,2.0,7578.0,0
3808,TX_0003808,0.0491,aggressive,ALLOW,2.0,7580.0,0
3809,TX_0003809,0.0507,aggressive,ALLOW,2.0,7582.0,0
3810,TX_0003810,0.0501,current,ALLOW,2.0,7584.0,0
3811,TX_0003811,0.0524,aggressive,ALLOW,2.0,7586.0,0
3812,TX_0003812,0.0488,aggressive,ALLOW,2.0,7588.0,0
3813,TX_0003813,0.0288,aggressive,ALLOW,2.0,7590.0,0
3814,TX_0003814,0.0799,aggressive,ALLOW,2.0,7592.0,0
3815,TX_0003815,0.0482,aggressive,ALLOW,2.0,7594.0,0
3816,TX_0003816,0.0547,aggressive,ALLOW,2.0,7596.0,0
3817,TX_0003817,0.0161,aggressive,ALLOW,2.0,7598.0,0
3818,TX_0003818,0.0299,aggressive,ALLOW,2.0,7600.0,0
3819,TX_0003819,0.0144,aggressive,ALLOW,2.0,7602.0,0
3820,TX_0003820,0.0248,aggressive,ALLOW,2.0,7604.0,0
3821,TX_0003821,0.0732,aggressive,ALLOW,2.0,7606.0,0
3822,TX_0003822,0.1482,aggressive,ALLOW,2.0,7608.0,0
3823,TX_0003823,0.0684,aggressive,ALLOW,2.0,7610.0,0
3824,TX_0003824,0.0257,aggressive,ALLOW,2.0,7612.0,0
3825,TX_0003825,0.0683,aggressive,ALLOW,2.0,7614.0,0
3826,TX_0003826,0.0647,aggressive,ALLOW,2.0,7616.0,0
3827,TX_0003827,0.0514,aggressive,ALLOW,2.0,7618.0,0
3828,TX_0003828,0.0224,aggressive,ALLOW,2.0,7620.0,0
3829,TX_0003829,0.0309,aggressive,ALLOW,2.0,7622.0,0
3830,TX_0003830,0.0458,aggressive,ALLOW,2.0,7624.0,0
3831,TX_0003831,0.1279,aggressive,ALLOW,2.0,7626.0,0
3832,TX_0003832,0.0642,aggressive,ALLOW,2.0,7628.0,0
3833,TX_0003833,0.151,current,ALLOW,2.0,7630.0,0
3834,TX_0003834,0.0682,aggressive,ALLOW,2.0,7632.0,0
3835,TX_0003835,0.0355,aggressive,ALLOW,2.0,7634.0,0
3836,TX_0003836,0.0465,aggressive,ALLOW,2.0,7636.0,0
3837,TX_0003837,0.0407,aggressive,ALLOW,2.0,7638.0,0
3838,TX_0003838,0.072,aggressive,ALLOW,2.0,7640.0,0
3839,TX_0003839,0.0648,aggressive,ALLOW,2.0,7642.0,0
3840,TX_0003840,0.0417,aggressive,ALLOW,2.0,7644.0,0
3841,TX_0003841,0.0628,aggressive,ALLOW,2.0,7646.0,0
3842,TX_0003842,0.0787,aggressive,ALLOW,2.0,7648.0,0
3843,TX_0003843,0.0625,aggressive,ALLOW,2.0,7650.0,0
3844,TX_0003844,0.055,aggressive,ALLOW,2.0,7652.0,0
3845,TX_0003845,0.0636,aggressive,ALLOW,2.0,7654.0,0
3846,TX_0003846,0.0233,aggressive,ALLOW,2.0,7656.0,0
3847,TX_0003847,0.0257,aggressive,ALLOW,2.0,7658.0,0
3848,TX_0003848,0.0827,aggressive,ALLOW,2.0,7660.0,0
3849,TX_0003849,0.0947,aggressive,ALLOW,2.0,7662.0,0
3850,TX_0003850,0.0238,aggressive,ALLOW,2.0,7664.0,0
3851,TX_0003851,0.0316,current,ALLOW,2.0,7666.0,0
3852,TX_0003852,0.0881,aggressive,ALLOW,2.0,7668.0,0
3853,TX_0003853,0.0274,aggressive,ALLOW,2.0,7670.0,0
3854,TX_0003854,0.0431,aggressive,ALLOW,2.0,7672.0,0
3855,TX_0003855,0.0224,aggressive,ALLOW,2.0,7674.0,0
3856,TX_0003856,0.0866,aggressive,ALLOW,2.0,7676.0,0
3857,TX_0003857,0.0289,aggressive,ALLOW,2.0,7678.0,0
3858,TX_0003858,0.075,conservative,ALLOW,2.0,7680.0,0
3859,TX_0003859,0.0549,aggressive,ALLOW,2.0,7682.0,0
3860,TX_0003860,0.0616,aggressive,ALLOW,2.0,7684.0,0
3861,TX_0003861,0.057,aggressive,ALLOW,2.0,7686.0,0
3862,TX_0003862,0.0677,aggressive,ALLOW,2.0,7688.0,0
3863,TX_0003863,0.1494,aggressive,ALLOW,2.0,7690.0,0
3864,TX_0003864,0.0403,aggressive,ALLOW,2.0,7692.0,0
3865,TX_0003865,0.0662,aggressive,ALLOW,2.0,7694.0,0
3866,TX_0003866,0.1421,aggressive,ALLOW,2.0,7696.0,0
3867,TX_0003867,0.0503,aggressive,ALLOW,2.0,7698.0,0
3868,TX_0003868,0.0391,aggressive,ALLOW,2.0,7700.0,0
3869,TX_0003869,0.1031,aggressive,ALLOW,2.0,7702.0,0
3870,TX_0003870,0.0426,aggressive,ALLOW,2.0,7704.0,0
3871,TX_0003871,0.062,aggressive,ALLOW,2.0,7706.0,0
3872,TX_0003872,0.062,aggressive,ALLOW,2.0,7708.0,0
3873,TX_0003873,0.0378,aggressive,ALLOW,2.0,7710.0,0
3874,TX_0003874,0.023,aggressive,ALLOW,2.0,7712.0,0
3875,TX_0003875,0.071,aggressive,ALLOW,2.0,7714.0,0
3876,TX_0003876,0.0263,aggressive,ALLOW,2.0,7716.0,0
3877,TX_0003877,0.0722,aggressive,ALLOW,2.0,7718.0,0
3878,TX_0003878,0.0725,aggressive,ALLOW,2.0,7720.0,0
3879,TX_0003879,0.0381,aggressive,ALLOW,2.0,7722.0,0
3880,TX_0003880,0.1426,aggressive,ALLOW,2.0,7724.0,0
3881,TX_0003881,0.0168,aggressive,ALLOW,2.0,7726.0,0
3882,TX_0003882,0.1852,aggressive,ALLOW,2.0,7728.0,0
3883,TX_0003883,0.0656,aggressive,ALLOW,2.0,7730.0,0
3884,TX_0003884,0.0219,aggressive,ALLOW,2.0,7732.0,0
3885,TX_0003885,0.0189,aggressive,ALLOW,2.0,7734.0,0
3886,TX_0003886,0.0253,aggressive,ALLOW,2.0,7736.0,0
3887,TX_0003887,0.0421,aggressive,ALLOW,2.0,7738.0,0
3888,TX_0003888,0.0198,aggressive,ALLOW,2.0,7740.0,0
3889,TX_0003889,0.0323,aggressive,ALLOW,2.0,7742.0,0
3890,TX_0003890,0.0499,aggressive,ALLOW,2.0,7744.0,0
3891,TX_0003891,0.1444,aggressive,ALLOW,2.0,7746.0,0
3892,TX_0003892,0.0436,aggressive,ALLOW,2.0,7748.0,0
3893,TX_0003893,0.0638,aggressive,ALLOW,2.0,7750.0,0
3894,TX_0003894,0.0239,aggressive,ALLOW,2.0,7752.0,0
3895,TX_0003895,0.0282,aggressive,ALLOW,2.0,7754.0,0
3896,TX_0003896,0.1092,aggressive,ALLOW,2.0,7756.0,0
3897,TX_0003897,0.0751,aggressive,ALLOW,2.0,7758.0,0
3898,TX_0003898,0.0414,aggressive,ALLOW,2.0,7760.0,0
3899,TX_0003899,0.0153,aggressive,ALLOW,2.0,7762.0,0
3900,TX_0003900,0.0815,aggressive,ALLOW,2.0,7764.0,0
3901,TX_0003901,0.0926,aggressive,ALLOW,2.0,7766.0,0
3902,TX_0003902,0.0594,aggressive,ALLOW,2.0,7768.0,0
3903,TX_0003903,0.0485,aggressive,ALLOW,2.0,7770.0,0
3904,TX_0003904,0.056,aggressive,ALLOW,2.0,7772.0,0
3905,TX_0003905,0.056,aggressive,ALLOW,2.0,7774.0,0
3906,TX_0003906,0.084,aggressive,ALLOW,2.0,7776.0,0
3907,TX_0003907,0.0861,aggressive,ALLOW,2.0,7778.0,0
3908,TX_0003908,0.103,aggressive,ALLOW,2.0,7780.0,0
3909,TX_0003909,0.1139,aggressive,ALLOW,2.0,7782.0,0
3910,TX_0003910,0.0523,aggressive,ALLOW,2.0,7784.0,0
3911,TX_0003911,0.0522,conservative,ALLOW,2.0,7786.0,0
3912,TX_0003912,0.1224,aggressive,ALLOW,2.0,7788.0,0
3913,TX_0003913,0.0966,aggressive,ALLOW,2.0,7790.0,0
3914,TX_0003914,0.0348,aggressive,ALLOW,2.0,7792.0,0
3915,TX_0003915,0.1169,aggressive,ALLOW,2.0,7794.0,0
3916,TX_0003916,0.0501,aggressive,ALLOW,2.0,7796.0,0
3917,TX_0003917,0.024,aggressive,ALLOW,2.0,7798.0,0
3918,TX_0003918,0.0349,conservative,ALLOW,2.0,7800.0,0
3919,TX_0003919,0.0366,aggressive,ALLOW,2.0,7802.0,0
3920,TX_0003920,0.0258,aggressive,ALLOW,2.0,7804.0,0
3921,TX_0003921,0.0556,aggressive,ALLOW,2.0,7806.0,0
3922,TX_0003922,0.0277,aggressive,ALLOW,2.0,7808.0,0
3923,TX_0003923,0.116,aggressive,ALLOW,2.0,7810.0,0
3924,TX_0003924,0.0514,aggressive,ALLOW,2.0,7812.0,0
3925,TX_0003925,0.1457,aggressive,ALLOW,2.0,7814.0,0
3926,TX_0003926,0.1241,aggressive,ALLOW,2.0,7816.0,0
3927,TX_0003927,0.0764,aggressive,ALLOW,2.0,7818.0,0
3928,TX_0003928,0.028,aggressive,ALLOW,2.0,7820.0,0
3929,TX_0003929,0.056,aggressive,ALLOW,2.0,7822.0,0
3930,TX_0003930,0.1481,conservative,ALLOW,2.0,7824.0,0
3931,TX_0003931,0.0612,aggressive,ALLOW,2.0,7826.0,0
3932,TX_0003932,0.0388,aggressive,ALLOW,2.0,7828.0,0
3933,TX_0003933,0.2249,aggressive,ALLOW,2.0,7830.0,0
3934,TX_0003934,0.0564,aggressive,ALLOW,2.0,7832.0,0
3935,TX_0003935,0.1262,aggressive,ALLOW,2.0,7834.0,0
3936,TX_0003936,0.0409,aggressive,ALLOW,2.0,7836.0,0
3937,TX_0003937,0.0342,aggressive,ALLOW,2.0,7838.0,0
3938,TX_0003938,0.1031,aggressive,ALLOW,2.0,7840.0,0
3939,TX_0003939,0.0416,aggressive,ALLOW,2.0,7842.0,0
3940,TX_0003940,0.1179,current,ALLOW,2.0,7844.0,0
3941,TX_0003941,0.0427,aggressive,ALLOW,2.0,7846.0,0
3942,TX_0003942,0.0262,aggressive,ALLOW,2.0,7848.0,0
3943,TX_0003943,0.0308,aggressive,ALLOW,2.0,7850.0,0
3944,TX_0003944,0.0564,aggressive,ALLOW,2.0,7852.0,0
3945,TX_0003945,0.0688,aggressive,ALLOW,2.0,7854.0,0
3946,TX_0003946,0.04,aggressive,ALLOW,2.0,7856.0,0
3947,TX_0003947,0.0519,aggressive,ALLOW,2.0,7858.0,0
3948,TX_0003948,0.1508,aggressive,ALLOW,2.0,7860.0,0
3949,TX_0003949,0.0725,aggressive,ALLOW,2.0,7862.0,0
3950,TX_0003950,0.0546,aggressive,ALLOW,2.0,7864.0,0
3951,TX_0003951,0.0462,aggressive,ALLOW,2.0,7866.0,0
3952,TX_0003952,0.0789,aggressive,ALLOW,2.0,7868.0,0
3953,TX_0003953,0.0543,aggressive,ALLOW,2.0,7870.0,0
3954,TX_0003954,0.0368,aggressive,ALLOW,2.0,7872.0,0
3955,TX_0003955,0.0524,aggressive,ALLOW,2.0,7874.0,0
3956,TX_0003956,0.0842,aggressive,ALLOW,2.0,7876.0,0
3957,TX_0003957,0.0875,conservative,ALLOW,2.0,7878.0,0
3958,TX_0003958,0.0159,aggressive,ALLOW,2.0,7880.0,0
3959,TX_0003959,0.0432,aggressive,ALLOW,2.0,7882.0,0
3960,TX_0003960,0.2217,aggressive,ALLOW,2.0,7884.0,0
3961,TX_0003961,0.0573,aggressive,ALLOW,2.0,7886.0,0
3962,TX_0003962,0.0687,aggressive,ALLOW,2.0,7888.0,0
3963,TX_0003963,0.1052,aggressive,ALLOW,2.0,7890.0,0
3964,TX_0003964,0.0259,conservative,ALLOW,2.0,7892.0,0
3965,TX_0003965,0.0419,aggressive,ALLOW,2.0,7894.0,0
3966,TX_0003966,0.1327,aggressive,ALLOW,2.0,7896.0,0
3967,TX_0003967,0.0604,aggressive,ALLOW,2.0,7898.0,0
3968,TX_0003968,0.0221,aggressive,ALLOW,2.0,7900.0,0
3969,TX_0003969,0.0307,aggressive,ALLOW,2.0,7902.0,0
3970,TX_0003970,0.0651,aggressive,ALLOW,2.0,7904.0,0
3971,TX_0003971,0.0755,aggressive,ALLOW,2.0,7906.0,0
3972,TX_0003972,0.0291,aggressive,ALLOW,2.0,7908.0,0
3973,TX_0003973,0.0496,aggressive,ALLOW,2.0,7910.0,0
3974,TX_0003974,0.0246,aggressive,ALLOW,2.0,7912.0,0
3975,TX_0003975,0.0405,aggressive,ALLOW,2.0,7914.0,0
3976,TX_0003976,0.0378,aggressive,ALLOW,2.0,7916.0,0
3977,TX_0003977,0.033,aggressive,ALLOW,2.0,7918.0,0
3978,TX_0003978,0.0353,aggressive,ALLOW,2.0,7920.0,0
3979,TX_0003979,0.0624,aggressive,ALLOW,2.0,7922.0,0
3980,TX_0003980,0.1655,aggressive,ALLOW,2.0,7924.0,0
3981,TX_0003981,0.0419,conservative,ALLOW,2.0,7926.0,0
3982,TX_0003982,0.0687,aggressive,ALLOW,2.0,7928.0,0
3983,TX_0003983,0.0751,aggressive,ALLOW,2.0,7930.0,0
3984,TX_0003984,0.0377,aggressive,ALLOW,2.0,7932.0,0
3985,TX_0003985,0.0524,aggressive,ALLOW,2.0,7934.0,0
3986,TX_0003986,0.1271,aggressive,ALLOW,2.0,7936.0,0
3987,TX_0003987,0.0824,aggressive,ALLOW,2.0,7938.0,0
3988,TX_0003988,0.0682,aggressive,ALLOW,2.0,7940.0,0
3989,TX_0003989,0.039,aggressive,ALLOW,2.0,7942.0,0
3990,TX_0003990,0.0779,aggressive,ALLOW,2.0,7944.0,0
3991,TX_0003991,0.0455,aggressive,ALLOW,2.0,7946.0,0
3992,TX_0003992,0.0626,aggressive,ALLOW,2.0,7948.0,0
3993,TX_0003993,0.0589,aggressive,ALLOW,2.0,7950.0,0
3994,TX_0003994,0.0803,aggressive,ALLOW,2.0,7952.0,0
3995,TX_0003995,0.037,aggressive,ALLOW,2.0,7954.0,0
3996,TX_0003996,0.0418,aggressive,ALLOW,2.0,7956.0,0
3997,TX_0003997,0.0513,aggressive,ALLOW,2.0,7958.0,0
3998,TX_0003998,0.0189,aggressive,ALLOW,2.0,7960.0,0
3999,TX_0003999,0.0401,aggressive,ALLOW,2.0,7962.0,0
4000,TX_0004000,0.0868,aggressive,ALLOW,2.0,7964.0,0
4001,TX_0004001,0.0754,aggressive,ALLOW,2.0,7966.0,0
4002,TX_0004002,0.0702,aggressive,ALLOW,2.0,7968.0,0
4003,TX_0004003,0.089,aggressive,ALLOW,2.0,7970.0,0
4004,TX_0004004,0.0755,conservative,ALLOW,2.0,7972.0,0
4005,TX_0004005,0.0923,aggressive,ALLOW,2.0,7974.0,0
4006,TX_0004006,0.0941,aggressive,ALLOW,2.0,7976.0,0
4007,TX_0004007,0.0328,aggressive,ALLOW,2.0,7978.0,0
4008,TX_0004008,0.0897,aggressive,ALLOW,2.0,7980.0,0
4009,TX_0004009,0.1284,aggressive,ALLOW,2.0,7982.0,0
4010,TX_0004010,0.0722,aggressive,ALLOW,2.0,7984.0,0
4011,TX_0004011,0.0753,aggressive,ALLOW,2.0,7986.0,0
4012,TX_0004012,0.2355,aggressive,ALLOW,2.0,7988.0,0
4013,TX_0004013,0.0339,aggressive,ALLOW,2.0,7990.0,0
4014,TX_0004014,0.0419,aggressive,ALLOW,2.0,7992.0,0
4015,TX_0004015,0.0357,aggressive,ALLOW,2.0,7994.0,0
4016,TX_0004016,0.067,aggressive,ALLOW,2.0,7996.0,0
4017,TX_0004017,0.0633,aggressive,ALLOW,2.0,7998.0,0
4018,TX_0004018,0.0755,aggressive,ALLOW,2.0,8000.0,0
4019,TX_0004019,0.0419,aggressive,ALLOW,2.0,8002.0,0
4020,TX_0004020,0.1488,current,ALLOW,2.0,8004.0,0
4021,TX_0004021,0.023,current,ALLOW,2.0,8006.0,0
4022,TX_0004022,0.0263,aggressive,ALLOW,2.0,8008.0,0
4023,TX_0004023,0.087,aggressive,ALLOW,2.0,8010.0,0
4024,TX_0004024,0.1048,aggressive,ALLOW,2.0,8012.0,0
4025,TX_0004025,0.181,aggressive,ALLOW,2.0,8014.0,0
4026,TX_0004026,0.045,aggressive,ALLOW,2.0,8016.0,0
4027,TX_0004027,0.2177,aggressive,ALLOW,2.0,8018.0,0
4028,TX_0004028,0.1424,aggressive,ALLOW,2.0,8020.0,0
4029,TX_0004029,0.0256,aggressive,ALLOW,2.0,8022.0,0
4030,TX_0004030,0.0713,aggressive,ALLOW,2.0,8024.0,0
4031,TX_0004031,0.1858,aggressive,ALLOW,2.0,8026.0,0
4032,TX_0004032,0.023,aggressive,ALLOW,2.0,8028.0,0
4033,TX_0004033,0.0372,aggressive,ALLOW,2.0,8030.0,0
4034,TX_0004034,0.047,aggressive,ALLOW,2.0,8032.0,0
4035,TX_0004035,0.0689,aggressive,ALLOW,2.0,8034.0,0
4036,TX_0004036,0.0319,aggressive,ALLOW,2.0,8036.0,0
4037,TX_0004037,0.0221,aggressive,ALLOW,2.0,8038.0,0
4038,TX_0004038,0.0199,aggressive,ALLOW,2.0,8040.0,0
4039,TX_0004039,0.0875,aggressive,ALLOW,2.0,8042.0,0
4040,TX_0004040,0.0352,aggressive,ALLOW,2.0,8044.0,0
4041,TX_0004041,0.0366,aggressive,ALLOW,2.0,8046.0,0
4042,TX_0004042,0.0241,aggressive,ALLOW,2.0,8048.0,0
4043,TX_0004043,0.0697,aggressive,ALLOW,2.0,8050.0,0
4044,TX_0004044,0.0854,aggressive,ALLOW,2.0,8052.0,0
4045,TX_0004045,0.022,aggressive,ALLOW,2.0,8054.0,0
4046,TX_0004046,0.0447,aggressive,ALLOW,2.0,8056.0,0
4047,TX_0004047,0.1147,aggressive,ALLOW,2.0,8058.0,0
4048,TX_0004048,0.0587,aggressive,ALLOW,2.0,8060.0,0
4049,TX_0004049,0.136,aggressive,ALLOW,2.0,8062.0,0
4050,TX_0004050,0.2,aggressive,ALLOW,2.0,8064.0,0
4051,TX_0004051,0.064,aggressive,ALLOW,2.0,8066.0,0
4052,TX_0004052,0.1083,aggressive,ALLOW,2.0,8068.0,0
4053,TX_0004053,0.1013,aggressive,ALLOW,2.0,8070.0,0
4054,TX_0004054,0.0608,aggressive,ALLOW,2.0,8072.0,0
4055,TX_0004055,0.0723,aggressive,ALLOW,2.0,8074.0,0
4056,TX_0004056,0.0393,aggressive,ALLOW,2.0,8076.0,0
4057,TX_0004057,0.2249,aggressive,ALLOW,2.0,8078.0,0
4058,TX_0004058,0.0726,aggressive,ALLOW,2.0,8080.0,0
4059,TX_0004059,0.1735,aggressive,ALLOW,2.0,8082.0,0
4060,TX_0004060,0.0646,aggressive,ALLOW,2.0,8084.0,0
4061,TX_0004061,0.0674,aggressive,ALLOW,2.0,8086.0,0
4062,TX_0004062,0.038,aggressive,ALLOW,2.0,8088.0,0
4063,TX_0004063,0.0298,aggressive,ALLOW,2.0,8090.0,0
4064,TX_0004064,0.0414,aggressive,ALLOW,2.0,8092.0,0
4065,TX_0004065,0.0528,aggressive,ALLOW,2.0,8094.0,0
4066,TX_0004066,0.0403,aggressive,ALLOW,2.0,8096.0,0
4067,TX_0004067,0.0641,aggressive,ALLOW,2.0,8098.0,0
4068,TX_0004068,0.0271,aggressive,ALLOW,2.0,8100.0,0
4069,TX_0004069,0.0247,aggressive,ALLOW,2.0,8102.0,0
4070,TX_0004070,0.1113,aggressive,ALLOW,2.0,8104.0,0
4071,TX_0004071,0.0701,aggressive,ALLOW,2.0,8106.0,0
4072,TX_0004072,0.0184,aggressive,ALLOW,2.0,8108.0,0
4073,TX_0004073,0.085,aggressive,ALLOW,2.0,8110.0,0
4074,TX_0004074,0.0364,aggressive,ALLOW,2.0,8112.0,0
4075,TX_0004075,0.0298,conservative,ALLOW,2.0,8114.0,0
4076,TX_0004076,0.1036,aggressive,ALLOW,2.0,8116.0,0
4077,TX_0004077,0.0359,aggressive,ALLOW,2.0,8118.0,0
4078,TX_0004078,0.0471,aggressive,ALLOW,2.0,8120.0,0
4079,TX_0004079,0.0407,aggressive,ALLOW,2.0,8122.0,0
4080,TX_0004080,0.072,aggressive,ALLOW,2.0,8124.0,0
4081,TX_0004081,0.043,aggressive,ALLOW,2.0,8126.0,0
4082,TX_0004082,0.1321,aggressive,ALLOW,2.0,8128.0,0
4083,TX_0004083,0.1683,aggressive,ALLOW,2.0,8130.0,0
4084,TX_0004084,0.111,aggressive,ALLOW,2.0,8132.0,0
4085,TX_0004085,0.1143,aggressive,ALLOW,2.0,8134.0,0
4086,TX_0004086,0.0203,aggressive,ALLOW,2.0,8136.0,0
4087,TX_0004087,0.028,aggressive,ALLOW,2.0,8138.0,0
4088,TX_0004088,0.0233,aggressive,ALLOW,2.0,8140.0,0
4089,TX_0004089,0.0264,aggressive,ALLOW,2.0,8142.0,0
4090,TX_0004090,0.1031,aggressive,ALLOW,2.0,8144.0,0
4091,TX_0004091,0.0419,aggressive,ALLOW,2.0,8146.0,0
4092,TX_0004092,0.1919,current,ALLOW,2.0,8148.0,0
4093,TX_0004093,0.0595,aggressive,ALLOW,2.0,8150.0,0
4094,TX_0004094,0.0328,aggressive,ALLOW,2.0,8152.0,0
4095,TX_0004095,0.178,aggressive,ALLOW,2.0,8154.0,0
4096,TX_0004096,0.07,aggressive,ALLOW,2.0,8156.0,0
4097,TX_0004097,0.045,aggressive,ALLOW,2.0,8158.0,0
4098,TX_0004098,0.0343,aggressive,ALLOW,2.0,8160.0,0
4099,TX_0004099,0.0468,aggressive,ALLOW,2.0,8162.0,0
4100,TX_0004100,0.0719,aggressive,ALLOW,2.0,8164.0,0
4101,TX_0004101,0.0661,conservative,ALLOW,2.0,8166.0,0
4102,TX_0004102,0.1463,aggressive,ALLOW,2.0,8168.0,0
4103,TX_0004103,0.0557,aggressive,ALLOW,2.0,8170.0,0
4104,TX_0004104,0.0416,aggressive,ALLOW,2.0,8172.0,0
4105,TX_0004105,0.0345,aggressive,ALLOW,2.0,8174.0,0
4106,TX_0004106,0.0383,aggressive,ALLOW,2.0,8176.0,0
4107,TX_0004107,0.0663,aggressive,ALLOW,2.0,8178.0,0
4108,TX_0004108,0.0588,aggressive,ALLOW,2.0,8180.0,0
4109,TX_0004109,0.152,aggressive,ALLOW,2.0,8182.0,0
4110,TX_0004110,0.0288,current,ALLOW,2.0,8184.0,0
4111,TX_0004111,0.0346,aggressive,ALLOW,2.0,8186.0,0
4112,TX_0004112,0.0483,aggressive,ALLOW,2.0,8188.0,0
4113,TX_0004113,0.0295,aggressive,ALLOW,2.0,8190.0,0
4114,TX_0004114,0.059,aggressive,ALLOW,2.0,8192.0,0
4115,TX_0004115,0.0612,aggressive,ALLOW,2.0,8194.0,0
4116,TX_0004116,0.0257,aggressive,ALLOW,2.0,8196.0,0
4117,TX_0004117,0.0452,aggressive,ALLOW,2.0,8198.0,0
4118,TX_0004118,0.052,aggressive,ALLOW,2.0,8200.0,0
4119,TX_0004119,0.1084,aggressive,ALLOW,2.0,8202.0,0
4120,TX_0004120,0.1735,aggressive,ALLOW,2.0,8204.0,0
4121,TX_0004121,0.1597,aggressive,ALLOW,2.0,8206.0,0
4122,TX_0004122,0.0489,aggressive,ALLOW,2.0,8208.0,0
4123,TX_0004123,0.0371,current,ALLOW,2.0,8210.0,0
4124,TX_0004124,0.1735,aggressive,ALLOW,2.0,8212.0,0
4125,TX_0004125,0.079,aggressive,ALLOW,2.0,8214.0,0
4126,TX_0004126,0.0667,aggressive,ALLOW,2.0,8216.0,0
4127,TX_0004127,0.0387,aggressive,ALLOW,2.0,8218.0,0
4128,TX_0004128,0.1348,aggressive,ALLOW,2.0,8220.0,0
4129,TX_0004129,0.0276,aggressive,ALLOW,2.0,8222.0,0
4130,TX_0004130,0.0222,aggressive,ALLOW,2.0,8224.0,0
4131,TX_0004131,0.0339,aggressive,ALLOW,2.0,8226.0,0
4132,TX_0004132,0.0495,aggressive,ALLOW,2.0,8228.0,0
4133,TX_0004133,0.0537,aggressive,ALLOW,2.0,8230.0,0
4134,TX_0004134,0.0207,aggressive,ALLOW,2.0,8232.0,0
4135,TX_0004135,0.0376,aggressive,ALLOW,2.0,8234.0,0
4136,TX_0004136,0.0223,aggressive,ALLOW,2.0,8236.0,0
4137,TX_0004137,0.0279,aggressive,ALLOW,2.0,8238.0,0
4138,TX_0004138,0.0304,aggressive,ALLOW,2.0,8240.0,0
4139,TX_0004139,0.0455,aggressive,ALLOW,2.0,8242.0,0
4140,TX_0004140,0.0909,aggressive,ALLOW,2.0,8244.0,0
4141,TX_0004141,0.2179,aggressive,ALLOW,2.0,8246.0,0
4142,TX_0004142,0.0823,aggressive,ALLOW,2.0,8248.0,0
4143,TX_0004143,0.0532,aggressive,ALLOW,2.0,8250.0,0
4144,TX_0004144,0.0926,aggressive,ALLOW,2.0,8252.0,0
4145,TX_0004145,0.0221,aggressive,ALLOW,2.0,8254.0,0
4146,TX_0004146,0.0505,conservative,ALLOW,2.0,8256.0,0
4147,TX_0004147,0.0638,aggressive,ALLOW,2.0,8258.0,0
4148,TX_0004148,0.0346,aggressive,ALLOW,2.0,8260.0,0
4149,TX_0004149,0.0571,aggressive,ALLOW,2.0,8262.0,0
4150,TX_0004150,0.0439,aggressive,ALLOW,2.0,8264.0,0
4151,TX_0004151,0.2072,aggressive,ALLOW,2.0,8266.0,0
4152,TX_0004152,0.0787,aggressive,ALLOW,2.0,8268.0,0
4153,TX_0004153,0.0823,aggressive,ALLOW,2.0,8270.0,0
4154,TX_0004154,0.0298,aggressive,ALLOW,2.0,8272.0,0
4155,TX_0004155,0.0445,conservative,ALLOW,2.0,8274.0,0
4156,TX_0004156,0.1511,conservative,ALLOW,2.0,8276.0,0
4157,TX_0004157,0.1598,aggressive,ALLOW,2.0,8278.0,0
4158,TX_0004158,0.0303,aggressive,ALLOW,2.0,8280.0,0
4159,TX_0004159,0.0415,aggressive,ALLOW,2.0,8282.0,0
4160,TX_0004160,0.0953,aggressive,ALLOW,2.0,8284.0,0
4161,TX_0004161,0.0701,aggressive,ALLOW,2.0,8286.0,0
4162,TX_0004162,0.0324,aggressive,ALLOW,2.0,8288.0,0
4163,TX_0004163,0.0402,aggressive,ALLOW,2.0,8290.0,0
4164,TX_0004164,0.0253,aggressive,ALLOW,2.0,8292.0,0
4165,TX_0004165,0.056,aggressive,ALLOW,2.0,8294.0,0
4166,TX_0004166,0.0404,aggressive,ALLOW,2.0,8296.0,0
4167,TX_0004167,0.0693,aggressive,ALLOW,2.0,8298.0,0
4168,TX_0004168,0.0388,aggressive,ALLOW,2.0,8300.0,0
4169,TX_0004169,0.0417,aggressive,ALLOW,2.0,8302.0,0
4170,TX_0004170,0.0631,aggressive,ALLOW,2.0,8304.0,0
4171,TX_0004171,0.0537,current,ALLOW,2.0,8306.0,0
4172,TX_0004172,0.0461,aggressive,ALLOW,2.0,8308.0,0
4173,TX_0004173,0.0622,aggressive,ALLOW,2.0,8310.0,0
4174,TX_0004174,0.0445,aggressive,ALLOW,2.0,8312.0,0
4175,TX_0004175,0.0566,aggressive,ALLOW,2.0,8314.0,0
4176,TX_0004176,0.0179,aggressive,ALLOW,2.0,8316.0,0
4177,TX_0004177,0.053,aggressive,ALLOW,2.0,8318.0,0
4178,TX_0004178,0.0248,aggressive,ALLOW,2.0,8320.0,0
4179,TX_0004179,0.039,aggressive,ALLOW,2.0,8322.0,0
4180,TX_0004180,0.0175,aggressive,ALLOW,2.0,8324.0,0
4181,TX_0004181,0.1281,aggressive,ALLOW,2.0,8326.0,0
4182,TX_0004182,0.0215,aggressive,ALLOW,2.0,8328.0,0
4183,TX_0004183,0.0405,aggressive,ALLOW,2.0,8330.0,0
4184,TX_0004184,0.1498,aggressive,ALLOW,2.0,8332.0,0
4185,TX_0004185,0.0471,aggressive,ALLOW,2.0,8334.0,0
4186,TX_0004186,0.0823,aggressive,ALLOW,2.0,8336.0,0
4187,TX_0004187,0.111,aggressive,ALLOW,2.0,8338.0,0
4188,TX_0004188,0.0408,aggressive,ALLOW,2.0,8340.0,0
4189,TX_0004189,0.0383,aggressive,ALLOW,2.0,8342.0,0
4190,TX_0004190,0.197,aggressive,ALLOW,2.0,8344.0,0
4191,TX_0004191,0.0467,aggressive,ALLOW,2.0,8346.0,0
4192,TX_0004192,0.078,aggressive,ALLOW,2.0,8348.0,0
4193,TX_0004193,0.029,aggressive,ALLOW,2.0,8350.0,0
4194,TX_0004194,0.0285,aggressive,ALLOW,2.0,8352.0,0
4195,TX_0004195,0.0204,aggressive,ALLOW,2.0,8354.0,0
4196,TX_0004196,0.074,aggressive,ALLOW,2.0,8356.0,0
4197,TX_0004197,0.0439,aggressive,ALLOW,2.0,8358.0,0
4198,TX_0004198,0.0565,aggressive,ALLOW,2.0,8360.0,0
4199,TX_0004199,0.1534,aggressive,ALLOW,2.0,8362.0,0
4200,TX_0004200,0.0327,aggressive,ALLOW,2.0,8364.0,0
4201,TX_0004201,0.0954,aggressive,ALLOW,2.0,8366.0,0
4202,TX_0004202,0.0805,aggressive,ALLOW,2.0,8368.0,0
4203,TX_0004203,0.076,aggressive,ALLOW,2.0,8370.0,0
4204,TX_0004204,0.0962,aggressive,ALLOW,2.0,8372.0,0
4205,TX_0004205,0.0812,aggressive,ALLOW,2.0,8374.0,0
4206,TX_0004206,0.0982,aggressive,ALLOW,2.0,8376.0,0
4207,TX_0004207,0.0647,aggressive,ALLOW,2.0,8378.0,0
4208,TX_0004208,0.0602,aggressive,ALLOW,2.0,8380.0,0
4209,TX_0004209,0.0371,aggressive,ALLOW,2.0,8382.0,0
4210,TX_0004210,0.0969,aggressive,ALLOW,2.0,8384.0,0
4211,TX_0004211,0.0704,aggressive,ALLOW,2.0,8386.0,0
4212,TX_0004212,0.0859,aggressive,ALLOW,2.0,8388.0,0
4213,TX_0004213,0.1683,aggressive,ALLOW,2.0,8390.0,0
4214,TX_0004214,0.0554,aggressive,ALLOW,2.0,8392.0,0
4215,TX_0004215,0.0323,current,ALLOW,2.0,8394.0,0
4216,TX_0004216,0.0757,aggressive,ALLOW,2.0,8396.0,0
4217,TX_0004217,0.0281,aggressive,ALLOW,2.0,8398.0,0
4218,TX_0004218,0.0347,aggressive,ALLOW,2.0,8400.0,0
4219,TX_0004219,0.064,aggressive,ALLOW,2.0,8402.0,0
4220,TX_0004220,0.0428,aggressive,ALLOW,2.0,8404.0,0
4221,TX_0004221,0.0826,aggressive,ALLOW,2.0,8406.0,0
4222,TX_0004222,0.0428,aggressive,ALLOW,2.0,8408.0,0
4223,TX_0004223,0.0471,aggressive,ALLOW,2.0,8410.0,0
4224,TX_0004224,0.097,aggressive,ALLOW,2.0,8412.0,0
4225,TX_0004225,0.1353,aggressive,ALLOW,2.0,8414.0,0
4226,TX_0004226,0.0334,aggressive,ALLOW,2.0,8416.0,0
4227,TX_0004227,0.0719,aggressive,ALLOW,2.0,8418.0,0
4228,TX_0004228,0.0363,aggressive,ALLOW,2.0,8420.0,0
4229,TX_0004229,0.0378,current,ALLOW,2.0,8422.0,0
4230,TX_0004230,0.0368,aggressive,ALLOW,2.0,8424.0,0
4231,TX_0004231,0.0764,aggressive,ALLOW,2.0,8426.0,0
4232,TX_0004232,0.0721,aggressive,ALLOW,2.0,8428.0,0
4233,TX_0004233,0.0287,aggressive,ALLOW,2.0,8430.0,0
4234,TX_0004234,0.0513,aggressive,ALLOW,2.0,8432.0,0
4235,TX_0004235,0.1269,aggressive,ALLOW,2.0,8434.0,0
4236,TX_0004236,0.0737,aggressive,ALLOW,2.0,8436.0,0
4237,TX_0004237,0.0245,aggressive,ALLOW,2.0,8438.0,0
4238,TX_0004238,0.0254,aggressive,ALLOW,2.0,8440.0,0
4239,TX_0004239,0.1868,aggressive,ALLOW,2.0,8442.0,0
4240,TX_0004240,0.0638,conservative,ALLOW,2.0,8444.0,0
4241,TX_0004241,0.1026,aggressive,ALLOW,2.0,8446.0,0
4242,TX_0004242,0.113,aggressive,ALLOW,2.0,8448.0,0
4243,TX_0004243,0.143,aggressive,ALLOW,2.0,8450.0,0
4244,TX_0004244,0.0454,aggressive,ALLOW,2.0,8452.0,0
4245,TX_0004245,0.0728,aggressive,ALLOW,2.0,8454.0,0
4246,TX_0004246,0.1323,aggressive,ALLOW,2.0,8456.0,0
4247,TX_0004247,0.0558,aggressive,ALLOW,2.0,8458.0,0
4248,TX_0004248,0.0331,aggressive,ALLOW,2.0,8460.0,0
4249,TX_0004249,0.0726,aggressive,ALLOW,2.0,8462.0,0
4250,TX_0004250,0.0739,aggressive,ALLOW,2.0,8464.0,0
4251,TX_0004251,0.1058,aggressive,ALLOW,2.0,8466.0,0
4252,TX_0004252,0.1365,aggressive,ALLOW,2.0,8468.0,0
4253,TX_0004253,0.0235,aggressive,ALLOW,2.0,8470.0,0
4254,TX_0004254,0.0931,aggressive,ALLOW,2.0,8472.0,0
4255,TX_0004255,0.0418,aggressive,ALLOW,2.0,8474.0,0
4256,TX_0004256,0.0416,aggressive,ALLOW,2.0,8476.0,0
4257,TX_0004257,0.0542,aggressive,ALLOW,2.0,8478.0,0
4258,TX_0004258,0.0199,aggressive,ALLOW,2.0,8480.0,0
4259,TX_0004259,0.1424,aggressive,ALLOW,2.0,8482.0,0
4260,TX_0004260,0.1242,aggressive,ALLOW,2.0,8484.0,0
4261,TX_0004261,0.1004,aggressive,ALLOW,2.0,8486.0,0
4262,TX_0004262,0.0832,aggressive,ALLOW,2.0,8488.0,0
4263,TX_0004263,0.0444,aggressive,ALLOW,2.0,8490.0,0
4264,TX_0004264,0.066,aggressive,ALLOW,2.0,8492.0,0
4265,TX_0004265,0.1173,aggressive,ALLOW,2.0,8494.0,0
4266,TX_0004266,0.0332,aggressive,ALLOW,2.0,8496.0,0
4267,TX_0004267,0.0375,aggressive,ALLOW,2.0,8498.0,0
4268,TX_0004268,0.0893,aggressive,ALLOW,2.0,8500.0,0
4269,TX_0004269,0.0339,aggressive,ALLOW,2.0,8502.0,0
4270,TX_0004270,0.1196,aggressive,ALLOW,2.0,8504.0,0
4271,TX_0004271,0.0212,aggressive,ALLOW,2.0,8506.0,0
4272,TX_0004272,0.0675,aggressive,ALLOW,2.0,8508.0,0
4273,TX_0004273,0.0402,aggressive,ALLOW,2.0,8510.0,0
4274,TX_0004274,0.0346,current,ALLOW,2.0,8512.0,0
4275,TX_0004275,0.074,aggressive,ALLOW,2.0,8514.0,0
4276,TX_0004276,0.0524,aggressive,ALLOW,2.0,8516.0,0
4277,TX_0004277,0.1591,aggressive,ALLOW,2.0,8518.0,0
4278,TX_0004278,0.0565,aggressive,ALLOW,2.0,8520.0,0
4279,TX_0004279,0.0518,aggressive,ALLOW,2.0,8522.0,0
4280,TX_0004280,0.0356,aggressive,ALLOW,2.0,8524.0,0
4281,TX_0004281,0.2097,aggressive,ALLOW,2.0,8526.0,0
4282,TX_0004282,0.0578,aggressive,ALLOW,2.0,8528.0,0
4283,TX_0004283,0.0448,conservative,ALLOW,2.0,8530.0,0
4284,TX_0004284,0.0514,aggressive,ALLOW,2.0,8532.0,0
4285,TX_0004285,0.0404,aggressive,ALLOW,2.0,8534.0,0
4286,TX_0004286,0.0617,aggressive,ALLOW,2.0,8536.0,0
4287,TX_0004287,0.0598,aggressive,ALLOW,2.0,8538.0,0
4288,TX_0004288,0.0182,aggressive,ALLOW,2.0,8540.0,0
4289,TX_0004289,0.0599,aggressive,ALLOW,2.0,8542.0,0
4290,TX_0004290,0.0386,aggressive,ALLOW,2.0,8544.0,0
4291,TX_0004291,0.0475,aggressive,ALLOW,2.0,8546.0,0
4292,TX_0004292,0.0594,aggressive,ALLOW,2.0,8548.0,0
4293,TX_0004293,0.0564,aggressive,ALLOW,2.0,8550.0,0
4294,TX_0004294,0.0577,aggressive,ALLOW,2.0,8552.0,0
4295,TX_0004295,0.0337,aggressive,ALLOW,2.0,8554.0,0
4296,TX_0004296,0.0517,conservative,ALLOW,2.0,8556.0,0
4297,TX_0004297,0.0521,aggressive,ALLOW,2.0,8558.0,0
4298,TX_0004298,0.0842,aggressive,ALLOW,2.0,8560.0,0
4299,TX_0004299,0.0553,aggressive,ALLOW,2.0,8562.0,0
4300,TX_0004300,0.0538,aggressive,ALLOW,2.0,8564.0,0
4301,TX_0004301,0.0387,aggressive,ALLOW,2.0,8566.0,0
4302,TX_0004302,0.0764,aggressive,ALLOW,2.0,8568.0,0
4303,TX_0004303,0.1643,aggressive,ALLOW,2.0,8570.0,0
4304,TX_0004304,0.0738,aggressive,ALLOW,2.0,8572.0,0
4305,TX_0004305,0.1371,aggressive,ALLOW,2.0,8574.0,0
4306,TX_0004306,0.0479,aggressive,ALLOW,2.0,8576.0,0
4307,TX_0004307,0.0445,aggressive,ALLOW,2.0,8578.0,0
4308,TX_0004308,0.0648,current,ALLOW,2.0,8580.0,0
4309,TX_0004309,0.2099,aggressive,ALLOW,2.0,8582.0,0
4310,TX_0004310,0.1753,aggressive,ALLOW,2.0,8584.0,0
4311,TX_0004311,0.0737,aggressive,ALLOW,2.0,8586.0,0
4312,TX_0004312,0.0792,aggressive,ALLOW,2.0,8588.0,0
4313,TX_0004313,0.0493,aggressive,ALLOW,2.0,8590.0,0
4314,TX_0004314,0.0872,aggressive,ALLOW,2.0,8592.0,0
4315,TX_0004315,0.0471,aggressive,ALLOW,2.0,8594.0,0
4316,TX_0004316,0.0859,aggressive,ALLOW,2.0,8596.0,0
4317,TX_0004317,0.0354,aggressive,ALLOW,2.0,8598.0,0
4318,TX_0004318,0.0621,current,ALLOW,2.0,8600.0,0
4319,TX_0004319,0.0637,aggressive,ALLOW,2.0,8602.0,0
4320,TX_0004320,0.069,aggressive,ALLOW,2.0,8604.0,0
4321,TX_0004321,0.0788,aggressive,ALLOW,2.0,8606.0,0
4322,TX_0004322,0.0675,current,ALLOW,2.0,8608.0,0
4323,TX_0004323,0.0569,aggressive,ALLOW,2.0,8610.0,0
4324,TX_0004324,0.0863,aggressive,ALLOW,2.0,8612.0,0
4325,TX_0004325,0.0895,aggressive,ALLOW,2.0,8614.0,0
4326,TX_0004326,0.1623,aggressive,ALLOW,2.0,8616.0,0
4327,TX_0004327,0.0189,aggressive,ALLOW,2.0,8618.0,0
4328,TX_0004328,0.0662,aggressive,ALLOW,2.0,8620.0,0
4329,TX_0004329,0.0777,aggressive,ALLOW,2.0,8622.0,0
4330,TX_0004330,0.0529,aggressive,ALLOW,2.0,8624.0,0
4331,TX_0004331,0.036,aggressive,ALLOW,2.0,8626.0,0
4332,TX_0004332,0.0194,aggressive,ALLOW,2.0,8628.0,0
4333,TX_0004333,0.0323,aggressive,ALLOW,2.0,8630.0,0
4334,TX_0004334,0.0674,aggressive,ALLOW,2.0,8632.0,0
4335,TX_0004335,0.0564,conservative,ALLOW,2.0,8634.0,0
4336,TX_0004336,0.0728,aggressive,ALLOW,2.0,8636.0,0
4337,TX_0004337,0.0949,aggressive,ALLOW,2.0,8638.0,0
4338,TX_0004338,0.0382,aggressive,ALLOW,2.0,8640.0,0
4339,TX_0004339,0.0748,aggressive,ALLOW,2.0,8642.0,0
4340,TX_0004340,0.0526,aggressive,ALLOW,2.0,8644.0,0
4341,TX_0004341,0.0378,aggressive,ALLOW,2.0,8646.0,0
4342,TX_0004342,0.0625,aggressive,ALLOW,2.0,8648.0,0
4343,TX_0004343,0.0472,aggressive,ALLOW,2.0,8650.0,0
4344,TX_0004344,0.0578,aggressive,ALLOW,2.0,8652.0,0
4345,TX_0004345,0.016,aggressive,ALLOW,2.0,8654.0,0
4346,TX_0004346,0.0458,aggressive,ALLOW,2.0,8656.0,0
4347,TX_0004347,0.0393,aggressive,ALLOW,2.0,8658.0,0
4348,TX_0004348,0.0982,aggressive,ALLOW,2.0,8660.0,0
4349,TX_0004349,0.1206,aggressive,ALLOW,2.0,8662.0,0
4350,TX_0004350,0.0374,aggressive,ALLOW,2.0,8664.0,0
4351,TX_0004351,0.0978,aggressive,ALLOW,2.0,8666.0,0
4352,TX_0004352,0.1505,aggressive,ALLOW,2.0,8668.0,0
4353,TX_0004353,0.0226,aggressive,ALLOW,2.0,8670.0,0
4354,TX_0004354,0.0492,aggressive,ALLOW,2.0,8672.0,0
4355,TX_0004355,0.0202,current,ALLOW,2.0,8674.0,0
4356,TX_0004356,0.0277,aggressive,ALLOW,2.0,8676.0,0
4357,TX_0004357,0.0153,aggressive,ALLOW,2.0,8678.0,0
4358,TX_0004358,0.0315,aggressive,ALLOW,2.0,8680.0,0
4359,TX_0004359,0.0418,aggressive,ALLOW,2.0,8682.0,0
4360,TX_0004360,0.0712,aggressive,ALLOW,2.0,8684.0,0
4361,TX_0004361,0.0389,aggressive,ALLOW,2.0,8686.0,0
4362,TX_0004362,0.0836,aggressive,ALLOW,2.0,8688.0,0
4363,TX_0004363,0.0285,aggressive,ALLOW,2.0,8690.0,0
4364,TX_0004364,0.0348,aggressive,ALLOW,2.0,8692.0,0
4365,TX_0004365,0.0305,aggressive,ALLOW,2.0,8694.0,0
4366,TX_0004366,0.0186,aggressive,ALLOW,2.0,8696.0,0
4367,TX_0004367,0.0764,aggressive,ALLOW,2.0,8698.0,0
4368,TX_0004368,0.0616,aggressive,ALLOW,2.0,8700.0,0
4369,TX_0004369,0.076,aggressive,ALLOW,2.0,8702.0,0
4370,TX_0004370,0.0579,aggressive,ALLOW,2.0,8704.0,0
4371,TX_0004371,0.0571,aggressive,ALLOW,2.0,8706.0,0
4372,TX_0004372,0.0232,aggressive,ALLOW,2.0,8708.0,0
4373,TX_0004373,0.0417,aggressive,ALLOW,2.0,8710.0,0
4374,TX_0004374,0.0379,aggressive,ALLOW,2.0,8712.0,0
4375,TX_0004375,0.0439,aggressive,ALLOW,2.0,8714.0,0
4376,TX_0004376,0.0255,aggressive,ALLOW,2.0,8716.0,0
4377,TX_0004377,0.0808,aggressive,ALLOW,2.0,8718.0,0
4378,TX_0004378,0.0307,aggressive,ALLOW,2.0,8720.0,0
4379,TX_0004379,0.072,aggressive,ALLOW,2.0,8722.0,0
4380,TX_0004380,0.0626,aggressive,ALLOW,2.0,8724.0,0
4381,TX_0004381,0.0786,aggressive,ALLOW,2.0,8726.0,0
4382,TX_0004382,0.0552,aggressive,ALLOW,2.0,8728.0,0
4383,TX_0004383,0.0342,aggressive,ALLOW,2.0,8730.0,0
4384,TX_0004384,0.0816,aggressive,ALLOW,2.0,8732.0,0
4385,TX_0004385,0.0515,aggressive,ALLOW,2.0,8734.0,0
4386,TX_0004386,0.1683,aggressive,ALLOW,2.0,8736.0,0
4387,TX_0004387,0.078,aggressive,ALLOW,2.0,8738.0,0
4388,TX_0004388,0.0238,aggressive,ALLOW,2.0,8740.0,0
4389,TX_0004389,0.0415,current,ALLOW,2.0,8742.0,0
4390,TX_0004390,0.0458,aggressive,ALLOW,2.0,8744.0,0
4391,TX_0004391,0.1484,aggressive,ALLOW,2.0,8746.0,0
4392,TX_0004392,0.0234,aggressive,ALLOW,2.0,8748.0,0
4393,TX_0004393,0.0427,aggressive,ALLOW,2.0,8750.0,0
4394,TX_0004394,0.0159,aggressive,ALLOW,2.0,8752.0,0
4395,TX_0004395,0.0467,aggressive,ALLOW,2.0,8754.0,0
4396,TX_0004396,0.0532,aggressive,ALLOW,2.0,8756.0,0
4397,TX_0004397,0.0537,aggressive,ALLOW,2.0,8758.0,0
4398,TX_0004398,0.0149,aggressive,ALLOW,2.0,8760.0,0
4399,TX_0004399,0.0474,aggressive,ALLOW,2.0,8762.0,0
4400,TX_0004400,0.0273,aggressive,ALLOW,2.0,8764.0,0
4401,TX_0004401,0.0382,aggressive,ALLOW,2.0,8766.0,0
4402,TX_0004402,0.0294,aggressive,ALLOW,2.0,8768.0,0
4403,TX_0004403,0.1103,aggressive,ALLOW,2.0,8770.0,0
4404,TX_0004404,0.0537,aggressive,ALLOW,2.0,8772.0,0
4405,TX_0004405,0.1185,aggressive,ALLOW,2.0,8774.0,0
4406,TX_0004406,0.0382,current,ALLOW,2.0,8776.0,0
4407,TX_0004407,0.0899,aggressive,ALLOW,2.0,8778.0,0
4408,TX_0004408,0.0205,aggressive,ALLOW,2.0,8780.0,0
4409,TX_0004409,0.0588,aggressive,ALLOW,2.0,8782.0,0
4410,TX_0004410,0.0426,aggressive,ALLOW,2.0,8784.0,0
4411,TX_0004411,0.0493,aggressive,ALLOW,2.0,8786.0,0
4412,TX_0004412,0.2302,aggressive,ALLOW,2.0,8788.0,0
4413,TX_0004413,0.0357,aggressive,ALLOW,2.0,8790.0,0
4414,TX_0004414,0.0472,aggressive,ALLOW,2.0,8792.0,0
4415,TX_0004415,0.0582,aggressive,ALLOW,2.0,8794.0,0
4416,TX_0004416,0.0362,aggressive,ALLOW,2.0,8796.0,0
4417,TX_0004417,0.0226,aggressive,ALLOW,2.0,8798.0,0
4418,TX_0004418,0.0257,aggressive,ALLOW,2.0,8800.0,0
4419,TX_0004419,0.0865,aggressive,ALLOW,2.0,8802.0,0
4420,TX_0004420,0.0355,aggressive,ALLOW,2.0,8804.0,0
4421,TX_0004421,0.0258,aggressive,ALLOW,2.0,8806.0,0
4422,TX_0004422,0.1555,aggressive,ALLOW,2.0,8808.0,0
4423,TX_0004423,0.0511,aggressive,ALLOW,2.0,8810.0,0
4424,TX_0004424,0.0603,aggressive,ALLOW,2.0,8812.0,0
4425,TX_0004425,0.0432,aggressive,ALLOW,2.0,8814.0,0
4426,TX_0004426,0.0221,aggressive,ALLOW,2.0,8816.0,0
4427,TX_0004427,0.1575,aggressive,ALLOW,2.0,8818.0,0
4428,TX_0004428,0.0696,aggressive,ALLOW,2.0,8820.0,0
4429,TX_0004429,0.0447,aggressive,ALLOW,2.0,8822.0,0
4430,TX_0004430,0.1481,aggressive,ALLOW,2.0,8824.0,0
4431,TX_0004431,0.0527,aggressive,ALLOW,2.0,8826.0,0
4432,TX_0004432,0.1642,aggressive,ALLOW,2.0,8828.0,0
4433,TX_0004433,0.0662,conservative,ALLOW,2.0,8830.0,0
4434,TX_0004434,0.033,aggressive,ALLOW,2.0,8832.0,0
4435,TX_0004435,0.0879,aggressive,ALLOW,2.0,8834.0,0
4436,TX_0004436,0.2434,aggressive,ALLOW,2.0,8836.0,0
4437,TX_0004437,0.0543,aggressive,ALLOW,2.0,8838.0,0
4438,TX_0004438,0.0259,aggressive,ALLOW,2.0,8840.0,0
4439,TX_0004439,0.1749,aggressive,ALLOW,2.0,8842.0,0
4440,TX_0004440,0.0599,aggressive,ALLOW,2.0,8844.0,0
4441,TX_0004441,0.1151,aggressive,ALLOW,2.0,8846.0,0
4442,TX_0004442,0.1198,aggressive,ALLOW,2.0,8848.0,0
4443,TX_0004443,0.0388,conservative,ALLOW,2.0,8850.0,0
4444,TX_0004444,0.1077,aggressive,ALLOW,2.0,8852.0,0
4445,TX_0004445,0.0222,aggressive,ALLOW,2.0,8854.0,0
4446,TX_0004446,0.0595,aggressive,ALLOW,2.0,8856.0,0
4447,TX_0004447,0.0502,current,ALLOW,2.0,8858.0,0
4448,TX_0004448,0.0422,aggressive,ALLOW,2.0,8860.0,0
4449,TX_0004449,0.0435,aggressive,ALLOW,2.0,8862.0,0
4450,TX_0004450,0.0415,aggressive,ALLOW,2.0,8864.0,0
4451,TX_0004451,0.1459,aggressive,ALLOW,2.0,8866.0,0
4452,TX_0004452,0.1003,aggressive,ALLOW,2.0,8868.0,0
4453,TX_0004453,0.0467,aggressive,ALLOW,2.0,8870.0,0
4454,TX_0004454,0.048,conservative,ALLOW,2.0,8872.0,0
4455,TX_0004455,0.0688,aggressive,ALLOW,2.0,8874.0,0
4456,TX_0004456,0.0604,aggressive,ALLOW,2.0,8876.0,0
4457,TX_0004457,0.0591,aggressive,ALLOW,2.0,8878.0,0
4458,TX_0004458,0.1365,conservative,ALLOW,2.0,8880.0,0
4459,TX_0004459,0.0822,aggressive,ALLOW,2.0,8882.0,0
4460,TX_0004460,0.07,aggressive,ALLOW,2.0,8884.0,0
4461,TX_0004461,0.0648,aggressive,ALLOW,2.0,8886.0,0
4462,TX_0004462,0.0673,aggressive,ALLOW,2.0,8888.0,0
4463,TX_0004463,0.0871,aggressive,ALLOW,2.0,8890.0,0
4464,TX_0004464,0.097,aggressive,ALLOW,2.0,8892.0,0
4465,TX_0004465,0.0493,aggressive,ALLOW,2.0,8894.0,0
4466,TX_0004466,0.0592,aggressive,ALLOW,2.0,8896.0,0
4467,TX_0004467,0.0437,aggressive,ALLOW,2.0,8898.0,0
4468,TX_0004468,0.0604,aggressive,ALLOW,2.0,8900.0,0
4469,TX_0004469,0.0308,aggressive,ALLOW,2.0,8902.0,0
4470,TX_0004470,0.051,aggressive,ALLOW,2.0,8904.0,0
4471,TX_0004471,0.0569,aggressive,ALLOW,2.0,8906.0,0
4472,TX_0004472,0.0832,aggressive,ALLOW,2.0,8908.0,0
4473,TX_0004473,0.0363,aggressive,ALLOW,2.0,8910.0,0
4474,TX_0004474,0.0648,aggressive,ALLOW,2.0,8912.0,0
4475,TX_0004475,0.052,aggressive,ALLOW,2.0,8914.0,0
4476,TX_0004476,0.0369,aggressive,ALLOW,2.0,8916.0,0
4477,TX_0004477,0.0819,aggressive,ALLOW,2.0,8918.0,0
4478,TX_0004478,0.0283,aggressive,ALLOW,2.0,8920.0,0
4479,TX_0004479,0.0547,aggressive,ALLOW,2.0,8922.0,0
4480,TX_0004480,0.0552,aggressive,ALLOW,2.0,8924.0,0
4481,TX_0004481,0.062,aggressive,ALLOW,2.0,8926.0,0
4482,TX_0004482,0.0372,aggressive,ALLOW,2.0,8928.0,0
4483,TX_0004483,0.0238,aggressive,ALLOW,2.0,8930.0,0
4484,TX_0004484,0.0788,aggressive,ALLOW,2.0,8932.0,0
4485,TX_0004485,0.0238,aggressive,ALLOW,2.0,8934.0,0
4486,TX_0004486,0.0418,aggressive,ALLOW,2.0,8936.0,0
4487,TX_0004487,0.0351,aggressive,ALLOW,2.0,8938.0,0
4488,TX_0004488,0.0552,aggressive,ALLOW,2.0,8940.0,0
4489,TX_0004489,0.1178,aggressive,ALLOW,2.0,8942.0,0
4490,TX_0004490,0.0547,current,ALLOW,2.0,8944.0,0
4491,TX_0004491,0.0228,aggressive,ALLOW,2.0,8946.0,0
4492,TX_0004492,0.0197,aggressive,ALLOW,2.0,8948.0,0
4493,TX_0004493,0.064,aggressive,ALLOW,2.0,8950.0,0
4494,TX_0004494,0.2241,aggressive,ALLOW,2.0,8952.0,0
4495,TX_0004495,0.0708,aggressive,ALLOW,2.0,8954.0,0
4496,TX_0004496,0.0217,aggressive,ALLOW,2.0,8956.0,0
4497,TX_0004497,0.0324,aggressive,ALLOW,2.0,8958.0,0
4498,TX_0004498,0.0534,aggressive,ALLOW,2.0,8960.0,0
4499,TX_0004499,0.0404,aggressive,ALLOW,2.0,8962.0,0
4500,TX_0004500,0.0286,aggressive,ALLOW,2.0,8964.0,0
4501,TX_0004501,0.0383,aggressive,ALLOW,2.0,8966.0,0
4502,TX_0004502,0.0257,aggressive,ALLOW,2.0,8968.0,0
4503,TX_0004503,0.1046,aggressive,ALLOW,2.0,8970.0,0
4504,TX_0004504,0.0764,aggressive,ALLOW,2.0,8972.0,0
4505,TX_0004505,0.0731,aggressive,ALLOW,2.0,8974.0,0
4506,TX_0004506,0.0718,aggressive,ALLOW,2.0,8976.0,0
4507,TX_0004507,0.0612,aggressive,ALLOW,2.0,8978.0,0
4508,TX_0004508,0.0912,conservative,ALLOW,2.0,8980.0,0
4509,TX_0004509,0.0383,aggressive,ALLOW,2.0,8982.0,0
4510,TX_0004510,0.057,aggressive,ALLOW,2.0,8984.0,0
4511,TX_0004511,0.0755,aggressive,ALLOW,2.0,8986.0,0
4512,TX_0004512,0.0245,aggressive,ALLOW,2.0,8988.0,0
4513,TX_0004513,0.0894,aggressive,ALLOW,2.0,8990.0,0
4514,TX_0004514,0.0556,aggressive,ALLOW,2.0,8992.0,0
4515,TX_0004515,0.0648,aggressive,ALLOW,2.0,8994.0,0
4516,TX_0004516,0.0319,aggressive,ALLOW,2.0,8996.0,0
4517,TX_0004517,0.0665,aggressive,ALLOW,2.0,8998.0,0
4518,TX_0004518,0.057,aggressive,ALLOW,2.0,9000.0,0
4519,TX_0004519,0.1014,aggressive,ALLOW,2.0,9002.0,0
4520,TX_0004520,0.1219,aggressive,ALLOW,2.0,9004.0,0
4521,TX_0004521,0.1354,aggressive,ALLOW,2.0,9006.0,0
4522,TX_0004522,0.0743,aggressive,ALLOW,2.0,9008.0,0
4523,TX_0004523,0.1069,aggressive,ALLOW,2.0,9010.0,0
4524,TX_0004524,0.0197,aggressive,ALLOW,2.0,9012.0,0
4525,TX_0004525,0.1194,aggressive,ALLOW,2.0,9014.0,0
4526,TX_0004526,0.1814,aggressive,ALLOW,2.0,9016.0,0
4527,TX_0004527,0.0339,aggressive,ALLOW,2.0,9018.0,0
4528,TX_0004528,0.0931,aggressive,ALLOW,2.0,9020.0,0
4529,TX_0004529,0.0811,aggressive,ALLOW,2.0,9022.0,0
4530,TX_0004530,0.0501,aggressive,ALLOW,2.0,9024.0,0
4531,TX_0004531,0.0833,aggressive,ALLOW,2.0,9026.0,0
4532,TX_0004532,0.047,aggressive,ALLOW,2.0,9028.0,0
4533,TX_0004533,0.0442,aggressive,ALLOW,2.0,9030.0,0
4534,TX_0004534,0.0272,aggressive,ALLOW,2.0,9032.0,0
4535,TX_0004535,0.103,aggressive,ALLOW,2.0,9034.0,0
4536,TX_0004536,0.03,aggressive,ALLOW,2.0,9036.0,0
4537,TX_0004537,0.0414,aggressive,ALLOW,2.0,9038.0,0
4538,TX_0004538,0.0554,aggressive,ALLOW,2.0,9040.0,0
4539,TX_0004539,0.0699,current,ALLOW,2.0,9042.0,0
4540,TX_0004540,0.0407,aggressive,ALLOW,2.0,9044.0,0
4541,TX_0004541,0.0221,current,ALLOW,2.0,9046.0,0
4542,TX_0004542,0.0799,aggressive,ALLOW,2.0,9048.0,0
4543,TX_0004543,0.0303,aggressive,ALLOW,2.0,9050.0,0
4544,TX_0004544,0.075,aggressive,ALLOW,2.0,9052.0,0
4545,TX_0004545,0.1114,aggressive,ALLOW,2.0,9054.0,0
4546,TX_0004546,0.0361,aggressive,ALLOW,2.0,9056.0,0
4547,TX_0004547,0.0709,aggressive,ALLOW,2.0,9058.0,0
4548,TX_0004548,0.0513,aggressive,ALLOW,2.0,9060.0,0
4549,TX_0004549,0.0306,aggressive,ALLOW,2.0,9062.0,0
4550,TX_0004550,0.07,aggressive,ALLOW,2.0,9064.0,0
4551,TX_0004551,0.0788,aggressive,ALLOW,2.0,9066.0,0
4552,TX_0004552,0.0599,aggressive,ALLOW,2.0,9068.0,0
4553,TX_0004553,0.1526,aggressive,ALLOW,2.0,9070.0,0
4554,TX_0004554,0.179,aggressive,ALLOW,2.0,9072.0,0
4555,TX_0004555,0.1755,aggressive,ALLOW,2.0,9074.0,0
4556,TX_0004556,0.0612,current,ALLOW,2.0,9076.0,0
4557,TX_0004557,0.08,aggressive,ALLOW,2.0,9078.0,0
4558,TX_0004558,0.0648,aggressive,ALLOW,2.0,9080.0,0
4559,TX_0004559,0.1323,aggressive,ALLOW,2.0,9082.0,0
4560,TX_0004560,0.1483,aggressive,ALLOW,2.0,9084.0,0
4561,TX_0004561,0.0821,aggressive,ALLOW,2.0,9086.0,0
4562,TX_0004562,0.0274,aggressive,ALLOW,2.0,9088.0,0
4563,TX_0004563,0.2174,aggressive,ALLOW,2.0,9090.0,0
4564,TX_0004564,0.0872,aggressive,ALLOW,2.0,9092.0,0
4565,TX_0004565,0.0725,aggressive,ALLOW,2.0,9094.0,0
4566,TX_0004566,0.0439,aggressive,ALLOW,2.0,9096.0,0
4567,TX_0004567,0.08,aggressive,ALLOW,2.0,9098.0,0
4568,TX_0004568,0.0816,aggressive,ALLOW,2.0,9100.0,0
4569,TX_0004569,0.0775,aggressive,ALLOW,2.0,9102.0,0
4570,TX_0004570,0.0491,aggressive,ALLOW,2.0,9104.0,0
4571,TX_0004571,0.0324,aggressive,ALLOW,2.0,9106.0,0
4572,TX_0004572,0.1245,aggressive,ALLOW,2.0,9108.0,0
4573,TX_0004573,0.0636,aggressive,ALLOW,2.0,9110.0,0
4574,TX_0004574,0.0264,aggressive,ALLOW,2.0,9112.0,0
4575,TX_0004575,0.1291,aggressive,ALLOW,2.0,9114.0,0
4576,TX_0004576,0.0469,aggressive,ALLOW,2.0,9116.0,0
4577,TX_0004577,0.0466,aggressive,ALLOW,2.0,9118.0,0
4578,TX_0004578,0.0798,aggressive,ALLOW,2.0,9120.0,0
4579,TX_0004579,0.0528,aggressive,ALLOW,2.0,9122.0,0
4580,TX_0004580,0.0206,aggressive,ALLOW,2.0,9124.0,0
4581,TX_0004581,0.0616,conservative,ALLOW,2.0,9126.0,0
4582,TX_0004582,0.0392,aggressive,ALLOW,2.0,9128.0,0
4583,TX_0004583,0.065,aggressive,ALLOW,2.0,9130.0,0
4584,TX_0004584,0.0765,aggressive,ALLOW,2.0,9132.0,0
4585,TX_0004585,0.0568,aggressive,ALLOW,2.0,9134.0,0
4586,TX_0004586,0.1724,aggressive,ALLOW,2.0,9136.0,0
4587,TX_0004587,0.0627,aggressive,ALLOW,2.0,9138.0,0
4588,TX_0004588,0.0503,aggressive,ALLOW,2.0,9140.0,0
4589,TX_0004589,0.0751,aggressive,ALLOW,2.0,9142.0,0
4590,TX_0004590,0.0525,aggressive,ALLOW,2.0,9144.0,0
4591,TX_0004591,0.0367,aggressive,ALLOW,2.0,9146.0,0
4592,TX_0004592,0.051,aggressive,ALLOW,2.0,9148.0,0
4593,TX_0004593,0.1313,aggressive,ALLOW,2.0,9150.0,0
4594,TX_0004594,0.16,aggressive,ALLOW,2.0,9152.0,0
4595,TX_0004595,0.0318,aggressive,ALLOW,2.0,9154.0,0
4596,TX_0004596,0.0587,aggressive,ALLOW,2.0,9156.0,0
4597,TX_0004597,0.054,aggressive,ALLOW,2.0,9158.0,0
4598,TX_0004598,0.1146,aggressive,ALLOW,2.0,9160.0,0
4599,TX_0004599,0.0232,aggressive,ALLOW,2.0,9162.0,0
4600,TX_0004600,0.0469,aggressive,ALLOW,2.0,9164.0,0
4601,TX_0004601,0.0853,aggressive,ALLOW,2.0,9166.0,0
4602,TX_0004602,0.0417,aggressive,ALLOW,2.0,9168.0,0
4603,TX_0004603,0.0366,aggressive,ALLOW,2.0,9170.0,0
4604,TX_0004604,0.048,aggressive,ALLOW,2.0,9172.0,0
4605,TX_0004605,0.0189,aggressive,ALLOW,2.0,9174.0,0
4606,TX_0004606,0.0772,aggressive,ALLOW,2.0,9176.0,0
4607,TX_0004607,0.0765,aggressive,ALLOW,2.0,9178.0,0
4608,TX_0004608,0.0475,aggressive,ALLOW,2.0,9180.0,0
4609,TX_0004609,0.2031,aggressive,ALLOW,2.0,9182.0,0
4610,TX_0004610,0.03,aggressive,ALLOW,2.0,9184.0,0
4611,TX_0004611,0.0841,aggressive,ALLOW,2.0,9186.0,0
4612,TX_0004612,0.0234,aggressive,ALLOW,2.0,9188.0,0
4613,TX_0004613,0.0328,aggressive,ALLOW,2.0,9190.0,0
4614,TX_0004614,0.0506,aggressive,ALLOW,2.0,9192.0,0
4615,TX_0004615,0.0771,aggressive,ALLOW,2.0,9194.0,0
4616,TX_0004616,0.0339,aggressive,ALLOW,2.0,9196.0,0
4617,TX_0004617,0.0476,aggressive,ALLOW,2.0,9198.0,0
4618,TX_0004618,0.1605,aggressive,ALLOW,2.0,9200.0,0
4619,TX_0004619,0.0826,aggressive,ALLOW,2.0,9202.0,0
4620,TX_0004620,0.0353,aggressive,ALLOW,2.0,9204.0,0
4621,TX_0004621,0.0279,aggressive,ALLOW,2.0,9206.0,0
4622,TX_0004622,0.0311,aggressive,ALLOW,2.0,9208.0,0
4623,TX_0004623,0.0454,aggressive,ALLOW,2.0,9210.0,0
4624,TX_0004624,0.0458,aggressive,ALLOW,2.0,9212.0,0
4625,TX_0004625,0.0346,aggressive,ALLOW,2.0,9214.0,0
4626,TX_0004626,0.1307,aggressive,ALLOW,2.0,9216.0,0
4627,TX_0004627,0.0447,aggressive,ALLOW,2.0,9218.0,0
4628,TX_0004628,0.0532,aggressive,ALLOW,2.0,9220.0,0
4629,TX_0004629,0.0455,current,ALLOW,2.0,9222.0,0
4630,TX_0004630,0.0432,aggressive,ALLOW,2.0,9224.0,0
4631,TX_0004631,0.0819,aggressive,ALLOW,2.0,9226.0,0
4632,TX_0004632,0.0318,aggressive,ALLOW,2.0,9228.0,0
4633,TX_0004633,0.0663,aggressive,ALLOW,2.0,9230.0,0
4634,TX_0004634,0.0248,aggressive,ALLOW,2.0,9232.0,0
4635,TX_0004635,0.032,aggressive,ALLOW,2.0,9234.0,0
4636,TX_0004636,0.047,aggressive,ALLOW,2.0,9236.0,0
4637,TX_0004637,0.0372,aggressive,ALLOW,2.0,9238.0,0
4638,TX_0004638,0.0388,aggressive,ALLOW,2.0,9240.0,0
4639,TX_0004639,0.0662,aggressive,ALLOW,2.0,9242.0,0
4640,TX_0004640,0.048,aggressive,ALLOW,2.0,9244.0,0
4641,TX_0004641,0.0726,aggressive,ALLOW,2.0,9246.0,0
4642,TX_0004642,0.167,aggressive,ALLOW,2.0,9248.0,0
4643,TX_0004643,0.041,aggressive,ALLOW,2.0,9250.0,0
4644,TX_0004644,0.0351,aggressive,ALLOW,2.0,9252.0,0
4645,TX_0004645,0.0221,aggressive,ALLOW,2.0,9254.0,0
4646,TX_0004646,0.0301,aggressive,ALLOW,2.0,9256.0,0
4647,TX_0004647,0.0186,aggressive,ALLOW,2.0,9258.0,0
4648,TX_0004648,0.0254,aggressive,ALLOW,2.0,9260.0,0
4649,TX_0004649,0.0672,current,ALLOW,2.0,9262.0,0
4650,TX_0004650,0.0704,aggressive,ALLOW,2.0,9264.0,0
4651,TX_0004651,0.2087,aggressive,ALLOW,2.0,9266.0,0
4652,TX_0004652,0.1188,aggressive,ALLOW,2.0,9268.0,0
4653,TX_0004653,0.0749,aggressive,ALLOW,2.0,9270.0,0
4654,TX_0004654,0.1276,aggressive,ALLOW,2.0,9272.0,0
4655,TX_0004655,0.026,aggressive,ALLOW,2.0,9274.0,0
4656,TX_0004656,0.0755,aggressive,ALLOW,2.0,9276.0,0
4657,TX_0004657,0.0359,aggressive,ALLOW,2.0,9278.0,0
4658,TX_0004658,0.0423,aggressive,ALLOW,2.0,9280.0,0
4659,TX_0004659,0.0176,aggressive,ALLOW,2.0,9282.0,0
4660,TX_0004660,0.0521,aggressive,ALLOW,2.0,9284.0,0
4661,TX_0004661,0.0589,aggressive,ALLOW,2.0,9286.0,0
4662,TX_0004662,0.0454,aggressive,ALLOW,2.0,9288.0,0
4663,TX_0004663,0.2456,aggressive,ALLOW,2.0,9290.0,0
4664,TX_0004664,0.0758,aggressive,ALLOW,2.0,9292.0,0
4665,TX_0004665,0.0347,conservative,ALLOW,2.0,9294.0,0
4666,TX_0004666,0.1029,current,ALLOW,2.0,9296.0,0
4667,TX_0004667,0.213,aggressive,ALLOW,2.0,9298.0,0
4668,TX_0004668,0.0351,aggressive,ALLOW,2.0,9300.0,0
4669,TX_0004669,0.1323,aggressive,ALLOW,2.0,9302.0,0
4670,TX_0004670,0.067,aggressive,ALLOW,2.0,9304.0,0
4671,TX_0004671,0.0724,aggressive,ALLOW,2.0,9306.0,0
4672,TX_0004672,0.121,aggressive,ALLOW,2.0,9308.0,0
4673,TX_0004673,0.0434,aggressive,ALLOW,2.0,9310.0,0
4674,TX_0004674,0.0247,aggressive,ALLOW,2.0,9312.0,0
4675,TX_0004675,0.0231,aggressive,ALLOW,2.0,9314.0,0
4676,TX_0004676,0.0763,aggressive,ALLOW,2.0,9316.0,0
4677,TX_0004677,0.0308,conservative,ALLOW,2.0,9318.0,0
4678,TX_0004678,0.0183,aggressive,ALLOW,2.0,9320.0,0
4679,TX_0004679,0.1128,aggressive,ALLOW,2.0,9322.0,0
4680,TX_0004680,0.1312,aggressive,ALLOW,2.0,9324.0,0
4681,TX_0004681,0.1215,current,ALLOW,2.0,9326.0,0
4682,TX_0004682,0.1535,aggressive,ALLOW,2.0,9328.0,0
4683,TX_0004683,0.1229,aggressive,ALLOW,2.0,9330.0,0
4684,TX_0004684,0.1042,aggressive,ALLOW,2.0,9332.0,0
4685,TX_0004685,0.0442,aggressive,ALLOW,2.0,9334.0,0
4686,TX_0004686,0.0222,aggressive,ALLOW,2.0,9336.0,0
4687,TX_0004687,0.0958,aggressive,ALLOW,2.0,9338.0,0
4688,TX_0004688,0.077,aggressive,ALLOW,2.0,9340.0,0
4689,TX_0004689,0.0136,aggressive,ALLOW,2.0,9342.0,0
4690,TX_0004690,0.1504,aggressive,ALLOW,2.0,9344.0,0
4691,TX_0004691,0.0439,aggressive,ALLOW,2.0,9346.0,0
4692,TX_0004692,0.0353,aggressive,ALLOW,2.0,9348.0,0
4693,TX_0004693,0.0599,aggressive,ALLOW,2.0,9350.0,0
4694,TX_0004694,0.0828,aggressive,ALLOW,2.0,9352.0,0
4695,TX_0004695,0.2099,aggressive,ALLOW,2.0,9354.0,0
4696,TX_0004696,0.0643,aggressive,ALLOW,2.0,9356.0,0
4697,TX_0004697,0.1077,aggressive,ALLOW,2.0,9358.0,0
4698,TX_0004698,0.0219,current,ALLOW,2.0,9360.0,0
4699,TX_0004699,0.0694,aggressive,ALLOW,2.0,9362.0,0
4700,TX_0004700,0.0442,aggressive,ALLOW,2.0,9364.0,0
4701,TX_0004701,0.076,aggressive,ALLOW,2.0,9366.0,0
4702,TX_0004702,0.1385,aggressive,ALLOW,2.0,9368.0,0
4703,TX_0004703,0.0234,aggressive,ALLOW,2.0,9370.0,0
4704,TX_0004704,0.0239,aggressive,ALLOW,2.0,9372.0,0
4705,TX_0004705,0.0532,aggressive,ALLOW,2.0,9374.0,0
4706,TX_0004706,0.0448,aggressive,ALLOW,2.0,9376.0,0
4707,TX_0004707,0.103,aggressive,ALLOW,2.0,9378.0,0
4708,TX_0004708,0.0496,aggressive,ALLOW,2.0,9380.0,0
4709,TX_0004709,0.056,aggressive,ALLOW,2.0,9382.0,0
4710,TX_0004710,0.0403,aggressive,ALLOW,2.0,9384.0,0
4711,TX_0004711,0.0442,aggressive,ALLOW,2.0,9386.0,0
4712,TX_0004712,0.0869,aggressive,ALLOW,2.0,9388.0,0
4713,TX_0004713,0.0345,aggressive,ALLOW,2.0,9390.0,0
4714,TX_0004714,0.0642,aggressive,ALLOW,2.0,9392.0,0
4715,TX_0004715,0.0107,aggressive,ALLOW,2.0,9394.0,0
4716,TX_0004716,0.0402,aggressive,ALLOW,2.0,9396.0,0
4717,TX_0004717,0.0868,aggressive,ALLOW,2.0,9398.0,0
4718,TX_0004718,0.111,aggressive,ALLOW,2.0,9400.0,0
4719,TX_0004719,0.0522,aggressive,ALLOW,2.0,9402.0,0
4720,TX_0004720,0.0489,aggressive,ALLOW,2.0,9404.0,0
4721,TX_0004721,0.0615,aggressive,ALLOW,2.0,9406.0,0
4722,TX_0004722,0.0522,aggressive,ALLOW,2.0,9408.0,0
4723,TX_0004723,0.0348,aggressive,ALLOW,2.0,9410.0,0
4724,TX_0004724,0.0787,aggressive,ALLOW,2.0,9412.0,0
4725,TX_0004725,0.0788,aggressive,ALLOW,2.0,9414.0,0
4726,TX_0004726,0.0414,aggressive,ALLOW,2.0,9416.0,0
4727,TX_0004727,0.0443,aggressive,ALLOW,2.0,9418.0,0
4728,TX_0004728,0.0455,conservative,ALLOW,2.0,9420.0,0
4729,TX_0004729,0.0377,aggressive,ALLOW,2.0,9422.0,0
4730,TX_0004730,0.065,aggressive,ALLOW,2.0,9424.0,0
4731,TX_0004731,0.2122,current,ALLOW,2.0,9426.0,0
4732,TX_0004732,0.0508,aggressive,ALLOW,2.0,9428.0,0
4733,TX_0004733,0.0657,aggressive,ALLOW,2.0,9430.0,0
4734,TX_0004734,0.0713,aggressive,ALLOW,2.0,9432.0,0
4735,TX_0004735,0.0787,aggressive,ALLOW,2.0,9434.0,0
4736,TX_0004736,0.0463,aggressive,ALLOW,2.0,9436.0,0
4737,TX_0004737,0.0442,aggressive,ALLOW,2.0,9438.0,0
4738,TX_0004738,0.0254,aggressive,ALLOW,2.0,9440.0,0
4739,TX_0004739,0.0599,aggressive,ALLOW,2.0,9442.0,0
4740,TX_0004740,0.055,aggressive,ALLOW,2.0,9444.0,0
4741,TX_0004741,0.0406,aggressive,ALLOW,2.0,9446.0,0
4742,TX_0004742,0.0409,aggressive,ALLOW,2.0,9448.0,0
4743,TX_0004743,0.0388,aggressive,ALLOW,2.0,9450.0,0
4744,TX_0004744,0.0341,aggressive,ALLOW,2.0,9452.0,0
4745,TX_0004745,0.0269,aggressive,ALLOW,2.0,9454.0,0
4746,TX_0004746,0.1482,aggressive,ALLOW,2.0,9456.0,0
4747,TX_0004747,0.0406,aggressive,ALLOW,2.0,9458.0,0
4748,TX_0004748,0.0976,aggressive,ALLOW,2.0,9460.0,0
4749,TX_0004749,0.0592,aggressive,ALLOW,2.0,9462.0,0
4750,TX_0004750,0.0654,aggressive,ALLOW,2.0,9464.0,0
4751,TX_0004751,0.1357,aggressive,ALLOW,2.0,9466.0,0
4752,TX_0004752,0.0256,aggressive,ALLOW,2.0,9468.0,0
4753,TX_0004753,0.0151,aggressive,ALLOW,2.0,9470.0,0
4754,TX_0004754,0.0751,aggressive,ALLOW,2.0,9472.0,0
4755,TX_0004755,0.0888,current,ALLOW,2.0,9474.0,0
4756,TX_0004756,0.0609,aggressive,ALLOW,2.0,9476.0,0
4757,TX_0004757,0.0719,aggressive,ALLOW,2.0,9478.0,0
4758,TX_0004758,0.0716,aggressive,ALLOW,2.0,9480.0,0
4759,TX_0004759,0.0624,aggressive,ALLOW,2.0,9482.0,0
4760,TX_0004760,0.0408,aggressive,ALLOW,2.0,9484.0,0
4761,TX_0004761,0.2365,aggressive,ALLOW,2.0,9486.0,0
4762,TX_0004762,0.0332,aggressive,ALLOW,2.0,9488.0,0
4763,TX_0004763,0.0247,aggressive,ALLOW,2.0,9490.0,0
4764,TX_0004764,0.0456,aggressive,ALLOW,2.0,9492.0,0
4765,TX_0004765,0.0393,aggressive,ALLOW,2.0,9494.0,0
4766,TX_0004766,0.0547,aggressive,ALLOW,2.0,9496.0,0
4767,TX_0004767,0.0978,aggressive,ALLOW,2.0,9498.0,0
4768,TX_0004768,0.0314,aggressive,ALLOW,2.0,9500.0,0
4769,TX_0004769,0.0832,aggressive,ALLOW,2.0,9502.0,0
4770,TX_0004770,0.0725,aggressive,ALLOW,2.0,9504.0,0
4771,TX_0004771,0.1642,aggressive,ALLOW,2.0,9506.0,0
4772,TX_0004772,0.034,aggressive,ALLOW,2.0,9508.0,0
4773,TX_0004773,0.1207,aggressive,ALLOW,2.0,9510.0,0
4774,TX_0004774,0.0598,aggressive,ALLOW,2.0,9512.0,0
4775,TX_0004775,0.1165,aggressive,ALLOW,2.0,9514.0,0
4776,TX_0004776,0.0687,aggressive,ALLOW,2.0,9516.0,0
4777,TX_0004777,0.0693,aggressive,ALLOW,2.0,9518.0,0
4778,TX_0004778,0.0556,aggressive,ALLOW,2.0,9520.0,0
4779,TX_0004779,0.0425,aggressive,ALLOW,2.0,9522.0,0
4780,TX_0004780,0.0694,aggressive,ALLOW,2.0,9524.0,0
4781,TX_0004781,0.0948,aggressive,ALLOW,2.0,9526.0,0
4782,TX_0004782,0.0854,aggressive,ALLOW,2.0,9528.0,0
4783,TX_0004783,0.1147,aggressive,ALLOW,2.0,9530.0,0
4784,TX_0004784,0.0491,current,ALLOW,2.0,9532.0,0
4785,TX_0004785,0.0317,aggressive,ALLOW,2.0,9534.0,0
4786,TX_0004786,0.0458,aggressive,ALLOW,2.0,9536.0,0
4787,TX_0004787,0.0776,aggressive,ALLOW,2.0,9538.0,0
4788,TX_0004788,0.027,aggressive,ALLOW,2.0,9540.0,0
4789,TX_0004789,0.1104,aggressive,ALLOW,2.0,9542.0,0
4790,TX_0004790,0.0408,conservative,ALLOW,2.0,9544.0,0
4791,TX_0004791,0.162,aggressive,ALLOW,2.0,9546.0,0
4792,TX_0004792,0.0437,aggressive,ALLOW,2.0,9548.0,0
4793,TX_0004793,0.0429,aggressive,ALLOW,2.0,9550.0,0
4794,TX_0004794,0.1242,aggressive,ALLOW,2.0,9552.0,0
4795,TX_0004795,0.0817,aggressive,ALLOW,2.0,9554.0,0
4796,TX_0004796,0.041,aggressive,ALLOW,2.0,9556.0,0
4797,TX_0004797,0.0957,aggressive,ALLOW,2.0,9558.0,0
4798,TX_0004798,0.0662,aggressive,ALLOW,2.0,9560.0,0
4799,TX_0004799,0.0498,aggressive,ALLOW,2.0,9562.0,0
4800,TX_0004800,0.018,aggressive,ALLOW,2.0,9564.0,0
4801,TX_0004801,0.0448,aggressive,ALLOW,2.0,9566.0,0
4802,TX_0004802,0.0324,aggressive,ALLOW,2.0,9568.0,0
4803,TX_0004803,0.0643,aggressive,ALLOW,2.0,9570.0,0
4804,TX_0004804,0.0785,aggressive,ALLOW,2.0,9572.0,0
4805,TX_0004805,0.0461,aggressive,ALLOW,2.0,9574.0,0
4806,TX_0004806,0.0757,aggressive,ALLOW,2.0,9576.0,0
4807,TX_0004807,0.1149,aggressive,ALLOW,2.0,9578.0,0
4808,TX_0004808,0.0604,aggressive,ALLOW,2.0,9580.0,0
4809,TX_0004809,0.0732,aggressive,ALLOW,2.0,9582.0,0
4810,TX_0004810,0.1429,aggressive,ALLOW,2.0,9584.0,0
4811,TX_0004811,0.0671,aggressive,ALLOW,2.0,9586.0,0
4812,TX_0004812,0.0471,aggressive,ALLOW,2.0,9588.0,0
4813,TX_0004813,0.1276,aggressive,ALLOW,2.0,9590.0,0
4814,TX_0004814,0.0308,aggressive,ALLOW,2.0,9592.0,0
4815,TX_0004815,0.1271,aggressive,ALLOW,2.0,9594.0,0
4816,TX_0004816,0.0232,aggressive,ALLOW,2.0,9596.0,0
4817,TX_0004817,0.1,aggressive,ALLOW,2.0,9598.0,0
4818,TX_0004818,0.0761,aggressive,ALLOW,2.0,9600.0,0
4819,TX_0004819,0.0782,aggressive,ALLOW,2.0,9602.0,0
4820,TX_0004820,0.0286,aggressive,ALLOW,2.0,9604.0,0
4821,TX_0004821,0.0376,aggressive,ALLOW,2.0,9606.0,0
4822,TX_0004822,0.1134,aggressive,ALLOW,2.0,9608.0,0
4823,TX_0004823,0.1209,aggressive,ALLOW,2.0,9610.0,0
4824,TX_0004824,0.2107,aggressive,ALLOW,2.0,9612.0,0
4825,TX_0004825,0.1693,aggressive,ALLOW,2.0,9614.0,0
4826,TX_0004826,0.0503,aggressive,ALLOW,2.0,9616.0,0
4827,TX_0004827,0.0503,aggressive,ALLOW,2.0,9618.0,0
4828,TX_0004828,0.0637,aggressive,ALLOW,2.0,9620.0,0
4829,TX_0004829,0.0382,aggressive,ALLOW,2.0,9622.0,0
4830,TX_0004830,0.0226,aggressive,ALLOW,2.0,9624.0,0
4831,TX_0004831,0.0159,aggressive,ALLOW,2.0,9626.0,0
4832,TX_0004832,0.0347,aggressive,ALLOW,2.0,9628.0,0
4833,TX_0004833,0.055,aggressive,ALLOW,2.0,9630.0,0
4834,TX_0004834,0.0723,aggressive,ALLOW,2.0,9632.0,0
4835,TX_0004835,0.0682,aggressive,ALLOW,2.0,9634.0,0
4836,TX_0004836,0.0676,aggressive,ALLOW,2.0,9636.0,0
4837,TX_0004837,0.0317,aggressive,ALLOW,2.0,9638.0,0
4838,TX_0004838,0.0186,conservative,ALLOW,2.0,9640.0,0
4839,TX_0004839,0.0175,aggressive,ALLOW,2.0,9642.0,0
4840,TX_0004840,0.0586,aggressive,ALLOW,2.0,9644.0,0
4841,TX_0004841,0.0287,aggressive,ALLOW,2.0,9646.0,0
4842,TX_0004842,0.0566,aggressive,ALLOW,2.0,9648.0,0
4843,TX_0004843,0.1355,aggressive,ALLOW,2.0,9650.0,0
4844,TX_0004844,0.0627,aggressive,ALLOW,2.0,9652.0,0
4845,TX_0004845,0.0571,aggressive,ALLOW,2.0,9654.0,0
4846,TX_0004846,0.0162,aggressive,ALLOW,2.0,9656.0,0
4847,TX_0004847,0.0387,aggressive,ALLOW,2.0,9658.0,0
4848,TX_0004848,0.1279,aggressive,ALLOW,2.0,9660.0,0
4849,TX_0004849,0.0684,aggressive,ALLOW,2.0,9662.0,0
4850,TX_0004850,0.0498,aggressive,ALLOW,2.0,9664.0,0
4851,TX_0004851,0.1061,aggressive,ALLOW,2.0,9666.0,0
4852,TX_0004852,0.0552,conservative,ALLOW,2.0,9668.0,0
4853,TX_0004853,0.0309,aggressive,ALLOW,2.0,9670.0,0
4854,TX_0004854,0.0413,aggressive,ALLOW,2.0,9672.0,0
4855,TX_0004855,0.0403,aggressive,ALLOW,2.0,9674.0,0
4856,TX_0004856,0.0309,aggressive,ALLOW,2.0,9676.0,0
4857,TX_0004857,0.0656,current,ALLOW,2.0,9678.0,0
4858,TX_0004858,0.2307,aggressive,ALLOW,2.0,9680.0,0
4859,TX_0004859,0.07,aggressive,ALLOW,2.0,9682.0,0
4860,TX_0004860,0.1149,aggressive,ALLOW,2.0,9684.0,0
4861,TX_0004861,0.0688,aggressive,ALLOW,2.0,9686.0,0
4862,TX_0004862,0.069,aggressive,ALLOW,2.0,9688.0,0
4863,TX_0004863,0.0322,aggressive,ALLOW,2.0,9690.0,0
4864,TX_0004864,0.0617,aggressive,ALLOW,2.0,9692.0,0
4865,TX_0004865,0.0436,current,ALLOW,2.0,9694.0,0
4866,TX_0004866,0.0667,current,ALLOW,2.0,9696.0,0
4867,TX_0004867,0.0882,aggressive,ALLOW,2.0,9698.0,0
4868,TX_0004868,0.0178,aggressive,ALLOW,2.0,9700.0,0
4869,TX_0004869,0.0555,conservative,ALLOW,2.0,9702.0,0
4870,TX_0004870,0.1173,aggressive,ALLOW,2.0,9704.0,0
4871,TX_0004871,0.1068,aggressive,ALLOW,2.0,9706.0,0
4872,TX_0004872,0.0493,aggressive,ALLOW,2.0,9708.0,0
4873,TX_0004873,0.0297,aggressive,ALLOW,2.0,9710.0,0
4874,TX_0004874,0.0451,aggressive,ALLOW,2.0,9712.0,0
4875,TX_0004875,0.0186,aggressive,ALLOW,2.0,9714.0,0
4876,TX_0004876,0.052,aggressive,ALLOW,2.0,9716.0,0
4877,TX_0004877,0.0604,aggressive,ALLOW,2.0,9718.0,0
4878,TX_0004878,0.0626,aggressive,ALLOW,2.0,9720.0,0
4879,TX_0004879,0.1803,aggressive,ALLOW,2.0,9722.0,0
4880,TX_0004880,0.059,aggressive,ALLOW,2.0,9724.0,0
4881,TX_0004881,0.03,aggressive,ALLOW,2.0,9726.0,0
4882,TX_0004882,0.0327,aggressive,ALLOW,2.0,9728.0,0
4883,TX_0004883,0.1003,aggressive,ALLOW,2.0,9730.0,0
4884,TX_0004884,0.2093,aggressive,ALLOW,2.0,9732.0,0
4885,TX_0004885,0.033,aggressive,ALLOW,2.0,9734.0,0
4886,TX_0004886,0.0843,aggressive,ALLOW,2.0,9736.0,0
4887,TX_0004887,0.0203,aggressive,ALLOW,2.0,9738.0,0
4888,TX_0004888,0.0652,aggressive,ALLOW,2.0,9740.0,0
4889,TX_0004889,0.1229,conservative,ALLOW,2.0,9742.0,0
4890,TX_0004890,0.0191,aggressive,ALLOW,2.0,9744.0,0
4891,TX_0004891,0.079,aggressive,ALLOW,2.0,9746.0,0
4892,TX_0004892,0.0787,aggressive,ALLOW,2.0,9748.0,0
4893,TX_0004893,0.0726,aggressive,ALLOW,2.0,9750.0,0
4894,TX_0004894,0.0314,aggressive,ALLOW,2.0,9752.0,0
4895,TX_0004895,0.048,aggressive,ALLOW,2.0,9754.0,0
4896,TX_0004896,0.0777,aggressive,ALLOW,2.0,9756.0,0
4897,TX_0004897,0.0911,aggressive,ALLOW,2.0,9758.0,0
4898,TX_0004898,0.1417,aggressive,ALLOW,2.0,9760.0,0
4899,TX_0004899,0.0717,aggressive,ALLOW,2.0,9762.0,0
4900,TX_0004900,0.1155,aggressive,ALLOW,2.0,9764.0,0
4901,TX_0004901,0.1514,aggressive,ALLOW,2.0,9766.0,0
4902,TX_0004902,0.1467,aggressive,ALLOW,2.0,9768.0,0
4903,TX_0004903,0.0438,aggressive,ALLOW,2.0,9770.0,0
4904,TX_0004904,0.1453,aggressive,ALLOW,2.0,9772.0,0
4905,TX_0004905,0.0238,current,ALLOW,2.0,9774.0,0
4906,TX_0004906,0.054,aggressive,ALLOW,2.0,9776.0,0
4907,TX_0004907,0.1426,aggressive,ALLOW,2.0,9778.0,0
4908,TX_0004908,0.1164,aggressive,ALLOW,2.0,9780.0,0
4909,TX_0004909,0.0287,aggressive,ALLOW,2.0,9782.0,0
4910,TX_0004910,0.0364,aggressive,ALLOW,2.0,9784.0,0
4911,TX_0004911,0.0252,aggressive,ALLOW,2.0,9786.0,0
4912,TX_0004912,0.0638,aggressive,ALLOW,2.0,9788.0,0
4913,TX_0004913,0.0668,current,ALLOW,2.0,9790.0,0
4914,TX_0004914,0.0414,aggressive,ALLOW,2.0,9792.0,0
4915,TX_0004915,0.0159,aggressive,ALLOW,2.0,9794.0,0
4916,TX_0004916,0.0711,aggressive,ALLOW,2.0,9796.0,0
4917,TX_0004917,0.0537,aggressive,ALLOW,2.0,9798.0,0
4918,TX_0004918,0.0328,aggressive,ALLOW,2.0,9800.0,0
4919,TX_0004919,0.0725,aggressive,ALLOW,2.0,9802.0,0
4920,TX_0004920,0.1147,aggressive,ALLOW,2.0,9804.0,0
4921,TX_0004921,0.0727,aggressive,ALLOW,2.0,9806.0,0
4922,TX_0004922,0.0626,aggressive,ALLOW,2.0,9808.0,0
4923,TX_0004923,0.0391,aggressive,ALLOW,2.0,9810.0,0
4924,TX_0004924,0.0302,aggressive,ALLOW,2.0,9812.0,0
4925,TX_0004925,0.1533,aggressive,ALLOW,2.0,9814.0,0
4926,TX_0004926,0.0693,aggressive,ALLOW,2.0,9816.0,0
4927,TX_0004927,0.0245,aggressive,ALLOW,2.0,9818.0,0
4928,TX_0004928,0.052,aggressive,ALLOW,2.0,9820.0,0
4929,TX_0004929,0.0897,aggressive,ALLOW,2.0,9822.0,0
4930,TX_0004930,0.0262,aggressive,ALLOW,2.0,9824.0,0
4931,TX_0004931,0.0625,aggressive,ALLOW,2.0,9826.0,0
4932,TX_0004932,0.0521,aggressive,ALLOW,2.0,9828.0,0
4933,TX_0004933,0.1952,aggressive,ALLOW,2.0,9830.0,0
4934,TX_0004934,0.0437,aggressive,ALLOW,2.0,9832.0,0
4935,TX_0004935,0.0595,aggressive,ALLOW,2.0,9834.0,0
4936,TX_0004936,0.0278,aggressive,ALLOW,2.0,9836.0,0
4937,TX_0004937,0.0169,aggressive,ALLOW,2.0,9838.0,0
4938,TX_0004938,0.0422,aggressive,ALLOW,2.0,9840.0,0
4939,TX_0004939,0.0219,aggressive,ALLOW,2.0,9842.0,0
4940,TX_0004940,0.0815,aggressive,ALLOW,2.0,9844.0,0
4941,TX_0004941,0.0264,aggressive,ALLOW,2.0,9846.0,0
4942,TX_0004942,0.1188,aggressive,ALLOW,2.0,9848.0,0
4943,TX_0004943,0.0635,aggressive,ALLOW,2.0,9850.0,0
4944,TX_0004944,0.1301,aggressive,ALLOW,2.0,9852.0,0
4945,TX_0004945,0.0467,aggressive,ALLOW,2.0,9854.0,0
4946,TX_0004946,0.0481,aggressive,ALLOW,2.0,9856.0,0
4947,TX_0004947,0.0265,aggressive,ALLOW,2.0,9858.0,0
4948,TX_0004948,0.1301,aggressive,ALLOW,2.0,9860.0,0
4949,TX_0004949,0.0362,aggressive,ALLOW,2.0,9862.0,0
4950,TX_0004950,0.0402,aggressive,ALLOW,2.0,9864.0,0
4951,TX_0004951,0.0633,aggressive,ALLOW,2.0,9866.0,0
4952,TX_0004952,0.0316,aggressive,ALLOW,2.0,9868.0,0
4953,TX_0004953,0.0362,aggressive,ALLOW,2.0,9870.0,0
4954,TX_0004954,0.049,aggressive,ALLOW,2.0,9872.0,0
4955,TX_0004955,0.0628,aggressive,ALLOW,2.0,9874.0,0
4956,TX_0004956,0.0989,aggressive,ALLOW,2.0,9876.0,0
4957,TX_0004957,0.1705,aggressive,ALLOW,2.0,9878.0,0
4958,TX_0004958,0.0774,aggressive,ALLOW,2.0,9880.0,0
4959,TX_0004959,0.1254,aggressive,ALLOW,2.0,9882.0,0
4960,TX_0004960,0.0301,aggressive,ALLOW,2.0,9884.0,0
4961,TX_0004961,0.061,aggressive,ALLOW,2.0,9886.0,0
4962,TX_0004962,0.0494,aggressive,ALLOW,2.0,9888.0,0
4963,TX_0004963,0.0537,aggressive,ALLOW,2.0,9890.0,0
4964,TX_0004964,0.0663,aggressive,ALLOW,2.0,9892.0,0
4965,TX_0004965,0.0377,aggressive,ALLOW,2.0,9894.0,0
4966,TX_0004966,0.1837,aggressive,ALLOW,2.0,9896.0,0
4967,TX_0004967,0.0573,aggressive,ALLOW,2.0,9898.0,0
4968,TX_0004968,0.0626,aggressive,ALLOW,2.0,9900.0,0
4969,TX_0004969,0.0484,aggressive,ALLOW,2.0,9902.0,0
4970,TX_0004970,0.0233,aggressive,ALLOW,2.0,9904.0,0
4971,TX_0004971,0.0239,aggressive,ALLOW,2.0,9906.0,0
4972,TX_0004972,0.0717,aggressive,ALLOW,2.0,9908.0,0
4973,TX_0004973,0.1919,aggressive,ALLOW,2.0,9910.0,0
4974,TX_0004974,0.0752,aggressive,ALLOW,2.0,9912.0,0
4975,TX_0004975,0.0534,aggressive,ALLOW,2.0,9914.0,0
4976,TX_0004976,0.0757,aggressive,ALLOW,2.0,9916.0,0
4977,TX_0004977,0.0419,aggressive,ALLOW,2.0,9918.0,0
4978,TX_0004978,0.0687,aggressive,ALLOW,2.0,9920.0,0
4979,TX_0004979,0.1301,aggressive,ALLOW,2.0,9922.0,0
4980,TX_0004980,0.0327,aggressive,ALLOW,2.0,9924.0,0
4981,TX_0004981,0.0462,aggressive,ALLOW,2.0,9926.0,0
4982,TX_0004982,0.057,aggressive,ALLOW,2.0,9928.0,0
4983,TX_0004983,0.0924,aggressive,ALLOW,2.0,9930.0,0
4984,TX_0004984,0.0501,aggressive,ALLOW,2.0,9932.0,0
4985,TX_0004985,0.1217,aggressive,ALLOW,2.0,9934.0,0
4986,TX_0004986,0.0188,aggressive,ALLOW,2.0,9936.0,0
4987,TX_0004987,0.0185,aggressive,ALLOW,2.0,9938.0,0
4988,TX_0004988,0.0319,aggressive,ALLOW,2.0,9940.0,0
4989,TX_0004989,0.0458,aggressive,ALLOW,2.0,9942.0,0
4990,TX_0004990,0.1195,aggressive,ALLOW,2.0,9944.0,0
4991,TX_0004991,0.0576,aggressive,ALLOW,2.0,9946.0,0
4992,TX_0004992,0.0757,aggressive,ALLOW,2.0,9948.0,0
4993,TX_0004993,0.032,aggressive,ALLOW,2.0,9950.0,0
4994,TX_0004994,0.0166,aggressive,ALLOW,2.0,9952.0,0
4995,TX_0004995,0.0359,aggressive,ALLOW,2.0,9954.0,0
4996,TX_0004996,0.0205,aggressive,ALLOW,2.0,9956.0,0
4997,TX_0004997,0.0413,aggressive,ALLOW,2.0,9958.0,0
4998,TX_0004998,0.047,conservative,ALLOW,2.0,9960.0,0
4999,TX_0004999,0.0755,aggressive,ALLOW,2.0,9962.0,0
5000,TX_0005000,0.0924,aggressive,ALLOW,2.0,9964.0,0
5001,TX_0005001,0.0333,aggressive,ALLOW,2.0,9966.0,0
5002,TX_0005002,0.072,aggressive,ALLOW,2.0,9968.0,0
5003,TX_0005003,0.0816,aggressive,ALLOW,2.0,9970.0,0
5004,TX_0005004,0.1181,aggressive,ALLOW,2.0,9972.0,0
5005,TX_0005005,0.0843,aggressive,ALLOW,2.0,9974.0,0
5006,TX_0005006,0.0737,aggressive,ALLOW,2.0,9976.0,0
5007,TX_0005007,0.0732,current,ALLOW,2.0,9978.0,0
5008,TX_0005008,0.0285,current,ALLOW,2.0,9980.0,0
5009,TX_0005009,0.038,aggressive,ALLOW,2.0,9982.0,0
5010,TX_0005010,0.0389,aggressive,ALLOW,2.0,9984.0,0
5011,TX_0005011,0.0625,aggressive,ALLOW,2.0,9986.0,0
5012,TX_0005012,0.0454,current,ALLOW,2.0,9988.0,0
5013,TX_0005013,0.1155,aggressive,ALLOW,2.0,9990.0,0
5014,TX_0005014,0.1998,aggressive,ALLOW,2.0,9992.0,0
5015,TX_0005015,0.0521,aggressive,ALLOW,2.0,9994.0,0
5016,TX_0005016,0.0942,aggressive,ALLOW,2.0,9996.0,0
5017,TX_0005017,0.065,aggressive,ALLOW,2.0,9998.0,0
5018,TX_0005018,0.0664,aggressive,ALLOW,2.0,10000.0,0
5019,TX_0005019,0.0672,aggressive,ALLOW,2.0,10002.0,0
5020,TX_0005020,0.0455,aggressive,ALLOW,2.0,10004.0,0
5021,TX_0005021,0.0716,aggressive,ALLOW,2.0,10006.0,0
5022,TX_0005022,0.0281,aggressive,ALLOW,2.0,10008.0,0
5023,TX_0005023,0.1498,aggressive,ALLOW,2.0,10010.0,0
5024,TX_0005024,0.0562,aggressive,ALLOW,2.0,10012.0,0
5025,TX_0005025,0.1787,aggressive,ALLOW,2.0,10014.0,0
5026,TX_0005026,0.0924,aggressive,ALLOW,2.0,10016.0,0
5027,TX_0005027,0.0467,aggressive,ALLOW,2.0,10018.0,0
5028,TX_0005028,0.0692,aggressive,ALLOW,2.0,10020.0,0
5029,TX_0005029,0.0431,conservative,ALLOW,2.0,10022.0,0
5030,TX_0005030,0.0368,aggressive,ALLOW,2.0,10024.0,0
5031,TX_0005031,0.0823,current,ALLOW,2.0,10026.0,0
5032,TX_0005032,0.0935,aggressive,ALLOW,2.0,10028.0,0
5033,TX_0005033,0.041,aggressive,ALLOW,2.0,10030.0,0
5034,TX_0005034,0.1033,aggressive,ALLOW,2.0,10032.0,0
5035,TX_0005035,0.0735,aggressive,ALLOW,2.0,10034.0,0
5036,TX_0005036,0.1078,aggressive,ALLOW,2.0,10036.0,0
5037,TX_0005037,0.067,aggressive,ALLOW,2.0,10038.0,0
5038,TX_0005038,0.0508,aggressive,ALLOW,2.0,10040.0,0
5039,TX_0005039,0.0532,aggressive,ALLOW,2.0,10042.0,0
5040,TX_0005040,0.0363,aggressive,ALLOW,2.0,10044.0,0
5041,TX_0005041,0.0378,aggressive,ALLOW,2.0,10046.0,0
5042,TX_0005042,0.0882,aggressive,ALLOW,2.0,10048.0,0
5043,TX_0005043,0.0301,aggressive,ALLOW,2.0,10050.0,0
5044,TX_0005044,0.0183,aggressive,ALLOW,2.0,10052.0,0
5045,TX_0005045,0.1149,aggressive,ALLOW,2.0,10054.0,0
5046,TX_0005046,0.0384,conservative,ALLOW,2.0,10056.0,0
5047,TX_0005047,0.0693,aggressive,ALLOW,2.0,10058.0,0
5048,TX_0005048,0.039,aggressive,ALLOW,2.0,10060.0,0
5049,TX_0005049,0.0355,aggressive,ALLOW,2.0,10062.0,0
5050,TX_0005050,0.0617,conservative,ALLOW,2.0,10064.0,0
5051,TX_0005051,0.0453,aggressive,ALLOW,2.0,10066.0,0
5052,TX_0005052,0.0348,aggressive,ALLOW,2.0,10068.0,0
5053,TX_0005053,0.0342,aggressive,ALLOW,2.0,10070.0,0
5054,TX_0005054,0.0285,aggressive,ALLOW,2.0,10072.0,0
5055,TX_0005055,0.0966,aggressive,ALLOW,2.0,10074.0,0
5056,TX_0005056,0.0538,aggressive,ALLOW,2.0,10076.0,0
5057,TX_0005057,0.0218,aggressive,ALLOW,2.0,10078.0,0
5058,TX_0005058,0.076,aggressive,ALLOW,2.0,10080.0,0
5059,TX_0005059,0.1971,aggressive,ALLOW,2.0,10082.0,0
5060,TX_0005060,0.0335,aggressive,ALLOW,2.0,10084.0,0
5061,TX_0005061,0.033,aggressive,ALLOW,2.0,10086.0,0
5062,TX_0005062,0.0217,aggressive,ALLOW,2.0,10088.0,0
5063,TX_0005063,0.0875,aggressive,ALLOW,2.0,10090.0,0
5064,TX_0005064,0.1198,conservative,ALLOW,2.0,10092.0,0
5065,TX_0005065,0.1002,aggressive,ALLOW,2.0,10094.0,0
5066,TX_0005066,0.0685,aggressive,ALLOW,2.0,10096.0,0
5067,TX_0005067,0.0153,aggressive,ALLOW,2.0,10098.0,0
5068,TX_0005068,0.0734,current,ALLOW,2.0,10100.0,0
5069,TX_0005069,0.0324,aggressive,ALLOW,2.0,10102.0,0
5070,TX_0005070,0.0653,aggressive,ALLOW,2.0,10104.0,0
5071,TX_0005071,0.1194,aggressive,ALLOW,2.0,10106.0,0
5072,TX_0005072,0.0323,aggressive,ALLOW,2.0,10108.0,0
5073,TX_0005073,0.0631,aggressive,ALLOW,2.0,10110.0,0
5074,TX_0005074,0.0327,aggressive,ALLOW,2.0,10112.0,0
5075,TX_0005075,0.0485,aggressive,ALLOW,2.0,10114.0,0
5076,TX_0005076,0.0525,aggressive,ALLOW,2.0,10116.0,0
5077,TX_0005077,0.034,aggressive,ALLOW,2.0,10118.0,0
5078,TX_0005078,0.0373,aggressive,ALLOW,2.0,10120.0,0
5079,TX_0005079,0.1522,aggressive,ALLOW,2.0,10122.0,0
5080,TX_0005080,0.0375,aggressive,ALLOW,2.0,10124.0,0
5081,TX_0005081,0.0794,aggressive,ALLOW,2.0,10126.0,0
5082,TX_0005082,0.0471,aggressive,ALLOW,2.0,10128.0,0
5083,TX_0005083,0.0469,aggressive,ALLOW,2.0,10130.0,0
5084,TX_0005084,0.0553,conservative,ALLOW,2.0,10132.0,0
5085,TX_0005085,0.0418,aggressive,ALLOW,2.0,10134.0,0
5086,TX_0005086,0.1011,aggressive,ALLOW,2.0,10136.0,0
5087,TX_0005087,0.081,aggressive,ALLOW,2.0,10138.0,0
5088,TX_0005088,0.1053,aggressive,ALLOW,2.0,10140.0,0
5089,TX_0005089,0.0414,aggressive,ALLOW,2.0,10142.0,0
5090,TX_0005090,0.0738,aggressive,ALLOW,2.0,10144.0,0
5091,TX_0005091,0.0761,aggressive,ALLOW,2.0,10146.0,0
5092,TX_0005092,0.0739,aggressive,ALLOW,2.0,10148.0,0
5093,TX_0005093,0.0518,aggressive,ALLOW,2.0,10150.0,0
5094,TX_0005094,0.1221,aggressive,ALLOW,2.0,10152.0,0
5095,TX_0005095,0.0571,aggressive,ALLOW,2.0,10154.0,0
5096,TX_0005096,0.07,aggressive,ALLOW,2.0,10156.0,0
5097,TX_0005097,0.0816,aggressive,ALLOW,2.0,10158.0,0
5098,TX_0005098,0.0242,aggressive,ALLOW,2.0,10160.0,0
5099,TX_0005099,0.0395,aggressive,ALLOW,2.0,10162.0,0
5100,TX_0005100,0.081,aggressive,ALLOW,2.0,10164.0,0
5101,TX_0005101,0.0426,aggressive,ALLOW,2.0,10166.0,0
5102,TX_0005102,0.1815,aggressive,ALLOW,2.0,10168.0,0
5103,TX_0005103,0.2217,aggressive,ALLOW,2.0,10170.0,0
5104,TX_0005104,0.0345,aggressive,ALLOW,2.0,10172.0,0
5105,TX_0005105,0.0778,aggressive,ALLOW,2.0,10174.0,0
5106,TX_0005106,0.1242,aggressive,ALLOW,2.0,10176.0,0
5107,TX_0005107,0.0469,aggressive,ALLOW,2.0,10178.0,0
5108,TX_0005108,0.1234,aggressive,ALLOW,2.0,10180.0,0
5109,TX_0005109,0.197,aggressive,ALLOW,2.0,10182.0,0
5110,TX_0005110,0.025,aggressive,ALLOW,2.0,10184.0,0
5111,TX_0005111,0.0663,aggressive,ALLOW,2.0,10186.0,0
5112,TX_0005112,0.1597,aggressive,ALLOW,2.0,10188.0,0
5113,TX_0005113,0.0819,aggressive,ALLOW,2.0,10190.0,0
5114,TX_0005114,0.0318,aggressive,ALLOW,2.0,10192.0,0
5115,TX_0005115,0.0736,aggressive,ALLOW,2.0,10194.0,0
5116,TX_0005116,0.1353,aggressive,ALLOW,2.0,10196.0,0
5117,TX_0005117,0.0405,aggressive,ALLOW,2.0,10198.0,0
5118,TX_0005118,0.0853,aggressive,ALLOW,2.0,10200.0,0
5119,TX_0005119,0.0385,aggressive,ALLOW,2.0,10202.0,0
5120,TX_0005120,0.0314,aggressive,ALLOW,2.0,10204.0,0
5121,TX_0005121,0.0437,aggressive,ALLOW,2.0,10206.0,0
5122,TX_0005122,0.0191,aggressive,ALLOW,2.0,10208.0,0
5123,TX_0005123,0.0447,aggressive,ALLOW,2.0,10210.0,0
5124,TX_0005124,0.0371,aggressive,ALLOW,2.0,10212.0,0
5125,TX_0005125,0.0718,aggressive,ALLOW,2.0,10214.0,0
5126,TX_0005126,0.1206,aggressive,ALLOW,2.0,10216.0,0
5127,TX_0005127,0.0899,aggressive,ALLOW,2.0,10218.0,0
5128,TX_0005128,0.0625,aggressive,ALLOW,2.0,10220.0,0
5129,TX_0005129,0.0193,aggressive,ALLOW,2.0,10222.0,0
5130,TX_0005130,0.0564,aggressive,ALLOW,2.0,10224.0,0
5131,TX_0005131,0.0815,aggressive,ALLOW,2.0,10226.0,0
5132,TX_0005132,0.0257,aggressive,ALLOW,2.0,10228.0,0
5133,TX_0005133,0.0849,aggressive,ALLOW,2.0,10230.0,0
5134,TX_0005134,0.0401,aggressive,ALLOW,2.0,10232.0,0
5135,TX_0005135,0.1965,aggressive,ALLOW,2.0,10234.0,0
5136,TX_0005136,0.0407,aggressive,ALLOW,2.0,10236.0,0
5137,TX_0005137,0.0768,aggressive,ALLOW,2.0,10238.0,0
5138,TX_0005138,0.0344,aggressive,ALLOW,2.0,10240.0,0
5139,TX_0005139,0.0276,aggressive,ALLOW,2.0,10242.0,0
5140,TX_0005140,0.0356,aggressive,ALLOW,2.0,10244.0,0
5141,TX_0005141,0.0792,aggressive,ALLOW,2.0,10246.0,0
5142,TX_0005142,0.1321,aggressive,ALLOW,2.0,10248.0,0
5143,TX_0005143,0.0402,aggressive,ALLOW,2.0,10250.0,0
5144,TX_0005144,0.052,aggressive,ALLOW,2.0,10252.0,0
5145,TX_0005145,0.1259,aggressive,ALLOW,2.0,10254.0,0
5146,TX_0005146,0.0296,aggressive,ALLOW,2.0,10256.0,0
5147,TX_0005147,0.0314,aggressive,ALLOW,2.0,10258.0,0
5148,TX_0005148,0.0351,aggressive,ALLOW,2.0,10260.0,0
5149,TX_0005149,0.0812,aggressive,ALLOW,2.0,10262.0,0
5150,TX_0005150,0.0493,aggressive,ALLOW,2.0,10264.0,0
5151,TX_0005151,0.1692,aggressive,ALLOW,2.0,10266.0,0
5152,TX_0005152,0.1191,aggressive,ALLOW,2.0,10268.0,0
5153,TX_0005153,0.0384,aggressive,ALLOW,2.0,10270.0,0
5154,TX_0005154,0.0181,current,ALLOW,2.0,10272.0,0
5155,TX_0005155,0.0385,aggressive,ALLOW,2.0,10274.0,0
5156,TX_0005156,0.0525,aggressive,ALLOW,2.0,10276.0,0
5157,TX_0005157,0.0715,aggressive,ALLOW,2.0,10278.0,0
5158,TX_0005158,0.0411,aggressive,ALLOW,2.0,10280.0,0
5159,TX_0005159,0.044,aggressive,ALLOW,2.0,10282.0,0
5160,TX_0005160,0.0505,aggressive,ALLOW,2.0,10284.0,0
5161,TX_0005161,0.0256,aggressive,ALLOW,2.0,10286.0,0
5162,TX_0005162,0.0428,conservative,ALLOW,2.0,10288.0,0
5163,TX_0005163,0.0365,aggressive,ALLOW,2.0,10290.0,0
5164,TX_0005164,0.0949,conservative,ALLOW,2.0,10292.0,0
5165,TX_0005165,0.1419,aggressive,ALLOW,2.0,10294.0,0
5166,TX_0005166,0.0781,aggressive,ALLOW,2.0,10296.0,0
5167,TX_0005167,0.085,aggressive,ALLOW,2.0,10298.0,0
5168,TX_0005168,0.0282,aggressive,ALLOW,2.0,10300.0,0
5169,TX_0005169,0.0679,aggressive,ALLOW,2.0,10302.0,0
5170,TX_0005170,0.1024,aggressive,ALLOW,2.0,10304.0,0
5171,TX_0005171,0.0347,aggressive,ALLOW,2.0,10306.0,0
5172,TX_0005172,0.0385,aggressive,ALLOW,2.0,10308.0,0
5173,TX_0005173,0.0378,aggressive,ALLOW,2.0,10310.0,0
5174,TX_0005174,0.023,aggressive,ALLOW,2.0,10312.0,0
5175,TX_0005175,0.0528,aggressive,ALLOW,2.0,10314.0,0
5176,TX_0005176,0.0794,aggressive,ALLOW,2.0,10316.0,0
5177,TX_0005177,0.0234,aggressive,ALLOW,2.0,10318.0,0
5178,TX_0005178,0.1581,aggressive,ALLOW,2.0,10320.0,0
5179,TX_0005179,0.1776,conservative,ALLOW,2.0,10322.0,0
5180,TX_0005180,0.052,aggressive,ALLOW,2.0,10324.0,0
5181,TX_0005181,0.0482,aggressive,ALLOW,2.0,10326.0,0
5182,TX_0005182,0.0227,aggressive,ALLOW,2.0,10328.0,0
5183,TX_0005183,0.0427,aggressive,ALLOW,2.0,10330.0,0
5184,TX_0005184,0.0622,aggressive,ALLOW,2.0,10332.0,0
5185,TX_0005185,0.0789,aggressive,ALLOW,2.0,10334.0,0
5186,TX_0005186,0.0464,aggressive,ALLOW,2.0,10336.0,0
5187,TX_0005187,0.16,aggressive,ALLOW,2.0,10338.0,0
5188,TX_0005188,0.0369,aggressive,ALLOW,2.0,10340.0,0
5189,TX_0005189,0.225,aggressive,ALLOW,2.0,10342.0,0
5190,TX_0005190,0.0386,aggressive,ALLOW,2.0,10344.0,0
5191,TX_0005191,0.0389,aggressive,ALLOW,2.0,10346.0,0
5192,TX_0005192,0.1227,aggressive,ALLOW,2.0,10348.0,0
5193,TX_0005193,0.0871,aggressive,ALLOW,2.0,10350.0,0
5194,TX_0005194,0.0659,aggressive,ALLOW,2.0,10352.0,0
5195,TX_0005195,0.073,aggressive,ALLOW,2.0,10354.0,0
5196,TX_0005196,0.0569,aggressive,ALLOW,2.0,10356.0,0
5197,TX_0005197,0.0905,aggressive,ALLOW,2.0,10358.0,0
5198,TX_0005198,0.0933,aggressive,ALLOW,2.0,10360.0,0
5199,TX_0005199,0.1053,aggressive,ALLOW,2.0,10362.0,0
5200,TX_0005200,0.0822,aggressive,ALLOW,2.0,10364.0,0
5201,TX_0005201,0.0461,aggressive,ALLOW,2.0,10366.0,0
5202,TX_0005202,0.0871,aggressive,ALLOW,2.0,10368.0,0
5203,TX_0005203,0.0274,aggressive,ALLOW,2.0,10370.0,0
5204,TX_0005204,0.0415,aggressive,ALLOW,2.0,10372.0,0
5205,TX_0005205,0.0715,conservative,ALLOW,2.0,10374.0,0
5206,TX_0005206,0.0563,aggressive,ALLOW,2.0,10376.0,0
5207,TX_0005207,0.1024,aggressive,ALLOW,2.0,10378.0,0
5208,TX_0005208,0.0713,aggressive,ALLOW,2.0,10380.0,0
5209,TX_0005209,0.0287,aggressive,ALLOW,2.0,10382.0,0
5210,TX_0005210,0.04,aggressive,ALLOW,2.0,10384.0,0
5211,TX_0005211,0.048,aggressive,ALLOW,2.0,10386.0,0
5212,TX_0005212,0.0468,aggressive,ALLOW,2.0,10388.0,0
5213,TX_0005213,0.0343,aggressive,ALLOW,2.0,10390.0,0
5214,TX_0005214,0.02,aggressive,ALLOW,2.0,10392.0,0
5215,TX_0005215,0.1883,aggressive,ALLOW,2.0,10394.0,0
5216,TX_0005216,0.0372,aggressive,ALLOW,2.0,10396.0,0
5217,TX_0005217,0.1562,aggressive,ALLOW,2.0,10398.0,0
5218,TX_0005218,0.2156,aggressive,ALLOW,2.0,10400.0,0
5219,TX_0005219,0.0433,aggressive,ALLOW,2.0,10402.0,0
5220,TX_0005220,0.0479,aggressive,ALLOW,2.0,10404.0,0
5221,TX_0005221,0.0697,aggressive,ALLOW,2.0,10406.0,0
5222,TX_0005222,0.0635,aggressive,ALLOW,2.0,10408.0,0
5223,TX_0005223,0.1385,aggressive,ALLOW,2.0,10410.0,0
5224,TX_0005224,0.0247,aggressive,ALLOW,2.0,10412.0,0
5225,TX_0005225,0.1108,aggressive,ALLOW,2.0,10414.0,0
5226,TX_0005226,0.0771,aggressive,ALLOW,2.0,10416.0,0
5227,TX_0005227,0.1545,aggressive,ALLOW,2.0,10418.0,0
5228,TX_0005228,0.0663,aggressive,ALLOW,2.0,10420.0,0
5229,TX_0005229,0.1652,aggressive,ALLOW,2.0,10422.0,0
5230,TX_0005230,0.0393,aggressive,ALLOW,2.0,10424.0,0
5231,TX_0005231,0.0465,aggressive,ALLOW,2.0,10426.0,0
5232,TX_0005232,0.0965,aggressive,ALLOW,2.0,10428.0,0
5233,TX_0005233,0.0437,aggressive,ALLOW,2.0,10430.0,0
5234,TX_0005234,0.0811,aggressive,ALLOW,2.0,10432.0,0
5235,TX_0005235,0.0536,aggressive,ALLOW,2.0,10434.0,0
5236,TX_0005236,0.022,aggressive,ALLOW,2.0,10436.0,0
5237,TX_0005237,0.1135,aggressive,ALLOW,2.0,10438.0,0
5238,TX_0005238,0.0282,aggressive,ALLOW,2.0,10440.0,0
5239,TX_0005239,0.0659,aggressive,ALLOW,2.0,10442.0,0
5240,TX_0005240,0.0345,aggressive,ALLOW,2.0,10444.0,0
5241,TX_0005241,0.0766,aggressive,ALLOW,2.0,10446.0,0
5242,TX_0005242,0.1232,aggressive,ALLOW,2.0,10448.0,0
5243,TX_0005243,0.1188,aggressive,ALLOW,2.0,10450.0,0
5244,TX_0005244,0.0708,aggressive,ALLOW,2.0,10452.0,0
5245,TX_0005245,0.0437,aggressive,ALLOW,2.0,10454.0,0
5246,TX_0005246,0.1317,aggressive,ALLOW,2.0,10456.0,0
5247,TX_0005247,0.1017,aggressive,ALLOW,2.0,10458.0,0
5248,TX_0005248,0.0239,aggressive,ALLOW,2.0,10460.0,0
5249,TX_0005249,0.1807,aggressive,ALLOW,2.0,10462.0,0
5250,TX_0005250,0.1209,aggressive,ALLOW,2.0,10464.0,0
5251,TX_0005251,0.0943,aggressive,ALLOW,2.0,10466.0,0
5252,TX_0005252,0.21,aggressive,ALLOW,2.0,10468.0,0
5253,TX_0005253,0.0392,aggressive,ALLOW,2.0,10470.0,0
5254,TX_0005254,0.0474,aggressive,ALLOW,2.0,10472.0,0
5255,TX_0005255,0.132,aggressive,ALLOW,2.0,10474.0,0
5256,TX_0005256,0.0402,aggressive,ALLOW,2.0,10476.0,0
5257,TX_0005257,0.15,aggressive,ALLOW,2.0,10478.0,0
5258,TX_0005258,0.0187,aggressive,ALLOW,2.0,10480.0,0
5259,TX_0005259,0.0177,aggressive,ALLOW,2.0,10482.0,0
5260,TX_0005260,0.0389,aggressive,ALLOW,2.0,10484.0,0
5261,TX_0005261,0.0306,aggressive,ALLOW,2.0,10486.0,0
5262,TX_0005262,0.0701,aggressive,ALLOW,2.0,10488.0,0
5263,TX_0005263,0.0919,aggressive,ALLOW,2.0,10490.0,0
5264,TX_0005264,0.119,aggressive,ALLOW,2.0,10492.0,0
5265,TX_0005265,0.0791,aggressive,ALLOW,2.0,10494.0,0
5266,TX_0005266,0.1274,aggressive,ALLOW,2.0,10496.0,0
5267,TX_0005267,0.0507,aggressive,ALLOW,2.0,10498.0,0
5268,TX_0005268,0.0394,aggressive,ALLOW,2.0,10500.0,0
5269,TX_0005269,0.1652,aggressive,ALLOW,2.0,10502.0,0
5270,TX_0005270,0.1507,aggressive,ALLOW,2.0,10504.0,0
5271,TX_0005271,0.0559,aggressive,ALLOW,2.0,10506.0,0
5272,TX_0005272,0.2242,aggressive,ALLOW,2.0,10508.0,0
5273,TX_0005273,0.0683,aggressive,ALLOW,2.0,10510.0,0
5274,TX_0005274,0.0438,aggressive,ALLOW,2.0,10512.0,0
5275,TX_0005275,0.0347,aggressive,ALLOW,2.0,10514.0,0
5276,TX_0005276,0.079,aggressive,ALLOW,2.0,10516.0,0
5277,TX_0005277,0.0252,aggressive,ALLOW,2.0,10518.0,0
5278,TX_0005278,0.0816,aggressive,ALLOW,2.0,10520.0,0
5279,TX_0005279,0.0563,aggressive,ALLOW,2.0,10522.0,0
5280,TX_0005280,0.0836,aggressive,ALLOW,2.0,10524.0,0
5281,TX_0005281,0.1712,aggressive,ALLOW,2.0,10526.0,0
5282,TX_0005282,0.0446,aggressive,ALLOW,2.0,10528.0,0
5283,TX_0005283,0.0452,aggressive,ALLOW,2.0,10530.0,0
5284,TX_0005284,0.076,aggressive,ALLOW,2.0,10532.0,0
5285,TX_0005285,0.0159,aggressive,ALLOW,2.0,10534.0,0
5286,TX_0005286,0.1538,aggressive,ALLOW,2.0,10536.0,0
5287,TX_0005287,0.1214,aggressive,ALLOW,2.0,10538.0,0
5288,TX_0005288,0.0882,current,ALLOW,2.0,10540.0,0
5289,TX_0005289,0.1575,aggressive,ALLOW,2.0,10542.0,0
5290,TX_0005290,0.0561,aggressive,ALLOW,2.0,10544.0,0
5291,TX_0005291,0.0924,aggressive,ALLOW,2.0,10546.0,0
5292,TX_0005292,0.114,aggressive,ALLOW,2.0,10548.0,0
5293,TX_0005293,0.0458,aggressive,ALLOW,2.0,10550.0,0
5294,TX_0005294,0.1072,aggressive,ALLOW,2.0,10552.0,0
5295,TX_0005295,0.1077,aggressive,ALLOW,2.0,10554.0,0
5296,TX_0005296,0.0479,aggressive,ALLOW,2.0,10556.0,0
5297,TX_0005297,0.1446,aggressive,ALLOW,2.0,10558.0,0
5298,TX_0005298,0.0871,aggressive,ALLOW,2.0,10560.0,0
5299,TX_0005299,0.0235,aggressive,ALLOW,2.0,10562.0,0
5300,TX_0005300,0.0874,aggressive,ALLOW,2.0,10564.0,0
5301,TX_0005301,0.0467,aggressive,ALLOW,2.0,10566.0,0
5302,TX_0005302,0.0236,aggressive,ALLOW,2.0,10568.0,0
5303,TX_0005303,0.0942,aggressive,ALLOW,2.0,10570.0,0
5304,TX_0005304,0.0231,aggressive,ALLOW,2.0,10572.0,0
5305,TX_0005305,0.0376,aggressive,ALLOW,2.0,10574.0,0
5306,TX_0005306,0.0367,aggressive,ALLOW,2.0,10576.0,0
5307,TX_0005307,0.0282,aggressive,ALLOW,2.0,10578.0,0
5308,TX_0005308,0.1471,aggressive,ALLOW,2.0,10580.0,0
5309,TX_0005309,0.1051,aggressive,ALLOW,2.0,10582.0,0
5310,TX_0005310,0.1591,aggressive,ALLOW,2.0,10584.0,0
5311,TX_0005311,0.0697,aggressive,ALLOW,2.0,10586.0,0
5312,TX_0005312,0.0536,aggressive,ALLOW,2.0,10588.0,0
5313,TX_0005313,0.0295,aggressive,ALLOW,2.0,10590.0,0
5314,TX_0005314,0.0567,conservative,ALLOW,2.0,10592.0,0
5315,TX_0005315,0.1255,aggressive,ALLOW,2.0,10594.0,0
5316,TX_0005316,0.0606,aggressive,ALLOW,2.0,10596.0,0
5317,TX_0005317,0.0828,aggressive,ALLOW,2.0,10598.0,0
5318,TX_0005318,0.1915,conservative,ALLOW,2.0,10600.0,0
5319,TX_0005319,0.1054,aggressive,ALLOW,2.0,10602.0,0
5320,TX_0005320,0.0218,aggressive,ALLOW,2.0,10604.0,0
5321,TX_0005321,0.0783,aggressive,ALLOW,2.0,10606.0,0
5322,TX_0005322,0.0507,aggressive,ALLOW,2.0,10608.0,0
5323,TX_0005323,0.0306,aggressive,ALLOW,2.0,10610.0,0
5324,TX_0005324,0.0642,aggressive,ALLOW,2.0,10612.0,0
5325,TX_0005325,0.077,aggressive,ALLOW,2.0,10614.0,0
5326,TX_0005326,0.0346,aggressive,ALLOW,2.0,10616.0,0
5327,TX_0005327,0.0452,aggressive,ALLOW,2.0,10618.0,0
5328,TX_0005328,0.0875,aggressive,ALLOW,2.0,10620.0,0
5329,TX_0005329,0.039,aggressive,ALLOW,2.0,10622.0,0
5330,TX_0005330,0.0611,aggressive,ALLOW,2.0,10624.0,0
5331,TX_0005331,0.0435,aggressive,ALLOW,2.0,10626.0,0
5332,TX_0005332,0.0241,conservative,ALLOW,2.0,10628.0,0
5333,TX_0005333,0.167,aggressive,ALLOW,2.0,10630.0,0
5334,TX_0005334,0.0757,aggressive,ALLOW,2.0,10632.0,0
5335,TX_0005335,0.0845,aggressive,ALLOW,2.0,10634.0,0
5336,TX_0005336,0.1054,aggressive,ALLOW,2.0,10636.0,0
5337,TX_0005337,0.0373,aggressive,ALLOW,2.0,10638.0,0
5338,TX_0005338,0.0389,conservative,ALLOW,2.0,10640.0,0
5339,TX_0005339,0.0701,aggressive,ALLOW,2.0,10642.0,0
5340,TX_0005340,0.0855,aggressive,ALLOW,2.0,10644.0,0
5341,TX_0005341,0.0574,aggressive,ALLOW,2.0,10646.0,0
5342,TX_0005342,0.0571,aggressive,ALLOW,2.0,10648.0,0
5343,TX_0005343,0.0427,aggressive,ALLOW,2.0,10650.0,0
5344,TX_0005344,0.0663,aggressive,ALLOW,2.0,10652.0,0
5345,TX_0005345,0.0278,aggressive,ALLOW,2.0,10654.0,0
5346,TX_0005346,0.0322,conservative,ALLOW,2.0,10656.0,0
5347,TX_0005347,0.0789,conservative,ALLOW,2.0,10658.0,0
5348,TX_0005348,0.0782,aggressive,ALLOW,2.0,10660.0,0
5349,TX_0005349,0.7539,aggressive,REVIEW,2.0,10662.0,1
5350,TX_0005350,0.0518,aggressive,ALLOW,2.0,10664.0,0
5351,TX_0005351,0.0554,current,ALLOW,2.0,10666.0,0
5352,TX_0005352,0.037,aggressive,ALLOW,2.0,10668.0,0
5353,TX_0005353,0.7727,aggressive,REVIEW,2.0,10670.0,1
5354,TX_0005354,0.784,aggressive,REVIEW,2.0,10672.0,1
5355,TX_0005355,0.0498,aggressive,ALLOW,2.0,10674.0,0
5356,TX_0005356,0.0534,aggressive,ALLOW,2.0,10676.0,0
5357,TX_0005357,0.7902,aggressive,REVIEW,2.0,10678.0,1
5358,TX_0005358,0.0467,aggressive,ALLOW,2.0,10680.0,0
5359,TX_0005359,0.0345,aggressive,ALLOW,2.0,10682.0,0
5360,TX_0005360,0.0416,current,ALLOW,2.0,10684.0,0
5361,TX_0005361,0.036,aggressive,ALLOW,2.0,10686.0,0
5362,TX_0005362,0.047,aggressive,ALLOW,2.0,10688.0,0
5363,TX_0005363,0.0184,aggressive,ALLOW,2.0,10690.0,0
5364,TX_0005364,0.0231,aggressive,ALLOW,2.0,10692.0,0
5365,TX_0005365,0.7964,aggressive,REVIEW,2.0,10694.0,1
5366,TX_0005366,0.0733,aggressive,ALLOW,2.0,10696.0,0
5367,TX_0005367,0.0649,aggressive,ALLOW,2.0,10698.0,0
5368,TX_0005368,0.0579,aggressive,ALLOW,2.0,10700.0,0
5369,TX_0005369,0.0602,aggressive,ALLOW,2.0,10702.0,0
5370,TX_0005370,0.0844,aggressive,ALLOW,2.0,10704.0,0
5371,TX_0005371,0.0536,current,ALLOW,2.0,10706.0,0
5372,TX_0005372,0.7648,aggressive,REVIEW,2.0,10708.0,1
5373,TX_0005373,0.0681,aggressive,ALLOW,2.0,10710.0,0
5374,TX_0005374,0.2101,aggressive,ALLOW,2.0,10712.0,0
5375,TX_0005375,0.1535,aggressive,ALLOW,2.0,10714.0,0
5376,TX_0005376,0.0533,aggressive,ALLOW,2.0,10716.0,0
5377,TX_0005377,0.0784,aggressive,ALLOW,2.0,10718.0,0
5378,TX_0005378,0.0921,aggressive,ALLOW,2.0,10720.0,0
5379,TX_0005379,0.1028,conservative,ALLOW,2.0,10722.0,0
5380,TX_0005380,0.0592,aggressive,ALLOW,2.0,10724.0,0
5381,TX_0005381,0.0279,aggressive,ALLOW,2.0,10726.0,0
5382,TX_0005382,0.0514,aggressive,ALLOW,2.0,10728.0,0
5383,TX_0005383,0.0321,aggressive,ALLOW,2.0,10730.0,0
5384,TX_0005384,0.0755,aggressive,ALLOW,2.0,10732.0,0
5385,TX_0005385,0.0829,aggressive,ALLOW,2.0,10734.0,0
5386,TX_0005386,0.0402,aggressive,ALLOW,2.0,10736.0,0
5387,TX_0005387,0.0355,aggressive,ALLOW,2.0,10738.0,0
5388,TX_0005388,0.0664,aggressive,ALLOW,2.0,10740.0,0
5389,TX_0005389,0.0387,aggressive,ALLOW,2.0,10742.0,0
5390,TX_0005390,0.0359,aggressive,ALLOW,2.0,10744.0,0
5391,TX_0005391,0.0601,aggressive,ALLOW,2.0,10746.0,0
5392,TX_0005392,0.0403,aggressive,ALLOW,2.0,10748.0,0
5393,TX_0005393,0.1497,conservative,ALLOW,2.0,10750.0,0
5394,TX_0005394,0.1032,aggressive,ALLOW,2.0,10752.0,0
5395,TX_0005395,0.0392,aggressive,ALLOW,2.0,10754.0,0
5396,TX_0005396,0.023,aggressive,ALLOW,2.0,10756.0,0
5397,TX_0005397,0.0697,current,ALLOW,2.0,10758.0,0
5398,TX_0005398,0.0451,aggressive,ALLOW,2.0,10760.0,0
5399,TX_0005399,0.0175,aggressive,ALLOW,2.0,10762.0,0
5400,TX_0005400,0.1174,aggressive,ALLOW,2.0,10764.0,0
5401,TX_0005401,0.0454,aggressive,ALLOW,2.0,10766.0,0
5402,TX_0005402,0.0875,aggressive,ALLOW,2.0,10768.0,0
5403,TX_0005403,0.0936,aggressive,ALLOW,2.0,10770.0,0
5404,TX_0005404,0.0406,aggressive,ALLOW,2.0,10772.0,0
5405,TX_0005405,0.0486,aggressive,ALLOW,2.0,10774.0,0
5406,TX_0005406,0.0526,aggressive,ALLOW,2.0,10776.0,0
5407,TX_0005407,0.1244,aggressive,ALLOW,2.0,10778.0,0
5408,TX_0005408,0.0538,aggressive,ALLOW,2.0,10780.0,0
5409,TX_0005409,0.0529,aggressive,ALLOW,2.0,10782.0,0
5410,TX_0005410,0.082,aggressive,ALLOW,2.0,10784.0,0
5411,TX_0005411,0.0723,aggressive,ALLOW,2.0,10786.0,0
5412,TX_0005412,0.1161,current,ALLOW,2.0,10788.0,0
5413,TX_0005413,0.0957,current,ALLOW,2.0,10790.0,0
5414,TX_0005414,0.0326,aggressive,ALLOW,2.0,10792.0,0
5415,TX_0005415,0.0724,aggressive,ALLOW,2.0,10794.0,0
5416,TX_0005416,0.064,aggressive,ALLOW,2.0,10796.0,0
5417,TX_0005417,0.0646,aggressive,ALLOW,2.0,10798.0,0
5418,TX_0005418,0.0589,aggressive,ALLOW,2.0,10800.0,0
5419,TX_0005419,0.1569,aggressive,ALLOW,2.0,10802.0,0
5420,TX_0005420,0.1495,aggressive,ALLOW,2.0,10804.0,0
5421,TX_0005421,0.0269,aggressive,ALLOW,2.0,10806.0,0
5422,TX_0005422,0.1158,aggressive,ALLOW,2.0,10808.0,0
5423,TX_0005423,0.0671,aggressive,ALLOW,2.0,10810.0,0
5424,TX_0005424,0.0547,aggressive,ALLOW,2.0,10812.0,0
5425,TX_0005425,0.0332,aggressive,ALLOW,2.0,10814.0,0
5426,TX_0005426,0.0466,aggressive,ALLOW,2.0,10816.0,0
5427,TX_0005427,0.0561,aggressive,ALLOW,2.0,10818.0,0
5428,TX_0005428,0.0549,aggressive,ALLOW,2.0,10820.0,0
5429,TX_0005429,0.0732,aggressive,ALLOW,2.0,10822.0,0
5430,TX_0005430,0.1638,aggressive,ALLOW,2.0,10824.0,0
5431,TX_0005431,0.0554,aggressive,ALLOW,2.0,10826.0,0
5432,TX_0005432,0.0349,aggressive,ALLOW,2.0,10828.0,0
5433,TX_0005433,0.0392,aggressive,ALLOW,2.0,10830.0,0
5434,TX_0005434,0.0392,aggressive,ALLOW,2.0,10832.0,0
5435,TX_0005435,0.0424,aggressive,ALLOW,2.0,10834.0,0
5436,TX_0005436,0.0339,aggressive,ALLOW,2.0,10836.0,0
5437,TX_0005437,0.03,aggressive,ALLOW,2.0,10838.0,0
5438,TX_0005438,0.0666,aggressive,ALLOW,2.0,10840.0,0
5439,TX_0005439,0.0164,aggressive,ALLOW,2.0,10842.0,0
5440,TX_0005440,0.0572,aggressive,ALLOW,2.0,10844.0,0
5441,TX_0005441,0.0528,aggressive,ALLOW,2.0,10846.0,0
5442,TX_0005442,0.0854,aggressive,ALLOW,2.0,10848.0,0
5443,TX_0005443,0.0208,aggressive,ALLOW,2.0,10850.0,0
5444,TX_0005444,0.0612,aggressive,ALLOW,2.0,10852.0,0
5445,TX_0005445,0.0909,aggressive,ALLOW,2.0,10854.0,0
5446,TX_0005446,0.0384,conservative,ALLOW,2.0,10856.0,0
5447,TX_0005447,0.1212,aggressive,ALLOW,2.0,10858.0,0
5448,TX_0005448,0.0909,aggressive,ALLOW,2.0,10860.0,0
5449,TX_0005449,0.0592,aggressive,ALLOW,2.0,10862.0,0
5450,TX_0005450,0.1069,aggressive,ALLOW,2.0,10864.0,0
5451,TX_0005451,0.0172,aggressive,ALLOW,2.0,10866.0,0
5452,TX_0005452,0.0288,aggressive,ALLOW,2.0,10868.0,0
5453,TX_0005453,0.0284,aggressive,ALLOW,2.0,10870.0,0
5454,TX_0005454,0.17,aggressive,ALLOW,2.0,10872.0,0
5455,TX_0005455,0.0407,aggressive,ALLOW,2.0,10874.0,0
5456,TX_0005456,0.0281,aggressive,ALLOW,2.0,10876.0,0
5457,TX_0005457,0.0458,aggressive,ALLOW,2.0,10878.0,0
5458,TX_0005458,0.0789,aggressive,ALLOW,2.0,10880.0,0
5459,TX_0005459,0.0241,aggressive,ALLOW,2.0,10882.0,0
5460,TX_0005460,0.0186,aggressive,ALLOW,2.0,10884.0,0
5461,TX_0005461,0.0636,aggressive,ALLOW,2.0,10886.0,0
5462,TX_0005462,0.0718,aggressive,ALLOW,2.0,10888.0,0
5463,TX_0005463,0.0707,aggressive,ALLOW,2.0,10890.0,0
5464,TX_0005464,0.0311,aggressive,ALLOW,2.0,10892.0,0
5465,TX_0005465,0.0519,aggressive,ALLOW,2.0,10894.0,0
5466,TX_0005466,0.0289,aggressive,ALLOW,2.0,10896.0,0
5467,TX_0005467,0.1199,aggressive,ALLOW,2.0,10898.0,0
5468,TX_0005468,0.0583,aggressive,ALLOW,2.0,10900.0,0
5469,TX_0005469,0.0275,aggressive,ALLOW,2.0,10902.0,0
5470,TX_0005470,0.0729,current,ALLOW,2.0,10904.0,0
5471,TX_0005471,0.0411,aggressive,ALLOW,2.0,10906.0,0
5472,TX_0005472,0.0855,aggressive,ALLOW,2.0,10908.0,0
5473,TX_0005473,0.0663,aggressive,ALLOW,2.0,10910.0,0
5474,TX_0005474,0.0732,aggressive,ALLOW,2.0,10912.0,0
5475,TX_0005475,0.1042,aggressive,ALLOW,2.0,10914.0,0
5476,TX_0005476,0.1241,aggressive,ALLOW,2.0,10916.0,0
5477,TX_0005477,0.0719,aggressive,ALLOW,2.0,10918.0,0
5478,TX_0005478,0.0222,aggressive,ALLOW,2.0,10920.0,0
5479,TX_0005479,0.0613,aggressive,ALLOW,2.0,10922.0,0
5480,TX_0005480,0.018,current,ALLOW,2.0,10924.0,0
5481,TX_0005481,0.0587,aggressive,ALLOW,2.0,10926.0,0
5482,TX_0005482,0.0582,aggressive,ALLOW,2.0,10928.0,0
5483,TX_0005483,0.1396,aggressive,ALLOW,2.0,10930.0,0
5484,TX_0005484,0.0422,aggressive,ALLOW,2.0,10932.0,0
5485,TX_0005485,0.0332,aggressive,ALLOW,2.0,10934.0,0
5486,TX_0005486,0.1154,aggressive,ALLOW,2.0,10936.0,0
5487,TX_0005487,0.0564,aggressive,ALLOW,2.0,10938.0,0
5488,TX_0005488,0.0216,aggressive,ALLOW,2.0,10940.0,0
5489,TX_0005489,0.0322,aggressive,ALLOW,2.0,10942.0,0
5490,TX_0005490,0.0729,aggressive,ALLOW,2.0,10944.0,0
5491,TX_0005491,0.1494,aggressive,ALLOW,2.0,10946.0,0
5492,TX_0005492,0.0212,aggressive,ALLOW,2.0,10948.0,0
5493,TX_0005493,0.059,aggressive,ALLOW,2.0,10950.0,0
5494,TX_0005494,0.0409,aggressive,ALLOW,2.0,10952.0,0
5495,TX_0005495,0.0256,aggressive,ALLOW,2.0,10954.0,0
5496,TX_0005496,0.0367,aggressive,ALLOW,2.0,10956.0,0
5497,TX_0005497,0.0445,aggressive,ALLOW,2.0,10958.0,0
5498,TX_0005498,0.0326,conservative,ALLOW,2.0,10960.0,0
5499,TX_0005499,0.0259,aggressive,ALLOW,2.0,10962.0,0
5500,TX_0005500,0.18,aggressive,ALLOW,2.0,10964.0,0
5501,TX_0005501,0.1241,aggressive,ALLOW,2.0,10966.0,0
5502,TX_0005502,0.0765,current,ALLOW,2.0,10968.0,0
5503,TX_0005503,0.08,aggressive,ALLOW,2.0,10970.0,0
5504,TX_0005504,0.0663,aggressive,ALLOW,2.0,10972.0,0
5505,TX_0005505,0.0414,aggressive,ALLOW,2.0,10974.0,0
5506,TX_0005506,0.0524,aggressive,ALLOW,2.0,10976.0,0
5507,TX_0005507,0.0685,aggressive,ALLOW,2.0,10978.0,0
5508,TX_0005508,0.0677,aggressive,ALLOW,2.0,10980.0,0
5509,TX_0005509,0.0411,aggressive,ALLOW,2.0,10982.0,0
5510,TX_0005510,0.0677,aggressive,ALLOW,2.0,10984.0,0
5511,TX_0005511,0.1541,aggressive,ALLOW,2.0,10986.0,0
5512,TX_0005512,0.0382,aggressive,ALLOW,2.0,10988.0,0
5513,TX_0005513,0.0716,aggressive,ALLOW,2.0,10990.0,0
5514,TX_0005514,0.0382,aggressive,ALLOW,2.0,10992.0,0
5515,TX_0005515,0.0289,aggressive,ALLOW,2.0,10994.0,0
5516,TX_0005516,0.1201,aggressive,ALLOW,2.0,10996.0,0
5517,TX_0005517,0.0583,aggressive,ALLOW,2.0,10998.0,0
5518,TX_0005518,0.1284,aggressive,ALLOW,2.0,11000.0,0
5519,TX_0005519,0.095,aggressive,ALLOW,2.0,11002.0,0
5520,TX_0005520,0.048,aggressive,ALLOW,2.0,11004.0,0
5521,TX_0005521,0.1166,aggressive,ALLOW,2.0,11006.0,0
5522,TX_0005522,0.067,aggressive,ALLOW,2.0,11008.0,0
5523,TX_0005523,0.0408,aggressive,ALLOW,2.0,11010.0,0
5524,TX_0005524,0.0344,aggressive,ALLOW,2.0,11012.0,0
5525,TX_0005525,0.087,aggressive,ALLOW,2.0,11014.0,0
5526,TX_0005526,0.0824,aggressive,ALLOW,2.0,11016.0,0
5527,TX_0005527,0.0753,aggressive,ALLOW,2.0,11018.0,0
5528,TX_0005528,0.0224,aggressive,ALLOW,2.0,11020.0,0
5529,TX_0005529,0.065,aggressive,ALLOW,2.0,11022.0,0
5530,TX_0005530,0.0467,aggressive,ALLOW,2.0,11024.0,0
5531,TX_0005531,0.0207,aggressive,ALLOW,2.0,11026.0,0
5532,TX_0005532,0.0384,aggressive,ALLOW,2.0,11028.0,0
5533,TX_0005533,0.0338,current,ALLOW,2.0,11030.0,0
5534,TX_0005534,0.0716,conservative,ALLOW,2.0,11032.0,0
5535,TX_0005535,0.0537,aggressive,ALLOW,2.0,11034.0,0
5536,TX_0005536,0.0537,aggressive,ALLOW,2.0,11036.0,0
5537,TX_0005537,0.0219,aggressive,ALLOW,2.0,11038.0,0
5538,TX_0005538,0.2131,aggressive,ALLOW,2.0,11040.0,0
5539,TX_0005539,0.0202,aggressive,ALLOW,2.0,11042.0,0
5540,TX_0005540,0.0772,aggressive,ALLOW,2.0,11044.0,0
5541,TX_0005541,0.1777,aggressive,ALLOW,2.0,11046.0,0
5542,TX_0005542,0.0479,aggressive,ALLOW,2.0,11048.0,0
5543,TX_0005543,0.021,aggressive,ALLOW,2.0,11050.0,0
5544,TX_0005544,0.0326,aggressive,ALLOW,2.0,11052.0,0
5545,TX_0005545,0.0677,aggressive,ALLOW,2.0,11054.0,0
5546,TX_0005546,0.0247,aggressive,ALLOW,2.0,11056.0,0
5547,TX_0005547,0.0682,aggressive,ALLOW,2.0,11058.0,0
5548,TX_0005548,0.0733,aggressive,ALLOW,2.0,11060.0,0
5549,TX_0005549,0.0715,aggressive,ALLOW,2.0,11062.0,0
5550,TX_0005550,0.0221,aggressive,ALLOW,2.0,11064.0,0
5551,TX_0005551,0.0315,aggressive,ALLOW,2.0,11066.0,0
5552,TX_0005552,0.1147,aggressive,ALLOW,2.0,11068.0,0
5553,TX_0005553,0.0561,aggressive,ALLOW,2.0,11070.0,0
5554,TX_0005554,0.0486,aggressive,ALLOW,2.0,11072.0,0
5555,TX_0005555,0.0227,aggressive,ALLOW,2.0,11074.0,0
5556,TX_0005556,0.0389,aggressive,ALLOW,2.0,11076.0,0
5557,TX_0005557,0.0768,aggressive,ALLOW,2.0,11078.0,0
5558,TX_0005558,0.0351,aggressive,ALLOW,2.0,11080.0,0
5559,TX_0005559,0.0257,aggressive,ALLOW,2.0,11082.0,0
5560,TX_0005560,0.0693,aggressive,ALLOW,2.0,11084.0,0
5561,TX_0005561,0.0445,aggressive,ALLOW,2.0,11086.0,0
5562,TX_0005562,0.0881,aggressive,ALLOW,2.0,11088.0,0
5563,TX_0005563,0.0391,aggressive,ALLOW,2.0,11090.0,0
5564,TX_0005564,0.0426,aggressive,ALLOW,2.0,11092.0,0
5565,TX_0005565,0.0294,aggressive,ALLOW,2.0,11094.0,0
5566,TX_0005566,0.1652,aggressive,ALLOW,2.0,11096.0,0
5567,TX_0005567,0.0329,aggressive,ALLOW,2.0,11098.0,0
5568,TX_0005568,0.065,aggressive,ALLOW,2.0,11100.0,0
5569,TX_0005569,0.0379,aggressive,ALLOW,2.0,11102.0,0
5570,TX_0005570,0.0895,aggressive,ALLOW,2.0,11104.0,0
5571,TX_0005571,0.0403,aggressive,ALLOW,2.0,11106.0,0
5572,TX_0005572,0.0413,aggressive,ALLOW,2.0,11108.0,0
5573,TX_0005573,0.0516,aggressive,ALLOW,2.0,11110.0,0
5574,TX_0005574,0.085,aggressive,ALLOW,2.0,11112.0,0
5575,TX_0005575,0.0431,aggressive,ALLOW,2.0,11114.0,0
5576,TX_0005576,0.0791,aggressive,ALLOW,2.0,11116.0,0
5577,TX_0005577,0.0882,aggressive,ALLOW,2.0,11118.0,0
5578,TX_0005578,0.0395,aggressive,ALLOW,2.0,11120.0,0
5579,TX_0005579,0.0853,current,ALLOW,2.0,11122.0,0
5580,TX_0005580,0.0595,aggressive,ALLOW,2.0,11124.0,0
5581,TX_0005581,0.1511,aggressive,ALLOW,2.0,11126.0,0
5582,TX_0005582,0.0478,current,ALLOW,2.0,11128.0,0
5583,TX_0005583,0.1001,aggressive,ALLOW,2.0,11130.0,0
5584,TX_0005584,0.0491,aggressive,ALLOW,2.0,11132.0,0
5585,TX_0005585,0.1284,aggressive,ALLOW,2.0,11134.0,0
5586,TX_0005586,0.0534,conservative,ALLOW,2.0,11136.0,0
5587,TX_0005587,0.0802,aggressive,ALLOW,2.0,11138.0,0
5588,TX_0005588,0.053,conservative,ALLOW,2.0,11140.0,0
5589,TX_0005589,0.0521,aggressive,ALLOW,2.0,11142.0,0
5590,TX_0005590,0.0821,aggressive,ALLOW,2.0,11144.0,0
5591,TX_0005591,0.1252,aggressive,ALLOW,2.0,11146.0,0
5592,TX_0005592,0.0728,aggressive,ALLOW,2.0,11148.0,0
5593,TX_0005593,0.0473,aggressive,ALLOW,2.0,11150.0,0
5594,TX_0005594,0.018,aggressive,ALLOW,2.0,11152.0,0
5595,TX_0005595,0.0886,aggressive,ALLOW,2.0,11154.0,0
5596,TX_0005596,0.0238,aggressive,ALLOW,2.0,11156.0,0
5597,TX_0005597,0.0699,aggressive,ALLOW,2.0,11158.0,0
5598,TX_0005598,0.0223,aggressive,ALLOW,2.0,11160.0,0
5599,TX_0005599,0.0425,aggressive,ALLOW,2.0,11162.0,0
5600,TX_0005600,0.047,aggressive,ALLOW,2.0,11164.0,0
5601,TX_0005601,0.0395,aggressive,ALLOW,2.0,11166.0,0
5602,TX_0005602,0.0528,aggressive,ALLOW,2.0,11168.0,0
5603,TX_0005603,0.218,aggressive,ALLOW,2.0,11170.0,0
5604,TX_0005604,0.0265,aggressive,ALLOW,2.0,11172.0,0
5605,TX_0005605,0.0516,aggressive,ALLOW,2.0,11174.0,0
5606,TX_0005606,0.3453,aggressive,ALLOW,2.0,11176.0,0
5607,TX_0005607,0.0709,aggressive,ALLOW,2.0,11178.0,0
5608,TX_0005608,0.1383,aggressive,ALLOW,2.0,11180.0,0
5609,TX_0005609,0.0499,aggressive,ALLOW,2.0,11182.0,0
5610,TX_0005610,0.034,aggressive,ALLOW,2.0,11184.0,0
5611,TX_0005611,0.0959,aggressive,ALLOW,2.0,11186.0,0
5612,TX_0005612,0.057,aggressive,ALLOW,2.0,11188.0,0
5613,TX_0005613,0.0599,aggressive,ALLOW,2.0,11190.0,0
5614,TX_0005614,0.0199,aggressive,ALLOW,2.0,11192.0,0
5615,TX_0005615,0.061,aggressive,ALLOW,2.0,11194.0,0
5616,TX_0005616,0.0393,aggressive,ALLOW,2.0,11196.0,0
5617,TX_0005617,0.0655,conservative,ALLOW,2.0,11198.0,0
5618,TX_0005618,0.043,aggressive,ALLOW,2.0,11200.0,0
5619,TX_0005619,0.0276,aggressive,ALLOW,2.0,11202.0,0
5620,TX_0005620,0.056,aggressive,ALLOW,2.0,11204.0,0
5621,TX_0005621,0.034,aggressive,ALLOW,2.0,11206.0,0
5622,TX_0005622,0.0751,aggressive,ALLOW,2.0,11208.0,0
5623,TX_0005623,0.0225,aggressive,ALLOW,2.0,11210.0,0
5624,TX_0005624,0.0427,aggressive,ALLOW,2.0,11212.0,0
5625,TX_0005625,0.0537,aggressive,ALLOW,2.0,11214.0,0
5626,TX_0005626,0.0461,aggressive,ALLOW,2.0,11216.0,0
5627,TX_0005627,0.0441,aggressive,ALLOW,2.0,11218.0,0
5628,TX_0005628,0.0479,aggressive,ALLOW,2.0,11220.0,0
5629,TX_0005629,0.0256,aggressive,ALLOW,2.0,11222.0,0
5630,TX_0005630,0.0469,aggressive,ALLOW,2.0,11224.0,0
5631,TX_0005631,0.0197,aggressive,ALLOW,2.0,11226.0,0
5632,TX_0005632,0.0641,aggressive,ALLOW,2.0,11228.0,0
5633,TX_0005633,0.0656,aggressive,ALLOW,2.0,11230.0,0
5634,TX_0005634,0.0362,aggressive,ALLOW,2.0,11232.0,0
5635,TX_0005635,0.0292,aggressive,ALLOW,2.0,11234.0,0
5636,TX_0005636,0.0787,aggressive,ALLOW,2.0,11236.0,0
5637,TX_0005637,0.0522,aggressive,ALLOW,2.0,11238.0,0
5638,TX_0005638,0.0288,aggressive,ALLOW,2.0,11240.0,0
5639,TX_0005639,0.0745,aggressive,ALLOW,2.0,11242.0,0
5640,TX_0005640,0.0231,aggressive,ALLOW,2.0,11244.0,0
5641,TX_0005641,0.0348,aggressive,ALLOW,2.0,11246.0,0
5642,TX_0005642,0.0191,current,ALLOW,2.0,11248.0,0
5643,TX_0005643,0.0388,aggressive,ALLOW,2.0,11250.0,0
5644,TX_0005644,0.0784,aggressive,ALLOW,2.0,11252.0,0
5645,TX_0005645,0.1371,aggressive,ALLOW,2.0,11254.0,0
5646,TX_0005646,0.062,aggressive,ALLOW,2.0,11256.0,0
5647,TX_0005647,0.1579,aggressive,ALLOW,2.0,11258.0,0
5648,TX_0005648,0.0631,aggressive,ALLOW,2.0,11260.0,0
5649,TX_0005649,0.1462,aggressive,ALLOW,2.0,11262.0,0
5650,TX_0005650,0.1483,aggressive,ALLOW,2.0,11264.0,0
5651,TX_0005651,0.0432,aggressive,ALLOW,2.0,11266.0,0
5652,TX_0005652,0.07,aggressive,ALLOW,2.0,11268.0,0
5653,TX_0005653,0.1943,aggressive,ALLOW,2.0,11270.0,0
5654,TX_0005654,0.0337,aggressive,ALLOW,2.0,11272.0,0
5655,TX_0005655,0.0629,aggressive,ALLOW,2.0,11274.0,0
5656,TX_0005656,0.0553,aggressive,ALLOW,2.0,11276.0,0
5657,TX_0005657,0.0464,aggressive,ALLOW,2.0,11278.0,0
5658,TX_0005658,0.1043,aggressive,ALLOW,2.0,11280.0,0
5659,TX_0005659,0.0253,aggressive,ALLOW,2.0,11282.0,0
5660,TX_0005660,0.0409,aggressive,ALLOW,2.0,11284.0,0
5661,TX_0005661,0.0337,aggressive,ALLOW,2.0,11286.0,0
5662,TX_0005662,0.0221,aggressive,ALLOW,2.0,11288.0,0
5663,TX_0005663,0.0305,aggressive,ALLOW,2.0,11290.0,0
5664,TX_0005664,0.0751,aggressive,ALLOW,2.0,11292.0,0
5665,TX_0005665,0.0618,aggressive,ALLOW,2.0,11294.0,0
5666,TX_0005666,0.07,aggressive,ALLOW,2.0,11296.0,0
5667,TX_0005667,0.1043,aggressive,ALLOW,2.0,11298.0,0
5668,TX_0005668,0.0542,aggressive,ALLOW,2.0,11300.0,0
5669,TX_0005669,0.2241,aggressive,ALLOW,2.0,11302.0,0
5670,TX_0005670,0.0563,aggressive,ALLOW,2.0,11304.0,0
5671,TX_0005671,0.0384,aggressive,ALLOW,2.0,11306.0,0
5672,TX_0005672,0.0625,aggressive,ALLOW,2.0,11308.0,0
5673,TX_0005673,0.0304,aggressive,ALLOW,2.0,11310.0,0
5674,TX_0005674,0.0405,aggressive,ALLOW,2.0,11312.0,0
5675,TX_0005675,0.0419,aggressive,ALLOW,2.0,11314.0,0
5676,TX_0005676,0.0631,aggressive,ALLOW,2.0,11316.0,0
5677,TX_0005677,0.0185,aggressive,ALLOW,2.0,11318.0,0
5678,TX_0005678,0.0202,aggressive,ALLOW,2.0,11320.0,0
5679,TX_0005679,0.0381,aggressive,ALLOW,2.0,11322.0,0
5680,TX_0005680,0.0532,aggressive,ALLOW,2.0,11324.0,0
5681,TX_0005681,0.1735,aggressive,ALLOW,2.0,11326.0,0
5682,TX_0005682,0.0601,aggressive,ALLOW,2.0,11328.0,0
5683,TX_0005683,0.0745,aggressive,ALLOW,2.0,11330.0,0
5684,TX_0005684,0.0741,aggressive,ALLOW,2.0,11332.0,0
5685,TX_0005685,0.0506,aggressive,ALLOW,2.0,11334.0,0
5686,TX_0005686,0.0301,aggressive,ALLOW,2.0,11336.0,0
5687,TX_0005687,0.1357,aggressive,ALLOW,2.0,11338.0,0
5688,TX_0005688,0.0476,aggressive,ALLOW,2.0,11340.0,0
5689,TX_0005689,0.0811,aggressive,ALLOW,2.0,11342.0,0
5690,TX_0005690,0.0555,aggressive,ALLOW,2.0,11344.0,0
5691,TX_0005691,0.033,aggressive,ALLOW,2.0,11346.0,0
5692,TX_0005692,0.0453,aggressive,ALLOW,2.0,11348.0,0
5693,TX_0005693,0.0451,aggressive,ALLOW,2.0,11350.0,0
5694,TX_0005694,0.0351,aggressive,ALLOW,2.0,11352.0,0
5695,TX_0005695,0.1903,aggressive,ALLOW,2.0,11354.0,0
5696,TX_0005696,0.0684,aggressive,ALLOW,2.0,11356.0,0
5697,TX_0005697,0.0858,aggressive,ALLOW,2.0,11358.0,0
5698,TX_0005698,0.0513,aggressive,ALLOW,2.0,11360.0,0
5699,TX_0005699,0.0658,aggressive,ALLOW,2.0,11362.0,0
5700,TX_0005700,0.0275,aggressive,ALLOW,2.0,11364.0,0
5701,TX_0005701,0.2323,aggressive,ALLOW,2.0,11366.0,0
5702,TX_0005702,0.0995,aggressive,ALLOW,2.0,11368.0,0
5703,TX_0005703,0.0458,aggressive,ALLOW,2.0,11370.0,0
5704,TX_0005704,0.0293,aggressive,ALLOW,2.0,11372.0,0
5705,TX_0005705,0.1628,aggressive,ALLOW,2.0,11374.0,0
5706,TX_0005706,0.0861,aggressive,ALLOW,2.0,11376.0,0
5707,TX_0005707,0.1108,aggressive,ALLOW,2.0,11378.0,0
5708,TX_0005708,0.0444,aggressive,ALLOW,2.0,11380.0,0
5709,TX_0005709,0.0736,aggressive,ALLOW,2.0,11382.0,0
5710,TX_0005710,0.0434,aggressive,ALLOW,2.0,11384.0,0
5711,TX_0005711,0.1908,aggressive,ALLOW,2.0,11386.0,0
5712,TX_0005712,0.0598,aggressive,ALLOW,2.0,11388.0,0
5713,TX_0005713,0.0675,aggressive,ALLOW,2.0,11390.0,0
5714,TX_0005714,0.0301,aggressive,ALLOW,2.0,11392.0,0
5715,TX_0005715,0.0406,aggressive,ALLOW,2.0,11394.0,0
5716,TX_0005716,0.0142,aggressive,ALLOW,2.0,11396.0,0
5717,TX_0005717,0.0602,aggressive,ALLOW,2.0,11398.0,0
5718,TX_0005718,0.0676,aggressive,ALLOW,2.0,11400.0,0
5719,TX_0005719,0.1719,aggressive,ALLOW,2.0,11402.0,0
5720,TX_0005720,0.0498,aggressive,ALLOW,2.0,11404.0,0
5721,TX_0005721,0.0518,aggressive,ALLOW,2.0,11406.0,0
5722,TX_0005722,0.1164,aggressive,ALLOW,2.0,11408.0,0
5723,TX_0005723,0.0526,aggressive,ALLOW,2.0,11410.0,0
5724,TX_0005724,0.0199,aggressive,ALLOW,2.0,11412.0,0
5725,TX_0005725,0.1697,aggressive,ALLOW,2.0,11414.0,0
5726,TX_0005726,0.0327,aggressive,ALLOW,2.0,11416.0,0
5727,TX_0005727,0.156,aggressive,ALLOW,2.0,11418.0,0
5728,TX_0005728,0.0419,aggressive,ALLOW,2.0,11420.0,0
5729,TX_0005729,0.041,aggressive,ALLOW,2.0,11422.0,0
5730,TX_0005730,0.1187,aggressive,ALLOW,2.0,11424.0,0
5731,TX_0005731,0.0331,aggressive,ALLOW,2.0,11426.0,0
5732,TX_0005732,0.0208,aggressive,ALLOW,2.0,11428.0,0
5733,TX_0005733,0.0714,aggressive,ALLOW,2.0,11430.0,0
5734,TX_0005734,0.1028,aggressive,ALLOW,2.0,11432.0,0
5735,TX_0005735,0.0807,aggressive,ALLOW,2.0,11434.0,0
5736,TX_0005736,0.0536,aggressive,ALLOW,2.0,11436.0,0
5737,TX_0005737,0.0393,aggressive,ALLOW,2.0,11438.0,0
5738,TX_0005738,0.049,aggressive,ALLOW,2.0,11440.0,0
5739,TX_0005739,0.0426,aggressive,ALLOW,2.0,11442.0,0
5740,TX_0005740,0.0401,aggressive,ALLOW,2.0,11444.0,0
5741,TX_0005741,0.045,aggressive,ALLOW,2.0,11446.0,0
5742,TX_0005742,0.1352,aggressive,ALLOW,2.0,11448.0,0
5743,TX_0005743,0.0522,aggressive,ALLOW,2.0,11450.0,0
5744,TX_0005744,0.0429,aggressive,ALLOW,2.0,11452.0,0
5745,TX_0005745,0.0702,aggressive,ALLOW,2.0,11454.0,0
5746,TX_0005746,0.0359,aggressive,ALLOW,2.0,11456.0,0
5747,TX_0005747,0.1392,aggressive,ALLOW,2.0,11458.0,0
5748,TX_0005748,0.0591,aggressive,ALLOW,2.0,11460.0,0
5749,TX_0005749,0.1724,aggressive,ALLOW,2.0,11462.0,0
5750,TX_0005750,0.0768,aggressive,ALLOW,2.0,11464.0,0
5751,TX_0005751,0.0786,aggressive,ALLOW,2.0,11466.0,0
5752,TX_0005752,0.0391,aggressive,ALLOW,2.0,11468.0,0
5753,TX_0005753,0.0844,aggressive,ALLOW,2.0,11470.0,0
5754,TX_0005754,0.3338,aggressive,ALLOW,2.0,11472.0,0
5755,TX_0005755,0.0537,aggressive,ALLOW,2.0,11474.0,0
5756,TX_0005756,0.0523,aggressive,ALLOW,2.0,11476.0,0
5757,TX_0005757,0.0524,aggressive,ALLOW,2.0,11478.0,0
5758,TX_0005758,0.0294,aggressive,ALLOW,2.0,11480.0,0
5759,TX_0005759,0.0244,conservative,ALLOW,2.0,11482.0,0
5760,TX_0005760,0.0294,aggressive,ALLOW,2.0,11484.0,0
5761,TX_0005761,0.0512,aggressive,ALLOW,2.0,11486.0,0
5762,TX_0005762,0.0332,aggressive,ALLOW,2.0,11488.0,0
5763,TX_0005763,0.0396,aggressive,ALLOW,2.0,11490.0,0
5764,TX_0005764,0.0484,aggressive,ALLOW,2.0,11492.0,0
5765,TX_0005765,0.0222,aggressive,ALLOW,2.0,11494.0,0
5766,TX_0005766,0.0296,aggressive,ALLOW,2.0,11496.0,0
5767,TX_0005767,0.0419,aggressive,ALLOW,2.0,11498.0,0
5768,TX_0005768,0.0256,aggressive,ALLOW,2.0,11500.0,0
5769,TX_0005769,0.0254,aggressive,ALLOW,2.0,11502.0,0
5770,TX_0005770,0.07,aggressive,ALLOW,2.0,11504.0,0
5771,TX_0005771,0.0751,aggressive,ALLOW,2.0,11506.0,0
5772,TX_0005772,0.0633,aggressive,ALLOW,2.0,11508.0,0
5773,TX_0005773,0.0368,aggressive,ALLOW,2.0,11510.0,0
5774,TX_0005774,0.1235,aggressive,ALLOW,2.0,11512.0,0
5775,TX_0005775,0.0467,aggressive,ALLOW,2.0,11514.0,0
5776,TX_0005776,0.04,aggressive,ALLOW,2.0,11516.0,0
5777,TX_0005777,0.0422,aggressive,ALLOW,2.0,11518.0,0
5778,TX_0005778,0.0292,current,ALLOW,2.0,11520.0,0
5779,TX_0005779,0.0528,aggressive,ALLOW,2.0,11522.0,0
5780,TX_0005780,0.0274,aggressive,ALLOW,2.0,11524.0,0
5781,TX_0005781,0.046,aggressive,ALLOW,2.0,11526.0,0
5782,TX_0005782,0.1095,aggressive,ALLOW,2.0,11528.0,0
5783,TX_0005783,0.033,aggressive,ALLOW,2.0,11530.0,0
5784,TX_0005784,0.1254,aggressive,ALLOW,2.0,11532.0,0
5785,TX_0005785,0.0757,aggressive,ALLOW,2.0,11534.0,0
5786,TX_0005786,0.0984,aggressive,ALLOW,2.0,11536.0,0
5787,TX_0005787,0.0207,aggressive,ALLOW,2.0,11538.0,0
5788,TX_0005788,0.0791,aggressive,ALLOW,2.0,11540.0,0
5789,TX_0005789,0.0822,current,ALLOW,2.0,11542.0,0
5790,TX_0005790,0.0707,aggressive,ALLOW,2.0,11544.0,0
5791,TX_0005791,0.0408,aggressive,ALLOW,2.0,11546.0,0
5792,TX_0005792,0.0819,aggressive,ALLOW,2.0,11548.0,0
5793,TX_0005793,0.098,aggressive,ALLOW,2.0,11550.0,0
5794,TX_0005794,0.136,aggressive,ALLOW,2.0,11552.0,0
5795,TX_0005795,0.0391,aggressive,ALLOW,2.0,11554.0,0
5796,TX_0005796,0.1288,aggressive,ALLOW,2.0,11556.0,0
5797,TX_0005797,0.0511,conservative,ALLOW,2.0,11558.0,0
5798,TX_0005798,0.1667,aggressive,ALLOW,2.0,11560.0,0
5799,TX_0005799,0.1003,aggressive,ALLOW,2.0,11562.0,0
5800,TX_0005800,0.0528,aggressive,ALLOW,2.0,11564.0,0
5801,TX_0005801,0.0778,aggressive,ALLOW,2.0,11566.0,0
5802,TX_0005802,0.0673,aggressive,ALLOW,2.0,11568.0,0
5803,TX_0005803,0.0767,aggressive,ALLOW,2.0,11570.0,0
5804,TX_0005804,0.0536,aggressive,ALLOW,2.0,11572.0,0
5805,TX_0005805,0.1498,aggressive,ALLOW,2.0,11574.0,0
5806,TX_0005806,0.0185,aggressive,ALLOW,2.0,11576.0,0
5807,TX_0005807,0.0389,aggressive,ALLOW,2.0,11578.0,0
5808,TX_0005808,0.0636,aggressive,ALLOW,2.0,11580.0,0
5809,TX_0005809,0.0202,aggressive,ALLOW,2.0,11582.0,0
5810,TX_0005810,0.0572,aggressive,ALLOW,2.0,11584.0,0
5811,TX_0005811,0.05,aggressive,ALLOW,2.0,11586.0,0
5812,TX_0005812,0.0648,aggressive,ALLOW,2.0,11588.0,0
5813,TX_0005813,0.0353,aggressive,ALLOW,2.0,11590.0,0
5814,TX_0005814,0.0772,aggressive,ALLOW,2.0,11592.0,0
5815,TX_0005815,0.0599,aggressive,ALLOW,2.0,11594.0,0
5816,TX_0005816,0.1033,aggressive,ALLOW,2.0,11596.0,0
5817,TX_0005817,0.1271,aggressive,ALLOW,2.0,11598.0,0
5818,TX_0005818,0.1273,aggressive,ALLOW,2.0,11600.0,0
5819,TX_0005819,0.1279,aggressive,ALLOW,2.0,11602.0,0
5820,TX_0005820,0.0826,aggressive,ALLOW,2.0,11604.0,0
5821,TX_0005821,0.0468,aggressive,ALLOW,2.0,11606.0,0
5822,TX_0005822,0.1735,aggressive,ALLOW,2.0,11608.0,0
5823,TX_0005823,0.0521,aggressive,ALLOW,2.0,11610.0,0
5824,TX_0005824,0.0554,aggressive,ALLOW,2.0,11612.0,0
5825,TX_0005825,0.1526,aggressive,ALLOW,2.0,11614.0,0
5826,TX_0005826,0.0869,aggressive,ALLOW,2.0,11616.0,0
5827,TX_0005827,0.1215,aggressive,ALLOW,2.0,11618.0,0
5828,TX_0005828,0.0553,aggressive,ALLOW,2.0,11620.0,0
5829,TX_0005829,0.0387,aggressive,ALLOW,2.0,11622.0,0
5830,TX_0005830,0.0199,aggressive,ALLOW,2.0,11624.0,0
5831,TX_0005831,0.0524,aggressive,ALLOW,2.0,11626.0,0
5832,TX_0005832,0.0314,aggressive,ALLOW,2.0,11628.0,0
5833,TX_0005833,0.0442,aggressive,ALLOW,2.0,11630.0,0
5834,TX_0005834,0.0204,aggressive,ALLOW,2.0,11632.0,0
5835,TX_0005835,0.059,aggressive,ALLOW,2.0,11634.0,0
5836,TX_0005836,0.1438,aggressive,ALLOW,2.0,11636.0,0
5837,TX_0005837,0.0458,aggressive,ALLOW,2.0,11638.0,0
5838,TX_0005838,0.0547,aggressive,ALLOW,2.0,11640.0,0
5839,TX_0005839,0.0916,conservative,ALLOW,2.0,11642.0,0
5840,TX_0005840,0.0693,aggressive,ALLOW,2.0,11644.0,0
5841,TX_0005841,0.022,aggressive,ALLOW,2.0,11646.0,0
5842,TX_0005842,0.0316,aggressive,ALLOW,2.0,11648.0,0
5843,TX_0005843,0.1868,aggressive,ALLOW,2.0,11650.0,0
5844,TX_0005844,0.0243,aggressive,ALLOW,2.0,11652.0,0
5845,TX_0005845,0.0719,aggressive,ALLOW,2.0,11654.0,0
5846,TX_0005846,0.0648,aggressive,ALLOW,2.0,11656.0,0
5847,TX_0005847,0.0801,aggressive,ALLOW,2.0,11658.0,0
5848,TX_0005848,0.029,aggressive,ALLOW,2.0,11660.0,0
5849,TX_0005849,0.0513,aggressive,ALLOW,2.0,11662.0,0
5850,TX_0005850,0.0303,aggressive,ALLOW,2.0,11664.0,0
5851,TX_0005851,0.0597,aggressive,ALLOW,2.0,11666.0,0
5852,TX_0005852,0.0471,aggressive,ALLOW,2.0,11668.0,0
5853,TX_0005853,0.0789,aggressive,ALLOW,2.0,11670.0,0
5854,TX_0005854,0.0687,aggressive,ALLOW,2.0,11672.0,0
5855,TX_0005855,0.0681,aggressive,ALLOW,2.0,11674.0,0
5856,TX_0005856,0.0403,aggressive,ALLOW,2.0,11676.0,0
5857,TX_0005857,0.1599,aggressive,ALLOW,2.0,11678.0,0
5858,TX_0005858,0.1052,aggressive,ALLOW,2.0,11680.0,0
5859,TX_0005859,0.0946,aggressive,ALLOW,2.0,11682.0,0
5860,TX_0005860,0.0724,aggressive,ALLOW,2.0,11684.0,0
5861,TX_0005861,0.0437,aggressive,ALLOW,2.0,11686.0,0
5862,TX_0005862,0.1498,aggressive,ALLOW,2.0,11688.0,0
5863,TX_0005863,0.073,aggressive,ALLOW,2.0,11690.0,0
5864,TX_0005864,0.0522,aggressive,ALLOW,2.0,11692.0,0
5865,TX_0005865,0.0396,aggressive,ALLOW,2.0,11694.0,0
5866,TX_0005866,0.0354,aggressive,ALLOW,2.0,11696.0,0
5867,TX_0005867,0.1605,aggressive,ALLOW,2.0,11698.0,0
5868,TX_0005868,0.0462,aggressive,ALLOW,2.0,11700.0,0
5869,TX_0005869,0.0209,aggressive,ALLOW,2.0,11702.0,0
5870,TX_0005870,0.0908,aggressive,ALLOW,2.0,11704.0,0
5871,TX_0005871,0.1279,aggressive,ALLOW,2.0,11706.0,0
5872,TX_0005872,0.1287,aggressive,ALLOW,2.0,11708.0,0
5873,TX_0005873,0.041,aggressive,ALLOW,2.0,11710.0,0
5874,TX_0005874,0.0266,aggressive,ALLOW,2.0,11712.0,0
5875,TX_0005875,0.0186,aggressive,ALLOW,2.0,11714.0,0
5876,TX_0005876,0.1347,aggressive,ALLOW,2.0,11716.0,0
5877,TX_0005877,0.1102,aggressive,ALLOW,2.0,11718.0,0
5878,TX_0005878,0.0429,conservative,ALLOW,2.0,11720.0,0
5879,TX_0005879,0.0782,aggressive,ALLOW,2.0,11722.0,0
5880,TX_0005880,0.034,aggressive,ALLOW,2.0,11724.0,0
5881,TX_0005881,0.0554,aggressive,ALLOW,2.0,11726.0,0
5882,TX_0005882,0.0414,aggressive,ALLOW,2.0,11728.0,0
5883,TX_0005883,0.0203,aggressive,ALLOW,2.0,11730.0,0
5884,TX_0005884,0.0536,aggressive,ALLOW,2.0,11732.0,0
5885,TX_0005885,0.0284,aggressive,ALLOW,2.0,11734.0,0
5886,TX_0005886,0.0233,aggressive,ALLOW,2.0,11736.0,0
5887,TX_0005887,0.0708,aggressive,ALLOW,2.0,11738.0,0
5888,TX_0005888,0.0479,aggressive,ALLOW,2.0,11740.0,0
5889,TX_0005889,0.0454,aggressive,ALLOW,2.0,11742.0,0
5890,TX_0005890,0.1939,aggressive,ALLOW,2.0,11744.0,0
5891,TX_0005891,0.1187,aggressive,ALLOW,2.0,11746.0,0
5892,TX_0005892,0.0386,aggressive,ALLOW,2.0,11748.0,0
5893,TX_0005893,0.1196,aggressive,ALLOW,2.0,11750.0,0
5894,TX_0005894,0.0375,aggressive,ALLOW,2.0,11752.0,0
5895,TX_0005895,0.0389,aggressive,ALLOW,2.0,11754.0,0
5896,TX_0005896,0.0243,aggressive,ALLOW,2.0,11756.0,0
5897,TX_0005897,0.0628,aggressive,ALLOW,2.0,11758.0,0
5898,TX_0005898,0.1537,current,ALLOW,2.0,11760.0,0
5899,TX_0005899,0.1002,aggressive,ALLOW,2.0,11762.0,0
5900,TX_0005900,0.0914,aggressive,ALLOW,2.0,11764.0,0
5901,TX_0005901,0.0807,aggressive,ALLOW,2.0,11766.0,0
5902,TX_0005902,0.0332,aggressive,ALLOW,2.0,11768.0,0
5903,TX_0005903,0.0812,aggressive,ALLOW,2.0,11770.0,0
5904,TX_0005904,0.0398,aggressive,ALLOW,2.0,11772.0,0
5905,TX_0005905,0.0288,aggressive,ALLOW,2.0,11774.0,0
5906,TX_0005906,0.0837,aggressive,ALLOW,2.0,11776.0,0
5907,TX_0005907,0.0391,conservative,ALLOW,2.0,11778.0,0
5908,TX_0005908,0.0659,aggressive,ALLOW,2.0,11780.0,0
5909,TX_0005909,0.0534,current,ALLOW,2.0,11782.0,0
5910,TX_0005910,0.1041,aggressive,ALLOW,2.0,11784.0,0
5911,TX_0005911,0.0865,aggressive,ALLOW,2.0,11786.0,0
5912,TX_0005912,0.0394,aggressive,ALLOW,2.0,11788.0,0
5913,TX_0005913,0.0682,aggressive,ALLOW,2.0,11790.0,0
5914,TX_0005914,0.0252,aggressive,ALLOW,2.0,11792.0,0
5915,TX_0005915,0.029,aggressive,ALLOW,2.0,11794.0,0
5916,TX_0005916,0.0743,aggressive,ALLOW,2.0,11796.0,0
5917,TX_0005917,0.03,aggressive,ALLOW,2.0,11798.0,0
5918,TX_0005918,0.0674,aggressive,ALLOW,2.0,11800.0,0
5919,TX_0005919,0.0383,aggressive,ALLOW,2.0,11802.0,0
5920,TX_0005920,0.0357,aggressive,ALLOW,2.0,11804.0,0
5921,TX_0005921,0.0582,current,ALLOW,2.0,11806.0,0
5922,TX_0005922,0.2152,aggressive,ALLOW,2.0,11808.0,0
5923,TX_0005923,0.0177,aggressive,ALLOW,2.0,11810.0,0
5924,TX_0005924,0.0272,aggressive,ALLOW,2.0,11812.0,0
5925,TX_0005925,0.0187,aggressive,ALLOW,2.0,11814.0,0
5926,TX_0005926,0.0448,aggressive,ALLOW,2.0,11816.0,0
5927,TX_0005927,0.0853,current,ALLOW,2.0,11818.0,0
5928,TX_0005928,0.0342,aggressive,ALLOW,2.0,11820.0,0
5929,TX_0005929,0.1462,aggressive,ALLOW,2.0,11822.0,0
5930,TX_0005930,0.0757,aggressive,ALLOW,2.0,11824.0,0
5931,TX_0005931,0.0434,aggressive,ALLOW,2.0,11826.0,0
5932,TX_0005932,0.0353,aggressive,ALLOW,2.0,11828.0,0
5933,TX_0005933,0.0221,aggressive,ALLOW,2.0,11830.0,0
5934,TX_0005934,0.0733,aggressive,ALLOW,2.0,11832.0,0
5935,TX_0005935,0.1105,aggressive,ALLOW,2.0,11834.0,0
5936,TX_0005936,0.0187,aggressive,ALLOW,2.0,11836.0,0
5937,TX_0005937,0.0745,aggressive,ALLOW,2.0,11838.0,0
5938,TX_0005938,0.1919,aggressive,ALLOW,2.0,11840.0,0
5939,TX_0005939,0.0444,aggressive,ALLOW,2.0,11842.0,0
5940,TX_0005940,0.0758,aggressive,ALLOW,2.0,11844.0,0
5941,TX_0005941,0.1022,aggressive,ALLOW,2.0,11846.0,0
5942,TX_0005942,0.0741,aggressive,ALLOW,2.0,11848.0,0
5943,TX_0005943,0.136,aggressive,ALLOW,2.0,11850.0,0
5944,TX_0005944,0.1521,aggressive,ALLOW,2.0,11852.0,0
5945,TX_0005945,0.0371,aggressive,ALLOW,2.0,11854.0,0
5946,TX_0005946,0.0204,aggressive,ALLOW,2.0,11856.0,0
5947,TX_0005947,0.0182,aggressive,ALLOW,2.0,11858.0,0
5948,TX_0005948,0.0526,current,ALLOW,2.0,11860.0,0
5949,TX_0005949,0.0344,aggressive,ALLOW,2.0,11862.0,0
5950,TX_0005950,0.0488,aggressive,ALLOW,2.0,11864.0,0
5951,TX_0005951,0.0245,aggressive,ALLOW,2.0,11866.0,0
5952,TX_0005952,0.1633,conservative,ALLOW,2.0,11868.0,0
5953,TX_0005953,0.0488,aggressive,ALLOW,2.0,11870.0,0
5954,TX_0005954,0.0423,aggressive,ALLOW,2.0,11872.0,0
5955,TX_0005955,0.051,aggressive,ALLOW,2.0,11874.0,0
5956,TX_0005956,0.0863,aggressive,ALLOW,2.0,11876.0,0
5957,TX_0005957,0.0761,aggressive,ALLOW,2.0,11878.0,0
5958,TX_0005958,0.0143,aggressive,ALLOW,2.0,11880.0,0
5959,TX_0005959,0.0396,aggressive,ALLOW,2.0,11882.0,0
5960,TX_0005960,0.0197,aggressive,ALLOW,2.0,11884.0,0
5961,TX_0005961,0.072,aggressive,ALLOW,2.0,11886.0,0
5962,TX_0005962,0.0697,aggressive,ALLOW,2.0,11888.0,0
5963,TX_0005963,0.0186,aggressive,ALLOW,2.0,11890.0,0
5964,TX_0005964,0.0545,aggressive,ALLOW,2.0,11892.0,0
5965,TX_0005965,0.0554,aggressive,ALLOW,2.0,11894.0,0
5966,TX_0005966,0.1665,aggressive,ALLOW,2.0,11896.0,0
5967,TX_0005967,0.0202,aggressive,ALLOW,2.0,11898.0,0
5968,TX_0005968,0.0468,aggressive,ALLOW,2.0,11900.0,0
5969,TX_0005969,0.0199,aggressive,ALLOW,2.0,11902.0,0
5970,TX_0005970,0.1668,aggressive,ALLOW,2.0,11904.0,0
5971,TX_0005971,0.068,aggressive,ALLOW,2.0,11906.0,0
5972,TX_0005972,0.0832,aggressive,ALLOW,2.0,11908.0,0
5973,TX_0005973,0.0874,aggressive,ALLOW,2.0,11910.0,0
5974,TX_0005974,0.1248,aggressive,ALLOW,2.0,11912.0,0
5975,TX_0005975,0.0462,aggressive,ALLOW,2.0,11914.0,0
5976,TX_0005976,0.0319,aggressive,ALLOW,2.0,11916.0,0
5977,TX_0005977,0.0493,aggressive,ALLOW,2.0,11918.0,0
5978,TX_0005978,0.0958,aggressive,ALLOW,2.0,11920.0,0
5979,TX_0005979,0.0472,aggressive,ALLOW,2.0,11922.0,0
5980,TX_0005980,0.0289,aggressive,ALLOW,2.0,11924.0,0
5981,TX_0005981,0.1642,aggressive,ALLOW,2.0,11926.0,0
5982,TX_0005982,0.0566,aggressive,ALLOW,2.0,11928.0,0
5983,TX_0005983,0.0798,aggressive,ALLOW,2.0,11930.0,0
5984,TX_0005984,0.0599,aggressive,ALLOW,2.0,11932.0,0
5985,TX_0005985,0.0455,aggressive,ALLOW,2.0,11934.0,0
5986,TX_0005986,0.0434,aggressive,ALLOW,2.0,11936.0,0
5987,TX_0005987,0.0186,aggressive,ALLOW,2.0,11938.0,0
5988,TX_0005988,0.0756,aggressive,ALLOW,2.0,11940.0,0
5989,TX_0005989,0.0654,aggressive,ALLOW,2.0,11942.0,0
5990,TX_0005990,0.0363,aggressive,ALLOW,2.0,11944.0,0
5991,TX_0005991,0.0662,aggressive,ALLOW,2.0,11946.0,0
5992,TX_0005992,0.0591,aggressive,ALLOW,2.0,11948.0,0
5993,TX_0005993,0.0301,aggressive,ALLOW,2.0,11950.0,0
5994,TX_0005994,0.0321,aggressive,ALLOW,2.0,11952.0,0
5995,TX_0005995,0.0447,aggressive,ALLOW,2.0,11954.0,0
5996,TX_0005996,0.0375,aggressive,ALLOW,2.0,11956.0,0
5997,TX_0005997,0.0406,aggressive,ALLOW,2.0,11958.0,0
5998,TX_0005998,0.0293,aggressive,ALLOW,2.0,11960.0,0
5999,TX_0005999,0.0589,aggressive,ALLOW,2.0,11962.0,0
6000,TX_0006000,0.1735,aggressive,ALLOW,2.0,11964.0,0
6001,TX_0006001,0.0484,aggressive,ALLOW,2.0,11966.0,0
6002,TX_0006002,0.0309,aggressive,ALLOW,2.0,11968.0,0
6003,TX_0006003,0.0842,aggressive,ALLOW,2.0,11970.0,0
6004,TX_0006004,0.0719,aggressive,ALLOW,2.0,11972.0,0
6005,TX_0006005,0.0686,aggressive,ALLOW,2.0,11974.0,0
6006,TX_0006006,0.0676,aggressive,ALLOW,2.0,11976.0,0
6007,TX_0006007,0.025,aggressive,ALLOW,2.0,11978.0,0
6008,TX_0006008,0.0238,aggressive,ALLOW,2.0,11980.0,0
6009,TX_0006009,0.052,aggressive,ALLOW,2.0,11982.0,0
6010,TX_0006010,0.0889,aggressive,ALLOW,2.0,11984.0,0
6011,TX_0006011,0.0246,aggressive,ALLOW,2.0,11986.0,0
6012,TX_0006012,0.0343,aggressive,ALLOW,2.0,11988.0,0
6013,TX_0006013,0.0314,aggressive,ALLOW,2.0,11990.0,0
6014,TX_0006014,0.0811,aggressive,ALLOW,2.0,11992.0,0
6015,TX_0006015,0.056,aggressive,ALLOW,2.0,11994.0,0
6016,TX_0006016,0.0868,aggressive,ALLOW,2.0,11996.0,0
6017,TX_0006017,0.0338,aggressive,ALLOW,2.0,11998.0,0
6018,TX_0006018,0.1061,aggressive,ALLOW,2.0,12000.0,0
6019,TX_0006019,0.1779,aggressive,ALLOW,2.0,12002.0,0
6020,TX_0006020,0.079,aggressive,ALLOW,2.0,12004.0,0
6021,TX_0006021,0.1633,aggressive,ALLOW,2.0,12006.0,0
6022,TX_0006022,0.0509,aggressive,ALLOW,2.0,12008.0,0
6023,TX_0006023,0.0604,aggressive,ALLOW,2.0,12010.0,0
6024,TX_0006024,0.0704,aggressive,ALLOW,2.0,12012.0,0
6025,TX_0006025,0.0513,aggressive,ALLOW,2.0,12014.0,0
6026,TX_0006026,0.0555,aggressive,ALLOW,2.0,12016.0,0
6027,TX_0006027,0.0798,aggressive,ALLOW,2.0,12018.0,0
6028,TX_0006028,0.0966,aggressive,ALLOW,2.0,12020.0,0
6029,TX_0006029,0.0286,aggressive,ALLOW,2.0,12022.0,0
6030,TX_0006030,0.1069,aggressive,ALLOW,2.0,12024.0,0
6031,TX_0006031,0.0471,aggressive,ALLOW,2.0,12026.0,0
6032,TX_0006032,0.0247,aggressive,ALLOW,2.0,12028.0,0
6033,TX_0006033,0.167,aggressive,ALLOW,2.0,12030.0,0
6034,TX_0006034,0.0371,aggressive,ALLOW,2.0,12032.0,0
6035,TX_0006035,0.0617,aggressive,ALLOW,2.0,12034.0,0
6036,TX_0006036,0.1627,aggressive,ALLOW,2.0,12036.0,0
6037,TX_0006037,0.0809,aggressive,ALLOW,2.0,12038.0,0
6038,TX_0006038,0.0514,aggressive,ALLOW,2.0,12040.0,0
6039,TX_0006039,0.0771,aggressive,ALLOW,2.0,12042.0,0
6040,TX_0006040,0.1198,aggressive,ALLOW,2.0,12044.0,0
6041,TX_0006041,0.1084,aggressive,ALLOW,2.0,12046.0,0
6042,TX_0006042,0.0552,aggressive,ALLOW,2.0,12048.0,0
6043,TX_0006043,0.0497,aggressive,ALLOW,2.0,12050.0,0
6044,TX_0006044,0.0736,aggressive,ALLOW,2.0,12052.0,0
6045,TX_0006045,0.0448,aggressive,ALLOW,2.0,12054.0,0
6046,TX_0006046,0.0904,aggressive,ALLOW,2.0,12056.0,0
6047,TX_0006047,0.1539,aggressive,ALLOW,2.0,12058.0,0
6048,TX_0006048,0.1219,aggressive,ALLOW,2.0,12060.0,0
6049,TX_0006049,0.0621,aggressive,ALLOW,2.0,12062.0,0
6050,TX_0006050,0.0242,aggressive,ALLOW,2.0,12064.0,0
6051,TX_0006051,0.0428,aggressive,ALLOW,2.0,12066.0,0
6052,TX_0006052,0.2013,aggressive,ALLOW,2.0,12068.0,0
6053,TX_0006053,0.0328,aggressive,ALLOW,2.0,12070.0,0
6054,TX_0006054,0.0285,aggressive,ALLOW,2.0,12072.0,0
6055,TX_0006055,0.0265,aggressive,ALLOW,2.0,12074.0,0
6056,TX_0006056,0.0766,aggressive,ALLOW,2.0,12076.0,0
6057,TX_0006057,0.0612,aggressive,ALLOW,2.0,12078.0,0
6058,TX_0006058,0.1198,aggressive,ALLOW,2.0,12080.0,0
6059,TX_0006059,0.0266,aggressive,ALLOW,2.0,12082.0,0
6060,TX_0006060,0.0372,aggressive,ALLOW,2.0,12084.0,0
6061,TX_0006061,0.0555,aggressive,ALLOW,2.0,12086.0,0
6062,TX_0006062,0.0757,aggressive,ALLOW,2.0,12088.0,0
6063,TX_0006063,0.0543,aggressive,ALLOW,2.0,12090.0,0
6064,TX_0006064,0.1745,aggressive,ALLOW,2.0,12092.0,0
6065,TX_0006065,0.1355,aggressive,ALLOW,2.0,12094.0,0
6066,TX_0006066,0.0167,aggressive,ALLOW,2.0,12096.0,0
6067,TX_0006067,0.0537,aggressive,ALLOW,2.0,12098.0,0
6068,TX_0006068,0.0802,aggressive,ALLOW,2.0,12100.0,0
6069,TX_0006069,0.0399,aggressive,ALLOW,2.0,12102.0,0
6070,TX_0006070,0.058,aggressive,ALLOW,2.0,12104.0,0
6071,TX_0006071,0.0449,aggressive,ALLOW,2.0,12106.0,0
6072,TX_0006072,0.0703,aggressive,ALLOW,2.0,12108.0,0
6073,TX_0006073,0.1533,aggressive,ALLOW,2.0,12110.0,0
6074,TX_0006074,0.1077,aggressive,ALLOW,2.0,12112.0,0
6075,TX_0006075,0.0527,aggressive,ALLOW,2.0,12114.0,0
6076,TX_0006076,0.0761,aggressive,ALLOW,2.0,12116.0,0
6077,TX_0006077,0.0128,aggressive,ALLOW,2.0,12118.0,0
6078,TX_0006078,0.0317,aggressive,ALLOW,2.0,12120.0,0
6079,TX_0006079,0.0415,aggressive,ALLOW,2.0,12122.0,0
6080,TX_0006080,0.033,aggressive,ALLOW,2.0,12124.0,0
6081,TX_0006081,0.0537,aggressive,ALLOW,2.0,12126.0,0
6082,TX_0006082,0.0402,aggressive,ALLOW,2.0,12128.0,0
6083,TX_0006083,0.1351,aggressive,ALLOW,2.0,12130.0,0
6084,TX_0006084,0.0186,conservative,ALLOW,2.0,12132.0,0
6085,TX_0006085,0.0419,current,ALLOW,2.0,12134.0,0
6086,TX_0006086,0.0333,aggressive,ALLOW,2.0,12136.0,0
6087,TX_0006087,0.105,aggressive,ALLOW,2.0,12138.0,0
6088,TX_0006088,0.0544,aggressive,ALLOW,2.0,12140.0,0
6089,TX_0006089,0.0652,aggressive,ALLOW,2.0,12142.0,0
6090,TX_0006090,0.0772,aggressive,ALLOW,2.0,12144.0,0
6091,TX_0006091,0.075,aggressive,ALLOW,2.0,12146.0,0
6092,TX_0006092,0.0539,aggressive,ALLOW,2.0,12148.0,0
6093,TX_0006093,0.0822,aggressive,ALLOW,2.0,12150.0,0
6094,TX_0006094,0.0569,aggressive,ALLOW,2.0,12152.0,0
6095,TX_0006095,0.0726,aggressive,ALLOW,2.0,12154.0,0
6096,TX_0006096,0.0756,aggressive,ALLOW,2.0,12156.0,0
6097,TX_0006097,0.0921,aggressive,ALLOW,2.0,12158.0,0
6098,TX_0006098,0.0554,aggressive,ALLOW,2.0,12160.0,0
6099,TX_0006099,0.0608,aggressive,ALLOW,2.0,12162.0,0
6100,TX_0006100,0.049,aggressive,ALLOW,2.0,12164.0,0
6101,TX_0006101,0.0309,aggressive,ALLOW,2.0,12166.0,0
6102,TX_0006102,0.0368,current,ALLOW,2.0,12168.0,0
6103,TX_0006103,0.0471,aggressive,ALLOW,2.0,12170.0,0
6104,TX_0006104,0.0357,aggressive,ALLOW,2.0,12172.0,0
6105,TX_0006105,0.0436,aggressive,ALLOW,2.0,12174.0,0
6106,TX_0006106,0.0314,aggressive,ALLOW,2.0,12176.0,0
6107,TX_0006107,0.0385,aggressive,ALLOW,2.0,12178.0,0
6108,TX_0006108,0.0331,aggressive,ALLOW,2.0,12180.0,0
6109,TX_0006109,0.0378,aggressive,ALLOW,2.0,12182.0,0
6110,TX_0006110,0.0472,aggressive,ALLOW,2.0,12184.0,0
6111,TX_0006111,0.056,aggressive,ALLOW,2.0,12186.0,0
6112,TX_0006112,0.0351,current,ALLOW,2.0,12188.0,0
6113,TX_0006113,0.0687,aggressive,ALLOW,2.0,12190.0,0
6114,TX_0006114,0.0649,aggressive,ALLOW,2.0,12192.0,0
6115,TX_0006115,0.1083,aggressive,ALLOW,2.0,12194.0,0
6116,TX_0006116,0.0693,aggressive,ALLOW,2.0,12196.0,0
6117,TX_0006117,0.021,aggressive,ALLOW,2.0,12198.0,0
6118,TX_0006118,0.0439,aggressive,ALLOW,2.0,12200.0,0
6119,TX_0006119,0.1725,aggressive,ALLOW,2.0,12202.0,0
6120,TX_0006120,0.0438,aggressive,ALLOW,2.0,12204.0,0
6121,TX_0006121,0.0469,aggressive,ALLOW,2.0,12206.0,0
6122,TX_0006122,0.0195,aggressive,ALLOW,2.0,12208.0,0
6123,TX_0006123,0.1691,aggressive,ALLOW,2.0,12210.0,0
6124,TX_0006124,0.1483,aggressive,ALLOW,2.0,12212.0,0
6125,TX_0006125,0.0506,aggressive,ALLOW,2.0,12214.0,0
6126,TX_0006126,0.0222,aggressive,ALLOW,2.0,12216.0,0
6127,TX_0006127,0.0167,aggressive,ALLOW,2.0,12218.0,0
6128,TX_0006128,0.038,aggressive,ALLOW,2.0,12220.0,0
6129,TX_0006129,0.0486,aggressive,ALLOW,2.0,12222.0,0
6130,TX_0006130,0.0578,aggressive,ALLOW,2.0,12224.0,0
6131,TX_0006131,0.0939,aggressive,ALLOW,2.0,12226.0,0
6132,TX_0006132,0.0652,aggressive,ALLOW,2.0,12228.0,0
6133,TX_0006133,0.1517,aggressive,ALLOW,2.0,12230.0,0
6134,TX_0006134,0.0571,aggressive,ALLOW,2.0,12232.0,0
6135,TX_0006135,0.045,aggressive,ALLOW,2.0,12234.0,0
6136,TX_0006136,0.0417,aggressive,ALLOW,2.0,12236.0,0
6137,TX_0006137,0.1537,aggressive,ALLOW,2.0,12238.0,0
6138,TX_0006138,0.1121,aggressive,ALLOW,2.0,12240.0,0
6139,TX_0006139,0.0956,aggressive,ALLOW,2.0,12242.0,0
6140,TX_0006140,0.0645,aggressive,ALLOW,2.0,12244.0,0
6141,TX_0006141,0.0289,aggressive,ALLOW,2.0,12246.0,0
6142,TX_0006142,0.1721,aggressive,ALLOW,2.0,12248.0,0
6143,TX_0006143,0.1095,aggressive,ALLOW,2.0,12250.0,0
6144,TX_0006144,0.0251,aggressive,ALLOW,2.0,12252.0,0
6145,TX_0006145,0.0578,aggressive,ALLOW,2.0,12254.0,0
6146,TX_0006146,0.0788,aggressive,ALLOW,2.0,12256.0,0
6147,TX_0006147,0.0292,aggressive,ALLOW,2.0,12258.0,0
6148,TX_0006148,0.0242,aggressive,ALLOW,2.0,12260.0,0
6149,TX_0006149,0.0384,aggressive,ALLOW,2.0,12262.0,0
6150,TX_0006150,0.0442,aggressive,ALLOW,2.0,12264.0,0
6151,TX_0006151,0.0306,aggressive,ALLOW,2.0,12266.0,0
6152,TX_0006152,0.0207,aggressive,ALLOW,2.0,12268.0,0
6153,TX_0006153,0.0942,aggressive,ALLOW,2.0,12270.0,0
6154,TX_0006154,0.0291,aggressive,ALLOW,2.0,12272.0,0
6155,TX_0006155,0.0632,aggressive,ALLOW,2.0,12274.0,0
6156,TX_0006156,0.0211,aggressive,ALLOW,2.0,12276.0,0
6157,TX_0006157,0.0351,aggressive,ALLOW,2.0,12278.0,0
6158,TX_0006158,0.0516,aggressive,ALLOW,2.0,12280.0,0
6159,TX_0006159,0.0781,current,ALLOW,2.0,12282.0,0
6160,TX_0006160,0.0164,aggressive,ALLOW,2.0,12284.0,0
6161,TX_0006161,0.028,aggressive,ALLOW,2.0,12286.0,0
6162,TX_0006162,0.0532,aggressive,ALLOW,2.0,12288.0,0
6163,TX_0006163,0.0431,aggressive,ALLOW,2.0,12290.0,0
6164,TX_0006164,0.197,aggressive,ALLOW,2.0,12292.0,0
6165,TX_0006165,0.1537,aggressive,ALLOW,2.0,12294.0,0
6166,TX_0006166,0.0271,aggressive,ALLOW,2.0,12296.0,0
6167,TX_0006167,0.1026,aggressive,ALLOW,2.0,12298.0,0
6168,TX_0006168,0.0368,aggressive,ALLOW,2.0,12300.0,0
6169,TX_0006169,0.1062,aggressive,ALLOW,2.0,12302.0,0
6170,TX_0006170,0.0556,aggressive,ALLOW,2.0,12304.0,0
6171,TX_0006171,0.0831,aggressive,ALLOW,2.0,12306.0,0
6172,TX_0006172,0.0644,aggressive,ALLOW,2.0,12308.0,0
6173,TX_0006173,0.0238,aggressive,ALLOW,2.0,12310.0,0
6174,TX_0006174,0.0515,aggressive,ALLOW,2.0,12312.0,0
6175,TX_0006175,0.1655,aggressive,ALLOW,2.0,12314.0,0
6176,TX_0006176,0.0318,conservative,ALLOW,2.0,12316.0,0
6177,TX_0006177,0.0998,aggressive,ALLOW,2.0,12318.0,0
6178,TX_0006178,0.1199,aggressive,ALLOW,2.0,12320.0,0
6179,TX_0006179,0.0739,aggressive,ALLOW,2.0,12322.0,0
6180,TX_0006180,0.074,aggressive,ALLOW,2.0,12324.0,0
6181,TX_0006181,0.0578,aggressive,ALLOW,2.0,12326.0,0
6182,TX_0006182,0.113,conservative,ALLOW,2.0,12328.0,0
6183,TX_0006183,0.028,aggressive,ALLOW,2.0,12330.0,0
6184,TX_0006184,0.3104,aggressive,ALLOW,2.0,12332.0,0
6185,TX_0006185,0.0194,aggressive,ALLOW,2.0,12334.0,0
6186,TX_0006186,0.0978,aggressive,ALLOW,2.0,12336.0,0
6187,TX_0006187,0.0648,aggressive,ALLOW,2.0,12338.0,0
6188,TX_0006188,0.0211,aggressive,ALLOW,2.0,12340.0,0
6189,TX_0006189,0.0652,aggressive,ALLOW,2.0,12342.0,0
6190,TX_0006190,0.0259,aggressive,ALLOW,2.0,12344.0,0
6191,TX_0006191,0.0458,aggressive,ALLOW,2.0,12346.0,0
6192,TX_0006192,0.1069,aggressive,ALLOW,2.0,12348.0,0
6193,TX_0006193,0.0701,aggressive,ALLOW,2.0,12350.0,0
6194,TX_0006194,0.0427,aggressive,ALLOW,2.0,12352.0,0
6195,TX_0006195,0.0314,aggressive,ALLOW,2.0,12354.0,0
6196,TX_0006196,0.0198,aggressive,ALLOW,2.0,12356.0,0
6197,TX_0006197,0.1722,aggressive,ALLOW,2.0,12358.0,0
6198,TX_0006198,0.0372,aggressive,ALLOW,2.0,12360.0,0
6199,TX_0006199,0.0524,aggressive,ALLOW,2.0,12362.0,0
6200,TX_0006200,0.0425,aggressive,ALLOW,2.0,12364.0,0
6201,TX_0006201,0.0279,aggressive,ALLOW,2.0,12366.0,0
6202,TX_0006202,0.0907,aggressive,ALLOW,2.0,12368.0,0
6203,TX_0006203,0.1061,aggressive,ALLOW,2.0,12370.0,0
6204,TX_0006204,0.1588,aggressive,ALLOW,2.0,12372.0,0
6205,TX_0006205,0.0798,conservative,ALLOW,2.0,12374.0,0
6206,TX_0006206,0.0866,aggressive,ALLOW,2.0,12376.0,0
6207,TX_0006207,0.0321,conservative,ALLOW,2.0,12378.0,0
6208,TX_0006208,0.0133,aggressive,ALLOW,2.0,12380.0,0
6209,TX_0006209,0.0816,aggressive,ALLOW,2.0,12382.0,0
6210,TX_0006210,0.0605,aggressive,ALLOW,2.0,12384.0,0
6211,TX_0006211,0.0663,aggressive,ALLOW,2.0,12386.0,0
6212,TX_0006212,0.0287,aggressive,ALLOW,2.0,12388.0,0
6213,TX_0006213,0.0641,aggressive,ALLOW,2.0,12390.0,0
6214,TX_0006214,0.0305,aggressive,ALLOW,2.0,12392.0,0
6215,TX_0006215,0.0241,aggressive,ALLOW,2.0,12394.0,0
6216,TX_0006216,0.0292,aggressive,ALLOW,2.0,12396.0,0
6217,TX_0006217,0.1173,aggressive,ALLOW,2.0,12398.0,0
6218,TX_0006218,0.0702,conservative,ALLOW,2.0,12400.0,0
6219,TX_0006219,0.073,aggressive,ALLOW,2.0,12402.0,0
6220,TX_0006220,0.0359,aggressive,ALLOW,2.0,12404.0,0
6221,TX_0006221,0.0637,aggressive,ALLOW,2.0,12406.0,0
6222,TX_0006222,0.1739,conservative,ALLOW,2.0,12408.0,0
6223,TX_0006223,0.079,aggressive,ALLOW,2.0,12410.0,0
6224,TX_0006224,0.0299,aggressive,ALLOW,2.0,12412.0,0
6225,TX_0006225,0.0459,aggressive,ALLOW,2.0,12414.0,0
6226,TX_0006226,0.0147,conservative,ALLOW,2.0,12416.0,0
6227,TX_0006227,0.0194,aggressive,ALLOW,2.0,12418.0,0
6228,TX_0006228,0.0797,aggressive,ALLOW,2.0,12420.0,0
6229,TX_0006229,0.0997,aggressive,ALLOW,2.0,12422.0,0
6230,TX_0006230,0.1149,aggressive,ALLOW,2.0,12424.0,0
6231,TX_0006231,0.0502,aggressive,ALLOW,2.0,12426.0,0
6232,TX_0006232,0.151,aggressive,ALLOW,2.0,12428.0,0
6233,TX_0006233,0.0636,aggressive,ALLOW,2.0,12430.0,0
6234,TX_0006234,0.0652,aggressive,ALLOW,2.0,12432.0,0
6235,TX_0006235,0.0695,aggressive,ALLOW,2.0,12434.0,0
6236,TX_0006236,0.1018,aggressive,ALLOW,2.0,12436.0,0
6237,TX_0006237,0.1068,current,ALLOW,2.0,12438.0,0
6238,TX_0006238,0.0736,aggressive,ALLOW,2.0,12440.0,0
6239,TX_0006239,0.1002,aggressive,ALLOW,2.0,12442.0,0
6240,TX_0006240,0.0966,aggressive,ALLOW,2.0,12444.0,0
6241,TX_0006241,0.0508,aggressive,ALLOW,2.0,12446.0,0
6242,TX_0006242,0.042,aggressive,ALLOW,2.0,12448.0,0
6243,TX_0006243,0.0276,aggressive,ALLOW,2.0,12450.0,0
6244,TX_0006244,0.0246,aggressive,ALLOW,2.0,12452.0,0
6245,TX_0006245,0.2227,aggressive,ALLOW,2.0,12454.0,0
6246,TX_0006246,0.1082,conservative,ALLOW,2.0,12456.0,0
6247,TX_0006247,0.0755,aggressive,ALLOW,2.0,12458.0,0
6248,TX_0006248,0.0696,aggressive,ALLOW,2.0,12460.0,0
6249,TX_0006249,0.0367,aggressive,ALLOW,2.0,12462.0,0
6250,TX_0006250,0.0815,aggressive,ALLOW,2.0,12464.0,0
6251,TX_0006251,0.0435,aggressive,ALLOW,2.0,12466.0,0
6252,TX_0006252,0.0346,aggressive,ALLOW,2.0,12468.0,0
6253,TX_0006253,0.158,aggressive,ALLOW,2.0,12470.0,0
6254,TX_0006254,0.1591,aggressive,ALLOW,2.0,12472.0,0
6255,TX_0006255,0.0581,aggressive,ALLOW,2.0,12474.0,0
6256,TX_0006256,0.1813,aggressive,ALLOW,2.0,12476.0,0
6257,TX_0006257,0.2056,aggressive,ALLOW,2.0,12478.0,0
6258,TX_0006258,0.0778,aggressive,ALLOW,2.0,12480.0,0
6259,TX_0006259,0.0823,aggressive,ALLOW,2.0,12482.0,0
6260,TX_0006260,0.0718,aggressive,ALLOW,2.0,12484.0,0
6261,TX_0006261,0.1006,aggressive,ALLOW,2.0,12486.0,0
6262,TX_0006262,0.0281,aggressive,ALLOW,2.0,12488.0,0
6263,TX_0006263,0.0228,aggressive,ALLOW,2.0,12490.0,0
6264,TX_0006264,0.0715,aggressive,ALLOW,2.0,12492.0,0
6265,TX_0006265,0.042,aggressive,ALLOW,2.0,12494.0,0
6266,TX_0006266,0.0143,aggressive,ALLOW,2.0,12496.0,0
6267,TX_0006267,0.0545,aggressive,ALLOW,2.0,12498.0,0
6268,TX_0006268,0.0466,conservative,ALLOW,2.0,12500.0,0
6269,TX_0006269,0.039,aggressive,ALLOW,2.0,12502.0,0
6270,TX_0006270,0.0731,aggressive,ALLOW,2.0,12504.0,0
6271,TX_0006271,0.0391,aggressive,ALLOW,2.0,12506.0,0
6272,TX_0006272,0.0283,aggressive,ALLOW,2.0,12508.0,0
6273,TX_0006273,0.0507,aggressive,ALLOW,2.0,12510.0,0
6274,TX_0006274,0.052,aggressive,ALLOW,2.0,12512.0,0
6275,TX_0006275,0.043,aggressive,ALLOW,2.0,12514.0,0
6276,TX_0006276,0.0513,aggressive,ALLOW,2.0,12516.0,0
6277,TX_0006277,0.0603,aggressive,ALLOW,2.0,12518.0,0
6278,TX_0006278,0.0528,aggressive,ALLOW,2.0,12520.0,0
6279,TX_0006279,0.1049,aggressive,ALLOW,2.0,12522.0,0
6280,TX_0006280,0.0682,aggressive,ALLOW,2.0,12524.0,0
6281,TX_0006281,0.1111,aggressive,ALLOW,2.0,12526.0,0
6282,TX_0006282,0.0934,aggressive,ALLOW,2.0,12528.0,0
6283,TX_0006283,0.0303,aggressive,ALLOW,2.0,12530.0,0
6284,TX_0006284,0.0639,aggressive,ALLOW,2.0,12532.0,0
6285,TX_0006285,0.0677,aggressive,ALLOW,2.0,12534.0,0
6286,TX_0006286,0.0568,aggressive,ALLOW,2.0,12536.0,0
6287,TX_0006287,0.0588,aggressive,ALLOW,2.0,12538.0,0
6288,TX_0006288,0.0447,aggressive,ALLOW,2.0,12540.0,0
6289,TX_0006289,0.1321,aggressive,ALLOW,2.0,12542.0,0
6290,TX_0006290,0.0286,aggressive,ALLOW,2.0,12544.0,0
6291,TX_0006291,0.0727,aggressive,ALLOW,2.0,12546.0,0
6292,TX_0006292,0.0335,aggressive,ALLOW,2.0,12548.0,0
6293,TX_0006293,0.0422,aggressive,ALLOW,2.0,12550.0,0
6294,TX_0006294,0.0553,aggressive,ALLOW,2.0,12552.0,0
6295,TX_0006295,0.0485,aggressive,ALLOW,2.0,12554.0,0
6296,TX_0006296,0.0751,aggressive,ALLOW,2.0,12556.0,0
6297,TX_0006297,0.0341,aggressive,ALLOW,2.0,12558.0,0
6298,TX_0006298,0.1376,aggressive,ALLOW,2.0,12560.0,0
6299,TX_0006299,0.0875,aggressive,ALLOW,2.0,12562.0,0
6300,TX_0006300,0.1011,aggressive,ALLOW,2.0,12564.0,0
6301,TX_0006301,0.0377,aggressive,ALLOW,2.0,12566.0,0
6302,TX_0006302,0.0265,aggressive,ALLOW,2.0,12568.0,0
6303,TX_0006303,0.1199,aggressive,ALLOW,2.0,12570.0,0
6304,TX_0006304,0.1825,aggressive,ALLOW,2.0,12572.0,0
6305,TX_0006305,0.0241,aggressive,ALLOW,2.0,12574.0,0
6306,TX_0006306,0.0662,aggressive,ALLOW,2.0,12576.0,0
6307,TX_0006307,0.0466,aggressive,ALLOW,2.0,12578.0,0
6308,TX_0006308,0.0524,aggressive,ALLOW,2.0,12580.0,0
6309,TX_0006309,0.0382,aggressive,ALLOW,2.0,12582.0,0
6310,TX_0006310,0.0197,aggressive,ALLOW,2.0,12584.0,0
6311,TX_0006311,0.1809,aggressive,ALLOW,2.0,12586.0,0
6312,TX_0006312,0.0563,aggressive,ALLOW,2.0,12588.0,0
6313,TX_0006313,0.0467,aggressive,ALLOW,2.0,12590.0,0
6314,TX_0006314,0.044,aggressive,ALLOW,2.0,12592.0,0
6315,TX_0006315,0.1031,aggressive,ALLOW,2.0,12594.0,0
6316,TX_0006316,0.1321,aggressive,ALLOW,2.0,12596.0,0
6317,TX_0006317,0.0284,aggressive,ALLOW,2.0,12598.0,0
6318,TX_0006318,0.051,aggressive,ALLOW,2.0,12600.0,0
6319,TX_0006319,0.0537,aggressive,ALLOW,2.0,12602.0,0
6320,TX_0006320,0.034,aggressive,ALLOW,2.0,12604.0,0
6321,TX_0006321,0.0425,aggressive,ALLOW,2.0,12606.0,0
6322,TX_0006322,0.0674,aggressive,ALLOW,2.0,12608.0,0
6323,TX_0006323,0.0426,aggressive,ALLOW,2.0,12610.0,0
6324,TX_0006324,0.025,aggressive,ALLOW,2.0,12612.0,0
6325,TX_0006325,0.1201,aggressive,ALLOW,2.0,12614.0,0
6326,TX_0006326,0.1316,aggressive,ALLOW,2.0,12616.0,0
6327,TX_0006327,0.1131,aggressive,ALLOW,2.0,12618.0,0
6328,TX_0006328,0.0622,aggressive,ALLOW,2.0,12620.0,0
6329,TX_0006329,0.0709,aggressive,ALLOW,2.0,12622.0,0
6330,TX_0006330,0.0312,aggressive,ALLOW,2.0,12624.0,0
6331,TX_0006331,0.0857,aggressive,ALLOW,2.0,12626.0,0
6332,TX_0006332,0.0648,aggressive,ALLOW,2.0,12628.0,0
6333,TX_0006333,0.0455,aggressive,ALLOW,2.0,12630.0,0
6334,TX_0006334,0.0982,aggressive,ALLOW,2.0,12632.0,0
6335,TX_0006335,0.1195,aggressive,ALLOW,2.0,12634.0,0
6336,TX_0006336,0.0715,aggressive,ALLOW,2.0,12636.0,0
6337,TX_0006337,0.0757,aggressive,ALLOW,2.0,12638.0,0
6338,TX_0006338,0.0458,aggressive,ALLOW,2.0,12640.0,0
6339,TX_0006339,0.0573,aggressive,ALLOW,2.0,12642.0,0
6340,TX_0006340,0.0828,aggressive,ALLOW,2.0,12644.0,0
6341,TX_0006341,0.052,aggressive,ALLOW,2.0,12646.0,0
6342,TX_0006342,0.1077,aggressive,ALLOW,2.0,12648.0,0
6343,TX_0006343,0.0772,aggressive,ALLOW,2.0,12650.0,0
6344,TX_0006344,0.0555,conservative,ALLOW,2.0,12652.0,0
6345,TX_0006345,0.0452,conservative,ALLOW,2.0,12654.0,0
6346,TX_0006346,0.063,aggressive,ALLOW,2.0,12656.0,0
6347,TX_0006347,0.0761,aggressive,ALLOW,2.0,12658.0,0
6348,TX_0006348,0.096,aggressive,ALLOW,2.0,12660.0,0
6349,TX_0006349,0.1109,aggressive,ALLOW,2.0,12662.0,0
6350,TX_0006350,0.0576,aggressive,ALLOW,2.0,12664.0,0
6351,TX_0006351,0.0849,aggressive,ALLOW,2.0,12666.0,0
6352,TX_0006352,0.0552,aggressive,ALLOW,2.0,12668.0,0
6353,TX_0006353,0.1042,aggressive,ALLOW,2.0,12670.0,0
6354,TX_0006354,0.0441,aggressive,ALLOW,2.0,12672.0,0
6355,TX_0006355,0.1614,aggressive,ALLOW,2.0,12674.0,0
6356,TX_0006356,0.1255,aggressive,ALLOW,2.0,12676.0,0
6357,TX_0006357,0.0529,aggressive,ALLOW,2.0,12678.0,0
6358,TX_0006358,0.0595,aggressive,ALLOW,2.0,12680.0,0
6359,TX_0006359,0.07,aggressive,ALLOW,2.0,12682.0,0
6360,TX_0006360,0.0272,aggressive,ALLOW,2.0,12684.0,0
6361,TX_0006361,0.0261,aggressive,ALLOW,2.0,12686.0,0
6362,TX_0006362,0.041,conservative,ALLOW,2.0,12688.0,0
6363,TX_0006363,0.1026,aggressive,ALLOW,2.0,12690.0,0
6364,TX_0006364,0.0576,aggressive,ALLOW,2.0,12692.0,0
6365,TX_0006365,0.11,aggressive,ALLOW,2.0,12694.0,0
6366,TX_0006366,0.0822,aggressive,ALLOW,2.0,12696.0,0
6367,TX_0006367,0.0191,aggressive,ALLOW,2.0,12698.0,0
6368,TX_0006368,0.0685,aggressive,ALLOW,2.0,12700.0,0
6369,TX_0006369,0.0678,aggressive,ALLOW,2.0,12702.0,0
6370,TX_0006370,0.0715,current,ALLOW,2.0,12704.0,0
6371,TX_0006371,0.0413,aggressive,ALLOW,2.0,12706.0,0
6372,TX_0006372,0.0665,aggressive,ALLOW,2.0,12708.0,0
6373,TX_0006373,0.0317,aggressive,ALLOW,2.0,12710.0,0
6374,TX_0006374,0.0458,aggressive,ALLOW,2.0,12712.0,0
6375,TX_0006375,0.0732,aggressive,ALLOW,2.0,12714.0,0
6376,TX_0006376,0.1188,conservative,ALLOW,2.0,12716.0,0
6377,TX_0006377,0.0925,aggressive,ALLOW,2.0,12718.0,0
6378,TX_0006378,0.0818,aggressive,ALLOW,2.0,12720.0,0
6379,TX_0006379,0.029,aggressive,ALLOW,2.0,12722.0,0
6380,TX_0006380,0.0768,aggressive,ALLOW,2.0,12724.0,0
6381,TX_0006381,0.192,conservative,ALLOW,2.0,12726.0,0
6382,TX_0006382,0.0743,aggressive,ALLOW,2.0,12728.0,0
6383,TX_0006383,0.0286,aggressive,ALLOW,2.0,12730.0,0
6384,TX_0006384,0.0682,aggressive,ALLOW,2.0,12732.0,0
6385,TX_0006385,0.036,aggressive,ALLOW,2.0,12734.0,0
6386,TX_0006386,0.0288,conservative,ALLOW,2.0,12736.0,0
6387,TX_0006387,0.1424,aggressive,ALLOW,2.0,12738.0,0
6388,TX_0006388,0.0694,aggressive,ALLOW,2.0,12740.0,0
6389,TX_0006389,0.0414,aggressive,ALLOW,2.0,12742.0,0
6390,TX_0006390,0.1077,aggressive,ALLOW,2.0,12744.0,0
6391,TX_0006391,0.0273,aggressive,ALLOW,2.0,12746.0,0
6392,TX_0006392,0.0346,aggressive,ALLOW,2.0,12748.0,0
6393,TX_0006393,0.0531,aggressive,ALLOW,2.0,12750.0,0
6394,TX_0006394,0.0489,aggressive,ALLOW,2.0,12752.0,0
6395,TX_0006395,0.1316,aggressive,ALLOW,2.0,12754.0,0
6396,TX_0006396,0.0601,aggressive,ALLOW,2.0,12756.0,0
6397,TX_0006397,0.0263,aggressive,ALLOW,2.0,12758.0,0
6398,TX_0006398,0.0666,aggressive,ALLOW,2.0,12760.0,0
6399,TX_0006399,0.0474,aggressive,ALLOW,2.0,12762.0,0
6400,TX_0006400,0.0949,aggressive,ALLOW,2.0,12764.0,0
6401,TX_0006401,0.0813,aggressive,ALLOW,2.0,12766.0,0
6402,TX_0006402,0.1482,aggressive,ALLOW,2.0,12768.0,0
6403,TX_0006403,0.0554,aggressive,ALLOW,2.0,12770.0,0
6404,TX_0006404,0.0588,aggressive,ALLOW,2.0,12772.0,0
6405,TX_0006405,0.0958,aggressive,ALLOW,2.0,12774.0,0
6406,TX_0006406,0.0526,aggressive,ALLOW,2.0,12776.0,0
6407,TX_0006407,0.0966,aggressive,ALLOW,2.0,12778.0,0
6408,TX_0006408,0.0534,aggressive,ALLOW,2.0,12780.0,0
6409,TX_0006409,0.0186,aggressive,ALLOW,2.0,12782.0,0
6410,TX_0006410,0.0357,aggressive,ALLOW,2.0,12784.0,0
6411,TX_0006411,0.0429,aggressive,ALLOW,2.0,12786.0,0
6412,TX_0006412,0.1462,aggressive,ALLOW,2.0,12788.0,0
6413,TX_0006413,0.0514,aggressive,ALLOW,2.0,12790.0,0
6414,TX_0006414,0.1222,aggressive,ALLOW,2.0,12792.0,0
6415,TX_0006415,0.0702,aggressive,ALLOW,2.0,12794.0,0
6416,TX_0006416,0.0334,aggressive,ALLOW,2.0,12796.0,0
6417,TX_0006417,0.1127,aggressive,ALLOW,2.0,12798.0,0
6418,TX_0006418,0.0433,aggressive,ALLOW,2.0,12800.0,0
6419,TX_0006419,0.1049,aggressive,ALLOW,2.0,12802.0,0
6420,TX_0006420,0.0384,aggressive,ALLOW,2.0,12804.0,0
6421,TX_0006421,0.025,aggressive,ALLOW,2.0,12806.0,0
6422,TX_0006422,0.0641,aggressive,ALLOW,2.0,12808.0,0
6423,TX_0006423,0.0849,aggressive,ALLOW,2.0,12810.0,0
6424,TX_0006424,0.0758,aggressive,ALLOW,2.0,12812.0,0
6425,TX_0006425,0.0207,aggressive,ALLOW,2.0,12814.0,0
6426,TX_0006426,0.0164,aggressive,ALLOW,2.0,12816.0,0
6427,TX_0006427,0.0879,aggressive,ALLOW,2.0,12818.0,0
6428,TX_0006428,0.0465,aggressive,ALLOW,2.0,12820.0,0
6429,TX_0006429,0.0383,aggressive,ALLOW,2.0,12822.0,0
6430,TX_0006430,0.129,aggressive,ALLOW,2.0,12824.0,0
6431,TX_0006431,0.0295,aggressive,ALLOW,2.0,12826.0,0
6432,TX_0006432,0.0704,aggressive,ALLOW,2.0,12828.0,0
6433,TX_0006433,0.0426,aggressive,ALLOW,2.0,12830.0,0
6434,TX_0006434,0.0626,aggressive,ALLOW,2.0,12832.0,0
6435,TX_0006435,0.0855,aggressive,ALLOW,2.0,12834.0,0
6436,TX_0006436,0.0554,aggressive,ALLOW,2.0,12836.0,0
6437,TX_0006437,0.0753,aggressive,ALLOW,2.0,12838.0,0
6438,TX_0006438,0.0427,aggressive,ALLOW,2.0,12840.0,0
6439,TX_0006439,0.0722,aggressive,ALLOW,2.0,12842.0,0
6440,TX_0006440,0.0768,aggressive,ALLOW,2.0,12844.0,0
6441,TX_0006441,0.0358,aggressive,ALLOW,2.0,12846.0,0
6442,TX_0006442,0.0827,aggressive,ALLOW,2.0,12848.0,0
6443,TX_0006443,0.1333,aggressive,ALLOW,2.0,12850.0,0
6444,TX_0006444,0.1853,aggressive,ALLOW,2.0,12852.0,0
6445,TX_0006445,0.0271,current,ALLOW,2.0,12854.0,0
6446,TX_0006446,0.0585,aggressive,ALLOW,2.0,12856.0,0
6447,TX_0006447,0.0732,aggressive,ALLOW,2.0,12858.0,0
6448,TX_0006448,0.0347,aggressive,ALLOW,2.0,12860.0,0
6449,TX_0006449,0.1652,aggressive,ALLOW,2.0,12862.0,0
6450,TX_0006450,0.0311,aggressive,ALLOW,2.0,12864.0,0
6451,TX_0006451,0.0463,aggressive,ALLOW,2.0,12866.0,0
6452,TX_0006452,0.0693,aggressive,ALLOW,2.0,12868.0,0
6453,TX_0006453,0.0883,aggressive,ALLOW,2.0,12870.0,0
6454,TX_0006454,0.1151,aggressive,ALLOW,2.0,12872.0,0
6455,TX_0006455,0.0996,aggressive,ALLOW,2.0,12874.0,0
6456,TX_0006456,0.0622,aggressive,ALLOW,2.0,12876.0,0
6457,TX_0006457,0.0668,aggressive,ALLOW,2.0,12878.0,0
6458,TX_0006458,0.0756,aggressive,ALLOW,2.0,12880.0,0
6459,TX_0006459,0.0649,conservative,ALLOW,2.0,12882.0,0
6460,TX_0006460,0.0595,aggressive,ALLOW,2.0,12884.0,0
6461,TX_0006461,0.0235,aggressive,ALLOW,2.0,12886.0,0
6462,TX_0006462,0.0414,aggressive,ALLOW,2.0,12888.0,0
6463,TX_0006463,0.0522,aggressive,ALLOW,2.0,12890.0,0
6464,TX_0006464,0.0389,conservative,ALLOW,2.0,12892.0,0
6465,TX_0006465,0.0442,aggressive,ALLOW,2.0,12894.0,0
6466,TX_0006466,0.0673,aggressive,ALLOW,2.0,12896.0,0
6467,TX_0006467,0.1209,aggressive,ALLOW,2.0,12898.0,0
6468,TX_0006468,0.1303,aggressive,ALLOW,2.0,12900.0,0
6469,TX_0006469,0.0953,aggressive,ALLOW,2.0,12902.0,0
6470,TX_0006470,0.1149,aggressive,ALLOW,2.0,12904.0,0
6471,TX_0006471,0.0788,aggressive,ALLOW,2.0,12906.0,0
6472,TX_0006472,0.0836,aggressive,ALLOW,2.0,12908.0,0
6473,TX_0006473,0.0619,aggressive,ALLOW,2.0,12910.0,0
6474,TX_0006474,0.0532,aggressive,ALLOW,2.0,12912.0,0
6475,TX_0006475,0.075,aggressive,ALLOW,2.0,12914.0,0
6476,TX_0006476,0.0647,aggressive,ALLOW,2.0,12916.0,0
6477,TX_0006477,0.0499,aggressive,ALLOW,2.0,12918.0,0
6478,TX_0006478,0.0287,aggressive,ALLOW,2.0,12920.0,0
6479,TX_0006479,0.0501,aggressive,ALLOW,2.0,12922.0,0
6480,TX_0006480,0.1188,aggressive,ALLOW,2.0,12924.0,0
6481,TX_0006481,0.07,aggressive,ALLOW,2.0,12926.0,0
6482,TX_0006482,0.0405,aggressive,ALLOW,2.0,12928.0,0
6483,TX_0006483,0.0331,aggressive,ALLOW,2.0,12930.0,0
6484,TX_0006484,0.085,aggressive,ALLOW,2.0,12932.0,0
6485,TX_0006485,0.0768,conservative,ALLOW,2.0,12934.0,0
6486,TX_0006486,0.0166,aggressive,ALLOW,2.0,12936.0,0
6487,TX_0006487,0.0745,aggressive,ALLOW,2.0,12938.0,0
6488,TX_0006488,0.0614,aggressive,ALLOW,2.0,12940.0,0
6489,TX_0006489,0.066,aggressive,ALLOW,2.0,12942.0,0
6490,TX_0006490,0.0378,aggressive,ALLOW,2.0,12944.0,0
6491,TX_0006491,0.0897,aggressive,ALLOW,2.0,12946.0,0
6492,TX_0006492,0.087,aggressive,ALLOW,2.0,12948.0,0
6493,TX_0006493,0.0668,aggressive,ALLOW,2.0,12950.0,0
6494,TX_0006494,0.0685,aggressive,ALLOW,2.0,12952.0,0
6495,TX_0006495,0.057,conservative,ALLOW,2.0,12954.0,0
6496,TX_0006496,0.0462,aggressive,ALLOW,2.0,12956.0,0
6497,TX_0006497,0.0299,aggressive,ALLOW,2.0,12958.0,0
6498,TX_0006498,0.136,aggressive,ALLOW,2.0,12960.0,0
6499,TX_0006499,0.0521,aggressive,ALLOW,2.0,12962.0,0
6500,TX_0006500,0.0782,aggressive,ALLOW,2.0,12964.0,0
6501,TX_0006501,0.1341,aggressive,ALLOW,2.0,12966.0,0
6502,TX_0006502,0.0328,aggressive,ALLOW,2.0,12968.0,0
6503,TX_0006503,0.0947,aggressive,ALLOW,2.0,12970.0,0
6504,TX_0006504,0.0387,aggressive,ALLOW,2.0,12972.0,0
6505,TX_0006505,0.0219,aggressive,ALLOW,2.0,12974.0,0
6506,TX_0006506,0.0612,aggressive,ALLOW,2.0,12976.0,0
6507,TX_0006507,0.0316,aggressive,ALLOW,2.0,12978.0,0
6508,TX_0006508,0.0761,aggressive,ALLOW,2.0,12980.0,0
6509,TX_0006509,0.0262,aggressive,ALLOW,2.0,12982.0,0
6510,TX_0006510,0.195,aggressive,ALLOW,2.0,12984.0,0
6511,TX_0006511,0.0274,aggressive,ALLOW,2.0,12986.0,0
6512,TX_0006512,0.0189,aggressive,ALLOW,2.0,12988.0,0
6513,TX_0006513,0.0396,aggressive,ALLOW,2.0,12990.0,0
6514,TX_0006514,0.0578,aggressive,ALLOW,2.0,12992.0,0
6515,TX_0006515,0.0306,aggressive,ALLOW,2.0,12994.0,0
6516,TX_0006516,0.0337,current,ALLOW,2.0,12996.0,0
6517,TX_0006517,0.0496,aggressive,ALLOW,2.0,12998.0,0
6518,TX_0006518,0.0977,current,ALLOW,2.0,13000.0,0
6519,TX_0006519,0.0417,aggressive,ALLOW,2.0,13002.0,0
6520,TX_0006520,0.0464,aggressive,ALLOW,2.0,13004.0,0
6521,TX_0006521,0.0589,aggressive,ALLOW,2.0,13006.0,0
6522,TX_0006522,0.0892,conservative,ALLOW,2.0,13008.0,0
6523,TX_0006523,0.087,aggressive,ALLOW,2.0,13010.0,0
6524,TX_0006524,0.1651,aggressive,ALLOW,2.0,13012.0,0
6525,TX_0006525,0.0388,aggressive,ALLOW,2.0,13014.0,0
6526,TX_0006526,0.2049,aggressive,ALLOW,2.0,13016.0,0
6527,TX_0006527,0.04,conservative,ALLOW,2.0,13018.0,0
6528,TX_0006528,0.033,aggressive,ALLOW,2.0,13020.0,0
6529,TX_0006529,0.0985,aggressive,ALLOW,2.0,13022.0,0
6530,TX_0006530,0.067,aggressive,ALLOW,2.0,13024.0,0
6531,TX_0006531,0.0663,aggressive,ALLOW,2.0,13026.0,0
6532,TX_0006532,0.1694,aggressive,ALLOW,2.0,13028.0,0
6533,TX_0006533,0.1917,aggressive,ALLOW,2.0,13030.0,0
6534,TX_0006534,0.0814,aggressive,ALLOW,2.0,13032.0,0
6535,TX_0006535,0.072,aggressive,ALLOW,2.0,13034.0,0
6536,TX_0006536,0.0454,current,ALLOW,2.0,13036.0,0
6537,TX_0006537,0.0441,aggressive,ALLOW,2.0,13038.0,0
6538,TX_0006538,0.0504,aggressive,ALLOW,2.0,13040.0,0
6539,TX_0006539,0.0427,aggressive,ALLOW,2.0,13042.0,0
6540,TX_0006540,0.0281,conservative,ALLOW,2.0,13044.0,0
6541,TX_0006541,0.076,aggressive,ALLOW,2.0,13046.0,0
6542,TX_0006542,0.0437,aggressive,ALLOW,2.0,13048.0,0
6543,TX_0006543,0.054,aggressive,ALLOW,2.0,13050.0,0
6544,TX_0006544,0.0167,aggressive,ALLOW,2.0,13052.0,0
6545,TX_0006545,0.052,aggressive,ALLOW,2.0,13054.0,0
6546,TX_0006546,0.0719,aggressive,ALLOW,2.0,13056.0,0
6547,TX_0006547,0.0516,aggressive,ALLOW,2.0,13058.0,0
6548,TX_0006548,0.1008,aggressive,ALLOW,2.0,13060.0,0
6549,TX_0006549,0.0503,aggressive,ALLOW,2.0,13062.0,0
6550,TX_0006550,0.0673,aggressive,ALLOW,2.0,13064.0,0
6551,TX_0006551,0.0293,current,ALLOW,2.0,13066.0,0
6552,TX_0006552,0.0357,aggressive,ALLOW,2.0,13068.0,0
6553,TX_0006553,0.0876,aggressive,ALLOW,2.0,13070.0,0
6554,TX_0006554,0.0243,aggressive,ALLOW,2.0,13072.0,0
6555,TX_0006555,0.0233,aggressive,ALLOW,2.0,13074.0,0
6556,TX_0006556,0.1269,aggressive,ALLOW,2.0,13076.0,0
6557,TX_0006557,0.2177,aggressive,ALLOW,2.0,13078.0,0
6558,TX_0006558,0.1742,aggressive,ALLOW,2.0,13080.0,0
6559,TX_0006559,0.0989,aggressive,ALLOW,2.0,13082.0,0
6560,TX_0006560,0.0435,aggressive,ALLOW,2.0,13084.0,0
6561,TX_0006561,0.1196,aggressive,ALLOW,2.0,13086.0,0
6562,TX_0006562,0.218,aggressive,ALLOW,2.0,13088.0,0
6563,TX_0006563,0.0473,aggressive,ALLOW,2.0,13090.0,0
6564,TX_0006564,0.0447,aggressive,ALLOW,2.0,13092.0,0
6565,TX_0006565,0.0458,aggressive,ALLOW,2.0,13094.0,0
6566,TX_0006566,0.068,aggressive,ALLOW,2.0,13096.0,0
6567,TX_0006567,0.1278,aggressive,ALLOW,2.0,13098.0,0
6568,TX_0006568,0.0743,aggressive,ALLOW,2.0,13100.0,0
6569,TX_0006569,0.0247,aggressive,ALLOW,2.0,13102.0,0
6570,TX_0006570,0.0669,aggressive,ALLOW,2.0,13104.0,0
6571,TX_0006571,0.025,aggressive,ALLOW,2.0,13106.0,0
6572,TX_0006572,0.0847,aggressive,ALLOW,2.0,13108.0,0
6573,TX_0006573,0.0642,aggressive,ALLOW,2.0,13110.0,0
6574,TX_0006574,0.0662,aggressive,ALLOW,2.0,13112.0,0
6575,TX_0006575,0.0926,current,ALLOW,2.0,13114.0,0
6576,TX_0006576,0.1355,current,ALLOW,2.0,13116.0,0
6577,TX_0006577,0.1369,aggressive,ALLOW,2.0,13118.0,0
6578,TX_0006578,0.0469,aggressive,ALLOW,2.0,13120.0,0
6579,TX_0006579,0.0182,aggressive,ALLOW,2.0,13122.0,0
6580,TX_0006580,0.0726,aggressive,ALLOW,2.0,13124.0,0
6581,TX_0006581,0.0342,aggressive,ALLOW,2.0,13126.0,0
6582,TX_0006582,0.0758,aggressive,ALLOW,2.0,13128.0,0
6583,TX_0006583,0.0194,aggressive,ALLOW,2.0,13130.0,0
6584,TX_0006584,0.0563,aggressive,ALLOW,2.0,13132.0,0
6585,TX_0006585,0.0487,aggressive,ALLOW,2.0,13134.0,0
6586,TX_0006586,0.1361,aggressive,ALLOW,2.0,13136.0,0
6587,TX_0006587,0.0809,aggressive,ALLOW,2.0,13138.0,0
6588,TX_0006588,0.0461,aggressive,ALLOW,2.0,13140.0,0
6589,TX_0006589,0.0373,aggressive,ALLOW,2.0,13142.0,0
6590,TX_0006590,0.0749,aggressive,ALLOW,2.0,13144.0,0
6591,TX_0006591,0.1365,aggressive,ALLOW,2.0,13146.0,0
6592,TX_0006592,0.1046,aggressive,ALLOW,2.0,13148.0,0
6593,TX_0006593,0.1082,aggressive,ALLOW,2.0,13150.0,0
6594,TX_0006594,0.0476,aggressive,ALLOW,2.0,13152.0,0
6595,TX_0006595,0.0493,aggressive,ALLOW,2.0,13154.0,0
6596,TX_0006596,0.0871,aggressive,ALLOW,2.0,13156.0,0
6597,TX_0006597,0.1591,aggressive,ALLOW,2.0,13158.0,0
6598,TX_0006598,0.0393,aggressive,ALLOW,2.0,13160.0,0
6599,TX_0006599,0.0468,aggressive,ALLOW,2.0,13162.0,0
6600,TX_0006600,0.0675,aggressive,ALLOW,2.0,13164.0,0
6601,TX_0006601,0.0933,aggressive,ALLOW,2.0,13166.0,0
6602,TX_0006602,0.0188,aggressive,ALLOW,2.0,13168.0,0
6603,TX_0006603,0.0915,aggressive,ALLOW,2.0,13170.0,0
6604,TX_0006604,0.0186,aggressive,ALLOW,2.0,13172.0,0
6605,TX_0006605,0.0292,aggressive,ALLOW,2.0,13174.0,0
6606,TX_0006606,0.0947,aggressive,ALLOW,2.0,13176.0,0
6607,TX_0006607,0.1241,aggressive,ALLOW,2.0,13178.0,0
6608,TX_0006608,0.0754,aggressive,ALLOW,2.0,13180.0,0
6609,TX_0006609,0.0201,aggressive,ALLOW,2.0,13182.0,0
6610,TX_0006610,0.0196,aggressive,ALLOW,2.0,13184.0,0
6611,TX_0006611,0.0942,aggressive,ALLOW,2.0,13186.0,0
6612,TX_0006612,0.0224,aggressive,ALLOW,2.0,13188.0,0
6613,TX_0006613,0.0197,aggressive,ALLOW,2.0,13190.0,0
6614,TX_0006614,0.0225,aggressive,ALLOW,2.0,13192.0,0
6615,TX_0006615,0.0785,aggressive,ALLOW,2.0,13194.0,0
6616,TX_0006616,0.0196,aggressive,ALLOW,2.0,13196.0,0
6617,TX_0006617,0.0364,aggressive,ALLOW,2.0,13198.0,0
6618,TX_0006618,0.0684,aggressive,ALLOW,2.0,13200.0,0
6619,TX_0006619,0.0244,aggressive,ALLOW,2.0,13202.0,0
6620,TX_0006620,0.0387,aggressive,ALLOW,2.0,13204.0,0
6621,TX_0006621,0.0189,aggressive,ALLOW,2.0,13206.0,0
6622,TX_0006622,0.0582,aggressive,ALLOW,2.0,13208.0,0
6623,TX_0006623,0.0698,aggressive,ALLOW,2.0,13210.0,0
6624,TX_0006624,0.1279,aggressive,ALLOW,2.0,13212.0,0
6625,TX_0006625,0.0553,aggressive,ALLOW,2.0,13214.0,0
6626,TX_0006626,0.0513,aggressive,ALLOW,2.0,13216.0,0
6627,TX_0006627,0.0384,conservative,ALLOW,2.0,13218.0,0
6628,TX_0006628,0.0199,aggressive,ALLOW,2.0,13220.0,0
6629,TX_0006629,0.0451,aggressive,ALLOW,2.0,13222.0,0
6630,TX_0006630,0.0841,aggressive,ALLOW,2.0,13224.0,0
6631,TX_0006631,0.0518,aggressive,ALLOW,2.0,13226.0,0
6632,TX_0006632,0.2205,aggressive,ALLOW,2.0,13228.0,0
6633,TX_0006633,0.0478,aggressive,ALLOW,2.0,13230.0,0
6634,TX_0006634,0.1353,aggressive,ALLOW,2.0,13232.0,0
6635,TX_0006635,0.0418,aggressive,ALLOW,2.0,13234.0,0
6636,TX_0006636,0.0721,aggressive,ALLOW,2.0,13236.0,0
6637,TX_0006637,0.0876,aggressive,ALLOW,2.0,13238.0,0
6638,TX_0006638,0.0765,aggressive,ALLOW,2.0,13240.0,0
6639,TX_0006639,0.0645,aggressive,ALLOW,2.0,13242.0,0
6640,TX_0006640,0.0347,current,ALLOW,2.0,13244.0,0
6641,TX_0006641,0.0335,aggressive,ALLOW,2.0,13246.0,0
6642,TX_0006642,0.1142,aggressive,ALLOW,2.0,13248.0,0
6643,TX_0006643,0.0627,aggressive,ALLOW,2.0,13250.0,0
6644,TX_0006644,0.025,aggressive,ALLOW,2.0,13252.0,0
6645,TX_0006645,0.1033,aggressive,ALLOW,2.0,13254.0,0
6646,TX_0006646,0.1507,aggressive,ALLOW,2.0,13256.0,0
6647,TX_0006647,0.0323,aggressive,ALLOW,2.0,13258.0,0
6648,TX_0006648,0.0503,aggressive,ALLOW,2.0,13260.0,0
6649,TX_0006649,0.0465,aggressive,ALLOW,2.0,13262.0,0
6650,TX_0006650,0.0275,aggressive,ALLOW,2.0,13264.0,0
6651,TX_0006651,0.056,aggressive,ALLOW,2.0,13266.0,0
6652,TX_0006652,0.1284,aggressive,ALLOW,2.0,13268.0,0
6653,TX_0006653,0.0722,aggressive,ALLOW,2.0,13270.0,0
6654,TX_0006654,0.0397,aggressive,ALLOW,2.0,13272.0,0
6655,TX_0006655,0.0569,aggressive,ALLOW,2.0,13274.0,0
6656,TX_0006656,0.0824,aggressive,ALLOW,2.0,13276.0,0
6657,TX_0006657,0.054,aggressive,ALLOW,2.0,13278.0,0
6658,TX_0006658,0.0484,aggressive,ALLOW,2.0,13280.0,0
6659,TX_0006659,0.0823,aggressive,ALLOW,2.0,13282.0,0
6660,TX_0006660,0.0324,current,ALLOW,2.0,13284.0,0
6661,TX_0006661,0.0349,aggressive,ALLOW,2.0,13286.0,0
6662,TX_0006662,0.0711,aggressive,ALLOW,2.0,13288.0,0
6663,TX_0006663,0.0406,conservative,ALLOW,2.0,13290.0,0
6664,TX_0006664,0.0836,aggressive,ALLOW,2.0,13292.0,0
6665,TX_0006665,0.0553,aggressive,ALLOW,2.0,13294.0,0
6666,TX_0006666,0.1381,aggressive,ALLOW,2.0,13296.0,0
6667,TX_0006667,0.1745,aggressive,ALLOW,2.0,13298.0,0
6668,TX_0006668,0.0453,aggressive,ALLOW,2.0,13300.0,0
6669,TX_0006669,0.063,aggressive,ALLOW,2.0,13302.0,0
6670,TX_0006670,0.0232,aggressive,ALLOW,2.0,13304.0,0
6671,TX_0006671,0.0507,aggressive,ALLOW,2.0,13306.0,0
6672,TX_0006672,0.0412,aggressive,ALLOW,2.0,13308.0,0
6673,TX_0006673,0.0239,aggressive,ALLOW,2.0,13310.0,0
6674,TX_0006674,0.0996,aggressive,ALLOW,2.0,13312.0,0
6675,TX_0006675,0.0498,aggressive,ALLOW,2.0,13314.0,0
6676,TX_0006676,0.0444,aggressive,ALLOW,2.0,13316.0,0
6677,TX_0006677,0.1198,aggressive,ALLOW,2.0,13318.0,0
6678,TX_0006678,0.1534,aggressive,ALLOW,2.0,13320.0,0
6679,TX_0006679,0.0379,aggressive,ALLOW,2.0,13322.0,0
6680,TX_0006680,0.1178,aggressive,ALLOW,2.0,13324.0,0
6681,TX_0006681,0.0201,aggressive,ALLOW,2.0,13326.0,0
6682,TX_0006682,0.0387,aggressive,ALLOW,2.0,13328.0,0
6683,TX_0006683,0.0701,aggressive,ALLOW,2.0,13330.0,0
6684,TX_0006684,0.0387,aggressive,ALLOW,2.0,13332.0,0
6685,TX_0006685,0.1292,aggressive,ALLOW,2.0,13334.0,0
6686,TX_0006686,0.0346,aggressive,ALLOW,2.0,13336.0,0
6687,TX_0006687,0.0409,aggressive,ALLOW,2.0,13338.0,0
6688,TX_0006688,0.055,aggressive,ALLOW,2.0,13340.0,0
6689,TX_0006689,0.0594,aggressive,ALLOW,2.0,13342.0,0
6690,TX_0006690,0.1249,aggressive,ALLOW,2.0,13344.0,0
6691,TX_0006691,0.0296,aggressive,ALLOW,2.0,13346.0,0
6692,TX_0006692,0.0553,aggressive,ALLOW,2.0,13348.0,0
6693,TX_0006693,0.136,aggressive,ALLOW,2.0,13350.0,0
6694,TX_0006694,0.0222,aggressive,ALLOW,2.0,13352.0,0
6695,TX_0006695,0.195,aggressive,ALLOW,2.0,13354.0,0
6696,TX_0006696,0.0529,aggressive,ALLOW,2.0,13356.0,0
6697,TX_0006697,0.0325,aggressive,ALLOW,2.0,13358.0,0
6698,TX_0006698,0.0267,aggressive,ALLOW,2.0,13360.0,0
6699,TX_0006699,0.0442,aggressive,ALLOW,2.0,13362.0,0
6700,TX_0006700,0.0532,aggressive,ALLOW,2.0,13364.0,0
6701,TX_0006701,0.1198,aggressive,ALLOW,2.0,13366.0,0
6702,TX_0006702,0.0768,aggressive,ALLOW,2.0,13368.0,0
6703,TX_0006703,0.0233,aggressive,ALLOW,2.0,13370.0,0
6704,TX_0006704,0.0702,aggressive,ALLOW,2.0,13372.0,0
6705,TX_0006705,0.0222,aggressive,ALLOW,2.0,13374.0,0
6706,TX_0006706,0.0724,aggressive,ALLOW,2.0,13376.0,0
6707,TX_0006707,0.0977,aggressive,ALLOW,2.0,13378.0,0
6708,TX_0006708,0.0534,aggressive,ALLOW,2.0,13380.0,0
6709,TX_0006709,0.0234,conservative,ALLOW,2.0,13382.0,0
6710,TX_0006710,0.065,aggressive,ALLOW,2.0,13384.0,0
6711,TX_0006711,0.1271,aggressive,ALLOW,2.0,13386.0,0
6712,TX_0006712,0.1149,aggressive,ALLOW,2.0,13388.0,0
6713,TX_0006713,0.1006,current,ALLOW,2.0,13390.0,0
6714,TX_0006714,0.0764,aggressive,ALLOW,2.0,13392.0,0
6715,TX_0006715,0.183,aggressive,ALLOW,2.0,13394.0,0
6716,TX_0006716,0.1348,current,ALLOW,2.0,13396.0,0
6717,TX_0006717,0.1292,aggressive,ALLOW,2.0,13398.0,0
6718,TX_0006718,0.0745,aggressive,ALLOW,2.0,13400.0,0
6719,TX_0006719,0.07,aggressive,ALLOW,2.0,13402.0,0
6720,TX_0006720,0.0811,aggressive,ALLOW,2.0,13404.0,0
6721,TX_0006721,0.0546,aggressive,ALLOW,2.0,13406.0,0
6722,TX_0006722,0.0745,aggressive,ALLOW,2.0,13408.0,0
6723,TX_0006723,0.06,aggressive,ALLOW,2.0,13410.0,0
6724,TX_0006724,0.0529,aggressive,ALLOW,2.0,13412.0,0
6725,TX_0006725,0.0184,aggressive,ALLOW,2.0,13414.0,0
6726,TX_0006726,0.0727,aggressive,ALLOW,2.0,13416.0,0
6727,TX_0006727,0.0285,aggressive,ALLOW,2.0,13418.0,0
6728,TX_0006728,0.1006,aggressive,ALLOW,2.0,13420.0,0
6729,TX_0006729,0.0388,aggressive,ALLOW,2.0,13422.0,0
6730,TX_0006730,0.1452,aggressive,ALLOW,2.0,13424.0,0
6731,TX_0006731,0.0236,aggressive,ALLOW,2.0,13426.0,0
6732,TX_0006732,0.1222,aggressive,ALLOW,2.0,13428.0,0
6733,TX_0006733,0.0631,aggressive,ALLOW,2.0,13430.0,0
6734,TX_0006734,0.0484,aggressive,ALLOW,2.0,13432.0,0
6735,TX_0006735,0.0201,aggressive,ALLOW,2.0,13434.0,0
6736,TX_0006736,0.0288,aggressive,ALLOW,2.0,13436.0,0
6737,TX_0006737,0.0224,aggressive,ALLOW,2.0,13438.0,0
6738,TX_0006738,0.0674,aggressive,ALLOW,2.0,13440.0,0
6739,TX_0006739,0.0876,aggressive,ALLOW,2.0,13442.0,0
6740,TX_0006740,0.0534,aggressive,ALLOW,2.0,13444.0,0
6741,TX_0006741,0.0833,aggressive,ALLOW,2.0,13446.0,0
6742,TX_0006742,0.0698,aggressive,ALLOW,2.0,13448.0,0
6743,TX_0006743,0.1147,aggressive,ALLOW,2.0,13450.0,0
6744,TX_0006744,0.0199,aggressive,ALLOW,2.0,13452.0,0
6745,TX_0006745,0.1304,aggressive,ALLOW,2.0,13454.0,0
6746,TX_0006746,0.0834,aggressive,ALLOW,2.0,13456.0,0
6747,TX_0006747,0.0454,aggressive,ALLOW,2.0,13458.0,0
6748,TX_0006748,0.0684,aggressive,ALLOW,2.0,13460.0,0
6749,TX_0006749,0.0343,aggressive,ALLOW,2.0,13462.0,0
6750,TX_0006750,0.1013,aggressive,ALLOW,2.0,13464.0,0
6751,TX_0006751,0.1228,aggressive,ALLOW,2.0,13466.0,0
6752,TX_0006752,0.0471,aggressive,ALLOW,2.0,13468.0,0
6753,TX_0006753,0.0297,current,ALLOW,2.0,13470.0,0
6754,TX_0006754,0.0311,aggressive,ALLOW,2.0,13472.0,0
6755,TX_0006755,0.0717,aggressive,ALLOW,2.0,13474.0,0
6756,TX_0006756,0.0849,aggressive,ALLOW,2.0,13476.0,0
6757,TX_0006757,0.0223,aggressive,ALLOW,2.0,13478.0,0
6758,TX_0006758,0.0722,aggressive,ALLOW,2.0,13480.0,0
6759,TX_0006759,0.1978,aggressive,ALLOW,2.0,13482.0,0
6760,TX_0006760,0.0178,aggressive,ALLOW,2.0,13484.0,0
6761,TX_0006761,0.1355,aggressive,ALLOW,2.0,13486.0,0
6762,TX_0006762,0.0307,aggressive,ALLOW,2.0,13488.0,0
6763,TX_0006763,0.0703,aggressive,ALLOW,2.0,13490.0,0
6764,TX_0006764,0.0224,aggressive,ALLOW,2.0,13492.0,0
6765,TX_0006765,0.1026,aggressive,ALLOW,2.0,13494.0,0
6766,TX_0006766,0.0698,aggressive,ALLOW,2.0,13496.0,0
6767,TX_0006767,0.0598,aggressive,ALLOW,2.0,13498.0,0
6768,TX_0006768,0.0234,aggressive,ALLOW,2.0,13500.0,0
6769,TX_0006769,0.0343,aggressive,ALLOW,2.0,13502.0,0
6770,TX_0006770,0.0225,aggressive,ALLOW,2.0,13504.0,0
6771,TX_0006771,0.0236,aggressive,ALLOW,2.0,13506.0,0
6772,TX_0006772,0.0516,aggressive,ALLOW,2.0,13508.0,0
6773,TX_0006773,0.0745,aggressive,ALLOW,2.0,13510.0,0
6774,TX_0006774,0.0552,aggressive,ALLOW,2.0,13512.0,0
6775,TX_0006775,0.097,aggressive,ALLOW,2.0,13514.0,0
6776,TX_0006776,0.0769,aggressive,ALLOW,2.0,13516.0,0
6777,TX_0006777,0.0616,aggressive,ALLOW,2.0,13518.0,0
6778,TX_0006778,0.0359,aggressive,ALLOW,2.0,13520.0,0
6779,TX_0006779,0.0342,aggressive,ALLOW,2.0,13522.0,0
6780,TX_0006780,0.0903,aggressive,ALLOW,2.0,13524.0,0
6781,TX_0006781,0.065,aggressive,ALLOW,2.0,13526.0,0
6782,TX_0006782,0.1031,aggressive,ALLOW,2.0,13528.0,0
6783,TX_0006783,0.0727,conservative,ALLOW,2.0,13530.0,0
6784,TX_0006784,0.0832,current,ALLOW,2.0,13532.0,0
6785,TX_0006785,0.1521,aggressive,ALLOW,2.0,13534.0,0
6786,TX_0006786,0.1222,aggressive,ALLOW,2.0,13536.0,0
6787,TX_0006787,0.1158,aggressive,ALLOW,2.0,13538.0,0
6788,TX_0006788,0.0712,aggressive,ALLOW,2.0,13540.0,0
6789,TX_0006789,0.042,aggressive,ALLOW,2.0,13542.0,0
6790,TX_0006790,0.0265,aggressive,ALLOW,2.0,13544.0,0
6791,TX_0006791,0.0537,aggressive,ALLOW,2.0,13546.0,0
6792,TX_0006792,0.0297,aggressive,ALLOW,2.0,13548.0,0
6793,TX_0006793,0.0417,aggressive,ALLOW,2.0,13550.0,0
6794,TX_0006794,0.0697,aggressive,ALLOW,2.0,13552.0,0
6795,TX_0006795,0.0775,aggressive,ALLOW,2.0,13554.0,0
6796,TX_0006796,0.0381,aggressive,ALLOW,2.0,13556.0,0
6797,TX_0006797,0.0861,aggressive,ALLOW,2.0,13558.0,0
6798,TX_0006798,0.1152,aggressive,ALLOW,2.0,13560.0,0
6799,TX_0006799,0.054,aggressive,ALLOW,2.0,13562.0,0
6800,TX_0006800,0.0609,aggressive,ALLOW,2.0,13564.0,0
6801,TX_0006801,0.0672,aggressive,ALLOW,2.0,13566.0,0
6802,TX_0006802,0.0425,aggressive,ALLOW,2.0,13568.0,0
6803,TX_0006803,0.1818,aggressive,ALLOW,2.0,13570.0,0
6804,TX_0006804,0.0633,aggressive,ALLOW,2.0,13572.0,0
6805,TX_0006805,0.0289,aggressive,ALLOW,2.0,13574.0,0
6806,TX_0006806,0.027,aggressive,ALLOW,2.0,13576.0,0
6807,TX_0006807,0.0578,aggressive,ALLOW,2.0,13578.0,0
6808,TX_0006808,0.3143,aggressive,ALLOW,2.0,13580.0,0
6809,TX_0006809,0.0641,aggressive,ALLOW,2.0,13582.0,0
6810,TX_0006810,0.0271,aggressive,ALLOW,2.0,13584.0,0
6811,TX_0006811,0.0458,aggressive,ALLOW,2.0,13586.0,0
6812,TX_0006812,0.0316,aggressive,ALLOW,2.0,13588.0,0
6813,TX_0006813,0.0512,aggressive,ALLOW,2.0,13590.0,0
6814,TX_0006814,0.057,aggressive,ALLOW,2.0,13592.0,0
6815,TX_0006815,0.1642,aggressive,ALLOW,2.0,13594.0,0
6816,TX_0006816,0.0263,aggressive,ALLOW,2.0,13596.0,0
6817,TX_0006817,0.0457,aggressive,ALLOW,2.0,13598.0,0
6818,TX_0006818,0.07,aggressive,ALLOW,2.0,13600.0,0
6819,TX_0006819,0.057,aggressive,ALLOW,2.0,13602.0,0
6820,TX_0006820,0.0733,aggressive,ALLOW,2.0,13604.0,0
6821,TX_0006821,0.1049,aggressive,ALLOW,2.0,13606.0,0
6822,TX_0006822,0.0451,aggressive,ALLOW,2.0,13608.0,0
6823,TX_0006823,0.0469,aggressive,ALLOW,2.0,13610.0,0
6824,TX_0006824,0.0309,aggressive,ALLOW,2.0,13612.0,0
6825,TX_0006825,0.0419,aggressive,ALLOW,2.0,13614.0,0
6826,TX_0006826,0.0523,aggressive,ALLOW,2.0,13616.0,0
6827,TX_0006827,0.0625,current,ALLOW,2.0,13618.0,0
6828,TX_0006828,0.0184,aggressive,ALLOW,2.0,13620.0,0
6829,TX_0006829,0.1582,aggressive,ALLOW,2.0,13622.0,0
6830,TX_0006830,0.1279,aggressive,ALLOW,2.0,13624.0,0
6831,TX_0006831,0.178,aggressive,ALLOW,2.0,13626.0,0
6832,TX_0006832,0.18,aggressive,ALLOW,2.0,13628.0,0
6833,TX_0006833,0.0172,aggressive,ALLOW,2.0,13630.0,0
6834,TX_0006834,0.0415,aggressive,ALLOW,2.0,13632.0,0
6835,TX_0006835,0.0468,aggressive,ALLOW,2.0,13634.0,0
6836,TX_0006836,0.0864,aggressive,ALLOW,2.0,13636.0,0
6837,TX_0006837,0.0545,aggressive,ALLOW,2.0,13638.0,0
6838,TX_0006838,0.1735,conservative,ALLOW,2.0,13640.0,0
6839,TX_0006839,0.0613,aggressive,ALLOW,2.0,13642.0,0
6840,TX_0006840,0.136,aggressive,ALLOW,2.0,13644.0,0
6841,TX_0006841,0.0191,aggressive,ALLOW,2.0,13646.0,0
6842,TX_0006842,0.0755,aggressive,ALLOW,2.0,13648.0,0
6843,TX_0006843,0.0233,aggressive,ALLOW,2.0,13650.0,0
6844,TX_0006844,0.077,aggressive,ALLOW,2.0,13652.0,0
6845,TX_0006845,0.0961,aggressive,ALLOW,2.0,13654.0,0
6846,TX_0006846,0.0532,aggressive,ALLOW,2.0,13656.0,0
6847,TX_0006847,0.0398,aggressive,ALLOW,2.0,13658.0,0
6848,TX_0006848,0.0432,aggressive,ALLOW,2.0,13660.0,0
6849,TX_0006849,0.04,aggressive,ALLOW,2.0,13662.0,0
6850,TX_0006850,0.1369,aggressive,ALLOW,2.0,13664.0,0
6851,TX_0006851,0.1845,aggressive,ALLOW,2.0,13666.0,0
6852,TX_0006852,0.0356,aggressive,ALLOW,2.0,13668.0,0
6853,TX_0006853,0.1198,aggressive,ALLOW,2.0,13670.0,0
6854,TX_0006854,0.0271,aggressive,ALLOW,2.0,13672.0,0
6855,TX_0006855,0.0796,current,ALLOW,2.0,13674.0,0
6856,TX_0006856,0.1581,aggressive,ALLOW,2.0,13676.0,0
6857,TX_0006857,0.1444,aggressive,ALLOW,2.0,13678.0,0
6858,TX_0006858,0.0484,aggressive,ALLOW,2.0,13680.0,0
6859,TX_0006859,0.0854,aggressive,ALLOW,2.0,13682.0,0
6860,TX_0006860,0.1072,aggressive,ALLOW,2.0,13684.0,0
6861,TX_0006861,0.0663,aggressive,ALLOW,2.0,13686.0,0
6862,TX_0006862,0.0195,aggressive,ALLOW,2.0,13688.0,0
6863,TX_0006863,0.074,aggressive,ALLOW,2.0,13690.0,0
6864,TX_0006864,0.0809,aggressive,ALLOW,2.0,13692.0,0
6865,TX_0006865,0.1371,aggressive,ALLOW,2.0,13694.0,0
6866,TX_0006866,0.1083,aggressive,ALLOW,2.0,13696.0,0
6867,TX_0006867,0.0908,aggressive,ALLOW,2.0,13698.0,0
6868,TX_0006868,0.0655,aggressive,ALLOW,2.0,13700.0,0
6869,TX_0006869,0.1301,aggressive,ALLOW,2.0,13702.0,0
6870,TX_0006870,0.0534,aggressive,ALLOW,2.0,13704.0,0
6871,TX_0006871,0.0251,aggressive,ALLOW,2.0,13706.0,0
6872,TX_0006872,0.0331,aggressive,ALLOW,2.0,13708.0,0
6873,TX_0006873,0.1109,aggressive,ALLOW,2.0,13710.0,0
6874,TX_0006874,0.0941,aggressive,ALLOW,2.0,13712.0,0
6875,TX_0006875,0.0753,aggressive,ALLOW,2.0,13714.0,0
6876,TX_0006876,0.0425,aggressive,ALLOW,2.0,13716.0,0
6877,TX_0006877,0.1057,aggressive,ALLOW,2.0,13718.0,0
6878,TX_0006878,0.2131,aggressive,ALLOW,2.0,13720.0,0
6879,TX_0006879,0.0482,aggressive,ALLOW,2.0,13722.0,0
6880,TX_0006880,0.1107,aggressive,ALLOW,2.0,13724.0,0
6881,TX_0006881,0.0628,aggressive,ALLOW,2.0,13726.0,0
6882,TX_0006882,0.0525,aggressive,ALLOW,2.0,13728.0,0
6883,TX_0006883,0.0392,aggressive,ALLOW,2.0,13730.0,0
6884,TX_0006884,0.0258,aggressive,ALLOW,2.0,13732.0,0
6885,TX_0006885,0.0257,aggressive,ALLOW,2.0,13734.0,0
6886,TX_0006886,0.048,aggressive,ALLOW,2.0,13736.0,0
6887,TX_0006887,0.0443,aggressive,ALLOW,2.0,13738.0,0
6888,TX_0006888,0.0365,aggressive,ALLOW,2.0,13740.0,0
6889,TX_0006889,0.1505,aggressive,ALLOW,2.0,13742.0,0
6890,TX_0006890,0.0434,aggressive,ALLOW,2.0,13744.0,0
6891,TX_0006891,0.0633,aggressive,ALLOW,2.0,13746.0,0
6892,TX_0006892,0.0801,aggressive,ALLOW,2.0,13748.0,0
6893,TX_0006893,0.0821,aggressive,ALLOW,2.0,13750.0,0
6894,TX_0006894,0.0676,aggressive,ALLOW,2.0,13752.0,0
6895,TX_0006895,0.0554,aggressive,ALLOW,2.0,13754.0,0
6896,TX_0006896,0.0176,aggressive,ALLOW,2.0,13756.0,0
6897,TX_0006897,0.0568,aggressive,ALLOW,2.0,13758.0,0
6898,TX_0006898,0.0625,aggressive,ALLOW,2.0,13760.0,0
6899,TX_0006899,0.0214,aggressive,ALLOW,2.0,13762.0,0
6900,TX_0006900,0.0415,aggressive,ALLOW,2.0,13764.0,0
6901,TX_0006901,0.072,aggressive,ALLOW,2.0,13766.0,0
6902,TX_0006902,0.0768,aggressive,ALLOW,2.0,13768.0,0
6903,TX_0006903,0.0884,aggressive,ALLOW,2.0,13770.0,0
6904,TX_0006904,0.0844,aggressive,ALLOW,2.0,13772.0,0
6905,TX_0006905,0.0926,aggressive,ALLOW,2.0,13774.0,0
6906,TX_0006906,0.0212,aggressive,ALLOW,2.0,13776.0,0
6907,TX_0006907,0.08,aggressive,ALLOW,2.0,13778.0,0
6908,TX_0006908,0.1398,aggressive,ALLOW,2.0,13780.0,0
6909,TX_0006909,0.1452,aggressive,ALLOW,2.0,13782.0,0
6910,TX_0006910,0.1498,aggressive,ALLOW,2.0,13784.0,0
6911,TX_0006911,0.0643,aggressive,ALLOW,2.0,13786.0,0
6912,TX_0006912,0.0765,aggressive,ALLOW,2.0,13788.0,0
6913,TX_0006913,0.0337,aggressive,ALLOW,2.0,13790.0,0
6914,TX_0006914,0.0709,aggressive,ALLOW,2.0,13792.0,0
6915,TX_0006915,0.0402,aggressive,ALLOW,2.0,13794.0,0
6916,TX_0006916,0.0652,aggressive,ALLOW,2.0,13796.0,0
6917,TX_0006917,0.0417,aggressive,ALLOW,2.0,13798.0,0
6918,TX_0006918,0.1147,aggressive,ALLOW,2.0,13800.0,0
6919,TX_0006919,0.0705,current,ALLOW,2.0,13802.0,0
6920,TX_0006920,0.1148,aggressive,ALLOW,2.0,13804.0,0
6921,TX_0006921,0.0289,aggressive,ALLOW,2.0,13806.0,0
6922,TX_0006922,0.1216,aggressive,ALLOW,2.0,13808.0,0
6923,TX_0006923,0.0767,aggressive,ALLOW,2.0,13810.0,0
6924,TX_0006924,0.08,aggressive,ALLOW,2.0,13812.0,0
6925,TX_0006925,0.0777,aggressive,ALLOW,2.0,13814.0,0
6926,TX_0006926,0.0513,aggressive,ALLOW,2.0,13816.0,0
6927,TX_0006927,0.0321,aggressive,ALLOW,2.0,13818.0,0
6928,TX_0006928,0.0327,aggressive,ALLOW,2.0,13820.0,0
6929,TX_0006929,0.041,aggressive,ALLOW,2.0,13822.0,0
6930,TX_0006930,0.0762,aggressive,ALLOW,2.0,13824.0,0
6931,TX_0006931,0.0303,aggressive,ALLOW,2.0,13826.0,0
6932,TX_0006932,0.0662,aggressive,ALLOW,2.0,13828.0,0
6933,TX_0006933,0.0226,conservative,ALLOW,2.0,13830.0,0
6934,TX_0006934,0.0524,conservative,ALLOW,2.0,13832.0,0
6935,TX_0006935,0.0434,aggressive,ALLOW,2.0,13834.0,0
6936,TX_0006936,0.0328,aggressive,ALLOW,2.0,13836.0,0
6937,TX_0006937,0.0753,aggressive,ALLOW,2.0,13838.0,0
6938,TX_0006938,0.0583,aggressive,ALLOW,2.0,13840.0,0
6939,TX_0006939,0.0287,aggressive,ALLOW,2.0,13842.0,0
6940,TX_0006940,0.0796,aggressive,ALLOW,2.0,13844.0,0
6941,TX_0006941,0.0701,aggressive,ALLOW,2.0,13846.0,0
6942,TX_0006942,0.0281,aggressive,ALLOW,2.0,13848.0,0
6943,TX_0006943,0.0228,aggressive,ALLOW,2.0,13850.0,0
6944,TX_0006944,0.0728,aggressive,ALLOW,2.0,13852.0,0
6945,TX_0006945,0.143,aggressive,ALLOW,2.0,13854.0,0
6946,TX_0006946,0.054,aggressive,ALLOW,2.0,13856.0,0
6947,TX_0006947,0.1323,aggressive,ALLOW,2.0,13858.0,0
6948,TX_0006948,0.0776,aggressive,ALLOW,2.0,13860.0,0
6949,TX_0006949,0.082,aggressive,ALLOW,2.0,13862.0,0
6950,TX_0006950,0.0514,aggressive,ALLOW,2.0,13864.0,0
6951,TX_0006951,0.028,aggressive,ALLOW,2.0,13866.0,0
6952,TX_0006952,0.0534,aggressive,ALLOW,2.0,13868.0,0
6953,TX_0006953,0.0705,aggressive,ALLOW,2.0,13870.0,0
6954,TX_0006954,0.0978,aggressive,ALLOW,2.0,13872.0,0
6955,TX_0006955,0.0672,aggressive,ALLOW,2.0,13874.0,0
6956,TX_0006956,0.1262,aggressive,ALLOW,2.0,13876.0,0
6957,TX_0006957,0.0375,aggressive,ALLOW,2.0,13878.0,0
6958,TX_0006958,0.062,aggressive,ALLOW,2.0,13880.0,0
6959,TX_0006959,0.0409,aggressive,ALLOW,2.0,13882.0,0
6960,TX_0006960,0.1376,aggressive,ALLOW,2.0,13884.0,0
6961,TX_0006961,0.0429,aggressive,ALLOW,2.0,13886.0,0
6962,TX_0006962,0.2103,aggressive,ALLOW,2.0,13888.0,0
6963,TX_0006963,0.0299,aggressive,ALLOW,2.0,13890.0,0
6964,TX_0006964,0.0785,aggressive,ALLOW,2.0,13892.0,0
6965,TX_0006965,0.0776,aggressive,ALLOW,2.0,13894.0,0
6966,TX_0006966,0.0426,aggressive,ALLOW,2.0,13896.0,0
6967,TX_0006967,0.1401,aggressive,ALLOW,2.0,13898.0,0
6968,TX_0006968,0.0866,aggressive,ALLOW,2.0,13900.0,0
6969,TX_0006969,0.04,aggressive,ALLOW,2.0,13902.0,0
6970,TX_0006970,0.0197,aggressive,ALLOW,2.0,13904.0,0
6971,TX_0006971,0.0886,aggressive,ALLOW,2.0,13906.0,0
6972,TX_0006972,0.0513,aggressive,ALLOW,2.0,13908.0,0
6973,TX_0006973,0.0467,aggressive,ALLOW,2.0,13910.0,0
6974,TX_0006974,0.1306,aggressive,ALLOW,2.0,13912.0,0
6975,TX_0006975,0.0215,aggressive,ALLOW,2.0,13914.0,0
6976,TX_0006976,0.0464,aggressive,ALLOW,2.0,13916.0,0
6977,TX_0006977,0.0472,aggressive,ALLOW,2.0,13918.0,0
6978,TX_0006978,0.0613,aggressive,ALLOW,2.0,13920.0,0
6979,TX_0006979,0.0616,aggressive,ALLOW,2.0,13922.0,0
6980,TX_0006980,0.1262,aggressive,ALLOW,2.0,13924.0,0
6981,TX_0006981,0.0841,aggressive,ALLOW,2.0,13926.0,0
6982,TX_0006982,0.1837,current,ALLOW,2.0,13928.0,0
6983,TX_0006983,0.045,aggressive,ALLOW,2.0,13930.0,0
6984,TX_0006984,0.0876,aggressive,ALLOW,2.0,13932.0,0
6985,TX_0006985,0.1077,aggressive,ALLOW,2.0,13934.0,0
6986,TX_0006986,0.0402,aggressive,ALLOW,2.0,13936.0,0
6987,TX_0006987,0.1093,aggressive,ALLOW,2.0,13938.0,0
6988,TX_0006988,0.0526,aggressive,ALLOW,2.0,13940.0,0
6989,TX_0006989,0.0487,aggressive,ALLOW,2.0,13942.0,0
6990,TX_0006990,0.1172,aggressive,ALLOW,2.0,13944.0,0
6991,TX_0006991,0.0787,aggressive,ALLOW,2.0,13946.0,0
6992,TX_0006992,0.0365,aggressive,ALLOW,2.0,13948.0,0
6993,TX_0006993,0.0483,aggressive,ALLOW,2.0,13950.0,0
6994,TX_0006994,0.0502,aggressive,ALLOW,2.0,13952.0,0
6995,TX_0006995,0.0212,aggressive,ALLOW,2.0,13954.0,0
6996,TX_0006996,0.0288,aggressive,ALLOW,2.0,13956.0,0
6997,TX_0006997,0.07,aggressive,ALLOW,2.0,13958.0,0
6998,TX_0006998,0.052,aggressive,ALLOW,2.0,13960.0,0
6999,TX_0006999,0.0438,aggressive,ALLOW,2.0,13962.0,0
7000,TX_0007000,0.1147,aggressive,ALLOW,2.0,13964.0,0
7001,TX_0007001,0.1693,aggressive,ALLOW,2.0,13966.0,0
7002,TX_0007002,0.0437,aggressive,ALLOW,2.0,13968.0,0
7003,TX_0007003,0.0722,aggressive,ALLOW,2.0,13970.0,0
7004,TX_0007004,0.1321,aggressive,ALLOW,2.0,13972.0,0
7005,TX_0007005,0.0211,current,ALLOW,2.0,13974.0,0
7006,TX_0007006,0.0499,aggressive,ALLOW,2.0,13976.0,0
7007,TX_0007007,0.0438,aggressive,ALLOW,2.0,13978.0,0
7008,TX_0007008,0.1013,aggressive,ALLOW,2.0,13980.0,0
7009,TX_0007009,0.0435,aggressive,ALLOW,2.0,13982.0,0
7010,TX_0007010,0.0405,aggressive,ALLOW,2.0,13984.0,0
7011,TX_0007011,0.0467,aggressive,ALLOW,2.0,13986.0,0
7012,TX_0007012,0.0713,aggressive,ALLOW,2.0,13988.0,0
7013,TX_0007013,0.0513,aggressive,ALLOW,2.0,13990.0,0
7014,TX_0007014,0.1181,aggressive,ALLOW,2.0,13992.0,0
7015,TX_0007015,0.0702,aggressive,ALLOW,2.0,13994.0,0
7016,TX_0007016,0.0702,aggressive,ALLOW,2.0,13996.0,0
7017,TX_0007017,0.0368,aggressive,ALLOW,2.0,13998.0,0
7018,TX_0007018,0.0418,aggressive,ALLOW,2.0,14000.0,0
