user_id,cluster_id,is_noise,coordination_score,tx_rate_per_day,interarrival_log_sec,burstiness,hour_entropy,sin_peak_hour,cos_peak_hour,weekend_ratio,signup_offset_log
U00001,0,0,0.03,0.19856920044480209,12.640653091868458,-0.06490458198021024,0.5944390072043522,0.7071067811865476,-0.7071067811865475,0.4444444444444444,3.3864350169858506
U00002,0,0,0.03,0.15832671425924455,12.513505873365244,0.06332532696663663,0.4362085839710631,-0.7071067811865471,-0.7071067811865479,0.0,3.2652070600589242
U00003,-1,1,0.0,0.050748422928835545,14.72760168382467,-0.2889644237054487,0.3456871240434053,0.7071067811865476,-0.7071067811865475,0.6666666666666666,0.808256892983449
U00004,0,0,0.03,0.14723928219994975,13.61338274586756,-0.5167325411073218,0.3456871240434053,0.0,1.0,0.6666666666666666,3.5592481842089567
U00005,0,0,0.03,0.09485852301579739,12.947543214670107,0.09328296315139463,0.491089985367093,-0.8660254037844386,0.5000000000000001,0.16666666666666666,1.6230462859576473
U00006,0,0,0.03,0.09982205903373804,13.597199063437165,-0.27691205333350477,0.6543128759565947,0.9659258262890683,0.25881904510252074,0.375,1.9372534090626468
U00007,1,0,0.7373,0.0,0.0,0.0,0.0,0.0,1.0,0.0,1.4407699419824935
U00008,0,0,0.03,0.10535434318028639,12.929327021625891,-0.002675456369589685,0.32715643797829735,-0.7071067811865471,-0.7071067811865479,0.0,3.398109285062922
U00009,0,0,0.03,0.13862562728806868,13.370639639573412,-0.1351434693696408,0.4910899853670931,-0.7071067811865477,0.7071067811865474,0.5,3.428614749074507
U00010,0,0,0.03,0.08452501051104942,13.036173481088856,0.11155095124254841,0.491089985367093,-0.8660254037844385,-0.5000000000000004,0.3333333333333333,2.6294970599137972
U00011,0,0,0.03,0.19311958708439972,13.163015757540878,-0.18331118158696708,0.6429066276455814,-1.0,-1.8369701987210297e-16,0.3333333333333333,3.626575163618307
U00012,0,0,0.03,0.07764201672298769,14.143716580525487,-0.44246512123122167,0.32715643797829735,0.49999999999999994,-0.8660254037844387,0.25,2.971792314570115
U00013,0,0,0.03,0.08851986727457704,13.823704892512433,-0.38586394812440117,0.491089985367093,-0.8660254037844386,0.5000000000000001,0.16666666666666666,2.5996062327828384
U00014,0,0,0.03,0.11792257210109089,13.65424966034187,-0.323422100646611,0.5064224831767222,0.7071067811865476,0.7071067811865476,0.0,3.5531962771616765
U00015,0,0,0.03,0.11324574017154432,13.357112127146479,-0.057114383338099886,0.5064224831767222,0.9659258262890683,-0.25881904510252063,0.0,2.9248346874636146
U00016,0,0,0.03,0.08864130732030157,13.66436145223634,-0.1582486689307041,0.5064224831767222,0.9659258262890683,-0.25881904510252063,0.2,3.4732014556655226
U00017,0,0,0.03,0.2586204923446625,11.395930868414034,0.0898841279799837,0.4362085839710631,0.9659258262890683,-0.25881904510252063,0.5,3.7857682483616757
U00018,0,0,0.03,0.10744606577397628,12.625075700699483,0.06939388277637833,0.5637914160289369,0.0,1.0,0.16666666666666666,3.34581679830935
U00019,0,0,0.03,0.11433553744284125,13.64167191926616,-0.19614139869137656,0.4191807663825097,0.258819045102521,-0.9659258262890682,0.0,3.131363312230065
U00020,0,0,0.03,0.0826382459731563,14.223887755155479,-0.15356954166963807,0.3456871240434053,-0.4999999999999997,-0.8660254037844388,0.0,1.675206145915425
U00021,0,0,0.03,0.16876543766460872,13.108698435919734,-0.1480926210539639,0.6372850583680413,0.7071067811865476,-0.7071067811865475,0.4,3.235291276987217
U00022,0,0,0.03,0.28641783839940815,12.203729903451697,-0.13113181815632524,0.6591232116726952,-0.7071067811865471,-0.7071067811865479,0.5,3.8397927564278462
U00023,0,0,0.03,0.30013415213926725,12.010428739012298,-0.16640259575170557,0.4362085839710631,0.0,1.0,0.25,2.824621254319178
U00024,0,0,0.03,0.13765917613205927,13.18701564207286,-0.09714045184294903,0.5276775862977796,-0.4999999999999997,-0.8660254037844388,0.2222222222222222,1.2527067499839202
U00025,0,0,0.03,0.1379021024680503,13.68367715151638,-0.8767673263828667,0.3456871240434053,0.49999999999999994,0.8660254037844387,0.3333333333333333,2.3598729994782666
U00026,0,0,0.03,0.05648018195497835,12.432478868537832,0.10558668555721422,0.4362085839710631,0.7071067811865476,-0.7071067811865475,0.5,1.7905241386200623
U00027,3,0,0.8619,0.254446211156175,13.298638357106974,-1.0,0.21810429198553155,-0.4999999999999997,-0.8660254037844388,1.0,3.4383006183137694
U00028,0,0,0.03,0.06335681747839823,14.499335672771196,-0.029863278559864034,0.3456871240434053,0.7071067811865476,-0.7071067811865475,0.3333333333333333,2.503590959552816
U00029,2,0,0.7867,3.258096538021482,0.0,0.0,0.0,0.8660254037844387,-0.4999999999999998,1.0,3.69422653343422
U00030,0,0,0.03,0.12061089215075044,13.272305499376838,-0.0995275403299692,0.4191807663825097,-0.2588190451025208,-0.9659258262890683,0.2,1.6683944771498382
U00031,0,0,0.03,0.07401551630235713,13.881308598074705,-0.23524039203568708,0.491089985367093,-0.9659258262890683,-0.25881904510252063,0.16666666666666666,2.0992654446211474
U00032,0,0,0.03,0.16560687820856868,13.01377543698743,-0.30443908682077825,0.48766513363573855,0.7071067811865476,-0.7071067811865475,0.5714285714285714,3.799316385857386
U00033,0,0,0.03,0.1516452396119666,13.121585074605267,-0.17213453526574476,0.4362085839710631,0.9659258262890683,-0.25881904510252063,0.25,3.3190420401418455
U00034,0,0,0.03,0.15099492828288505,13.421770689774368,-0.630164877403737,0.5064224831767222,0.7071067811865476,0.7071067811865476,0.0,3.208227199338119
U00035,0,0,0.03,0.08035533023796662,13.865481928996024,-0.42630173634163787,0.4362085839710631,-0.7071067811865471,-0.7071067811865479,0.25,3.692439083332059
U00036,0,0,0.03,0.11960967117475714,13.179968857961725,-0.09683708156107876,0.5064224831767222,0.8660254037844387,-0.4999999999999998,0.4,3.440017002399073
U00037,0,0,0.03,0.08079294126741102,13.48602684462873,-0.1732149357102263,0.4910899853670931,-0.8660254037844385,-0.5000000000000004,0.5,2.030382895291723
U00038,0,0,0.03,0.11841914042950315,13.692209513561483,-0.5421541744495212,0.5064224831767222,0.0,1.0,0.4,3.8249464748009125
U00039,0,0,0.03,0.18950229681569464,12.812678338685085,-0.08511313237175312,0.5997868029602118,-0.7071067811865477,0.7071067811865474,0.25,3.710542414187696
U00040,0,0,0.03,0.1657700241188712,13.367795874326811,-0.38971926501704035,0.491089985367093,-0.8660254037844386,0.5000000000000001,0.16666666666666666,3.828939761796606
U00041,0,0,0.03,0.10711087940623117,13.608726212168484,-0.21972714232261434,0.4191807663825097,-0.2588190451025208,-0.9659258262890683,0.2,1.725146782033626
U00042,0,0,0.03,0.10309390841159091,13.44271784643007,-0.07883198309223372,0.491089985367093,-0.8660254037844386,0.5000000000000001,0.0,3.3494036371840554
U00043,0,0,0.03,0.14137978384076935,12.839666193060399,-0.08299352943328568,0.5637914160289369,0.9659258262890683,-0.25881904510252063,0.16666666666666666,3.391509400651517
U00044,0,0,0.03,0.055550945821497735,14.246038941666107,-0.15916997307215708,0.4362085839710631,-0.7071067811865471,-0.7071067811865479,0.25,2.162138309687378
U00045,0,0,0.03,0.11760794023282867,13.543483963167482,-0.4221569854946693,0.5499806456316046,-0.2588190451025208,-0.9659258262890683,0.2857142857142857,3.4679282316859203
U00046,-1,1,0.0,0.04278447091757074,14.902319965867779,-0.4983427405161472,0.3456871240434053,0.7071067811865476,0.7071067811865476,0.3333333333333333,1.1580488411751921
U00047,2,0,0.8107,3.258096538021482,0.0,0.0,0.0,-0.4999999999999997,-0.8660254037844388,1.0,3.5964884180255168
U00048,0,0,0.03,0.10119148338071209,13.559194068781208,-0.28378643131134373,0.4362085839710631,0.9659258262890683,-0.25881904510252063,0.25,3.7000557703968147
U00049,0,0,0.03,0.09136952148600178,14.103842419257552,-0.4767387979635893,0.4362085839710631,0.9659258262890683,-0.25881904510252063,0.0,3.4930493581285047
U00050,0,0,0.03,0.1532702615947017,12.106683156646842,0.006808790796463672,0.5452607299638289,0.258819045102521,-0.9659258262890682,0.125,3.607779233381015
U00051,0,0,0.03,0.11742534802765268,13.033692806531667,-0.05524156594761904,0.6429066276455814,-1.0,-1.8369701987210297e-16,0.1111111111111111,1.4575916741061827
U00052,0,0,0.03,0.10535465546087093,13.292471486092674,-0.14684825670859955,0.48766513363573855,0.8660254037844387,-0.4999999999999998,0.0,1.84606971652067
U00053,0,0,0.03,0.12475432342486506,13.453469815269965,-0.0457792377343676,0.5637914160289369,0.8660254037844386,0.5000000000000001,0.16666666666666666,2.7589559975826368
U00054,2,0,0.8181,3.258096538021482,0.0,0.0,0.0,-0.4999999999999997,-0.8660254037844388,1.0,3.0520912745844506
U00055,0,0,0.03,0.1335061411246452,13.523006210344219,-0.20696315126315912,0.4191807663825097,-0.7071067811865477,0.7071067811865474,0.6,3.3665811749368038
U00056,2,0,0.828,3.258096538021482,0.0,0.0,0.0,0.49999999999999994,-0.8660254037844387,1.0,3.2576276781238565
U00057,0,0,0.03,0.11516130244910219,12.447460748225339,0.07525441316360762,0.491089985367093,-0.7071067811865477,0.7071067811865474,0.3333333333333333,2.9456084948213928
U00058,0,0,0.03,0.06883136055365552,14.41369134961703,-0.19655770404833584,0.3456871240434053,0.258819045102521,-0.9659258262890682,1.0,3.4634495816675557
U00059,0,0,0.03,0.12442470258440817,13.600412058264382,-0.23912612902928362,0.491089985367093,-0.4999999999999997,-0.8660254037844388,0.16666666666666666,3.3588688194537335
U00060,0,0,0.03,0.12456787423459902,12.637283470056754,0.18129296563155822,0.6122961576274709,0.0,1.0,0.2857142857142857,2.524683654051632
U00061,0,0,0.03,0.0996915017188401,13.494614972945678,-0.14649754877345036,0.491089985367093,-0.2588190451025208,-0.9659258262890683,0.0,3.151253541473909
U00062,0,0,0.03,0.039913705786782244,14.973220656405466,-0.7139489014635932,0.3456871240434053,0.7071067811865476,-0.7071067811865475,0.3333333333333333,2.245897156697473
U00063,0,0,0.03,0.10454469140471472,13.686520267481642,-0.1258034272111753,0.4191807663825097,-1.0,-1.8369701987210297e-16,0.2,3.111865801371881
U00064,0,0,0.03,0.2216624014400198,13.060191121119239,-0.1669908468014341,0.5064224831767222,0.8660254037844387,-0.4999999999999998,0.2,3.244306647299451
U00065,0,0,0.03,0.1516187327047855,13.33524970277789,-0.29734340510803126,0.4183885547052492,-0.8660254037844385,-0.5000000000000004,0.16666666666666666,3.5835375854015963
U00066,5,0,0.709,3.258096538021482,0.0,0.0,0.0,0.9659258262890683,0.25881904510252074,0.0,2.599753279656229
U00067,0,0,0.03,0.07229150264193966,14.362893832848677,-0.06656028143449164,0.20028426271971764,-0.25881904510252157,0.9659258262890681,0.3333333333333333,3.4853707912418574
U00068,0,0,0.03,0.29780579065988827,12.830928940296403,-0.0948546057981845,0.3456871240434053,0.258819045102521,-0.9659258262890682,0.6666666666666666,3.6589144090660297
U00069,5,0,0.7625,3.258096538021482,0.0,0.0,0.0,0.258819045102521,-0.9659258262890682,0.0,2.84310570174555
U00070,0,0,0.03,0.17216883030650598,13.731851736692391,-1.0,0.21810429198553155,-0.2588190451025208,-0.9659258262890683,0.0,2.937051868739827
U00071,0,0,0.03,0.12078622033406111,13.74276673186317,-0.5097759167677004,0.491089985367093,0.0,1.0,0.3333333333333333,3.311437702929113
U00072,0,0,0.03,0.058604491196558424,14.579707127262564,-0.6883914158311599,0.3456871240434053,0.0,1.0,0.6666666666666666,2.897512482990232
U00073,0,0,0.03,0.16756396828143663,12.76338578440292,-0.06610504238192924,0.6543128759565947,0.8660254037844387,-0.4999999999999998,0.5,3.652410553102083
U00074,0,0,0.03,0.19528854635640952,12.79759399447658,-0.09195994069721755,0.6429066276455814,0.8660254037844387,-0.4999999999999998,0.3333333333333333,2.3926373664592266
U00075,0,0,0.03,0.1898178826183455,12.560188317323982,-0.05295029693667949,0.4183885547052492,-0.4999999999999997,-0.8660254037844388,0.3333333333333333,3.3697142792964687
U00076,0,0,0.03,0.13021540504968276,12.766645118553592,0.046094634988648665,0.6543128759565947,0.7071067811865476,0.7071067811865476,0.25,2.552473350455652
U00077,0,0,0.03,0.11230259437809016,13.461336056740048,-0.21507412402785964,0.4191807663825097,-1.0,-1.8369701987210297e-16,0.0,0.8658401622163773
U00078,0,0,0.03,0.07102410885341054,14.381222299192459,-0.20254613108145858,0.3456871240434053,0.258819045102521,-0.9659258262890682,0.0,3.650459808908922
U00079,0,0,0.03,0.1032304471651086,13.173955327189915,-0.04155747840254163,0.4362085839710631,0.9659258262890683,-0.25881904510252063,0.25,3.5971353042933347
U00080,-1,1,0.0,0.03827298571775221,15.303703800192547,-1.0,0.21810429198553155,0.8660254037844387,-0.4999999999999998,0.5,0.6702954650708489
U00081,0,0,0.03,0.05253400235305286,14.692121143161728,-0.27313488551015797,0.3456871240434053,0.9659258262890683,-0.25881904510252063,0.0,2.2476961607549737
U00082,0,0,0.03,0.13675473287816117,12.339273983692715,0.024301888293816482,0.491089985367093,0.49999999999999994,-0.8660254037844387,0.16666666666666666,3.0562572172001077
U00083,5,0,0.7391,3.258096538021482,0.0,0.0,0.0,-0.7071067811865477,0.7071067811865474,0.0,2.5198772992707936
U00084,0,0,0.03,0.16034049640278483,12.920275344660727,-0.1360468218672919,0.6913742480868106,0.25881904510252074,0.9659258262890683,0.2222222222222222,3.1452836028833757
U00085,0,0,0.03,0.20069489872748852,12.068148762887779,0.07743767108333306,0.17694324093850913,1.2246467991473532e-16,-1.0,0.25,3.7737013216787174
U00086,0,0,0.03,0.08483027553468624,14.215138663871805,-0.5717796887889405,0.4362085839710631,0.8660254037844387,-0.4999999999999998,0.25,3.510381826773638
U00087,3,0,0.7675,0.17505159350621688,13.259159186020407,-0.8202564634294292,0.32715643797829735,-0.2588190451025208,-0.9659258262890683,1.0,3.4399772925481855
U00088,0,0,0.03,0.08283643887178214,13.938911561026032,-0.17069210304342622,0.5064224831767222,0.8660254037844387,-0.4999999999999998,0.6,3.074170061554023
U00089,0,0,0.03,0.04941639137513614,15.042553586349014,-1.0,0.21810429198553155,0.8660254037844387,-0.4999999999999998,0.5,3.2245789753888747
U00090,0,0,0.03,0.13359046033684968,13.353987665395488,-0.17360687383134668,0.4183885547052492,-0.8660254037844385,-0.5000000000000004,0.6666666666666666,3.5797044451518305
U00091,0,0,0.03,0.11525477686592892,13.485759185652475,-0.09921075307842724,0.5064224831767222,1.0,6.123233995736766e-17,0.0,2.718698552553179
U00092,0,0,0.03,0.09900192509136785,14.322597401192587,-1.0,0.21810429198553155,0.7071067811865476,-0.7071067811865475,0.5,1.970670510028218
U00093,0,0,0.03,0.051191712683116196,13.654314282785268,0.042350764260093786,0.4362085839710631,0.49999999999999994,-0.8660254037844387,0.25,2.2107476955390593
U00094,0,0,0.03,0.05306755556870642,14.96942887920635,-1.0,0.21810429198553155,1.2246467991473532e-16,-1.0,0.5,3.288234308523223
U00095,0,0,0.03,0.16443424135071544,12.98185225446348,-0.2428569630514211,0.6809059167651476,-0.25881904510252157,0.9659258262890681,0.1,3.276875217291037
U00096,0,0,0.03,0.05580469859552531,14.917755573615782,-1.0,0.21810429198553155,-0.2588190451025208,-0.9659258262890683,0.0,2.7095113244993665
U00097,0,0,0.03,0.0846240973767677,13.287975268760334,0.07874922040659764,0.5064224831767222,0.9659258262890683,-0.25881904510252063,0.2,1.7100015246582945
U00098,0,0,0.03,0.08649581073459343,14.249519714142878,-0.5104390392071875,0.32715643797829735,-0.4999999999999997,-0.8660254037844388,0.5,3.251356460112692
U00099,0,0,0.03,0.14185066278145828,13.234789870143695,-0.17636195920069547,0.4362085839710631,0.0,1.0,0.5,2.649137798943314
U00100,0,0,0.03,0.09229244939307002,14.108500642958827,-0.8419007010726329,0.3456871240434053,-0.4999999999999997,-0.8660254037844388,0.6666666666666666,3.317411856618914
U00101,0,0,0.03,0.05517395458812763,13.668225588449308,0.051729961766551785,0.4362085839710631,0.8660254037844387,-0.4999999999999998,0.25,1.4382650880352406
U00102,-1,1,0.0,0.5107654458244284,12.465509552541652,-1.0,0.0,-0.4999999999999997,-0.8660254037844388,0.0,2.958763282629599
U00103,0,0,0.03,0.08309697656564449,14.021205971994014,-0.43136525692719685,0.4362085839710631,0.7071067811865476,0.7071067811865476,0.5,3.3305811694608343
U00104,0,0,0.03,0.07722167778023908,13.834756167409713,-0.23189789992931523,0.32715643797829735,-0.9659258262890683,-0.25881904510252063,0.0,2.560111283946267
U00105,0,0,0.03,0.11279615749916679,13.218275194370534,-0.031260039664063426,0.47015413144393475,-0.8660254037844386,0.5000000000000001,0.0,3.0497002574442607
U00106,0,0,0.03,0.06162994986245386,14.815524600390834,-1.0,0.21810429198553155,0.49999999999999994,-0.8660254037844387,0.5,3.6850358500707583
U00107,0,0,0.03,0.08090792729938323,13.937710048931041,-0.09242912296038536,0.5064224831767222,0.7071067811865476,-0.7071067811865475,0.2,0.929481132559851
U00108,-1,1,0.0,0.1164096059958261,13.877803434528445,-0.10075519028613826,0.490734656967446,-0.4999999999999997,-0.8660254037844388,0.5,0.4843746954107465
U00109,0,0,0.03,0.16801425962109356,13.110718842197109,-0.13663394477259155,0.4191807663825097,-1.0,-1.8369701987210297e-16,0.4,3.1718269216014834
U00110,0,0,0.03,0.1365663460384213,12.990209321530198,-0.14411786041378244,0.41838855470524916,0.9659258262890683,-0.25881904510252063,0.5,3.476728145180384
U00111,2,0,0.7326,3.258096538021482,0.0,0.0,0.0,-0.25881904510252157,0.9659258262890681,1.0,2.9677792300027304
U00112,0,0,0.03,0.0560429580546417,14.9133749003236,-1.0,0.21810429198553155,0.7071067811865476,-0.7071067811865475,0.0,2.660035315030738
U00113,0,0,0.03,0.09913232093580149,12.733289201018918,0.11309951576261099,0.4191807663825097,-0.9659258262890684,0.2588190451025203,0.4,2.325810957445024
U00114,0,0,0.03,0.11618195781936454,13.202601450608162,0.01845490766226296,0.5064224831767222,0.9659258262890683,-0.25881904510252063,0.0,3.005232145429993
U00115,0,0,0.03,0.17317110392173166,13.115578411493452,-0.4333151479833733,0.5499806456316048,0.8660254037844387,-0.4999999999999998,0.2857142857142857,3.8381965463524517
U00116,0,0,0.03,0.12296843227881422,12.974814193011602,0.05295297521979279,0.47015413144393475,0.0,1.0,0.375,3.253986429295565
U00117,0,0,0.03,0.11253816291087113,13.682717178655203,-0.21927499887703977,0.5637914160289369,0.7071067811865476,-0.7071067811865475,0.5,3.575540953943953
U00118,0,0,0.03,0.12061744996285725,13.85456010262291,-0.5675281138409207,0.4362085839710631,1.2246467991473532e-16,-1.0,0.25,3.6215391722014796
U00119,1,0,0.7719,0.0,0.0,0.0,0.0,0.0,1.0,0.0,1.7804613168912071
U00120,0,0,0.03,0.09600772322785607,13.955302065119781,-0.24781255457159904,0.4362085839710631,0.0,1.0,0.25,3.7957094624549894
U00121,0,0,0.03,0.10559811027980953,13.72634814187522,-0.17249388621369371,0.6543128759565947,0.9659258262890683,0.25881904510252074,0.25,2.7938122769495064
U00122,0,0,0.03,0.07113259402244658,13.55209564175549,-0.008680479367084454,0.5637914160289369,0.0,1.0,0.0,1.5654134575442331
U00123,0,0,0.03,0.11286039238419121,14.18453364876558,-1.0,0.21810429198553155,0.49999999999999994,-0.8660254037844387,0.5,3.483569283487639
U00124,0,0,0.03,0.042471781404859514,14.909812738111794,-0.4638740589510042,0.3456871240434053,0.7071067811865476,-0.7071067811865475,0.0,1.3395684711197218
U00125,0,0,0.03,0.22488907118139168,12.210836281379196,0.03127865526220158,0.5997868029602118,-1.0,-1.8369701987210297e-16,0.5,3.601944778728118
U00126,0,0,0.03,0.10900482507695043,13.467286943578163,-0.09091680093459348,0.4018290210415738,0.9659258262890683,-0.25881904510252063,0.42857142857142855,3.179216830498552
U00127,0,0,0.03,0.052680309860617704,13.014252416069573,0.09154406184923945,0.4362085839710631,0.49999999999999994,-0.8660254037844387,0.25,0.6296328261425733
U00128,0,0,0.03,0.20573580004183906,13.248741370364444,-0.1872445723253989,0.3456871240434053,-0.4999999999999997,-0.8660254037844388,0.3333333333333333,3.793666107227479
U00129,0,0,0.03,0.14088176143566608,13.167973251713503,-0.10641953102682715,0.5997868029602118,-0.7071067811865477,0.7071067811865474,0.25,3.3089636376123273
U00130,0,0,0.03,0.14798476139816222,13.607950574650623,-0.6079651875532442,0.3456871240434053,0.49999999999999994,-0.8660254037844387,0.6666666666666666,3.6826267289148804
U00131,0,0,0.03,0.12828447291605477,13.278966191149417,-0.16148297054336563,0.5499806456316046,-0.5000000000000004,0.8660254037844384,0.42857142857142855,2.388016035798446
U00132,0,0,0.03,0.223881443153641,12.748401296811146,-0.06243962014500008,0.5499806456316046,-0.9659258262890683,-0.25881904510252063,0.5714285714285714,3.36880012580759
U00133,0,0,0.03,0.18249639683048985,12.843939647261942,-0.1962174475391104,0.5997868029602118,0.7071067811865476,-0.7071067811865475,0.25,3.7418778478125247
U00134,0,0,0.03,0.09158230375429771,14.404267307737431,-1.0,0.21810429198553155,-0.7071067811865471,-0.7071067811865479,0.0,3.740161000747297
U00135,0,0,0.03,0.09890041589688951,12.960677042380032,0.02810753341835842,0.4362085839710631,0.8660254037844387,-0.4999999999999998,0.0,3.7908033421592777
U00136,0,0,0.03,0.08120639405329645,14.503039988473487,-0.2019869146983766,0.32715643797829735,-0.9659258262890684,0.2588190451025203,0.25,2.93944113058474
U00137,0,0,0.03,0.0776695303726644,13.608973354813466,0.01241618528941883,0.4362085839710631,0.0,1.0,0.5,3.402745565323175
U00138,0,0,0.03,0.11114150910994322,13.310037251624893,-0.1442812830142405,0.490734656967446,0.49999999999999994,-0.8660254037844387,0.25,2.3800689741059142
U00139,0,0,0.03,0.17454084017172197,13.014721372238563,-0.033397701654844555,0.4641445330374401,-0.4999999999999997,-0.8660254037844388,0.14285714285714285,3.7794448620208905
U00140,0,0,0.03,0.1443976820587953,13.006256436316342,0.03290234623533907,0.5499806456316046,-1.0,-1.8369701987210297e-16,0.2857142857142857,2.904890337006655
U00141,0,0,0.03,0.10668845365817214,13.392168352536642,-0.05039682965685448,0.5064224831767222,0.9659258262890683,-0.25881904510252063,0.2,2.972352282894689
U00142,0,0,0.03,0.09363446767299594,12.504418284521078,0.1840528123442275,0.5064224831767222,0.8660254037844387,-0.4999999999999998,0.2,1.753788746116545
U00143,0,0,0.03,0.14219619413378248,13.650816323027794,-0.3268753617746906,0.3456871240434053,0.258819045102521,-0.9659258262890682,0.6666666666666666,3.7874463725422447
U00144,0,0,0.03,0.09152534847800949,13.723919254559101,-0.23179246895662917,0.5637914160289369,0.8660254037844387,-0.4999999999999998,0.16666666666666666,2.4765267287141723
U00145,0,0,0.03,0.12408917721768005,13.525189005146986,-0.1735803814957088,0.5637914160289369,0.8660254037844386,0.5000000000000001,0.16666666666666666,3.62937024009147
U00146,0,0,0.03,0.10674935780853771,13.78766340002349,-0.27516875389766343,0.6122961576274709,0.9659258262890683,-0.25881904510252063,0.42857142857142855,2.009071233867657
U00147,0,0,0.03,0.13393366498678297,13.130978163348948,-0.12349990928427829,0.6809059167651474,-0.5000000000000004,0.8660254037844384,0.4,1.9772476248500046
U00148,0,0,0.03,0.09431054210880419,13.78857605922407,-0.3287408961358189,0.491089985367093,-0.2588190451025208,-0.9659258262890683,0.3333333333333333,2.9889022892593804
U00149,0,0,0.03,0.1563712925940213,13.238667987394532,-0.3054451266376079,0.5452607299638289,-0.9659258262890683,-0.25881904510252063,0.125,3.064538476384865
U00150,0,0,0.03,1.1759934327612556,11.25281964828855,-1.0,0.21810429198553155,1.0,6.123233995736766e-17,0.0,3.789215126783782
U00151,0,0,0.03,0.06634200177795158,13.97571601344352,-0.2254980811627248,0.4362085839710631,0.9659258262890683,0.25881904510252074,0.25,3.0364470401033103
U00152,0,0,0.03,0.09647972358528398,13.907875495707216,-0.340994277446861,0.4910899853670931,-0.4999999999999997,-0.8660254037844388,0.3333333333333333,3.2549215422261994
U00153,0,0,0.03,0.08050374955911388,13.744584748126492,-0.2753464959027882,0.491089985367093,0.7071067811865476,-0.7071067811865475,0.5,1.9300828438125308
U00154,0,0,0.03,0.10666269325901265,13.795964777680076,-0.19040410653088974,0.4362085839710631,0.0,1.0,0.75,3.081301880596974
U00155,0,0,0.03,0.14557938417411048,13.31553584950252,-0.17162565581447767,0.5499806456316048,0.0,1.0,0.42857142857142855,3.4773761524555913
U00156,0,0,0.03,0.12398125086854248,13.714940770642311,-0.3958038323273957,0.5064224831767222,0.7071067811865476,-0.7071067811865475,0.0,3.531975179523214
U00157,0,0,0.03,0.0738594257866217,14.001169871578645,-0.3516474644823724,0.4362085839710631,0.7071067811865476,-0.7071067811865475,0.25,2.9895243870303383
U00158,0,0,0.03,0.12991959239222065,13.00712759474264,0.07809358636042998,0.5997868029602118,0.9659258262890683,-0.25881904510252063,0.625,2.4263737214742553
U00159,0,0,0.03,0.16008951745721223,12.712486551966556,-0.1201138689847574,0.5064224831767222,0.7071067811865476,-0.7071067811865475,0.1,1.846984645540534
U00160,0,0,0.03,0.13327308943492333,13.565121701209858,-0.2300914996192251,0.5064224831767222,0.258819045102521,-0.9659258262890682,0.0,3.3787478052108466
U00161,0,0,0.03,0.15826582813664955,12.996247847740708,-0.16258846206418148,0.5499806456316046,-0.7071067811865477,0.7071067811865474,0.42857142857142855,3.4915989993701553
U00162,0,0,0.03,0.08620338624127412,14.196612274282952,-0.2860743677187995,0.5064224831767222,0.8660254037844387,-0.4999999999999998,0.4,1.5769410250963822
U00163,0,0,0.03,0.11988672236358516,13.100271130929512,-0.06685486716790841,0.5499806456316048,-0.2588190451025208,-0.9659258262890683,0.14285714285714285,2.812406045580251
U00164,0,0,0.03,0.2609090856525291,13.002234342041325,-0.5817834682334562,0.4362085839710631,0.7071067811865476,-0.7071067811865475,0.5,3.5488508095102334
U00165,0,0,0.03,0.08825765049332754,13.772009979238259,-0.13620569782644937,0.41838855470524916,0.49999999999999994,-0.8660254037844387,0.16666666666666666,2.9813052067307226
U00166,0,0,0.03,0.13072448185642885,12.306759255488108,-0.04275820458509208,0.491089985367093,-0.8660254037844386,0.5000000000000001,0.3333333333333333,3.3406914593978723
U00167,0,0,0.03,0.12734157080768593,12.961950463991174,0.05656748019789939,0.5997868029602118,0.0,1.0,0.125,2.3290049844334293
U00168,0,0,0.03,0.07198837816984882,13.711404810311267,-0.2124678136350174,0.4362085839710631,0.9659258262890683,-0.25881904510252063,0.5,3.0117867360108144
U00169,0,0,0.03,0.07941678232357084,13.635883767025156,-0.12366481457086607,0.32715643797829735,0.8660254037844387,-0.4999999999999998,0.25,3.5496705994982807
U00170,0,0,0.03,0.12098699237470258,13.833875878319729,-0.29080964192110015,0.4362085839710631,0.9659258262890683,-0.25881904510252063,0.5,2.991642904953763
U00171,0,0,0.03,0.13613589288988068,13.231300290123311,-0.08091493226960986,0.31824642334539033,0.7071067811865476,-0.7071067811865475,0.16666666666666666,3.786207010523785
U00172,0,0,0.03,0.0909360396346161,14.135976808061821,-0.28137623004490275,0.32715643797829735,0.8660254037844387,-0.4999999999999998,0.25,2.938515034454459
U00173,-1,1,0.0,0.10408003046788271,13.238618134726957,-0.22248592174227397,0.6429066276455814,-0.2588190451025208,-0.9659258262890683,0.6666666666666666,1.638207568430181
U00174,0,0,0.03,0.1162715143000101,13.305805972266903,-0.2515845579415984,0.4362085839710631,0.0,1.0,0.0,3.401771291018745
U00175,0,0,0.03,0.14852133327026457,13.261306723951762,-0.11797255389360585,0.5499806456316046,-0.9659258262890684,0.2588190451025203,0.14285714285714285,3.5821944377209523
U00176,0,0,0.03,0.18308387031476056,13.47391140111926,-0.22453278334957288,0.4183885547052492,-0.7071067811865471,-0.7071067811865479,0.3333333333333333,3.5730112506623244
U00177,0,0,0.03,0.17416597908305095,13.146603204576023,-0.08451928104753405,0.5452607299638289,1.2246467991473532e-16,-1.0,0.25,3.127089936705261
U00178,0,0,0.03,0.06603463293114531,13.372014868215283,-0.04800191870222468,0.4362085839710631,0.7071067811865476,-0.7071067811865475,0.5,3.0719380355399877
U00179,0,0,0.03,0.311211716174902,12.484949818371879,-0.2385301718960826,0.5997868029602118,-0.4999999999999997,-0.8660254037844388,0.25,3.693106041901879
U00180,0,0,0.03,0.04926585746435779,14.927958688408692,-0.18420637093950717,0.32715643797829735,-0.9659258262890683,-0.25881904510252063,0.0,1.241696671267951
U00181,-1,1,0.0,0.07940933331469602,11.69987794911552,0.14564134242203924,0.32715643797829735,-0.5000000000000004,0.8660254037844384,0.0,1.3055072599418984
U00182,0,0,0.03,0.14420961255832274,13.566910727540629,-0.15258912797531957,0.5637914160289369,0.0,1.0,0.16666666666666666,3.0499349023229243
U00183,0,0,0.03,0.09963113710997369,12.92983632120448,0.10468773894767226,0.5637914160289369,0.49999999999999994,0.8660254037844387,0.3333333333333333,2.8262343908534304
U00184,0,0,0.03,0.13791064555496327,13.161612936295414,-0.26715481587800816,0.5246802044403176,-0.7071067811865471,-0.7071067811865479,0.375,2.676276014609364
U00185,0,0,0.03,0.13182476641581528,13.004215900347244,-0.10505439599404405,0.4191807663825097,0.9659258262890683,-0.25881904510252063,0.4,3.429632605544837
U00186,0,0,0.03,0.14247695785693007,13.657268352583758,-0.18029501488156732,0.4910899853670931,-0.9659258262890684,0.2588190451025203,0.16666666666666666,3.6412663313344233
U00187,0,0,0.03,0.1298023582378419,13.807088189182286,-0.3131560335222466,0.491089985367093,0.8660254037844387,-0.4999999999999998,0.3333333333333333,3.785762733069938
U00188,0,0,0.03,0.09888809587216643,14.067012968575394,-0.32167366122128604,0.4362085839710631,0.0,1.0,0.5,3.610480504682996
U00189,0,0,0.03,0.09400674356396956,14.109798265093048,-0.48384987210357006,0.32715643797829735,0.7071067811865476,-0.7071067811865475,0.5,2.19690302358574
U00190,0,0,0.03,0.2096636875074931,12.971716053652484,-0.29692133631565076,0.4191807663825097,0.9659258262890683,-0.25881904510252063,0.6,3.8134396273280244
U00191,5,0,0.7448,3.258096538021482,0.0,0.0,0.0,-0.9659258262890684,0.2588190451025203,0.0,3.592897723638446
U00192,0,0,0.03,0.06467985696370682,14.47799979995359,-0.0657653294049674,0.3456871240434053,-0.7071067811865471,-0.7071067811865479,0.6666666666666666,3.2080077211384657
U00193,0,0,0.03,0.05095259461605725,14.723483593511919,-0.7782893415578827,0.3456871240434053,1.2246467991473532e-16,-1.0,0.0,2.868376218665956
U00194,0,0,0.03,0.08170710933932197,11.82391870845635,0.12454703336570182,0.32715643797829735,-0.2588190451025208,-0.9659258262890683,0.25,3.1991940513800166
U00195,5,0,0.7745,3.258096538021482,0.0,0.0,0.0,1.2246467991473532e-16,-1.0,0.0,2.952614532396947
U00196,0,0,0.03,0.09216275041985919,13.903415202538262,-0.3594727936002669,0.4362085839710631,0.8660254037844386,0.5000000000000001,0.0,1.8234173792779869
U00197,0,0,0.03,0.08791538959468007,14.159309460329085,-0.3304949069649624,0.3456871240434053,0.7071067811865476,-0.7071067811865475,0.3333333333333333,3.659961869859302
U00198,0,0,0.03,0.12162986025468626,13.695430573840373,-0.3086345041841505,0.4191807663825097,-0.8660254037844386,0.5000000000000001,0.4,3.2721554553685195
U00199,0,0,0.03,0.07312841270416516,13.707685897683158,-0.0925550636132902,0.5064224831767222,0.0,1.0,0.2,1.26238583204322
U00200,0,0,0.03,0.28696339859053344,12.873700715794596,-0.5753599825463008,0.20028426271971764,-0.8660254037844386,0.5000000000000001,0.3333333333333333,3.4031476391669098
U00201,0,0,0.03,0.11941473624207709,13.922604670075048,-0.19207157541497205,0.5997868029602118,-0.8660254037844385,-0.5000000000000004,0.5,3.285122521659348
U00202,0,0,0.03,0.2821264756793158,12.786792734225575,-0.13258027763330985,0.4362085839710631,-0.7071067811865471,-0.7071067811865479,0.25,3.60839784805526
U00203,5,0,0.729,3.258096538021482,0.0,0.0,0.0,0.49999999999999994,-0.8660254037844387,0.0,3.812861088495485
U00204,0,0,0.03,0.15593107928332758,13.184264360795254,-0.12832329055938155,0.5064224831767222,0.0,1.0,0.0,3.397944411301279
U00205,0,0,0.03,0.12748106364843673,13.76457614653895,-0.11548145769929134,0.3456871240434053,-0.7071067811865471,-0.7071067811865479,0.0,2.233459524211134
U00206,5,0,0.7617,3.258096538021482,0.0,0.0,0.0,0.258819045102521,-0.9659258262890682,0.0,3.0814044053896033
U00207,0,0,0.03,0.0734736182648948,14.053600257062861,-0.2288922358565343,0.4362085839710631,0.0,1.0,0.0,3.209402856911085
U00208,0,0,0.03,0.23803136574712055,12.23204736270237,0.03249658578975187,0.6591232116726952,0.49999999999999994,-0.8660254037844387,0.3333333333333333,3.6076932495327454
U00209,0,0,0.03,0.1471183876668222,13.622539698092972,-0.26786657700872224,0.32715643797829735,-0.7071067811865471,-0.7071067811865479,0.5,3.5491469962578086
U00210,0,0,0.03,0.07393150735227401,14.459398689445438,-0.38474566188594733,0.4362085839710631,0.0,1.0,0.5,3.1880442685742865
U00211,5,0,0.7183,3.258096538021482,0.0,0.0,0.0,-0.8660254037844386,0.5000000000000001,0.0,1.7685939019158936
U00212,0,0,0.03,0.06856642973128578,14.705363675617924,-1.0,0.21810429198553155,-1.0,-1.8369701987210297e-16,0.0,2.8113342568530073
U00213,0,0,0.03,0.09310543100735899,13.877427520818769,-0.6355087923250047,0.5637914160289369,0.0,1.0,0.16666666666666666,2.9859881945775903
U00214,0,0,0.03,0.13729059312678663,13.510082621627589,-0.17867537262026353,0.4362085839710631,0.0,1.0,0.25,2.513393620481797
U00215,0,0,0.03,0.10920705666438887,13.696966295148,-0.11283704148722451,0.331939049588297,0.0,1.0,0.2,3.070724320737348
U00216,0,0,0.03,0.0733792413028808,14.038530901688741,-0.15012075010100293,0.4362085839710631,0.9659258262890683,-0.25881904510252063,0.0,2.7290518792809464
U00217,0,0,0.03,0.22789754943131063,12.392552212472792,-0.027817368987293607,0.5637914160289369,0.0,1.0,0.3333333333333333,3.7385334426105454
U00218,0,0,0.03,0.17927909953561888,12.94888579710494,-0.07597839192991772,0.5997868029602118,-1.0,-1.8369701987210297e-16,0.625,3.755017173282978
U00219,0,0,0.03,0.12184752755334048,14.029351776429253,-0.23016133095705119,0.4362085839710631,0.0,1.0,0.5,3.495993961583169
U00220,-1,1,0.0,0.19447355720528375,13.310856683048337,-0.09700769087497899,0.20028426271971764,0.8660254037844386,0.5000000000000001,0.6666666666666666,2.6731288128394106
U00221,0,0,0.03,0.09396155573787222,13.670051744188102,-0.1505432410388024,0.5499806456316046,-0.9659258262890684,0.2588190451025203,0.5714285714285714,2.302887130709396
U00222,0,0,0.03,0.17894523661187317,13.267079981667152,-0.5894154396018055,0.491089985367093,0.0,1.0,0.3333333333333333,3.630982103111471
U00223,0,0,0.03,0.11513358329574283,13.141739443147829,-0.07235860622010835,0.5499806456316046,-0.7071067811865477,0.7071067811865474,0.14285714285714285,3.2199016873801614
U00224,0,0,0.03,0.13684942402161332,13.633760837640676,-0.3062019658164174,0.6122961576274709,0.0,1.0,0.14285714285714285,3.1873488462969517
U00225,0,0,0.03,0.09879759647926513,13.123020161674313,0.024001768685241797,0.5499806456316048,0.9659258262890683,-0.25881904510252063,0.42857142857142855,1.232610875381217
U00226,0,0,0.03,0.08236914173517458,13.667309808807655,-0.17373071247589875,0.491089985367093,-0.9659258262890684,0.2588190451025203,0.5,2.4580127349358074
U00227,0,0,0.03,0.043644906723152674,14.881975273078726,-0.22355332463465113,0.3456871240434053,-0.2588190451025208,-0.9659258262890683,0.6666666666666666,2.7202852321037643
U00228,0,0,0.03,0.08892128742521856,13.76384035044863,-0.38812494435060707,0.32715643797829735,1.2246467991473532e-16,-1.0,0.5,3.52914259876894
U00229,0,0,0.03,0.15852895489905136,13.257538293703606,-0.3497854449518042,0.5944390072043522,0.258819045102521,-0.9659258262890682,0.3333333333333333,3.4173539669257287
U00230,0,0,0.03,0.11118246112708915,13.962653023237992,-0.22095162632200385,0.491089985367093,-0.9659258262890684,0.2588190451025203,0.16666666666666666,3.18268333682436
U00231,0,0,0.03,0.1028149728981112,13.773850712544961,-0.18321632767799595,0.5637914160289369,1.2246467991473532e-16,-1.0,0.3333333333333333,3.46648685051327
U00232,0,0,0.03,0.12496400084368954,13.100939516619055,-0.14729509007267577,0.490734656967446,-0.8660254037844385,-0.5000000000000004,0.375,3.098478959466565
U00233,5,0,0.7624,3.258096538021482,0.0,0.0,0.0,0.258819045102521,-0.9659258262890682,0.0,2.827004018889705
U00234,0,0,0.03,0.0701750663479145,13.986185387504646,-0.19840042467404692,0.4362085839710631,0.49999999999999994,-0.8660254037844387,0.5,1.9378453080669464
U00235,0,0,0.03,0.05706945235569969,14.60702437895388,-0.39801568031939677,0.3456871240434053,0.7071067811865476,-0.7071067811865475,0.3333333333333333,2.9860133221805265
U00236,0,0,0.03,0.12217465606498604,12.704809493598782,-0.05357033528792955,0.4362085839710631,0.8660254037844387,-0.4999999999999998,0.25,3.1638064040328033
U00237,0,0,0.03,0.11913909844469701,13.05500488387951,-0.08767484966747537,0.6429066276455814,1.2246467991473532e-16,-1.0,0.2222222222222222,2.3947157706723323
U00238,0,0,0.03,0.3029187698688587,12.811221598687395,-0.3070125829362325,0.20028426271971764,1.2246467991473532e-16,-1.0,0.0,3.6769263551700737
U00239,0,0,0.03,0.07334485133188362,13.582456812491408,0.07910477627058904,0.5637914160289369,0.8660254037844387,-0.4999999999999998,0.3333333333333333,1.3616499967868496
U00240,0,0,0.03,0.1600031204216577,13.81138505978709,-1.0,0.21810429198553155,0.258819045102521,-0.9659258262890682,0.0,3.5715240613802823
U00241,0,0,0.03,0.08615437257060035,13.928283731860523,-0.44826302227490733,0.32715643797829735,-0.5000000000000004,0.8660254037844384,0.5,2.807092884554564
U00242,0,0,0.03,0.149218410045824,11.543527412267125,0.15592707172294246,0.6122961576274709,0.8660254037844387,-0.4999999999999998,0.0,1.1001427527127814
U00243,0,0,0.03,0.18636147209896375,12.758439365201033,-0.14356738892157683,0.4910899853670931,-0.9659258262890684,0.2588190451025203,0.0,3.3528055756375807
U00244,0,0,0.03,0.07644811935375811,13.82310018375254,-0.23082127503656233,0.4191807663825097,0.7071067811865476,-0.7071067811865475,0.6,3.1631644028461467
U00245,0,0,0.03,0.1627152453050998,13.151970722156987,-0.19199193460938388,0.3909478540072342,-1.0,-1.8369701987210297e-16,0.0,3.822735808400291
U00246,0,0,0.03,0.0772043552010169,14.294657571282054,-0.0596053456178861,0.3456871240434053,0.0,1.0,0.0,3.5987305845804705
U00247,0,0,0.03,0.13830189426672515,13.227541076352198,-0.18700564735584055,0.5452607299638289,-1.0,-1.8369701987210297e-16,0.125,3.3746173021979535
U00248,0,0,0.03,0.12384232138773095,13.108592999453217,-0.08923671074137121,0.6429066276455814,0.8660254037844387,-0.4999999999999998,0.1111111111111111,2.714305288547347
U00249,0,0,0.03,0.0974471608687857,13.696451083005751,-0.20150170324785865,0.48766513363573855,0.49999999999999994,-0.8660254037844387,0.42857142857142855,1.324514377396058
U00250,0,0,0.03,0.06949186306838903,14.403807092860593,-0.593958256902861,0.3456871240434053,0.0,1.0,0.0,3.7954085575403615
U00251,0,0,0.03,0.11255654736524102,13.377685984416095,-0.020429294328653858,0.331939049588297,0.258819045102521,-0.9659258262890682,0.2,3.789893035528066
U00252,0,0,0.03,0.11812201539511126,13.016142491734348,-0.07933014021575421,0.491089985367093,0.7071067811865476,-0.7071067811865475,0.5,3.4951026047186575
U00253,0,0,0.03,0.1502530641178532,12.966477693327283,-0.05971490059192979,0.5499806456316046,-0.7071067811865471,-0.7071067811865479,0.0,3.4585931215904404
U00254,5,0,0.7399,3.258096538021482,0.0,0.0,0.0,0.258819045102521,-0.9659258262890682,0.0,3.78093967206092
U00255,0,0,0.03,0.06457211951557523,14.47972134004926,-0.8305531308310176,0.3456871240434053,0.0,1.0,0.0,3.25180094319784
U00256,0,0,0.03,0.09877285198490826,14.037348457285763,-0.08445859075841076,0.3456871240434053,0.49999999999999994,-0.8660254037844387,0.6666666666666666,3.7334674040694624
U00257,0,0,0.03,0.056340283050680236,12.218391456447426,0.12623275745057003,0.32715643797829735,-0.9659258262890684,0.2588190451025203,0.25,1.7013416234053174
U00258,0,0,0.03,0.13488729059256488,13.707323272978202,-0.5073215546872311,0.3456871240434053,0.9659258262890683,-0.25881904510252063,0.0,3.561045753795075
U00259,0,0,0.03,0.089078756982659,13.553818467537187,-0.10719638021700109,0.4362085839710631,0.7071067811865476,-0.7071067811865475,0.25,3.214332184818328
U00260,0,0,0.03,0.13341100703946693,13.284929405792933,-0.15172833677135378,0.5499806456316048,0.49999999999999994,-0.8660254037844387,0.14285714285714285,3.1561337139105903
U00261,0,0,0.03,0.27427261716930396,12.661010224666036,-0.1719957682525811,0.491089985367093,-0.7071067811865471,-0.7071067811865479,0.16666666666666666,3.8304204591534865
U00262,0,0,0.03,0.16332261287853864,12.907845021913811,-0.158815256003738,0.48766513363573855,-0.8660254037844385,-0.5000000000000004,0.2857142857142857,3.628240418854508
U00263,0,0,0.03,0.20748451853003627,11.852254331821069,0.17234106841339433,0.48766513363573855,0.258819045102521,-0.9659258262890682,0.14285714285714285,3.6161506942272266
U00264,0,0,0.03,0.1308031134278296,13.220614682402058,-0.3196891690152477,0.490734656967446,0.8660254037844387,-0.4999999999999998,0.375,2.779626974236538
U00265,-1,1,0.0,0.04853665678672107,14.773277918039293,-0.09502202548762619,0.3456871240434053,-0.4999999999999997,-0.8660254037844388,0.3333333333333333,0.49315655215367366
U00266,0,0,0.03,0.05289887209244936,14.685015715136325,-0.20248710241530285,0.3456871240434053,1.2246467991473532e-16,-1.0,0.6666666666666666,3.2930367387421784
U00267,0,0,0.03,0.08203266842436831,14.519231637294734,-1.0,0.21810429198553155,0.49999999999999994,-0.8660254037844387,0.0,2.71929003755262
U00268,0,0,0.03,0.044774677659016444,15.143532060952388,-1.0,0.21810429198553155,-0.4999999999999997,-0.8660254037844388,0.5,2.3806247274792334
U00269,0,0,0.03,0.5059941550671556,12.189800977055276,-0.12064355378372606,0.3456871240434053,0.9659258262890683,-0.25881904510252063,0.6666666666666666,3.7527816508782834
U00270,0,0,0.03,0.2064314722518724,12.63302849774687,-0.128070958637844,0.6728435620217027,1.2246467991473532e-16,-1.0,0.25,3.482353073727322
U00271,0,0,0.03,0.14136252199157553,13.657123082245947,-0.31152674782031464,0.3456871240434053,0.8660254037844387,-0.4999999999999998,0.0,3.2247603290146727
U00272,-1,1,0.0,0.056330399448673636,14.530713218398152,-0.7606115544974666,0.32715643797829735,-0.5000000000000004,0.8660254037844384,0.0,1.7254168525525349
U00273,0,0,0.03,0.13614626536935773,12.612227515697784,-0.09335629970540472,0.5944390072043522,0.49999999999999994,-0.8660254037844387,0.1111111111111111,1.3981794710788145
U00274,0,0,0.03,0.1301833406710673,12.936242211228482,0.06002563003972019,0.5944390072043522,0.8660254037844387,-0.4999999999999998,0.3333333333333333,1.5427241877495215
U00275,0,0,0.03,0.1337826367675073,13.600173952986001,-0.2064817256026848,0.5637914160289369,0.0,1.0,0.0,2.962831179108444
U00276,0,0,0.03,0.03828116026589315,15.303486124373302,-1.0,0.21810429198553155,0.7071067811865476,-0.7071067811865475,0.5,3.4747339273553575
U00277,0,0,0.03,0.14043895455597688,12.631689993015705,-0.06565505916522442,0.32715643797829735,-0.5000000000000004,0.8660254037844384,0.0,3.521633958035131
U00278,0,0,0.03,0.12387752839709931,13.891285711027834,-0.4484405906806662,0.4362085839710631,0.8660254037844387,-0.4999999999999998,0.25,3.642179031995132
U00279,0,0,0.03,0.10528577452606581,13.856755662960666,-0.14301666315896697,0.5064224831767222,0.8660254037844387,-0.4999999999999998,0.4,1.0416907748697053
U00280,0,0,0.03,0.10692329970424005,13.295989740331034,-0.03573335537014433,0.5499806456316046,-0.4999999999999997,-0.8660254037844388,0.42857142857142855,3.0403193933082333
U00281,0,0,0.03,0.1961315564698473,12.678515484982437,-0.06791957121733622,0.6429066276455814,-0.2588190451025208,-0.9659258262890683,0.4444444444444444,3.681394625969766
U00282,5,0,0.7425,3.258096538021482,0.0,0.0,0.0,-0.8660254037844386,0.5000000000000001,0.0,3.4499441880427395
U00283,0,0,0.03,0.09643079091730702,13.828649858051632,-0.1884745528611982,0.6122961576274709,1.0,6.123233995736766e-17,0.14285714285714285,2.6372501420795547
U00284,0,0,0.03,0.25055074823216267,12.486076566273509,-0.13487811629844715,0.6372850583680413,1.2246467991473532e-16,-1.0,0.4,3.8172115901090224
U00285,0,0,0.03,0.07808674231289442,14.282846256445609,-0.4283619724323497,0.3456871240434053,-0.9659258262890684,0.2588190451025203,0.3333333333333333,2.2863380814420644
U00286,0,0,0.03,0.14291151748591474,13.817828868604307,-0.22221965756021536,0.4362085839710631,0.8660254037844387,-0.4999999999999998,0.0,3.6134974780980027
U00287,0,0,0.03,0.09804028110087509,13.73216916560783,-0.3237655581400208,0.5064224831767222,0.7071067811865476,-0.7071067811865475,0.6,2.5434948858521995
U00288,0,0,0.03,0.1053022917080629,13.707242486125356,-0.2386485491255442,0.4362085839710631,0.49999999999999994,-0.8660254037844387,0.25,3.6415178697327524
U00289,0,0,0.03,0.13717970870918644,13.05916369295814,-0.11831984511540672,0.5499806456316048,0.7071067811865476,-0.7071067811865475,0.14285714285714285,3.5799671134958357
U00290,0,0,0.03,0.04209111067931984,15.206689718999058,-1.0,0.21810429198553155,0.49999999999999994,-0.8660254037844387,0.0,0.5461056230941688
U00291,0,0,0.03,0.10792959513132233,13.941673054339441,-0.2815908660315998,0.5064224831767222,0.49999999999999994,-0.8660254037844387,0.2,3.258912177519354
U00292,0,0,0.03,0.08845842618764822,13.531627925158372,-0.11850966550698594,0.5637914160289369,0.7071067811865476,-0.7071067811865475,0.3333333333333333,3.201907205752322
U00293,0,0,0.03,0.1825214290501784,12.28334382375401,-0.033538248532562834,0.4910899853670931,-0.8660254037844386,0.5000000000000001,0.16666666666666666,3.748455868801109
U00294,0,0,0.03,0.08880398649274819,13.619827735688066,-0.1084490032800609,0.5064224831767222,0.8660254037844387,-0.4999999999999998,0.4,2.5929432689844476
U00295,0,0,0.03,0.0992329575754885,13.409781915133886,-0.08183587793627256,0.491089985367093,0.8660254037844387,-0.4999999999999998,0.16666666666666666,3.2869657579647527
U00296,0,0,0.03,0.13372305331531548,13.417372044692554,-0.05817413523354288,0.5997868029602118,0.7071067811865476,-0.7071067811865475,0.25,3.138976972587722
U00297,2,0,0.7637,3.258096538021482,0.0,0.0,0.0,-0.9659258262890683,-0.25881904510252063,1.0,3.731538648836795
U00298,0,0,0.03,0.09943055088148961,13.767063734846557,-0.5600305845564332,0.32715643797829735,-0.7071067811865471,-0.7071067811865479,0.25,3.5770843145465676
U00299,0,0,0.03,0.08918120686446743,13.599434473168886,-0.2656042081236063,0.491089985367093,-0.7071067811865477,0.7071067811865474,0.16666666666666666,3.061537353378483
U00300,0,0,0.03,0.0835729490369334,12.77060774237166,0.23324013211692846,0.491089985367093,0.9659258262890683,-0.25881904510252063,0.16666666666666666,2.959267573918929
U00301,0,0,0.03,0.12427346029326253,12.760638561440622,-0.041034834898016195,0.4910899853670931,-0.4999999999999997,-0.8660254037844388,0.3333333333333333,3.4452674288768743
U00302,0,0,0.03,0.08157696242215629,12.421804800168365,0.04637784621324249,0.4910899853670931,1.2246467991473532e-16,-1.0,0.6666666666666666,2.537241743135501
U00303,0,0,0.03,0.2637611276336914,12.55366143510765,-0.334475293349502,0.5997868029602118,0.49999999999999994,-0.8660254037844387,0.25,3.821033270711996
U00304,0,0,0.03,0.12273042885092957,13.8079812839863,-0.2689380597162815,0.3456871240434053,1.2246467991473532e-16,-1.0,0.3333333333333333,2.9146835140695058
U00305,0,0,0.03,0.14784787943848943,12.735294025059586,0.041968418243963926,0.6913742480868106,0.0,1.0,0.2222222222222222,3.410210269830637
U00306,0,0,0.03,0.1248393650497798,12.978132664932968,-0.09426191188942598,0.491089985367093,-0.8660254037844386,0.5000000000000001,0.3333333333333333,3.4892389955224004
U00307,0,0,0.03,0.1257872410385224,12.9585212198852,-0.012433168237770126,0.6752062322241468,-1.0,-1.8369701987210297e-16,0.18181818181818182,0.9954356007135693
U00308,0,0,0.03,0.37931763584104333,12.215220674427162,-0.32233153491344696,0.5064224831767222,0.258819045102521,-0.9659258262890682,0.2,3.2953197570178783
U00309,0,0,0.03,0.16740019728614333,12.080937335522162,0.07336995192004576,0.5499806456316048,0.258819045102521,-0.9659258262890682,0.14285714285714285,3.529159572035028
U00310,0,0,0.03,0.1204683478712642,12.196168763598237,0.18759260663949842,0.41838855470524916,-0.4999999999999997,-0.8660254037844388,0.16666666666666666,3.364259616155256
U00311,0,0,0.03,0.15758481082801526,13.056593164712712,-0.17300760080494917,0.5637914160289369,0.49999999999999994,-0.8660254037844387,0.3333333333333333,3.8320887988126016
U00312,0,0,0.03,0.1040408752468882,13.690876608296131,-0.43230521002760897,0.4191807663825097,0.8660254037844387,-0.4999999999999998,0.2,3.42127684064417
U00313,0,0,0.03,0.0922252145330649,13.625943213740268,-0.1453874128456094,0.5637914160289369,0.9659258262890683,-0.25881904510252063,0.3333333333333333,2.934381874825662
U00314,0,0,0.03,0.12088204248646194,14.111781143326843,-1.0,0.21810429198553155,0.9659258262890683,-0.25881904510252063,0.5,2.7190740906762385
U00315,0,0,0.03,0.10365814949069746,13.889521418259935,-0.2324049103534588,0.4191807663825097,1.2246467991473532e-16,-1.0,0.4,3.270730073002886
U00316,0,0,0.03,0.09532905279161166,14.074586344386875,-0.16080484844141243,0.20028426271971764,0.8660254037844387,-0.4999999999999998,0.3333333333333333,3.6009326650153066
U00317,0,0,0.03,0.11256020246895869,13.406689324361992,-0.23917286725573977,0.4362085839710631,0.9659258262890683,-0.25881904510252063,0.0,3.734111432567298
U00318,0,0,0.03,0.14454214969110735,12.73113100172297,0.053745382949644295,0.48766513363573843,-0.8660254037844386,0.5000000000000001,0.5714285714285714,2.5686284786234763
U00319,0,0,0.03,0.08483990228551964,13.976440776128252,-0.1892696454054272,0.4362085839710631,0.0,1.0,0.25,1.5242128178795096
U00320,0,0,0.03,0.1504758583583538,13.666506942578653,-0.19096034678053883,0.32715643797829735,-0.25881904510252157,0.9659258262890681,0.5,2.7119177126286993
U00321,0,0,0.03,0.08909971541506581,13.239018666282183,-0.04519037361767887,0.4362085839710631,0.9659258262890683,-0.25881904510252063,0.5,3.6488974327205455
U00322,0,0,0.03,0.09282280215673644,14.186781657842404,-0.3551089034223694,0.4362085839710631,0.49999999999999994,0.8660254037844387,0.25,3.798590907366821
U00323,0,0,0.03,0.13142032675035187,13.645714626964402,-0.7524869039052147,0.32715643797829735,-0.5000000000000004,0.8660254037844384,0.0,3.6398618335226978
U00324,0,0,0.03,0.15756700398226908,13.095783234548984,-0.286344253231274,0.5637914160289369,0.9659258262890683,-0.25881904510252063,0.5,3.265873377979073
U00325,0,0,0.03,0.10952705872743378,13.417907215035008,-0.019535684488710126,0.5064224831767222,0.0,1.0,0.0,3.6185305669269328
U00326,0,0,0.03,0.08636130070254598,13.722739352235669,-0.11411721424386613,0.491089985367093,0.0,1.0,0.0,2.91202855155047
U00327,0,0,0.03,0.10894059544073416,13.62531084986937,-0.5062403295332815,0.4362085839710631,0.7071067811865476,-0.7071067811865475,0.75,3.70170484219579
U00328,0,0,0.03,0.15410643550038072,13.012023820199339,-0.037318486604105146,0.577199779552126,0.258819045102521,-0.9659258262890682,0.4,1.5991841327672198
U00329,0,0,0.03,0.15987820625836172,12.82040927566563,0.015153307440325838,0.5452607299638289,0.258819045102521,-0.9659258262890682,0.125,3.4607451711794326
U00330,0,0,0.03,0.10679463678101844,13.645038912815556,-0.10239272465476865,0.4183885547052492,-0.2588190451025208,-0.9659258262890683,0.16666666666666666,3.5611345282927847
U00331,0,0,0.03,0.08183966316492582,12.968773873421782,0.04855161039314375,0.32715643797829735,-0.9659258262890684,0.2588190451025203,0.25,3.331990366877794
U00332,0,0,0.03,0.14680067187884888,13.740650148954774,-0.19028344114945078,0.32715643797829735,0.258819045102521,-0.9659258262890682,0.0,3.7887713985219675
U00333,0,0,0.03,0.17796281630317995,12.377459637271349,0.09773272961029685,0.6429066276455814,-0.8660254037844385,-0.5000000000000004,0.5555555555555556,3.1442495560287913
U00334,0,0,0.03,0.14518731319327405,12.773347598461653,-0.030784798147436086,0.5936641999709349,0.258819045102521,-0.9659258262890682,0.3,1.076214398440402
U00335,0,0,0.03,0.09230850857675892,13.710087818148343,-0.34948435154926305,0.4362085839710631,1.2246467991473532e-16,-1.0,0.25,2.1794636144241766
U00336,0,0,0.03,0.1707988970102573,12.487103900243598,0.07874797325465224,0.6429066276455814,-1.0,-1.8369701987210297e-16,0.3333333333333333,3.4086805014234196
U00337,0,0,0.03,0.08545848051977095,13.625809036094909,-0.00220862579536324,0.3909478540072342,-0.2588190451025208,-0.9659258262890683,0.3333333333333333,2.9216383682528972
U00338,0,0,0.03,0.19749038211375947,13.293905376298046,-0.3269411762075834,0.3456871240434053,0.9659258262890683,-0.25881904510252063,0.3333333333333333,3.6956297675447933
U00339,0,0,0.03,0.13854844871172903,13.60296997102629,-0.4050124702845965,0.29901020875067913,0.258819045102521,-0.9659258262890682,0.2,3.167353459411568
U00340,0,0,0.03,0.07998050832609056,14.249551461048771,-0.44794214864366594,0.4362085839710631,1.2246467991473532e-16,-1.0,0.25,3.073326473256421
U00341,0,0,0.03,0.08744242028533847,13.618130996330496,-0.0527898100664648,0.5499806456316048,0.49999999999999994,-0.8660254037844387,0.42857142857142855,1.8836160209625812
U00342,0,0,0.03,0.09163386731770477,13.939468268794466,-0.3875307686218338,0.4362085839710631,0.258819045102521,-0.9659258262890682,0.0,2.3096825316681864
U00343,0,0,0.03,0.10399687964831994,13.91236953775845,-0.22497156957390899,0.5064224831767222,0.9659258262890683,-0.25881904510252063,0.2,2.7465346508774586
U00344,0,0,0.03,0.22314116418707494,12.86407957651038,-0.1372940188875429,0.5452607299638289,0.7071067811865476,-0.7071067811865475,0.375,3.645055151425066
U00345,0,0,0.03,0.12173988457367806,13.51807642166979,-0.13430922738505635,0.4191807663825097,0.49999999999999994,-0.8660254037844387,0.6,3.0433450473404475
U00346,0,0,0.03,0.0744133057547616,12.527614331278235,0.17192789380634677,0.4191807663825097,0.49999999999999994,-0.8660254037844387,0.2,2.4251662699198007
U00347,0,0,0.03,0.1403795873312929,12.56518661263221,0.018158232888355594,0.4362085839710631,0.7071067811865476,-0.7071067811865475,0.25,3.2931205601561913
U00348,0,0,0.03,0.052136123686019595,14.699924376853087,-0.2797101372686317,0.3456871240434053,1.2246467991473532e-16,-1.0,0.3333333333333333,3.2572922616865094
U00349,0,0,0.03,0.16183676224597812,13.481072251504047,-0.31397046070068674,0.4362085839710631,0.8660254037844387,-0.4999999999999998,0.25,3.680826572543473
U00350,0,0,0.03,0.10427617430416022,13.439872662674254,-0.03487509473246082,0.5064224831767222,0.49999999999999994,-0.8660254037844387,0.0,3.322757330663289
U00351,0,0,0.03,0.055128523553476375,14.642605638147659,-0.9052981619557035,0.3456871240434053,0.7071067811865476,-0.7071067811865475,0.3333333333333333,2.317543261543449
U00352,0,0,0.03,0.21574329138048098,12.851887099342617,-0.1693419950752025,0.5335789211550197,0.49999999999999994,-0.8660254037844387,0.3,3.492547711396616
U00353,0,0,0.03,0.4282539434337407,12.686175109453323,-1.0,0.21810429198553155,0.258819045102521,-0.9659258262890682,0.5,3.5889005222575907
U00354,0,0,0.03,0.11287328259421446,13.896731033335529,-0.7807463935095075,0.20028426271971764,-0.4999999999999997,-0.8660254037844388,0.0,2.748432839860597
U00355,0,0,0.03,0.10837356870330811,13.777602023527823,-0.39382783667217325,0.491089985367093,0.49999999999999994,-0.8660254037844387,0.16666666666666666,3.093271133828901
U00356,0,0,0.03,0.14918083876656782,12.97748788307915,0.04757368834967365,0.6429066276455814,-0.4999999999999997,-0.8660254037844388,0.0,2.8957354340524875
U00357,0,0,0.03,0.11895336387633859,11.825470867146699,0.08912580486626843,0.5637914160289369,0.0,1.0,0.3333333333333333,3.396502737067441
U00358,0,0,0.03,0.2357338715356689,12.60195195633474,-0.16003392664834706,0.5499806456316046,-0.7071067811865471,-0.7071067811865479,0.42857142857142855,3.6515948515993846
U00359,0,0,0.03,0.22391054132960608,12.67064593211791,-0.06885523201796172,0.6809059167651474,-1.0,-1.8369701987210297e-16,0.3,3.451145751982923
U00360,0,0,0.03,0.1006729070151099,14.01732873118557,-0.17670854207326778,0.3456871240434053,1.0,6.123233995736766e-17,0.0,3.689179466975947
U00361,0,0,0.03,0.2860738472363812,11.836095330351563,0.1287713900162067,0.6601988201393536,-0.9659258262890684,0.2588190451025203,0.38461538461538464,3.701622567435755
U00362,0,0,0.03,0.11484263808322004,12.46913282164113,-0.0004366983988526525,0.41838855470524916,0.258819045102521,-0.9659258262890682,0.3333333333333333,2.1745386306000927
U00363,0,0,0.03,0.39955263738739555,12.770883487204257,-1.0,0.21810429198553155,0.8660254037844387,-0.4999999999999998,0.5,3.478660911413133
U00364,0,0,0.03,0.0963189859527194,13.642022867424608,-0.08990881335017298,0.5064224831767222,0.9659258262890683,-0.25881904510252063,0.4,0.5231589765519588
U00365,0,0,0.03,0.09975706903740865,12.58973172086489,0.017753870454783795,0.491089985367093,0.49999999999999994,-0.8660254037844387,0.3333333333333333,1.5940234209494877
U00366,0,0,0.03,0.17935936156900498,12.953755358738134,-0.10098267317178602,0.491089985367093,0.8660254037844387,-0.4999999999999998,0.5,3.550832591074961
U00367,0,0,0.03,0.08494961810646245,14.13419771638199,-0.11829432483546114,0.21810429198553155,0.7071067811865476,-0.7071067811865475,0.25,2.1594348357393773
U00368,0,0,0.03,0.0724267096081609,14.345531565868102,-0.11305865544033053,0.491089985367093,-1.0,-1.8369701987210297e-16,0.3333333333333333,1.696715072001646
U00369,0,0,0.03,0.09271194885043706,13.25707694598342,-0.04159649301959841,0.48766513363573855,0.49999999999999994,-0.8660254037844387,0.2857142857142857,2.5907358056168657
U00370,0,0,0.03,0.17170270038230726,13.207087724466929,-0.31208163951463685,0.6122961576274709,1.0,6.123233995736766e-17,0.14285714285714285,3.700613579930484
U00371,0,0,0.03,0.19732246688676403,12.710701106488179,0.07768369357974617,0.5452607299638289,0.9659258262890683,-0.25881904510252063,0.125,3.726112237336934
U00372,0,0,0.03,0.0850774903249732,13.727323945200993,-0.14564779334347158,0.4362085839710631,0.7071067811865476,-0.7071067811865475,0.25,3.2002808569466885
U00373,4,0,0.74,1.3408964652155613,11.022294548489757,-1.0,0.21810429198553155,0.7071067811865476,-0.7071067811865475,1.0,3.4718161939651204
U00374,0,0,0.03,0.0860210436237164,14.182053255089308,-0.8474659939623076,0.3456871240434053,0.258819045102521,-0.9659258262890682,0.6666666666666666,3.758126652824879
U00375,0,0,0.03,0.15012350876859168,13.509583045171143,-0.39340977791683995,0.4191807663825097,-0.8660254037844385,-0.5000000000000004,0.6,3.4798466688336527
U00376,0,0,0.03,0.053792270579363866,13.950231118248581,-0.21287735865907545,0.4362085839710631,-0.4999999999999997,-0.8660254037844388,0.25,2.315286494997606
U00377,0,0,0.03,0.16340978797653197,12.960129113267877,-0.1857614023644069,0.5246802044403176,0.7071067811865476,-0.7071067811865475,0.375,3.5251356462185046
U00378,0,0,0.03,0.1599693033586211,12.936502364117947,-0.10014387061247369,0.6355509064085957,0.8660254037844387,-0.4999999999999998,0.18181818181818182,1.440501375250268
U00379,-1,1,0.0,3.258096538021482,0.0,0.0,0.0,-0.7071067811865471,-0.7071067811865479,1.0,1.0109609763237906
U00380,0,0,0.03,0.07259606790949182,14.419625411699542,-0.4108739957297521,0.4362085839710631,0.258819045102521,-0.9659258262890682,0.0,2.566619080930741
U00381,0,0,0.03,0.12019412286603966,13.830157269281111,-0.12304788444958946,0.3456871240434053,0.9659258262890683,-0.25881904510252063,0.3333333333333333,3.516832020631202
U00382,0,0,0.03,0.1898323142796031,12.169610922859981,0.16819770446081844,0.6372850583680413,-1.0,-1.8369701987210297e-16,0.4,3.680660294636114
U00383,0,0,0.03,0.2032596653117559,12.175128784537451,0.02816366198818109,0.4362085839710631,0.49999999999999994,-0.8660254037844387,0.5,1.9036213744226396
U00384,0,0,0.03,0.11399393082644213,13.886280715808413,-0.7577563717293864,0.3456871240434053,0.7071067811865476,-0.7071067811865475,0.3333333333333333,2.8538719795577596
U00385,0,0,0.03,0.23507452256642594,13.082545045712656,-0.16993909710503796,0.32715643797829735,-0.7071067811865471,-0.7071067811865479,0.0,2.9939871173951684
U00386,0,0,0.03,0.06500452045242103,14.472828727042486,-0.01718628344544854,0.3456871240434053,1.2246467991473532e-16,-1.0,0.3333333333333333,1.240418570445212
U00387,0,0,0.03,0.09338198445576686,14.095180367794798,-0.15094746408667695,0.32715643797829735,0.0,1.0,0.25,2.698718212986379
U00388,0,0,0.03,0.11480732927356516,13.623215026037627,-0.12969569633609068,0.5997868029602118,-0.9659258262890683,-0.25881904510252063,0.375,2.732341498608553
U00389,0,0,0.03,0.13021427502316832,12.822171381134389,-0.04730639431895124,0.4362085839710631,0.9659258262890683,-0.25881904510252063,0.0,3.5420668023442023
U00390,0,0,0.03,0.1491187586572687,13.105336234884398,-0.06475239218484506,0.6429066276455814,-0.25881904510252157,0.9659258262890681,0.4444444444444444,3.3803196859462146
U00391,0,0,0.03,0.1174055443388535,13.619644689698923,-0.20683131478978628,0.3630341096440062,-0.9659258262890683,-0.25881904510252063,0.2857142857142857,2.701193413638997
U00392,0,0,0.03,0.13937709190516878,12.759017661831525,-0.024548064049934117,0.577199779552126,-1.0,-1.8369701987210297e-16,0.3,1.664982112609277
U00393,0,0,0.03,0.05596434581900135,13.901763480733539,-0.1819147436869689,0.4362085839710631,0.9659258262890683,-0.25881904510252063,0.0,1.6585587097690506
U00394,0,0,0.03,0.3114052184660977,12.760762032942552,-0.37517343040080087,0.3909478540072342,-0.7071067811865477,0.7071067811865474,0.3333333333333333,3.79542728546677
U00395,5,0,0.7832,3.258096538021482,0.0,0.0,0.0,-0.8660254037844385,-0.5000000000000004,0.0,2.7798374158018944
U00396,0,0,0.03,0.07242625406226728,14.485014937189128,-0.33170206647294975,0.32715643797829735,-0.9659258262890684,0.2588190451025203,0.0,1.7599749279772177
U00397,0,0,0.03,0.16828324446582668,13.368441900001034,-0.13807227475387734,0.5637914160289369,0.0,1.0,0.6666666666666666,3.7948548848394013
U00398,0,0,0.03,0.16657754168419783,12.69191271380221,0.03766523641276145,0.491089985367093,-0.4999999999999997,-0.8660254037844388,0.0,3.482345247653976
U00399,0,0,0.03,0.10355603144247613,14.013113917594413,-0.3568559806676975,0.5064224831767222,0.8660254037844387,-0.4999999999999998,0.2,2.52234236176419
U00400,-1,1,0.0,3.258096538021482,0.0,0.0,0.0,-0.9659258262890683,-0.25881904510252063,1.0,1.0153774416374786
U00401,0,0,0.03,0.10624687785908897,13.732239812444865,-0.26114636041696826,0.5064224831767222,0.9659258262890683,-0.25881904510252063,0.4,1.8416898561123012
U00402,0,0,0.03,0.17575029124933456,13.42173881519712,-0.45872626080111245,0.3456871240434053,0.49999999999999994,-0.8660254037844387,0.3333333333333333,3.7627476901919916
U00403,0,0,0.03,0.12610327125091786,13.139308002932827,-0.050759895067939015,0.5499806456316046,-0.8660254037844386,0.5000000000000001,0.42857142857142855,3.4016313152771223
U00404,0,0,0.03,0.07051554992512488,14.388665702321674,-0.7288393455404895,0.3456871240434053,0.258819045102521,-0.9659258262890682,0.3333333333333333,3.302196061553643
U00405,0,0,0.03,0.14954485448241042,13.562520369237951,-0.3845005428431701,0.4191807663825097,-0.2588190451025208,-0.9659258262890683,0.2,3.7385995208868956
U00406,0,0,0.03,0.1659778912295237,13.204695155463735,-0.12335086657941911,0.4362085839710631,1.2246467991473532e-16,-1.0,0.0,3.0018777035099675
U00407,0,0,0.03,0.1924069457001936,12.31591087126454,0.048718098625191116,0.5499806456316046,-0.9659258262890683,-0.25881904510252063,0.14285714285714285,3.4165876015902135
U00408,0,0,0.03,0.24164590972626027,12.610018266468863,-0.028567382518258924,0.6429066276455814,-0.7071067811865471,-0.7071067811865479,0.0,3.1534588933498124
U00409,0,0,0.03,0.04660427628438618,14.814878772535783,-0.9101441275790118,0.3456871240434053,0.8660254037844387,-0.4999999999999998,0.3333333333333333,2.4006482139828482
U00410,0,0,0.03,0.16595139672036546,13.04539809625921,-0.05798419120729371,0.545971386763123,0.7071067811865476,-0.7071067811865475,0.2222222222222222,3.4246358205715297
U00411,0,0,0.03,0.18819437530559963,13.282811614497595,-0.23712092261293122,0.5499806456316046,-0.8660254037844385,-0.5000000000000004,0.2857142857142857,3.8205902523831403
U00412,0,0,0.03,0.10738308547147862,12.05078048112388,0.10227918386339019,0.4362085839710631,0.8660254037844387,-0.4999999999999998,0.0,3.5005785985552564
U00413,0,0,0.03,0.10628970674392564,13.061359933843997,0.05233252094128242,0.5637914160289369,0.0,1.0,0.16666666666666666,3.1335267019321273
U00414,0,0,0.03,0.05370334425332972,14.004502319399283,-0.17726947465064613,0.32715643797829735,0.9659258262890683,-0.25881904510252063,0.25,2.809879489308719
U00415,0,0,0.03,0.0433122908405415,14.889792926594449,-0.44645268605437294,0.3456871240434053,-1.0,-1.8369701987210297e-16,0.3333333333333333,2.7306576843799304
U00416,0,0,0.03,0.14790054121906818,13.288212505629751,-0.4462650159682255,0.5499806456316046,-0.9659258262890684,0.2588190451025203,0.5714285714285714,2.899218186473666
U00417,0,0,0.03,0.2612493912929358,12.06221959597663,-0.1491517965806968,0.5637914160289369,0.0,1.0,0.16666666666666666,3.537091480510971
U00418,0,0,0.03,0.17085009560021505,13.452537249475535,-0.9381608753437597,0.3456871240434053,0.49999999999999994,-0.8660254037844387,0.3333333333333333,3.493152472553759
U00419,0,0,0.03,0.09064949770342896,14.016225252458455,-0.14784893581769634,0.4362085839710631,0.9659258262890683,-0.25881904510252063,0.25,3.4633531473097316
U00420,-1,1,0.0,0.11001463553753085,12.74507310458836,0.11482906335879163,0.331939049588297,-0.8660254037844386,0.5000000000000001,0.8,3.279450336496679
U00421,0,0,0.03,0.21593369886849395,12.383925900984575,0.012459276445619031,0.5637914160289369,0.8660254037844386,0.5000000000000001,0.3333333333333333,3.7638140521109484
U00422,0,0,0.03,0.18192351037279136,12.61899322574302,-0.07879033475036307,0.491089985367093,0.7071067811865476,-0.7071067811865475,0.3333333333333333,3.807914021092988
U00423,0,0,0.03,0.11053147983534603,12.533251835239794,0.12953515913538874,0.6122961576274709,0.8660254037844387,-0.4999999999999998,0.14285714285714285,2.814436579271997
U00424,0,0,0.03,0.12760084128699764,14.054260493668993,-1.0,0.21810429198553155,0.49999999999999994,-0.8660254037844387,0.0,3.1574869064218634
U00425,0,0,0.03,0.05914076634082425,14.570327226043021,-0.0012852496363833202,0.3456871240434053,1.2246467991473532e-16,-1.0,0.0,3.4139185919972532
U00426,0,0,0.03,0.15267242513190887,12.965192474625217,-0.1704921036089053,0.7091942773526245,-0.2588190451025208,-0.9659258262890683,0.16666666666666666,2.5382773566185763
U00427,0,0,0.03,0.20026904158787956,12.29737480393696,-0.03373965421726141,0.5997868029602118,-0.9659258262890684,0.2588190451025203,0.25,3.7675060955361865
U00428,0,0,0.03,0.18241921724716517,13.66874338616415,-1.0,0.21810429198553155,-0.4999999999999997,-0.8660254037844388,0.0,3.7141926396917095
U00429,0,0,0.03,0.16200424297119909,12.904529455028916,-0.02946805220287926,0.5499806456316048,-0.2588190451025208,-0.9659258262890683,0.2857142857142857,3.5281043056334993
U00430,0,0,0.03,0.11161672707878004,14.196247769526263,-1.0,0.21810429198553155,1.2246467991473532e-16,-1.0,0.5,3.266821276107077
U00431,0,0,0.03,0.13388156939276694,13.182465509805763,-0.05159468231888449,0.5499806456316048,-0.7071067811865471,-0.7071067811865479,0.5714285714285714,3.448389046690088
U00432,0,0,0.03,0.1795008895129352,13.110821019949054,-0.26431188734966365,0.5997868029602118,0.49999999999999994,-0.8660254037844387,0.375,3.8162661749643387
U00433,0,0,0.03,0.0819536070440362,14.074277590914805,-0.5661293058335298,0.4362085839710631,0.49999999999999994,0.8660254037844387,0.25,2.6135317602589963
U00434,0,0,0.03,0.07222190899012747,14.155658174949846,-0.3116461568967754,0.5637914160289369,0.7071067811865476,-0.7071067811865475,0.16666666666666666,1.230543733076331
U00435,0,0,0.03,0.4535103015336529,12.615320589683558,-1.0,0.21810429198553155,0.7071067811865476,0.7071067811865476,0.0,3.54805066682039
U00436,0,0,0.03,0.13416907296283936,13.71302922680729,-0.22797811501521378,0.20028426271971764,-0.7071067811865471,-0.7071067811865479,0.3333333333333333,3.2675733921580816
U00437,0,0,0.03,0.10493697593052485,13.977629407440709,-0.1328974259963358,0.4362085839710631,0.8660254037844387,-0.4999999999999998,0.25,3.104577855141979
U00438,0,0,0.03,0.2509145691433828,12.458258360796979,-0.03742905006865335,0.6429066276455814,-0.5000000000000004,0.8660254037844384,0.2222222222222222,3.811005924046472
U00439,0,0,0.03,0.0771210853632755,13.47677165439337,0.022949360828346758,0.5064224831767222,0.25881904510252074,0.9659258262890683,0.4,1.0251534410201508
U00440,0,0,0.03,0.08814244781065912,13.97316025195258,-0.7544370523655398,0.4362085839710631,0.8660254037844387,-0.4999999999999998,0.25,2.723833171186586
U00441,0,0,0.03,0.12909891948057592,13.428837272343547,-0.06979827447412636,0.5637914160289369,0.7071067811865476,-0.7071067811865475,0.5,3.184406583351497
U00442,0,0,0.03,0.30711511125229496,12.563565255089243,-0.47187656205825884,0.4362085839710631,0.258819045102521,-0.9659258262890682,0.5,3.3002974958645526
U00443,4,0,0.7599,0.030979851297136245,15.518778646446334,-1.0,0.21810429198553155,0.7071067811865476,-0.7071067811865475,1.0,2.6121059468583794
U00444,0,0,0.03,0.11482227127925922,12.539303921622249,0.14185606451731123,0.5064224831767222,0.7071067811865476,-0.7071067811865475,0.6,3.358538325906319
U00445,0,0,0.03,0.12037055049967336,14.116282335204742,-1.0,0.21810429198553155,0.0,1.0,0.0,3.7553881469034263
U00446,0,0,0.03,0.2033587577557227,12.401951880256194,-0.04329345546983094,0.6728435620217027,1.2246467991473532e-16,-1.0,0.3333333333333333,3.136367425552919
U00447,0,0,0.03,0.4336943441429789,12.670636506025545,-1.0,0.21810429198553155,0.7071067811865476,-0.7071067811865475,0.0,2.6030145640784994
U00448,0,0,0.03,0.1773999204013293,12.956331224935992,-0.15893074057192388,0.6429066276455814,0.9659258262890683,-0.25881904510252063,0.5555555555555556,3.1498467424081795
U00449,0,0,0.03,0.04690158262756999,14.808369846555216,-0.44001462989487233,0.3456871240434053,0.8660254037844387,-0.4999999999999998,0.0,3.1679952133465505
U00450,0,0,0.03,0.09417570821826728,13.647278279503299,-0.1811657862134827,0.5064224831767222,0.7071067811865476,-0.7071067811865475,0.4,0.8385994241582834
U00451,0,0,0.03,0.1821534061209196,12.5629005777656,-0.04604880957954821,0.47015413144393475,-0.9659258262890684,0.2588190451025203,0.0,3.7455646818163055
U00452,0,0,0.03,0.07405619531075953,13.510750143977742,-0.11229045800197397,0.4362085839710631,0.8660254037844387,-0.4999999999999998,0.25,3.132917933172063
U00453,0,0,0.03,0.09728446162722298,14.232496380389502,-0.3219407920836645,0.32715643797829735,0.49999999999999994,-0.8660254037844387,0.5,1.5805239022694582
U00454,0,0,0.03,0.08184408451232472,13.805395573556453,-0.388097538105686,0.491089985367093,-0.7071067811865477,0.7071067811865474,0.16666666666666666,2.415189102758043
U00455,0,0,0.03,0.0971251616780131,13.776271684646098,-0.05979703001433508,0.5637914160289369,0.9659258262890683,-0.25881904510252063,0.3333333333333333,3.427251608238515
U00456,-1,1,0.0,0.40276927811182556,12.761149576994654,-1.0,0.0,-0.9659258262890684,0.2588190451025203,0.0,3.4116254586624857
U00457,0,0,0.03,0.09798353164429892,13.88935470960614,-0.2759519855785419,0.5064224831767222,0.7071067811865476,-0.7071067811865475,0.2,3.2237827476883285
U00458,0,0,0.03,0.09473603159483593,13.974066946957949,-0.4494978778063703,0.4191807663825097,1.2246467991473532e-16,-1.0,0.2,3.353696027823485
U00459,0,0,0.03,0.04874645612334162,15.056540968382606,-1.0,0.21810429198553155,0.9659258262890683,-0.25881904510252063,0.0,2.653481568137868
U00460,0,0,0.03,0.09715967517160785,12.824253793600205,0.06236748859163219,0.4362085839710631,0.7071067811865476,-0.7071067811865475,0.0,1.4382595940580132
U00461,0,0,0.03,0.11743419845752112,13.741684238450416,-0.572963802408395,0.4362085839710631,-0.2588190451025208,-0.9659258262890683,0.0,2.569354703761235
U00462,0,0,0.03,0.1089410766845795,14.221873929179974,-1.0,0.21810429198553155,-0.4999999999999997,-0.8660254037844388,0.5,3.5198778197451235
U00463,0,0,0.03,0.198582642212037,12.728121551978498,-0.07616443451096341,0.5064224831767222,-0.8660254037844385,-0.5000000000000004,0.2,3.674371068803834
U00464,0,0,0.03,0.08445322570383988,13.736962898815204,-0.039298801686681414,0.4362085839710631,0.0,1.0,0.75,3.621708768164264
U00465,0,0,0.03,0.11543186357270602,13.060180479606272,-0.03501421286901763,0.6122961576274709,0.7071067811865476,0.7071067811865476,0.14285714285714285,3.0043013566440893
U00466,0,0,0.03,0.07349685301906411,14.40382541668081,-0.3968213559661583,0.5637914160289369,0.258819045102521,-0.9659258262890682,0.0,1.4173297336081796
U00467,0,0,0.03,0.19494359294425415,13.127120046495238,-0.3862040458209478,0.491089985367093,0.49999999999999994,-0.8660254037844387,0.16666666666666666,2.9110433239036677
U00468,0,0,0.03,0.08763689885778714,13.75440825957855,-0.29508727333874146,0.5637914160289369,0.49999999999999994,0.8660254037844387,0.16666666666666666,2.9970144373416994
U00469,0,0,0.03,0.1396747007597892,12.808791709597388,0.02844572812592595,0.6543128759565947,0.0,1.0,0.125,2.7716384734426636
U00470,0,0,0.03,0.10479417150809904,13.613418853346676,-0.36858879115089704,0.5499806456316046,-1.0,-1.8369701987210297e-16,0.5714285714285714,2.1489495196741792
U00471,0,0,0.03,0.14435079407094287,13.338844785844989,-0.30515875167128104,0.6543128759565947,0.25881904510252074,0.9659258262890683,0.125,3.0339235886471636
U00472,-1,1,0.0,0.08808460729552958,13.238278002000685,-0.07925428276338871,0.32715643797829735,-0.8660254037844386,0.5000000000000001,0.5,0.6262107249457816
U00473,0,0,0.03,0.042102259931394215,15.206419256634911,-1.0,0.21810429198553155,1.2246467991473532e-16,-1.0,0.5,2.438215121062274
U00474,-1,1,0.0,0.05005269188038375,14.253443501579206,-0.03237776028248857,0.17694324093850913,0.49999999999999994,-0.8660254037844387,0.25,1.3232208157638128
U00475,0,0,0.03,0.09529875440747922,13.971493272875676,-0.26976672426202225,0.4191807663825097,-0.8660254037844385,-0.5000000000000004,0.4,3.0187715327553915
U00476,0,0,0.03,0.14677458544901917,13.3073148063843,0.047408854297397135,0.5637914160289369,0.7071067811865476,-0.7071067811865475,0.3333333333333333,3.7537171383970565
U00477,0,0,0.03,0.14225672250482685,13.41139204279274,-0.21153845957414744,0.5499806456316046,-0.8660254037844386,0.5000000000000001,0.42857142857142855,3.315667230348255
U00478,0,0,0.03,0.0915536554475933,13.6785275009083,-0.11215760084135207,0.48766513363573855,-0.4999999999999997,-0.8660254037844388,0.14285714285714285,2.5703159854495743
U00479,0,0,0.03,0.11372555788202847,13.584230242789681,-0.003166359288937479,0.5637914160289369,0.7071067811865476,-0.7071067811865475,0.0,1.1296121293053631
U00480,-1,1,0.0,3.258096538021482,0.0,0.0,0.0,-0.9659258262890683,-0.25881904510252063,1.0,2.1511994911337835
U00481,0,0,0.03,0.0963756649236193,13.045812732044332,0.03788390370965254,0.3909478540072342,-0.9659258262890684,0.2588190451025203,0.5,3.366682215837887
U00482,0,0,0.03,0.14677705361080592,12.762539194098458,0.01602244136033015,0.5499806456316048,0.8660254037844387,-0.4999999999999998,0.14285714285714285,1.7632671120206944
U00483,0,0,0.03,0.09642441724140242,13.83346638293114,-0.15487680775664386,0.4362085839710631,0.8660254037844386,0.5000000000000001,0.25,2.966846855649426
U00484,0,0,0.03,0.07152570951564598,14.127102619763562,-0.2856513574878295,0.5064224831767222,0.49999999999999994,-0.8660254037844387,0.4,0.3763572844074229
U00485,0,0,0.03,0.10292958717607452,13.123236995688725,0.021013262882121724,0.5997868029602118,-0.2588190451025208,-0.9659258262890683,0.25,1.7395012032322854
U00486,0,0,0.03,0.13571473164790726,13.453670871100973,-0.2685992576214896,0.3909478540072342,-0.9659258262890684,0.2588190451025203,0.16666666666666666,3.6217001033743497
U00487,0,0,0.03,0.140951650249433,13.001478536118858,0.03962273805552957,0.7091942773526246,-0.7071067811865471,-0.7071067811865479,0.4166666666666667,1.6278234140775196
U00488,0,0,0.03,0.18464247776405363,13.655483814507082,-1.0,0.21810429198553155,0.8660254037844387,-0.4999999999999998,0.5,3.062862377215108
U00489,0,0,0.03,0.10330086995423886,12.632759308421132,0.13017502645566142,0.5499806456316046,-1.0,-1.8369701987210297e-16,0.14285714285714285,2.9679535815774685
U00490,0,0,0.03,0.1254055784758036,13.910562522615754,-0.38995661357525935,0.4362085839710631,0.9659258262890683,-0.25881904510252063,0.25,3.7105630840000443
U00491,0,0,0.03,0.07604624852676417,14.119176209717253,-0.22460733531638302,0.5064224831767222,0.0,1.0,0.8,3.0138501354797835
U00492,-1,1,0.0,0.08716830425139915,14.455904431468266,-1.0,0.21810429198553155,0.8660254037844387,-0.4999999999999998,0.5,0.8078906219026463
U00493,0,0,0.03,0.117014237146404,14.146272952992824,-1.0,0.21810429198553155,0.258819045102521,-0.9659258262890682,0.5,3.4091919600602076
U00494,0,0,0.03,0.13542728972251353,12.109424070474368,0.13431161441152809,0.5997868029602118,-0.9659258262890684,0.2588190451025203,0.125,3.478739101222684
U00495,0,0,0.03,0.1408380562847961,13.48028953824462,-0.6616509507641274,0.4362085839710631,0.49999999999999994,-0.8660254037844387,0.25,3.288533598715368
U00496,0,0,0.03,0.07681041075230897,14.054561316129313,-0.440705130754245,0.4362085839710631,1.2246467991473532e-16,-1.0,0.75,3.1489564330239515
U00497,0,0,0.03,0.1206431233312145,13.590605456030403,-0.1363735902151331,0.4362085839710631,-0.2588190451025208,-0.9659258262890683,0.0,2.463508421493626
U00498,0,0,0.03,0.18282146146192388,13.125341937087946,-0.3903512910504662,0.4191807663825097,-0.2588190451025208,-0.9659258262890683,0.2,3.2834764100519815
U00499,0,0,0.03,0.058895023818973075,14.147362135764762,-0.24185184593251213,0.5064224831767222,0.8660254037844387,-0.4999999999999998,0.4,1.7905453837590304
U00500,0,0,0.03,0.2738032334255914,13.215214171761675,-1.0,0.21810429198553155,0.49999999999999994,0.8660254037844387,0.0,3.4306636619441835
U00501,0,0,0.03,0.06293245197427842,14.50627064167422,-0.03558389803765249,0.3456871240434053,0.8660254037844387,-0.4999999999999998,0.3333333333333333,3.2919481418685947
U00502,0,0,0.03,0.05117134912783109,13.934066628085843,-0.07175549574576781,0.4362085839710631,0.49999999999999994,-0.8660254037844387,0.0,1.8136006098150004
U00503,0,0,0.03,0.14011746548484047,12.765654147163541,0.03558178921930758,0.4910899853670931,-0.8660254037844386,0.5000000000000001,0.3333333333333333,3.4785287960169264
U00504,0,0,0.03,0.070001558753678,14.160013674853346,-0.24385359767247644,0.5064224831767222,0.0,1.0,0.4,2.2770488376001006
U00505,0,0,0.03,0.1827573015402854,12.926929832983628,-0.17977556523870578,0.5452607299638289,0.258819045102521,-0.9659258262890682,0.375,3.5522141877789273
U00506,0,0,0.03,0.1782345440580168,13.024761573834875,-0.4266601371556023,0.5246802044403176,-0.8660254037844386,0.5000000000000001,0.375,3.1860991192431296
U00507,0,0,0.03,0.09815307926399275,14.012104774044948,-0.547487573878499,0.4362085839710631,0.258819045102521,-0.9659258262890682,0.75,3.7514806071437516
U00508,0,0,0.03,0.06412814661091372,13.803883221723295,-0.059960476095479776,0.32715643797829735,0.258819045102521,-0.9659258262890682,0.5,3.021010757848448
U00509,0,0,0.03,0.1024647328873284,13.749699227148023,-0.2280837063895569,0.6122961576274709,0.7071067811865476,0.7071067811865476,0.14285714285714285,2.0643763728023132
U00510,0,0,0.03,0.2655842160334775,12.277876894722105,-0.05581887376590371,0.4910899853670931,1.2246467991473532e-16,-1.0,0.16666666666666666,3.7797688391307513
U00511,0,0,0.03,0.07646807868252362,14.355811873722132,-0.25244317896302265,0.4362085839710631,0.49999999999999994,-0.8660254037844387,0.0,3.4654624279088773
U00512,0,0,0.03,0.07917580960657841,13.999404211699341,-0.24295687519298803,0.5064224831767222,0.0,1.0,0.2,3.298066887944122
U00513,0,0,0.03,0.06638623838009408,14.331785706063044,-0.1416585974885893,0.4362085839710631,0.258819045102521,-0.9659258262890682,0.25,2.8885864718052483
U00514,0,0,0.03,0.09954787249682664,13.443507304879384,-0.14041337630652517,0.32715643797829735,-0.7071067811865477,0.7071067811865474,0.25,2.0057423623834287
U00515,5,0,0.7421,3.258096538021482,0.0,0.0,0.0,-0.8660254037844385,-0.5000000000000004,0.0,1.8265205408139358
U00516,1,0,0.8015,0.0,0.0,0.0,0.0,0.0,1.0,0.0,3.7618504747929973
U00517,0,0,0.03,0.10377331717773243,13.84839344097316,-0.6680462262682243,0.4191807663825097,-0.8660254037844385,-0.5000000000000004,0.2,3.379144260941304
U00518,0,0,0.03,0.10143499485576357,13.935024539114208,-0.3268111802085276,0.32715643797829735,-0.7071067811865477,0.7071067811865474,0.25,3.5826402088649263
U00519,0,0,0.03,0.07811900052627473,14.28241689555053,-0.1636278348387059,0.3456871240434053,0.8660254037844387,-0.4999999999999998,0.3333333333333333,3.5265919793099387
U00520,0,0,0.03,0.08811643378063624,12.978846293301459,0.09526421502825812,0.331939049588297,-0.9659258262890684,0.2588190451025203,0.2,3.3110708883717064
U00521,0,0,0.03,0.05702792734358509,14.632328297540576,-0.31596822146759745,0.4362085839710631,1.2246467991473532e-16,-1.0,0.0,2.7307067163567096
U00522,0,0,0.03,0.16249472967833298,13.301145343899751,-0.12302046229081282,0.5064224831767222,0.9659258262890683,-0.25881904510252063,0.2,3.508284530830047
U00523,0,0,0.03,0.1250771908403929,13.795127222089501,-0.3591443414390843,0.21810429198553155,-0.7071067811865471,-0.7071067811865479,0.25,3.2210466151452963
U00524,0,0,0.03,0.08199308622550301,14.232052424973528,-0.03950043606469178,0.3456871240434053,1.2246467991473532e-16,-1.0,0.6666666666666666,2.443757071396814
U00525,0,0,0.03,0.11984870834948913,13.415096422191192,-0.22473827657813514,0.5064224831767222,-0.4999999999999997,-0.8660254037844388,0.2,3.080881578456783
U00526,0,0,0.03,0.14641461503302097,13.046919744421915,-0.13726099752823226,0.491089985367093,-0.2588190451025208,-0.9659258262890683,0.5,3.7809586729267797
U00527,0,0,0.03,0.1176720882153112,13.597694042765093,-0.2862755153519073,0.5637914160289369,0.49999999999999994,0.8660254037844387,0.6666666666666666,3.0380642386058456
U00528,0,0,0.03,0.1917799577675873,12.918636349446,-0.1495961852802399,0.5499806456316048,0.258819045102521,-0.9659258262890682,0.42857142857142855,3.7976617130918906
U00529,0,0,0.03,0.1095056386161982,13.805566277092804,-0.2812202973287027,0.4362085839710631,0.8660254037844387,-0.4999999999999998,0.25,2.396498042918413
U00530,0,0,0.03,0.08746762744164059,13.95584364155506,-0.3949595593186066,0.5499806456316048,-0.2588190451025208,-0.9659258262890683,0.2857142857142857,1.44146842575334
U00531,0,0,0.03,0.09128109937689971,13.140032357544419,0.021117660142268957,0.46414453303743997,-0.8660254037844386,0.5000000000000001,0.42857142857142855,2.2126641843890638
U00532,0,0,0.03,0.052322170856440336,14.696268408267398,-0.8744864583495191,0.3456871240434053,-1.0,-1.8369701987210297e-16,0.0,3.075579983584244
U00533,0,0,0.03,0.17880858955085566,12.392527315897315,-0.0762068159041467,0.6543128759565947,0.0,1.0,0.25,3.504265688883034
U00534,0,0,0.03,0.06640945878271158,13.994515370437883,-0.16726001055743822,0.5064224831767222,0.258819045102521,-0.9659258262890682,0.4,1.7886682766583821
U00535,0,0,0.03,0.17211290286482137,12.52487177153848,0.05023123573561674,0.5637914160289369,0.9659258262890683,-0.25881904510252063,0.6666666666666666,3.4404125303412654
U00536,0,0,0.03,0.14286148819337477,13.176388387257399,-0.17791346957676424,0.6122961576274709,0.8660254037844386,0.5000000000000001,0.14285714285714285,3.2683399241498363
U00537,0,0,0.03,0.12032331716643398,13.382376418372473,-0.10597333863357028,0.6122961576274709,0.0,1.0,0.2857142857142857,3.2547571901103542
U00538,0,0,0.03,0.08148393457065499,14.238539514662897,-0.33494483411758635,0.3456871240434053,0.49999999999999994,-0.8660254037844387,0.0,1.5887461399654823
U00539,2,0,0.7865,3.258096538021482,0.0,0.0,0.0,0.7071067811865476,-0.7071067811865475,1.0,2.4039773287671724
U00540,1,0,0.8214,0.0,0.0,0.0,0.0,0.0,1.0,0.0,3.5660828951636776
U00541,0,0,0.03,0.1329690364411423,13.24663818472858,-0.21064023315704308,0.48766513363573855,0.258819045102521,-0.9659258262890682,0.14285714285714285,3.530435814992922
U00542,5,0,0.7201,3.258096538021482,0.0,0.0,0.0,-0.7071067811865471,-0.7071067811865479,0.0,1.4310696422064275
U00543,0,0,0.03,0.16633459338207002,13.209311419054986,-0.2399633569900875,0.5637914160289369,0.49999999999999994,-0.8660254037844387,0.16666666666666666,3.2865725480758
U00544,0,0,0.03,0.18731137929397967,12.972551604226046,-0.184491380221613,0.5452607299638289,0.7071067811865476,-0.7071067811865475,0.25,3.5195539839362993
U00545,1,0,0.8065,0.0,0.0,0.0,0.0,0.0,1.0,0.0,3.7124801202508784
U00546,0,0,0.03,0.09920005298472744,13.933854769465368,-0.24325761485195896,0.5064224831767222,1.2246467991473532e-16,-1.0,0.8,3.3986076113469457
U00547,1,0,0.7392,0.0,0.0,0.0,0.0,0.0,1.0,0.0,1.459408742934639
U00548,0,0,0.03,0.20712150024458134,13.241311955774053,-0.3397718256682444,0.3456871240434053,-0.8660254037844385,-0.5000000000000004,0.3333333333333333,3.7464094231470995
U00549,0,0,0.03,0.11084599556931561,13.519817818960336,-0.23121858873348314,0.32715643797829735,-0.9659258262890684,0.2588190451025203,0.5,3.7318760269683837
U00550,0,0,0.03,0.10622735663512718,13.327230528145604,-0.23789628110875335,0.5637914160289369,0.0,1.0,0.0,3.1658187927734605
U00551,0,0,0.03,0.10337613729682249,13.342848999552263,-0.08802696542930344,0.5637914160289369,0.0,1.0,0.0,3.2992633448820006
U00552,0,0,0.03,0.10956485444096278,13.800555283248647,-0.2929644507808979,0.4362085839710631,0.0,1.0,0.25,3.5657524120532647
U00553,1,0,0.8036,0.0,0.0,0.0,0.0,0.0,1.0,0.0,3.741090787622738
U00554,0,0,0.03,0.09870865170802594,13.85881379166304,-0.2993062669707198,0.331939049588297,-0.2588190451025208,-0.9659258262890683,0.2,3.5027698288617666
U00555,0,0,0.03,0.13122469559867406,13.28299642975313,-0.04218963573015219,0.5771997795521259,-0.9659258262890683,-0.25881904510252063,0.6,2.2579145564939407
U00556,0,0,0.03,0.2979558103412106,13.118027993192483,-1.0,0.21810429198553155,0.7071067811865476,-0.7071067811865475,0.0,3.803472995155537
U00557,0,0,0.03,0.28468623088698936,13.170541926003654,-1.0,0.21810429198553155,0.7071067811865476,-0.7071067811865475,0.0,3.705760470162776
U00558,0,0,0.03,0.10892041453097352,13.826542481902523,-0.42066119865377827,0.4191807663825097,-0.9659258262890684,0.2588190451025203,0.2,2.610994440014996
U00559,0,0,0.03,0.1315039868071287,13.162420279315864,-0.14168937053544312,0.5499806456316048,0.258819045102521,-0.9659258262890682,0.2857142857142857,3.6222838804221333
U00560,0,0,0.03,0.09142845708954118,12.756414131196461,0.16263184576526618,0.5997868029602118,0.8660254037844387,-0.4999999999999998,0.5,0.6009011671399017
U00561,0,0,0.03,0.10795872628301653,13.356715082042633,-0.034050447810525415,0.5064224831767222,1.2246467991473532e-16,-1.0,0.4,2.029397770893317
U00562,1,0,0.8268,0.0,0.0,0.0,0.0,0.0,1.0,0.0,3.513271077307783
U00563,0,0,0.03,0.20781780379818554,13.237595606963705,-0.15169603727689798,0.20028426271971764,-0.8660254037844385,-0.5000000000000004,0.3333333333333333,3.664230344628217
U00564,0,0,0.03,0.1084899643507161,13.764990648647904,-0.6336561873478265,0.491089985367093,-0.2588190451025208,-0.9659258262890683,0.16666666666666666,3.4746884031794134
U00565,0,0,0.03,0.11526535189212876,13.5655827393243,-0.30104984113221006,0.5637914160289369,0.7071067811865476,-0.7071067811865475,0.3333333333333333,2.362649645146712
U00566,0,0,0.03,0.08936537505407506,14.161426632270437,-0.23887706788303337,0.32715643797829735,-0.9659258262890683,-0.25881904510252063,0.5,3.3515186862916897
U00567,0,0,0.03,0.04175632321673874,14.927161966617549,-0.3099052514556849,0.3456871240434053,0.0,1.0,0.3333333333333333,0.580623726522763
U00568,5,0,0.7795,3.258096538021482,0.0,0.0,0.0,-0.4999999999999997,-0.8660254037844388,0.0,2.4686506193938933
U00569,0,0,0.03,0.07871542207428799,13.093175526351883,0.05623916975953247,0.4362085839710631,0.9659258262890683,-0.25881904510252063,0.25,3.1167241471483367
U00570,-1,1,0.0,0.07870468646064428,14.069189133889001,-0.234873539035289,0.6122961576274709,0.0,1.0,0.2857142857142857,0.00513724469596602
U00571,0,0,0.03,0.18231360961047305,13.343721335495383,-0.2656476062366524,0.4191807663825097,-0.7071067811865477,0.7071067811865474,0.0,3.6259766315288386
U00572,0,0,0.03,0.09216557891660648,14.088037621191846,-0.6478931998332021,0.4362085839710631,0.49999999999999994,0.8660254037844387,0.5,3.013729077432302
U00573,0,0,0.03,0.18419025956880059,12.75219060338547,-0.0005192995292269807,0.5064224831767222,0.49999999999999994,0.8660254037844387,0.2,3.262305970758327
U00574,0,0,0.03,0.09254228198426476,14.39335238088705,-1.0,0.21810429198553155,0.8660254037844387,-0.4999999999999998,0.0,3.5275097822671797
U00575,0,0,0.03,0.18690778185620632,12.792500053727979,-0.07291788057714439,0.7057694256212701,0.8660254037844387,-0.4999999999999998,0.2857142857142857,2.9594254128581228
U00576,0,0,0.03,0.093165633306815,13.5564230689992,0.023742421899619476,0.5499806456316048,0.258819045102521,-0.9659258262890682,0.7142857142857143,2.1039633515180327
U00577,0,0,0.03,0.2367483259975917,13.379940818677051,-1.0,0.21810429198553155,0.8660254037844387,-0.4999999999999998,0.0,1.1086466521718317
U00578,0,0,0.03,0.12628532826639932,13.46544798971787,-0.10518431588810434,0.4018290210415738,1.2246467991473532e-16,-1.0,0.7142857142857143,3.4087444480605473
U00579,0,0,0.03,0.06599072503167533,14.457272860995692,-0.3475948005003584,0.20028426271971764,0.7071067811865476,-0.7071067811865475,0.3333333333333333,3.6055230058889474
U00580,-1,1,0.0,0.12276994952584099,13.66316441564606,-0.25650414118382425,0.4191807663825097,0.0,1.0,0.0,0.0
U00581,-1,1,0.0,0.19298996675398358,13.319280400280547,-0.09089630383520997,0.3456871240434053,0.49999999999999994,-0.8660254037844387,1.0,3.328887175274787
U00582,0,0,0.03,0.13779359915389094,12.824290170292988,-0.029053206191940163,0.48766513363573855,0.49999999999999994,-0.8660254037844387,0.2857142857142857,3.7483669917866638
U00583,0,0,0.03,0.16998891150675963,12.793630117502934,-0.037152355905543395,0.5459713867631231,0.8660254037844387,-0.4999999999999998,0.1111111111111111,3.296397408459526
U00584,2,0,0.8106,3.258096538021482,0.0,0.0,0.0,-0.4999999999999997,-0.8660254037844388,1.0,2.786504040354962
U00585,0,0,0.03,0.31863760943247105,12.62407878513265,-0.4469791640562936,0.4362085839710631,0.25881904510252074,0.9659258262890683,0.25,2.915093226840237
U00586,0,0,0.03,0.10674480342372204,13.642889003664255,-0.7068379453406984,0.491089985367093,0.0,1.0,0.3333333333333333,3.1279877512720202
U00587,0,0,0.03,0.1453080591213221,13.178953518696904,-0.19594404501969576,0.5637914160289369,1.2246467991473532e-16,-1.0,0.5,3.621166764828091
U00588,0,0,0.03,0.1141740383628546,13.884610223748512,-0.9089579440001567,0.20028426271971764,0.7071067811865476,-0.7071067811865475,0.0,2.9558953983896576
U00589,0,0,0.03,0.1141850293985869,13.523270781608032,-0.3264090592038808,0.5499806456316046,1.2246467991473532e-16,-1.0,0.2857142857142857,2.5760511435525766
U00590,0,0,0.03,0.09177472743924399,13.613847147701573,-0.4074647572380041,0.491089985367093,-0.8660254037844385,-0.5000000000000004,0.5,2.327426745967862
U00591,-1,1,0.0,0.06880958016045913,14.40903296422921,-0.31385981276373887,0.4362085839710631,0.49999999999999994,0.8660254037844387,1.0,3.4628305724070736
U00592,0,0,0.03,0.11787578168247778,13.317754158618698,-0.13000356573051397,0.5997868029602118,0.49999999999999994,-0.8660254037844387,0.25,2.886507562818651
U00593,0,0,0.03,0.2519021213631481,10.91157320200468,0.12402055673691377,0.5499806456316048,1.2246467991473532e-16,-1.0,0.2857142857142857,3.5467513610227863
U00594,0,0,0.03,0.1290052047217649,12.85716530148329,0.045379451417871454,0.5637914160289369,0.8660254037844387,-0.4999999999999998,0.5,3.682142110021452
U00595,-1,1,0.0,0.04233806733562274,15.200715325692823,-1.0,0.21810429198553155,1.2246467991473532e-16,-1.0,0.5,0.4699095854719066
U00596,0,0,0.03,0.40362274525417785,12.758577496287653,-1.0,0.21810429198553155,-0.8660254037844385,-0.5000000000000004,0.0,2.496056641215292
U00597,0,0,0.03,0.14665351871208515,12.234771855126827,0.06780357503177939,0.5452607299638289,0.7071067811865476,-0.7071067811865475,0.25,3.491802697801324
U00598,-1,1,0.0,0.11117133875727844,14.200472913745918,-1.0,0.0,0.7071067811865476,-0.7071067811865475,0.5,3.296212309919733
U00599,0,0,0.03,0.07724649984037917,14.172322392533056,-0.2857015083766477,0.4191807663825097,-0.7071067811865471,-0.7071067811865479,0.8,2.2821721405984983
U00600,0,0,0.03,0.07845300863868718,13.56571240812341,-0.1345963975079344,0.32715643797829735,-0.4999999999999997,-0.8660254037844388,0.75,3.3991165144551996
U00601,0,0,0.03,0.07886388020572105,14.272549571085145,-0.3217317696837371,0.3456871240434053,0.258819045102521,-0.9659258262890682,0.6666666666666666,1.695596495342647
U00602,0,0,0.03,0.17746779262687964,13.086137056580172,-0.005193596906982833,0.5997868029602118,0.258819045102521,-0.9659258262890682,0.125,3.0680244032881725
U00603,0,0,0.03,0.10092383898683083,13.98648464168959,-0.3079551568956591,0.5452607299638289,1.2246467991473532e-16,-1.0,0.125,0.6014341113519895
U00604,0,0,0.03,0.11119271429724281,13.50027090615465,-0.3292208458002619,0.47015413144393475,0.7071067811865476,-0.7071067811865475,0.0,2.642536719248152
U00605,0,0,0.03,0.10221464883418803,12.897290466071485,0.06609096246949754,0.5637914160289369,0.8660254037844386,0.5000000000000001,0.0,2.6810294561308647
U00606,0,0,0.03,0.07565654437212989,14.315693246081759,-0.14062458930441482,0.3456871240434053,0.49999999999999994,0.8660254037844387,0.0,3.2801647140276535
U00607,0,0,0.03,0.15053148677838252,12.515140650012942,-0.049091339199706284,0.6122961576274709,0.0,1.0,0.2857142857142857,3.5156009134973285
U00608,0,0,0.03,0.10130277897986656,13.940150034417144,-0.18671307977471108,0.4362085839710631,0.8660254037844387,-0.4999999999999998,0.5,3.8027647284614647
U00609,0,0,0.03,0.0993939504893556,13.311537236790329,-0.07095724811680913,0.48766513363573855,0.258819045102521,-0.9659258262890682,0.0,2.5009282712823073
U00610,0,0,0.03,0.11596644485801604,13.434942431805544,0.04265387033454883,0.6543128759565947,0.9659258262890683,-0.25881904510252063,0.25,3.096629196353207
U00611,0,0,0.03,0.061684978902566565,14.44939116289548,-0.31369078502756886,0.4362085839710631,0.8660254037844387,-0.4999999999999998,1.0,2.166648694257261
U00612,0,0,0.03,0.04068434941805136,14.953709037862211,-0.027159942486879696,0.3456871240434053,0.8660254037844386,0.5000000000000001,0.6666666666666666,1.9336226645819063
U00613,0,0,0.03,0.17007879954539362,13.283916590748328,-0.19774900170822346,0.4191807663825097,-0.8660254037844386,0.5000000000000001,0.6,3.6976387225234197
U00614,0,0,0.03,0.07297499293316272,14.383375938530746,-0.33661975598789273,0.5064224831767222,0.0,1.0,0.6,3.1026696702811063
U00615,2,0,0.8409,3.258096538021482,0.0,0.0,0.0,0.258819045102521,-0.9659258262890682,1.0,3.125317304456841
U00616,-1,1,0.0,0.06551588870858008,14.2573725241023,-0.6659179448594277,0.32715643797829735,0.258819045102521,-0.9659258262890682,0.5,0.7016812633158155
U00617,0,0,0.03,0.24255435427838198,13.196026393436899,-0.24080327315645572,0.4362085839710631,0.0,1.0,0.0,3.1616232889518496
U00618,-1,1,0.0,0.04353241548707835,14.884612673208439,-0.10288217298793224,0.3456871240434053,1.2246467991473532e-16,-1.0,0.3333333333333333,0.494618607838023
U00619,0,0,0.03,0.13728269483548364,13.42819818742069,-0.10663537965800296,0.5064224831767222,0.0,1.0,0.2,3.541242094038006
U00620,0,0,0.03,0.1004410634580359,14.019752188224622,-0.9672631625374397,0.3456871240434053,0.8660254037844387,-0.4999999999999998,0.0,3.585814077813376
U00621,0,0,0.03,0.1167529591915411,13.930053684110815,-0.08758968794703267,0.491089985367093,-0.9659258262890683,-0.25881904510252063,0.0,2.231316568696043
U00622,0,0,0.03,0.19553496308089055,13.30486575118324,-0.265218110882827,0.20028426271971764,-0.9659258262890683,-0.25881904510252063,0.3333333333333333,3.496988296063435
U00623,-1,1,0.0,0.14709062008572718,13.079633313677267,-0.1136319485034517,0.5637914160289369,0.8660254037844386,0.5000000000000001,0.8333333333333334,3.8051319981776843
U00624,0,0,0.03,0.04820626447331616,14.443887190470486,-0.12693778935346936,0.32715643797829735,0.49999999999999994,-0.8660254037844387,0.25,0.5540779958579548
U00625,0,0,0.03,0.12075230453092069,14.0198487925028,-0.16771734011261605,0.4362085839710631,1.2246467991473532e-16,-1.0,0.5,3.607217694391641
U00626,0,0,0.03,0.062459220199311,14.457921131262896,-0.7040181352757556,0.32715643797829735,-0.2588190451025208,-0.9659258262890683,0.5,2.2299907539218546
U00627,0,0,0.03,0.09090262603241489,13.454608119320024,-0.02139430203977797,0.5064224831767222,0.7071067811865476,0.7071067811865476,0.6,3.0316935851829787
U00628,0,0,0.03,0.11053701392212999,13.91883625478172,-0.8252954979616999,0.3456871240434053,0.49999999999999994,-0.8660254037844387,0.0,2.37198698575866
U00629,0,0,0.03,0.1507244820636969,12.74422837624812,0.0197646027383778,0.491089985367093,-0.8660254037844386,0.5000000000000001,0.16666666666666666,3.201697168613593
U00630,0,0,0.03,0.06976737901025229,13.470949091566403,-0.015138366726260547,0.5064224831767222,0.0,1.0,0.0,1.9154731008188957
U00631,0,0,0.03,0.10089952432034664,12.467667383218636,0.09920379257925134,0.32715643797829735,0.258819045102521,-0.9659258262890682,0.25,3.591080618831252
U00632,2,0,0.8056,3.258096538021482,0.0,0.0,0.0,0.49999999999999994,-0.8660254037844387,1.0,2.541533640297375
U00633,0,0,0.03,0.0581315167396112,14.875731229683838,-1.0,0.21810429198553155,0.258819045102521,-0.9659258262890682,0.5,2.1386790363026824
U00634,0,0,0.03,0.585995315544224,11.999392820246628,-0.7232684412660575,0.3456871240434053,-0.2588190451025208,-0.9659258262890683,0.3333333333333333,3.568550863571768
U00635,0,0,0.03,0.1829487126627392,13.377890475474196,-0.015008069657694004,0.3456871240434053,1.2246467991473532e-16,-1.0,0.0,3.735865191460403
U00636,0,0,0.03,0.16199311026636165,13.117843176672574,-0.5174655768820542,0.48766513363573855,-0.7071067811865471,-0.7071067811865479,0.2857142857142857,3.246576105010468
U00637,0,0,0.03,0.11419342515710569,13.298566253190106,-0.13932438075797604,0.5997868029602118,0.49999999999999994,-0.8660254037844387,0.5,2.1008272584563854
U00638,0,0,0.03,0.15109781760314267,13.180522845577707,-0.19624891514983567,0.4362085839710631,0.0,1.0,0.5,3.7237722388927605
U00639,0,0,0.03,0.06451538129191291,14.480629080015428,-0.3198904570736293,0.20028426271971764,-0.7071067811865471,-0.7071067811865479,0.3333333333333333,3.634779776684249
U00640,0,0,0.03,0.08552259696463402,14.07184165944908,-0.18730327453442208,0.4191807663825097,-0.9659258262890684,0.2588190451025203,0.6,2.9794993782872625
U00641,0,0,0.03,0.1273586910865686,13.237055418633435,-0.0019315693832836068,0.491089985367093,0.7071067811865476,-0.7071067811865475,0.5,1.8924371625682328
U00642,0,0,0.03,0.1557297746371304,13.353853598156203,-0.16086683302838,0.5064224831767222,0.0,1.0,0.2,3.6732530767724114
U00643,-1,1,0.0,0.06163034564136067,14.600355036085812,-0.4033664227002868,0.4362085839710631,0.0,1.0,0.75,0.5030524351067851
U00644,0,0,0.03,0.16115631853557985,13.593137959389615,-0.186568166346671,0.4362085839710631,0.9659258262890683,-0.25881904510252063,0.5,2.8690865120022737
U00645,0,0,0.03,0.19392088595027823,12.445782219432859,-0.025006365227675624,0.5997868029602118,0.8660254037844387,-0.4999999999999998,0.125,1.4763032664920286
U00646,0,0,0.03,0.10554656923816104,13.781253425835978,-0.46737332496449785,0.5064224831767222,0.49999999999999994,-0.8660254037844387,0.4,2.9113229376103393
U00647,0,0,0.03,0.0797574003209447,13.176169511962856,0.052425290303890634,0.4362085839710631,1.2246467991473532e-16,-1.0,0.0,2.975100761160787
U00648,0,0,0.03,0.13652619165925567,13.271780299229075,-0.026912588365481414,0.48766513363573855,0.258819045102521,-0.9659258262890682,0.42857142857142855,2.248682402940853
U00649,0,0,0.03,0.08364764609998838,14.211235383157657,-0.16547807676359372,0.3456871240434053,0.49999999999999994,0.8660254037844387,0.0,2.837961720408346
U00650,0,0,0.03,0.22952023154705228,12.504583375864268,-0.10851086978652245,0.593664199970935,-0.4999999999999997,-0.8660254037844388,0.0,3.648471207418028
U00651,0,0,0.03,0.13527736087648146,12.333392285102402,0.11012474544632056,0.5637914160289369,0.8660254037844387,-0.4999999999999998,0.3333333333333333,3.7567787494693583
U00652,5,0,0.7795,3.258096538021482,0.0,0.0,0.0,-0.8660254037844385,-0.5000000000000004,0.0,2.608204287428623
U00653,0,0,0.03,0.1282112181658432,12.726249410770235,0.12029809508429432,0.5499806456316048,0.258819045102521,-0.9659258262890682,0.2857142857142857,2.7303060924040734
U00654,0,0,0.03,0.1324380701284866,12.550158680628494,0.15659736893805132,0.491089985367093,-0.7071067811865471,-0.7071067811865479,0.16666666666666666,2.606818666604185
U00655,0,0,0.03,0.14253866534198248,12.876912865567578,-0.017532679228276775,0.4362085839710631,0.9659258262890683,-0.25881904510252063,0.75,3.2841393435481963
U00656,0,0,0.03,0.13091003964582884,13.144870188235465,-0.04800264789444746,0.5637914160289369,0.258819045102521,-0.9659258262890682,0.0,3.4859724637108735
U00657,0,0,0.03,0.24161780428308086,13.357049654404145,-1.0,0.21810429198553155,0.258819045102521,-0.9659258262890682,0.0,3.7551290214274378
U00658,0,0,0.03,0.06766028970652813,14.249521009954684,-0.570823944297448,0.4362085839710631,-0.7071067811865471,-0.7071067811865479,0.25,3.4351801157420447
U00659,5,0,0.7774,3.258096538021482,0.0,0.0,0.0,-0.8660254037844385,-0.5000000000000004,0.0,3.2833566186451355
U00660,0,0,0.03,0.13168681551336897,13.66754520947401,-0.1293069686294252,0.491089985367093,0.8660254037844387,-0.4999999999999998,0.6666666666666666,3.2873324414850966
U00661,0,0,0.03,0.12503265114388223,12.975463017040852,0.0344072287931261,0.5997868029602118,0.8660254037844387,-0.4999999999999998,0.25,1.673286091173515
U00662,0,0,0.03,0.08081418788967033,14.534814157276184,-1.0,0.21810429198553155,-0.4999999999999997,-0.8660254037844388,0.0,3.4768304523868356
U00663,0,0,0.03,0.18240304584649555,12.635612289079514,-0.07805683399119759,0.5997868029602118,0.258819045102521,-0.9659258262890682,0.5,3.8375598419963417
U00664,0,0,0.03,0.13679489678756543,12.83304530076052,-0.20080806730209758,0.5997868029602118,-0.8660254037844386,0.5000000000000001,0.125,3.289884256341332
U00665,0,0,0.03,0.10127722672943851,13.868144278579054,-0.3261724045892117,0.5064224831767222,1.0,6.123233995736766e-17,0.2,3.4243961056953958
U00666,0,0,0.03,0.0628135632075907,14.508221643448582,-0.5417612211145401,0.3456871240434053,0.258819045102521,-0.9659258262890682,0.3333333333333333,1.1384486123892825
U00667,0,0,0.03,0.09628172618042175,13.756797171074245,-0.3624903325925386,0.3909478540072342,-0.7071067811865477,0.7071067811865474,0.3333333333333333,2.5358760587828084
U00668,0,0,0.03,0.06650314832414086,14.298156436152814,-0.21689133318278833,0.4191807663825097,-0.9659258262890683,-0.25881904510252063,0.2,0.7366710772085405
U00669,0,0,0.03,0.1487719104209742,13.425453877961228,-0.31895232602499124,0.6429066276455814,0.7071067811865476,-0.7071067811865475,0.4444444444444444,3.1223139360770116
U00670,0,0,0.03,0.1213312232427198,12.88833075475795,-0.04586076542615094,0.491089985367093,-0.7071067811865477,0.7071067811865474,0.3333333333333333,1.323790805072689
U00671,0,0,0.03,0.07290218576635697,14.641854700232956,-1.0,0.21810429198553155,0.9659258262890683,-0.25881904510252063,0.5,2.6029605678196557
U00672,2,0,0.8191,3.258096538021482,0.0,0.0,0.0,-0.4999999999999997,-0.8660254037844388,1.0,3.1689981946218126
U00673,0,0,0.03,0.10310609896654604,13.59283689623466,-0.2569616141984127,0.5637914160289369,0.9659258262890683,0.25881904510252074,0.16666666666666666,3.1768991323048823
U00674,0,0,0.03,0.10340268994699771,13.464784313944895,-0.015398738607518154,0.6122961576274709,0.49999999999999994,-0.8660254037844387,0.2857142857142857,2.927956419137754
U00675,0,0,0.03,0.09556496312514998,13.170570514503646,-0.0952350572333509,0.32715643797829735,-0.8660254037844386,0.5000000000000001,0.0,3.8357552239320127
U00676,0,0,0.03,0.17359795268269348,13.722850164373552,-1.0,0.21810429198553155,0.0,1.0,0.0,3.776419626451844
U00677,0,0,0.03,0.13527107686670525,13.453610558596019,-0.25532313592869377,0.490734656967446,-0.4999999999999997,-0.8660254037844388,0.125,3.2232514231455247
U00678,0,0,0.03,0.1287117989728172,13.251860643872917,-0.02936939635752956,0.5064224831767222,0.25881904510252074,0.9659258262890683,0.0,3.742085284756965
U00679,0,0,0.03,0.21652194849967685,12.386859692232177,-0.1102867764873684,0.5452607299638289,1.2246467991473532e-16,-1.0,0.25,3.6099032589180506
U00680,0,0,0.03,0.10122135388168513,13.938717082105166,-0.2675449354944404,0.4362085839710631,0.0,1.0,0.25,3.749502169610471
U00681,0,0,0.03,0.11868600861733881,13.568124261604114,-0.09063106783499018,0.6122961576274709,0.8660254037844387,-0.4999999999999998,0.42857142857142855,2.7547607499313025
U00682,0,0,0.03,0.10923068125187042,13.785281736309846,-0.20953003356030545,0.5499806456316048,-0.4999999999999997,-0.8660254037844388,0.42857142857142855,1.7635687507946767
U00683,0,0,0.03,0.13647074619292296,13.352765322727047,-0.06838354926839925,0.4362085839710631,0.8660254037844387,-0.4999999999999998,0.0,3.47275045041171
U00684,5,0,0.7696,3.258096538021482,0.0,0.0,0.0,-0.7071067811865471,-0.7071067811865479,0.0,2.263320767778661
U00685,0,0,0.03,0.1634571544659917,12.521124232276671,-0.09754933528078925,0.5997868029602118,-0.8660254037844385,-0.5000000000000004,0.625,3.560342841911839
U00686,0,0,0.03,0.11937342879820857,13.570395516570452,-0.2192971779129945,0.5276775862977796,-0.7071067811865477,0.7071067811865474,0.0,2.2389165636741923
U00687,0,0,0.03,0.2671608098431067,12.735282243721226,-0.3114528669772644,0.4641445330374401,0.0,1.0,0.2857142857142857,3.6000520351785052
U00688,0,0,0.03,0.18198066549324443,13.442743978189306,-0.23020830794618574,0.17694324093850913,0.258819045102521,-0.9659258262890682,0.0,3.3901153690319883
U00689,0,0,0.03,0.1411381221626861,13.375158930500366,-0.07368383269475517,0.6122961576274709,0.0,1.0,0.2857142857142857,2.9237139968070185
U00690,0,0,0.03,0.09580697074293047,14.18786552528646,-0.3803883944672106,0.4362085839710631,0.9659258262890683,0.25881904510252074,0.5,2.9508420468162364
U00691,0,0,0.03,0.08095728203769291,14.245290646393109,-0.3852108953470399,0.3456871240434053,-0.2588190451025208,-0.9659258262890683,0.3333333333333333,3.466107650822497
U00692,0,0,0.03,0.12865740653921015,13.636916047097948,-0.3917991265907598,0.5064224831767222,0.8660254037844387,-0.4999999999999998,0.2,3.3294253542774848
U00693,0,0,0.03,0.15727098198963854,12.680864791507707,0.08015953344914208,0.5499806456316046,-0.8660254037844385,-0.5000000000000004,0.2857142857142857,3.318495308962644
U00694,0,0,0.03,0.04644988794336923,15.10595679461355,-1.0,0.21810429198553155,-0.8660254037844385,-0.5000000000000004,0.0,1.7108364230385649
U00695,0,0,0.03,0.0959597559957316,13.669936658841202,-0.33186898023203354,0.32715643797829735,0.258819045102521,-0.9659258262890682,0.5,3.178711889242652
U00696,0,0,0.03,0.10025631787745004,13.859655186417731,-0.9008023771146069,0.5064224831767222,0.7071067811865476,-0.7071067811865475,0.4,3.422788607566105
U00697,0,0,0.03,0.1307248779974428,14.013849810451436,-0.1840146261621391,0.4362085839710631,0.8660254037844387,-0.4999999999999998,0.0,3.534634682283004
U00698,0,0,0.03,0.12114250638210344,13.491315250496871,-0.3086613124805959,0.5997868029602118,-0.7071067811865471,-0.7071067811865479,0.125,2.55209826005988
U00699,0,0,0.03,0.08136696328826798,13.93613710257003,-0.2606227250847132,0.5064224831767222,0.49999999999999994,-0.8660254037844387,0.4,2.5133392487610777
U00700,0,0,0.03,0.11163429844976816,13.464738159678156,-0.05120040936957169,0.46414453303743997,-0.8660254037844386,0.5000000000000001,0.14285714285714285,0.6282629206492663
U00701,0,0,0.03,0.09951594208100432,14.317157587012145,-1.0,0.21810429198553155,-0.7071067811865471,-0.7071067811865479,0.5,0.8960360579758595
U00702,0,0,0.03,0.07277790204973178,13.812295394862275,-0.031585176363330164,0.32715643797829735,0.8660254037844387,-0.4999999999999998,0.5,2.1329507673872588
U00703,0,0,0.03,0.0778193114083144,13.751142688931472,-0.17006402160286085,0.4362085839710631,0.0,1.0,0.5,2.6929780802594867
U00704,0,0,0.03,0.07188212370365446,14.368779964440828,-0.46170166265991963,0.3456871240434053,0.49999999999999994,-0.8660254037844387,0.3333333333333333,1.9767299066133968
U00705,3,0,0.8034,0.09149350386853239,14.405282473174523,-1.0,0.21810429198553155,-0.8660254037844385,-0.5000000000000004,1.0,3.3110514675102385
U00706,0,0,0.03,0.08042863176211383,13.80152825964373,-0.1279623538124407,0.5637914160289369,0.8660254037844386,0.5000000000000001,0.0,2.7592030921151496
U00707,0,0,0.03,0.11507037305650054,13.024947882979609,0.07690812834457018,0.4191807663825097,-0.9659258262890684,0.2588190451025203,0.2,3.3988269045468926
U00708,0,0,0.03,0.20914157979337608,12.988651397046251,-0.12951724659423647,0.5499806456316048,-0.2588190451025208,-0.9659258262890683,0.0,3.0840626587419386
U00709,0,0,0.03,0.12235567086628145,12.609355373979271,-0.0008267798100993752,0.5637914160289369,0.8660254037844387,-0.4999999999999998,0.16666666666666666,3.3827964798229933
U00710,0,0,0.03,0.1675895559101343,13.47348211417235,-0.46286496867100174,0.3456871240434053,0.258819045102521,-0.9659258262890682,0.3333333333333333,2.714388098821389
U00711,2,0,0.7958,3.258096538021482,0.0,0.0,0.0,0.8660254037844387,-0.4999999999999998,1.0,3.273131624847622
U00712,0,0,0.03,0.14466232749657018,13.201401888733756,-0.2777729956902235,0.48766513363573855,0.49999999999999994,-0.8660254037844387,0.2857142857142857,3.0980490993838403
U00713,0,0,0.03,0.09258664207125748,14.3928506244484,-1.0,0.21810429198553155,0.8660254037844387,-0.4999999999999998,0.0,3.0995228074351346
U00714,0,0,0.03,0.10619039538327041,13.961165537022278,-0.07932023489851481,0.3456871240434053,-0.2588190451025208,-0.9659258262890683,0.0,2.363047392268698
U00715,0,0,0.03,0.10302281332093557,13.825863777943747,-0.19910873375928198,0.3909478540072342,0.258819045102521,-0.9659258262890682,0.16666666666666666,3.37392887521447
U00716,0,0,0.03,0.11378583144301008,13.568261284305915,-0.175681730009945,0.5637914160289369,0.258819045102521,-0.9659258262890682,0.16666666666666666,3.4953649336071906
U00717,0,0,0.03,0.18948718600491385,12.721095946707864,-0.11628850510740728,0.5064224831767222,-0.2588190451025208,-0.9659258262890683,0.2,3.651512854362916
U00718,0,0,0.03,0.23942774661045788,13.079612440336696,-0.4134373824468752,0.3456871240434053,-1.0,-1.8369701987210297e-16,0.3333333333333333,2.300897326925246
U00719,0,0,0.03,0.10945283633124826,13.181595971976718,-0.032577116329054016,0.32715643797829735,-1.0,-1.8369701987210297e-16,0.5,3.7636677296963623
U00720,1,0,0.8601,0.0,0.0,0.0,0.0,0.0,1.0,0.0,3.185367395143675
U00721,0,0,0.03,0.20448740231369641,12.884805182505357,-0.3320654305105594,0.4191807663825097,-0.9659258262890684,0.2588190451025203,0.2,3.775171026388706
U00722,0,0,0.03,0.10269367219818727,13.958341265121373,-0.3549180306182197,0.5064224831767222,0.258819045102521,-0.9659258262890682,0.6,3.5360863592954397
U00723,0,0,0.03,0.03791098955912459,15.313389226705818,-1.0,0.21810429198553155,1.2246467991473532e-16,-1.0,0.0,2.616053353306468
U00724,0,0,0.03,0.13039706370349338,13.040153907328996,-0.031164166733096785,0.4191807663825097,-0.8660254037844386,0.5000000000000001,0.4,3.800434545790466
U00725,0,0,0.03,0.12162892879292012,13.909043705235684,-0.16537688714850288,0.491089985367093,0.8660254037844387,-0.4999999999999998,0.16666666666666666,2.0212838542224643
U00726,0,0,0.03,0.1521790387028701,12.560784664191015,0.05279736346533803,0.5499806456316046,-0.4999999999999997,-0.8660254037844388,0.8571428571428571,3.2249034554814164
U00727,0,0,0.03,0.08365123859329043,13.282919782410072,-0.032080850749323125,0.4362085839710631,0.8660254037844387,-0.4999999999999998,0.25,1.6521447961008409
U00728,0,0,0.03,0.17456076719727673,13.110996013033228,-0.37676487813112863,0.6913742480868106,0.0,1.0,0.2222222222222222,3.5156559674123296
U00729,0,0,0.03,0.17913173079677136,13.278890089373087,-0.24327508690427077,0.491089985367093,1.2246467991473532e-16,-1.0,0.3333333333333333,3.4760807916224095
U00730,0,0,0.03,0.1832836685183701,13.375888693204615,-0.16449292388887884,0.3456871240434053,-0.9659258262890683,-0.25881904510252063,0.0,2.4642698204753843
U00731,0,0,0.03,0.13823389465834524,13.230036816192053,-0.12665038494290903,0.5499806456316048,1.2246467991473532e-16,-1.0,0.2857142857142857,2.778946506821879
U00732,0,0,0.03,0.14591625932619245,13.242889314531407,-0.07931070491073652,0.5637914160289369,1.0,6.123233995736766e-17,0.16666666666666666,2.1931228123907442
U00733,0,0,0.03,0.08924351876613157,13.780415881004512,-0.11274780491755865,0.5499806456316048,-0.2588190451025208,-0.9659258262890683,0.2857142857142857,1.8572487824325243
U00734,0,0,0.03,0.14274381896597094,13.142326776089822,-0.2212453143654027,0.5944390072043522,0.7071067811865476,-0.7071067811865475,0.2222222222222222,3.0103751205825966
U00735,0,0,0.03,0.11541667283925203,12.374083964206335,0.13465779517503873,0.491089985367093,-0.2588190451025208,-0.9659258262890683,0.16666666666666666,3.4853849774349324
U00736,0,0,0.03,0.05374857885516216,14.668651883434084,-0.1777611063996347,0.3456871240434053,0.9659258262890683,-0.25881904510252063,0.3333333333333333,1.6340424452648048
U00737,0,0,0.03,0.11453831149996999,13.811858898764996,-0.3348028344542558,0.4362085839710631,0.49999999999999994,-0.8660254037844387,0.5,3.637757928598999
U00738,2,0,0.8049,3.258096538021482,0.0,0.0,0.0,0.7071067811865476,-0.7071067811865475,1.0,3.5844492540351345
U00739,0,0,0.03,0.5597162528648748,12.347342146619606,-1.0,0.21810429198553155,0.0,1.0,0.5,2.06439546597922
U00740,0,0,0.03,0.09584143063846734,13.50654356015516,-0.24705340108954257,0.32715643797829735,-1.0,-1.8369701987210297e-16,0.25,2.9535650941997758
U00741,0,0,0.03,0.17597250472867093,12.95950439009345,-0.20957848201232343,0.6122961576274709,0.7071067811865476,-0.7071067811865475,0.42857142857142855,3.7448918765513595
U00742,0,0,0.03,0.0885230013195172,12.818683350700033,0.14965185346767765,0.29901020875067913,0.0,1.0,0.0,2.9512898491129573
U00743,5,0,0.762,3.258096538021482,0.0,0.0,0.0,-0.2588190451025208,-0.9659258262890683,0.0,3.6435448577259755
U00744,0,0,0.03,0.08125888570075203,13.832747150709976,-0.21962003729030755,0.491089985367093,-1.0,-1.8369701987210297e-16,0.0,2.943012523665882
U00745,0,0,0.03,0.07258381933858789,14.145783619342666,-0.2587796857349663,0.4362085839710631,-0.2588190451025208,-0.9659258262890683,0.25,3.109194775138678
U00746,0,0,0.03,0.10022925080096946,13.879224989633377,-0.26281061303320524,0.491089985367093,1.2246467991473532e-16,-1.0,0.5,3.4373656011873526
U00747,0,0,0.03,0.18379374039348825,13.134317639639182,-0.2337769580584839,0.5452607299638289,0.49999999999999994,-0.8660254037844387,0.0,3.419721505019638
U00748,0,0,0.03,0.13533484559562486,13.583541929960898,-0.31686517363327615,0.6543128759565947,0.9659258262890683,-0.25881904510252063,0.25,3.486965477095414
U00749,0,0,0.03,0.15588671947270505,12.784845193971412,0.04210367979020548,0.6429066276455814,-0.7071067811865471,-0.7071067811865479,0.3333333333333333,2.912505392982053
U00750,0,0,0.03,0.1613559655563026,13.514589232077965,-0.4696692755157052,0.3456871240434053,0.7071067811865476,-0.7071067811865475,0.3333333333333333,3.5026265686530555
U00751,0,0,0.03,0.06285230938924083,14.507585413789503,-0.05913900826564576,0.3456871240434053,0.7071067811865476,0.7071067811865476,0.3333333333333333,1.88268645979637
U00752,0,0,0.03,0.3136207713951336,12.770876381333172,-0.12422689718751148,0.3456871240434053,-1.0,-1.8369701987210297e-16,0.6666666666666666,3.081407592520394
U00753,0,0,0.03,0.33228192625982,12.556770009281271,-0.2421162538280729,0.5064224831767222,0.7071067811865476,-0.7071067811865475,0.6,3.6146060480488593
U00754,0,0,0.03,0.19823349509463306,13.577447512429478,-1.0,0.21810429198553155,0.9659258262890683,0.25881904510252074,0.0,3.7469463414836874
U00755,0,0,0.03,0.14830279269188,12.763251180060726,-0.013852823766761379,0.6543128759565947,0.8660254037844387,-0.4999999999999998,0.375,3.4944498200666225
U00756,-1,1,0.0,0.047189023812692854,14.802115101832527,-0.018666035692094535,0.3456871240434053,0.9659258262890683,-0.25881904510252063,0.6666666666666666,1.2566772553412309
U00757,0,0,0.03,0.12190645483223303,13.815137988568916,-0.0006942407548854628,0.20028426271971764,0.49999999999999994,-0.8660254037844387,0.0,3.6759152835429396
U00758,0,0,0.03,0.10247517179465354,13.345838073883925,-0.10418607561889906,0.4362085839710631,0.49999999999999994,-0.8660254037844387,0.5,3.5561638661963815
U00759,0,0,0.03,0.10158889192125432,13.989721815009048,-0.5761489122541614,0.4362085839710631,0.49999999999999994,0.8660254037844387,0.0,3.5923765204373677
U00760,0,0,0.03,0.15180329599792544,13.557007927780251,-0.4137134637165842,0.5637914160289369,0.9659258262890683,0.25881904510252074,0.16666666666666666,3.8107042081309737
U00761,0,0,0.03,0.07595483016120809,14.31160734297201,-0.11857201529210079,0.20028426271971764,-0.7071067811865477,0.7071067811865474,0.3333333333333333,3.5166656690240132
U00762,-1,1,0.0,3.258096538021482,0.0,0.0,0.0,-0.7071067811865477,0.7071067811865474,1.0,1.3391257114460746
U00763,0,0,0.03,0.12364078970869002,13.122831267926484,-0.1431296540698614,0.4183885547052492,-1.0,-1.8369701987210297e-16,0.0,3.5031688275719697
U00764,0,0,0.03,0.19924124079675223,12.976511830970223,-0.1557955101495047,0.32715643797829735,-0.8660254037844386,0.5000000000000001,0.25,3.616487645616854
U00765,0,0,0.03,0.05201417942093295,14.990009545437305,-1.0,0.21810429198553155,0.9659258262890683,-0.25881904510252063,0.5,3.748883785550849
U00766,0,0,0.03,0.09604564897190437,14.066733370937515,-0.6520530905104921,0.3456871240434053,-0.4999999999999997,-0.8660254037844388,0.3333333333333333,2.929429851979312
U00767,0,0,0.03,0.13323955123320846,13.474843234257056,-0.17443323806315295,0.5499806456316046,1.2246467991473532e-16,-1.0,0.7142857142857143,3.4380883263874082
U00768,0,0,0.03,0.093967940123074,13.390692126607748,-0.0438349377249468,0.4191807663825097,0.0,1.0,0.0,2.402587529750332
U00769,0,0,0.03,0.11472928405568568,13.466942662919438,-0.392728963813873,0.4362085839710631,0.0,1.0,0.25,3.4217973943027205
U00770,0,0,0.03,0.16247966204787312,13.164669709749928,-0.1362347223795725,0.5936641999709349,-1.0,-1.8369701987210297e-16,0.1,2.9258064272988595
U00771,0,0,0.03,0.18383952666302084,12.954065428553664,-0.01755091843314325,0.593664199970935,0.7071067811865476,-0.7071067811865475,0.2,3.4204964477942403
U00772,0,0,0.03,0.21775207530477972,11.535616074889926,-0.03641567624661106,0.5771997795521259,-0.7071067811865471,-0.7071067811865479,0.3,3.580276805702971
U00773,0,0,0.03,0.05722546887771777,14.291292460786151,-0.2478154323811136,0.32715643797829735,-0.9659258262890684,0.2588190451025203,0.25,2.908316142945494
U00774,0,0,0.03,0.09518766994941849,12.648785367665004,0.05572076900775403,0.491089985367093,0.258819045102521,-0.9659258262890682,0.16666666666666666,2.3393008908381105
U00775,0,0,0.03,0.11118242702690428,13.230269350634458,0.09734964091331026,0.5499806456316046,-0.7071067811865477,0.7071067811865474,0.2857142857142857,3.351232801284046
U00776,0,0,0.03,0.08539775394985652,14.027131174531755,-0.5794470897892883,0.5064224831767222,1.2246467991473532e-16,-1.0,0.4,2.541718638746376
U00777,-1,1,0.0,0.11072278273136925,13.32471792711513,-0.31836389341867816,0.5997868029602118,-0.7071067811865477,0.7071067811865474,0.625,2.5831096671138454
U00778,0,0,0.03,0.11643665893993906,12.979683983402817,0.0424029364513245,0.4362085839710631,0.8660254037844386,0.5000000000000001,0.75,3.6593680957700605
U00779,0,0,0.03,0.1685267740420147,13.0074395004554,-0.09978207114302219,0.5637914160289369,0.8660254037844387,-0.4999999999999998,0.3333333333333333,3.7697594180282334
U00780,0,0,0.03,0.20112560523462022,12.218374170554814,0.2067276244278035,0.6122961576274709,0.8660254037844387,-0.4999999999999998,0.14285714285714285,3.786730332480554
U00781,0,0,0.03,0.16584333070737728,13.191320248243265,-0.2888106068926489,0.5499806456316048,0.49999999999999994,-0.8660254037844387,0.42857142857142855,2.908285827187929
U00782,2,0,0.8381,3.258096538021482,0.0,0.0,0.0,0.258819045102521,-0.9659258262890682,1.0,3.3847719387721384
U00783,0,0,0.03,0.12787486226318387,13.324376444210055,-0.10910404523537745,0.5637914160289369,1.2246467991473532e-16,-1.0,0.16666666666666666,3.6216054047048263
U00784,0,0,0.03,0.09343679915394712,13.356128717261845,0.0043353473321924236,0.6122961576274709,1.0,6.123233995736766e-17,0.0,1.2046600681060722
U00785,0,0,0.03,0.18288916691265394,12.990800332027,-0.1673725817754829,0.5944390072043522,-1.0,-1.8369701987210297e-16,0.2222222222222222,3.706749216536062
U00786,0,0,0.03,0.10107007718356896,13.13024027304689,-0.06252183102577505,0.6122961576274709,0.7071067811865476,-0.7071067811865475,0.0,3.1307527190258804
U00787,0,0,0.03,0.1220462477151863,13.331878481882413,-0.12394128048058163,0.5997868029602118,-0.4999999999999997,-0.8660254037844388,0.375,1.2420142700898218
U00788,0,0,0.03,0.12620731727555073,13.778271200628522,-0.37072344506048743,0.3456871240434053,1.0,6.123233995736766e-17,0.3333333333333333,1.9152906985463738
U00789,0,0,0.03,0.093701176946045,13.575261538747124,-0.356112849522144,0.4362085839710631,1.0,6.123233995736766e-17,0.5,3.6628797303921004
U00790,5,0,0.7427,3.258096538021482,0.0,0.0,0.0,-1.0,-1.8369701987210297e-16,0.0,3.795104179568213
U00791,0,0,0.03,0.08637374356019926,14.010797285848955,-0.21068322663454547,0.5064224831767222,0.8660254037844387,-0.4999999999999998,0.2,2.9953010463296357
U00792,0,0,0.03,0.12281354493596512,13.747430840853502,-0.20274303115518097,0.491089985367093,-0.8660254037844385,-0.5000000000000004,0.0,3.6840884818235686
U00793,0,0,0.03,0.1716201317754884,13.108708573455685,-0.05755542038802897,0.6543128759565947,0.7071067811865476,-0.7071067811865475,0.625,3.7707618147416824
U00794,0,0,0.03,0.08641106772613423,13.605592907555447,-0.16124744379287867,0.5064224831767222,0.7071067811865476,-0.7071067811865475,0.0,2.0279136924960115
U00795,0,0,0.03,0.09447700271389016,13.482381925264185,-0.1063070849606738,0.5064224831767222,0.8660254037844387,-0.4999999999999998,0.4,3.3442325765298118
U00796,0,0,0.03,0.07699762917547764,12.971324185208287,0.14316693134651112,0.5064224831767222,0.8660254037844387,-0.4999999999999998,0.2,3.2633263394511385
U00797,0,0,0.03,0.13108174511031204,13.638776362753326,-0.4664661093945805,0.5064224831767222,0.0,1.0,0.2,3.5759586022982144
U00798,0,0,0.03,0.11145864336416593,11.10150767475264,0.13952114086160297,0.4362085839710631,0.9659258262890683,-0.25881904510252063,0.5,3.7499693816022495
U00799,0,0,0.03,0.11214695450467414,13.170614348616313,-0.042071012616208964,0.6543128759565947,0.258819045102521,-0.9659258262890682,0.5,2.357179587512049
U00800,0,0,0.03,0.12096078230856902,13.548590129928899,-0.2739141445001106,0.4191807663825097,-0.8660254037844385,-0.5000000000000004,0.4,3.6063457268655537
U00801,0,0,0.03,0.05821773456495113,14.586523694175753,-0.23234143530327808,0.3456871240434053,0.25881904510252074,0.9659258262890683,0.0,3.000734210575934
U00802,0,0,0.03,0.28820565475219423,11.789363307342155,0.03499586876482235,0.5499806456316048,0.8660254037844387,-0.4999999999999998,0.0,3.7003830563807387
U00803,0,0,0.03,0.09078330388072066,14.061732932606272,-0.3030240110241877,0.4191807663825097,0.9659258262890683,-0.25881904510252063,0.2,2.1035383354323307
U00804,0,0,0.03,0.1635286707154004,13.336876997753635,-0.5933782466486074,0.5064224831767222,0.8660254037844387,-0.4999999999999998,0.4,3.3877176624003384
U00805,0,0,0.03,0.12027958951105788,13.75982341421667,-0.22070316456234107,0.491089985367093,-0.2588190451025208,-0.9659258262890683,0.3333333333333333,1.8647581954435313
U00806,0,0,0.03,0.09293684785951027,13.790966809293119,-0.13441535669324822,0.4191807663825097,0.258819045102521,-0.9659258262890682,0.2,3.36313929486599
U00807,5,0,0.7848,3.258096538021482,0.0,0.0,0.0,-0.7071067811865471,-0.7071067811865479,0.0,3.2009635763463122
U00808,0,0,0.03,0.12031412896271046,13.273055798628267,0.005362289215244845,0.4191807663825097,-1.0,-1.8369701987210297e-16,0.2,3.53370008178368
U00809,0,0,0.03,0.2779278116044921,12.941160394772968,-0.2912688463989239,0.5064224831767222,0.9659258262890683,-0.25881904510252063,0.4,3.7346865025799474
U00810,0,0,0.03,0.10621998737721419,13.145321804236604,-0.150478755507786,0.5452607299638289,0.9659258262890683,-0.25881904510252063,0.125,2.9253793506321073
U00811,0,0,0.03,0.2412807942018213,12.474990388967507,0.038012570492628725,0.5809279256668545,0.258819045102521,-0.9659258262890682,0.45454545454545453,3.526635200941453
U00812,0,0,0.03,0.10267961265943411,13.723777871293494,-0.16566024927168554,0.5637914160289369,0.0,1.0,0.3333333333333333,2.7188336709250938
U00813,0,0,0.03,0.12536857563997192,13.506716521408867,-0.03600391115882673,0.491089985367093,0.8660254037844387,-0.4999999999999998,0.3333333333333333,3.6069589476351296
U00814,0,0,0.03,0.22005119274450752,13.174062639375887,-0.5143162002930683,0.3456871240434053,0.49999999999999994,-0.8660254037844387,0.3333333333333333,3.7246763439176642
U00815,0,0,0.03,0.08996085117220773,13.727758543133774,-0.1200668443424607,0.4191807663825097,-0.2588190451025208,-0.9659258262890683,0.2,3.2375821724569662
U00816,0,0,0.03,0.21961082007858315,11.83074626855966,-0.04005989450165792,0.5637914160289369,0.0,1.0,0.3333333333333333,1.2945908061920766
U00817,0,0,0.03,0.09315498153946679,12.792235770982852,0.02500384129915299,0.32715643797829735,-0.4999999999999997,-0.8660254037844388,0.25,3.257921576135347
U00818,0,0,0.03,0.09557854048620688,14.071845915811325,-0.16067891792067016,0.3456871240434053,0.49999999999999994,-0.8660254037844387,0.3333333333333333,3.1424481414715424
U00819,0,0,0.03,0.1436150551704067,12.79668309756782,0.08151943598502025,0.6355509064085957,-0.9659258262890683,-0.25881904510252063,0.09090909090909091,2.5889590185279525
U00820,0,0,0.03,0.11757825146085372,12.869134260132926,0.16723546325000913,0.5499806456316046,1.2246467991473532e-16,-1.0,0.14285714285714285,3.122916452902756
U00821,0,0,0.03,0.07141976471869213,14.375466859346984,-0.796555377956574,0.3456871240434053,0.9659258262890683,-0.25881904510252063,0.3333333333333333,3.467073260453012
U00822,0,0,0.03,0.14820463539657183,13.103416004274019,-0.11702458857176248,0.5064224831767222,0.25881904510252074,0.9659258262890683,0.4,3.7833335752645207
U00823,0,0,0.03,0.16815285933862936,13.469837018898062,-0.42823629362952437,0.3456871240434053,0.7071067811865476,-0.7071067811865475,0.0,2.3879692787702718
U00824,5,0,0.723,3.258096538021482,0.0,0.0,0.0,0.0,1.0,0.0,3.0268478685785163
U00825,0,0,0.03,0.15097864395850583,12.444416090934252,-0.04595567826804384,0.4362085839710631,1.2246467991473532e-16,-1.0,0.25,3.7923699932883883
U00826,0,0,0.03,0.08509719813864888,13.383635507248313,-0.06653509078223525,0.5064224831767222,1.2246467991473532e-16,-1.0,0.0,3.4946613717745842
U00827,0,0,0.03,0.09725160304658917,14.05364281528488,-0.022250419433518024,0.3456871240434053,0.9659258262890683,-0.25881904510252063,0.0,3.600302458243019
U00828,5,0,0.7425,3.258096538021482,0.0,0.0,0.0,-0.7071067811865477,0.7071067811865474,0.0,3.0688574133491437
U00829,0,0,0.03,0.08640507247820658,14.177404061503431,-0.0597203045936255,0.3456871240434053,0.0,1.0,0.3333333333333333,3.657156442446751
U00830,0,0,0.03,0.1250410360944113,13.253983569848733,-0.24914091323635632,0.5944390072043522,-1.0,-1.8369701987210297e-16,0.1111111111111111,2.545252547216108
U00831,0,0,0.03,0.09759218603302104,13.661616678494315,-0.10725712631838873,0.491089985367093,0.258819045102521,-0.9659258262890682,0.5,3.2303651249159566
U00832,0,0,0.03,0.1240507990295287,12.855769380216172,0.08229623379826803,0.5064224831767222,0.9659258262890683,-0.25881904510252063,0.2,3.781561499051864
U00833,0,0,0.03,0.228920008511911,12.755346568830223,-0.20522635825358632,0.331939049588297,0.0,1.0,0.2,2.6733189630586565
U00834,2,0,0.7979,3.258096538021482,0.0,0.0,0.0,-0.7071067811865471,-0.7071067811865479,1.0,3.5184724007828407
U00835,0,0,0.03,0.07456008468377627,13.87484022404027,-0.13345805300585134,0.4362085839710631,0.0,1.0,0.25,3.042486636727354
U00836,0,0,0.03,0.09171942267352409,13.676286995636566,-0.16799405631052503,0.4191807663825097,1.2246467991473532e-16,-1.0,0.2,3.5925778976414477
U00837,0,0,0.03,0.07946179823233729,13.568467423278882,-0.004891649851785963,0.6122961576274709,0.9659258262890683,-0.25881904510252063,0.14285714285714285,1.6968253761016763
U00838,0,0,0.03,0.05329946968020875,14.964951249641349,-1.0,0.21810429198553155,0.49999999999999994,-0.8660254037844387,0.0,2.846105777028682
U00839,0,0,0.03,0.12682242592769663,13.06927057012739,-0.06883791790834466,0.331939049588297,-0.7071067811865471,-0.7071067811865479,0.0,2.7270695696616203
U00840,0,0,0.03,0.15367209717437202,12.914066565786033,-0.054941538333321716,0.593664199970935,0.258819045102521,-0.9659258262890682,0.3,3.0401987300587363
U00841,0,0,0.03,0.05198135546485074,14.702975386960523,-0.0813480863097199,0.3456871240434053,0.0,1.0,0.6666666666666666,3.131255676756442
U00842,0,0,0.03,0.09550819165215352,13.440900014177004,-0.09255246276122266,0.331939049588297,-0.8660254037844385,-0.5000000000000004,0.4,3.398164236943277
U00843,0,0,0.03,0.04970525225742447,14.316124014600971,-0.09056085764535893,0.4362085839710631,0.49999999999999994,0.8660254037844387,0.5,2.331559402266586
U00844,0,0,0.03,0.1598722769568634,13.812270314039322,-1.0,0.21810429198553155,0.0,1.0,0.5,3.1648766311193914
U00845,0,0,0.03,0.18236203648329535,12.898404493797061,-0.143982584599072,0.6208206379492323,0.7071067811865476,-0.7071067811865475,0.5,3.419001295964981
U00846,0,0,0.03,0.12740338529440381,13.651763816189874,-0.6911441777758431,0.32715643797829735,-0.2588190451025208,-0.9659258262890683,0.25,3.7502586930959896
U00847,0,0,0.03,0.07963264241294113,13.891372847545783,-0.13441592427896815,0.4362085839710631,0.7071067811865476,-0.7071067811865475,0.0,3.3409922561426835
U00848,0,0,0.03,0.1448567319399425,13.528361676674152,-0.46353679815914905,0.491089985367093,0.9659258262890683,-0.25881904510252063,0.16666666666666666,3.8015672264081077
U00849,0,0,0.03,0.08566811459426821,14.235293343857002,-0.41674680777294815,0.4362085839710631,0.7071067811865476,0.7071067811865476,0.25,2.730426824614895
U00850,0,0,0.03,0.11433249805953533,13.883142570569339,-0.09816760039145109,0.3456871240434053,1.2246467991473532e-16,-1.0,0.3333333333333333,3.77972894223384
U00851,0,0,0.03,0.19232261904496864,12.969366032230894,-0.21197109522797217,0.5499806456316046,-0.9659258262890684,0.2588190451025203,0.2857142857142857,3.3725561560036152
U00852,0,0,0.03,0.1114679062860264,13.790673659965263,-0.1139871094082852,0.4191807663825097,0.9659258262890683,-0.25881904510252063,0.2,3.6150852681942496
U00853,0,0,0.03,0.08986053602395132,13.571535275007607,-0.01817556742941544,0.5637914160289369,0.9659258262890683,-0.25881904510252063,0.16666666666666666,1.9930486602510746
U00854,0,0,0.03,0.10311585964704346,14.125722417980807,-0.34096979188243837,0.4362085839710631,0.8660254037844387,-0.4999999999999998,0.25,3.1648966655639774
U00855,0,0,0.03,0.1828253925394622,13.37862830947335,-0.17424783570437985,0.3456871240434053,0.7071067811865476,-0.7071067811865475,0.0,3.7618771044005768
U00856,0,0,0.03,0.18014876161127094,13.394755654399235,-0.8173665001681594,0.3456871240434053,1.2246467991473532e-16,-1.0,0.0,3.8282717126249826
U00857,0,0,0.03,0.06534747551400075,14.210170836906219,-0.43193017480060725,0.4362085839710631,0.8660254037844387,-0.4999999999999998,0.25,2.3951917056270244
U00858,0,0,0.03,0.15192538402978137,13.579650873238808,-0.003836712855911035,0.3456871240434053,0.0,1.0,0.0,3.56257289150105
U00859,0,0,0.03,0.1407578284095208,12.767740612020296,-0.06585415730210707,0.5637914160289369,0.9659258262890683,-0.25881904510252063,0.16666666666666666,1.0995686213596507
U00860,0,0,0.03,0.17556331801407296,12.746346871291127,-0.2045385430819142,0.6752062322241468,-0.4999999999999997,-0.8660254037844388,0.36363636363636365,3.4319211529122167
U00861,0,0,0.03,0.05693499582598907,14.221786670452797,-0.38811622591166745,0.4362085839710631,0.8660254037844387,-0.4999999999999998,0.25,1.6590059926432603
U00862,0,0,0.03,0.3347278851437244,12.69462045124118,-0.6617483636808515,0.20028426271971764,0.0,1.0,0.3333333333333333,2.525352647704465
U00863,0,0,0.03,0.1061833197071424,14.248917627951187,-1.0,0.21810429198553155,-1.0,-1.8369701987210297e-16,0.5,2.281918133937433
U00864,0,0,0.03,0.11768006435815155,12.691315810910432,0.026274029358173828,0.5997868029602118,-0.2588190451025208,-0.9659258262890683,0.25,3.135691458955336
U00865,0,0,0.03,0.13083490011429838,12.617582778934,0.057446587842710624,0.5944390072043522,-0.9659258262890683,-0.25881904510252063,0.2222222222222222,2.8989995546427414
U00866,0,0,0.03,0.12982721582995863,13.202433469318299,-0.21999233672416604,0.5064224831767222,0.0,1.0,0.2,3.2143912471274536
U00867,0,0,0.03,0.09127008535813619,13.229350569306677,0.14731947281579502,0.491089985367093,0.258819045102521,-0.9659258262890682,0.16666666666666666,1.8541073693268357
U00868,0,0,0.03,0.08695773095322784,13.826011727177143,-0.14567512366203286,0.5064224831767222,0.0,1.0,0.4,2.672352657009753
U00869,0,0,0.03,0.08015301730073572,14.195287191109033,-0.23681738189256274,0.4362085839710631,0.9659258262890683,-0.25881904510252063,0.0,0.7272801869294038
U00870,0,0,0.03,0.04800190053067668,14.784626160763628,-0.005951868642098765,0.3456871240434053,-0.2588190451025208,-0.9659258262890683,0.0,2.9792076012216935
U00871,0,0,0.03,0.11179941770803875,13.139958668364365,-0.06866699041821021,0.5064224831767222,0.49999999999999994,-0.8660254037844387,0.4,3.672314773450487
U00872,0,0,0.03,0.4071663074132661,12.300163900929714,-0.11526824967202144,0.5637914160289369,0.0,1.0,0.16666666666666666,3.5867791147007377
U00873,0,0,0.03,0.21073719982754935,13.157626268703266,-0.653758355396729,0.32715643797829735,-0.8660254037844385,-0.5000000000000004,0.0,2.0881233634199177
U00874,0,0,0.03,0.06275237072539391,13.60157386812905,0.07353809482862939,0.4191807663825097,-0.9659258262890683,-0.25881904510252063,0.2,1.9397070873528033
U00875,0,0,0.03,0.22428798237879805,10.897035577955629,0.14911996155411142,0.5944390072043522,-0.7071067811865471,-0.7071067811865479,0.0,3.451387579436361
U00876,0,0,0.03,0.22945319361635436,12.79383292119521,-0.12098970221669299,0.5064224831767222,0.9659258262890683,-0.25881904510252063,0.2,3.098494103049929
U00877,0,0,0.03,0.08138038648210803,13.409277655177197,-0.14283027225614228,0.4362085839710631,0.9659258262890683,-0.25881904510252063,0.0,3.6954259764842496
U00878,0,0,0.03,0.10970879376018577,13.753896822135818,-0.12397671218392746,0.491089985367093,-0.8660254037844385,-0.5000000000000004,0.16666666666666666,2.9113008988277485
U00879,-1,1,0.0,0.07828097625190265,14.280263551717784,-0.5452261306532663,0.20028426271971764,0.0,1.0,0.6666666666666666,3.025431527995669
U00880,0,0,0.03,0.14029704823348493,13.017488299458105,-0.04020112279122191,0.48766513363573855,0.49999999999999994,-0.8660254037844387,0.14285714285714285,3.276645831482546
U00881,0,0,0.03,0.16915814629652695,13.379111903086184,-0.319003283978658,0.5499806456316048,0.49999999999999994,-0.8660254037844387,0.14285714285714285,2.602501910614148
U00882,0,0,0.03,0.07943131921962861,14.068468412857364,-0.35263929015805606,0.5637914160289369,0.25881904510252074,0.9659258262890683,0.0,1.2042991399615586
U00883,0,0,0.03,0.18403095875318054,13.659116363338704,-1.0,0.21810429198553155,0.7071067811865476,-0.7071067811865475,0.0,2.82267599453607
U00884,0,0,0.03,0.06937367736165409,13.958450488659153,-0.17602793647195997,0.5064224831767222,0.49999999999999994,-0.8660254037844387,0.4,2.702807314493386
U00885,0,0,0.03,0.06632983495130815,14.313589790541094,-0.3624808365343395,0.5064224831767222,0.0,1.0,0.4,1.2319999595454036
U00886,0,0,0.03,0.22146314005340936,12.73102304334156,-0.2039923483363918,0.5997868029602118,-0.4999999999999997,-0.8660254037844388,0.25,2.7635871020978873
U00887,0,0,0.03,0.04897830434296389,14.763997194391392,-0.13593074945382413,0.3456871240434053,1.2246467991473532e-16,-1.0,0.0,2.3765473865477373
U00888,0,0,0.03,0.04968982446049415,14.749215773671027,-0.15454505846210823,0.20028426271971764,-0.9659258262890684,0.2588190451025203,0.0,2.378745273403357
U00889,0,0,0.03,0.15117017197257326,13.513960771724278,-0.4790945455429339,0.5637914160289369,0.7071067811865476,-0.7071067811865475,0.3333333333333333,3.635026539225115
U00890,0,0,0.03,0.12884338316923302,13.179229415173225,-0.13271384267049885,0.4362085839710631,0.7071067811865476,-0.7071067811865475,0.0,3.2305683116535038
U00891,0,0,0.03,0.09874701727068909,13.661594517273768,-0.19649981610345843,0.5499806456316048,1.2246467991473532e-16,-1.0,0.14285714285714285,3.0468208305490867
U00892,0,0,0.03,0.37855907549298773,12.012354392400606,0.03412848280645452,0.5637914160289369,0.9659258262890683,-0.25881904510252063,0.3333333333333333,3.4594386280944422
U00893,0,0,0.03,0.11602041796547412,13.525326691968502,-0.33474639159503167,0.5637914160289369,0.0,1.0,0.6666666666666666,2.4015260892246744
U00894,0,0,0.03,0.0824921234007505,14.083483678732177,-0.19417775934367534,0.5064224831767222,0.8660254037844387,-0.4999999999999998,0.8,3.0876180361226417
U00895,0,0,0.03,0.3264822943782234,10.964536420649273,0.19253215553901384,0.491089985367093,0.7071067811865476,-0.7071067811865475,0.0,3.7544593707449665
U00896,0,0,0.03,0.20580112554494817,13.536071749594859,-1.0,0.21810429198553155,0.49999999999999994,-0.8660254037844387,0.5,3.4662020123250987
U00897,0,0,0.03,0.12355370669986845,13.595624819211313,-0.6623027458340325,0.4191807663825097,-0.7071067811865477,0.7071067811865474,0.2,3.6552625242859356
U00898,0,0,0.03,0.13424415369541445,13.06732835463189,-0.11429948801897015,0.5499806456316046,-0.7071067811865477,0.7071067811865474,0.2857142857142857,1.9850768060060298
U00899,-1,1,0.0,0.15181828008139425,12.986578017932525,0.04897246571825099,0.6809059167651474,-0.8660254037844385,-0.5000000000000004,0.4,0.5717965908267447
U00900,0,0,0.03,0.13049581527099618,13.321409299090694,-0.19325665835851302,0.5637914160289369,0.0,1.0,0.16666666666666666,3.718625053452944
U00901,0,0,0.03,0.1067226970831101,13.013569195678794,0.09742726615155874,0.5064224831767222,0.0,1.0,0.6,3.659688414100684
U00902,0,0,0.03,0.3213982787764251,12.308096601056869,-0.260721304085887,0.6122961576274709,0.7071067811865476,-0.7071067811865475,0.5714285714285714,2.80047955179856
U00903,0,0,0.03,0.09893339769848282,14.035642779773541,-0.5840845478603732,0.3456871240434053,-0.4999999999999997,-0.8660254037844388,0.3333333333333333,3.8080278124370315
U00904,-1,1,0.0,0.07691980810605929,14.58617603177395,-1.0,0.0,0.9659258262890683,-0.25881904510252063,0.5,3.478232365537703
U00905,0,0,0.03,0.22393353142865932,13.196150869638418,-0.20172329343370415,0.4362085839710631,-0.2588190451025208,-0.9659258262890683,0.5,3.7719022255303556
U00906,0,0,0.03,0.06219492399622678,14.51843181622195,-0.2634522804496558,0.20028426271971764,0.49999999999999994,-0.8660254037844387,0.0,3.335514584691458
U00907,0,0,0.03,0.10323226189707373,12.98128471853836,0.10023165269125231,0.5064224831767222,0.9659258262890683,-0.25881904510252063,0.6,2.848499641932424
U00908,0,0,0.03,0.14887046957910974,13.02127483497236,-0.1735465101966819,0.5944390072043522,-0.2588190451025208,-0.9659258262890683,0.1111111111111111,2.9349090643120452
U00909,0,0,0.03,0.2029948483685457,12.79343699904917,-0.07601795114503511,0.5997868029602118,-0.8660254037844385,-0.5000000000000004,0.0,3.725092789504824
U00910,0,0,0.03,0.1312884359733203,13.291630089324483,-0.1784673381028934,0.5637914160289369,0.0,1.0,0.16666666666666666,3.700910665279513
U00911,0,0,0.03,0.11853838085744309,13.118333267409424,-0.047970213183792194,0.5997868029602118,0.7071067811865476,-0.7071067811865475,0.625,2.1234072008155787
U00912,0,0,0.03,0.15383876756076784,13.067837495409748,-0.0733508566325399,0.491089985367093,0.258819045102521,-0.9659258262890682,0.3333333333333333,3.469220853391803
U00913,0,0,0.03,0.05343293294080986,14.674701062540905,-0.00947205357293633,0.3456871240434053,0.25881904510252074,0.9659258262890683,0.6666666666666666,3.384305121617114
U00914,0,0,0.03,0.18542521888704006,12.957458073366697,-0.19285979721144794,0.44903614588066443,-0.9659258262890684,0.2588190451025203,0.2222222222222222,3.5911396469131613
U00915,0,0,0.03,0.15159310115935895,12.804521708937228,-0.17648165721354575,0.5637914160289369,0.25881904510252074,0.9659258262890683,0.16666666666666666,1.9486708849791217
U00916,0,0,0.03,0.12849430416857502,13.646470411476233,-0.9303945700866195,0.4362085839710631,0.9659258262890683,-0.25881904510252063,0.25,2.251887381445738
U00917,0,0,0.03,0.05511228491885523,14.642908434887769,-0.13591953366553075,0.3456871240434053,0.7071067811865476,-0.7071067811865475,0.0,2.413682247628785
U00918,0,0,0.03,0.04845471683788691,15.062690829307186,-1.0,0.21810429198553155,0.49999999999999994,-0.8660254037844387,0.0,3.0176675878371224
U00919,0,0,0.03,0.11822207151746558,14.135388002394599,-1.0,0.21810429198553155,-0.8660254037844385,-0.5000000000000004,0.5,3.2228364895888744
U00920,0,0,0.03,0.11042463453534182,12.82318075980453,0.0400274292991789,0.5637914160289369,0.8660254037844387,-0.4999999999999998,0.5,3.631134471217166
U00921,0,0,0.03,0.06724964800019244,14.19034118549634,-0.1077034178616047,0.32715643797829735,-0.7071067811865471,-0.7071067811865479,0.5,2.3867421882029145
U00922,0,0,0.03,0.1738741704057955,13.43343648405339,-0.03903596884613306,0.3456871240434053,0.7071067811865476,-0.7071067811865475,0.3333333333333333,2.6001865552262653
U00923,0,0,0.03,0.046599189580909105,14.814990488267766,-0.4955848644054361,0.3456871240434053,0.9659258262890683,-0.25881904510252063,0.0,1.9786295648939023
U00924,0,0,0.03,0.1227313598255858,13.807973223492292,-0.042942883458759205,0.3456871240434053,-0.8660254037844385,-0.5000000000000004,0.0,1.5852946281019964
U00925,0,0,0.03,0.20656736026322486,12.857144442238862,-0.158301910882783,0.714861558039698,0.0,1.0,0.2727272727272727,3.460766980907008
U00926,0,0,0.03,0.07939714040636789,14.185281474094067,-0.1472796642823659,0.4362085839710631,0.7071067811865476,-0.7071067811865475,0.25,3.438994806780362
U00927,0,0,0.03,0.1573992131317003,13.829129399122266,-1.0,0.21810429198553155,-0.2588190451025208,-0.9659258262890683,0.5,3.7686846870113735
U00928,0,0,0.03,0.06725529589491798,13.215572260120386,0.09649902555858346,0.4191807663825097,-0.9659258262890683,-0.25881904510252063,0.6,1.8038713938241664
U00929,0,0,0.03,0.07546580166879319,14.318732547230077,-0.44798010619965883,0.4362085839710631,-0.4999999999999997,-0.8660254037844388,0.0,3.0204937636277194
U00930,0,0,0.03,0.10521569631071873,13.970882634440015,-0.11492092126487798,0.3456871240434053,1.2246467991473532e-16,-1.0,0.3333333333333333,3.822822871219713
U00931,0,0,0.03,0.0888985822641537,14.147689305021807,-0.34592262495275033,0.3456871240434053,0.9659258262890683,-0.25881904510252063,0.0,1.014072602008431
U00932,0,0,0.03,0.2611588935796534,12.624063971963741,-0.09194764264450428,0.6122961576274709,0.0,1.0,0.7142857142857143,3.8307240692150306
U00933,0,0,0.03,0.22705675917163842,12.707020645799753,-0.17630414150645937,0.4362085839710631,1.2246467991473532e-16,-1.0,0.5,2.336721455062572
U00934,0,0,0.03,0.14341199334643576,13.26566946664735,-0.4394813057456924,0.5499806456316048,0.7071067811865476,-0.7071067811865475,0.14285714285714285,3.331810500685352
U00935,0,0,0.03,0.20517788980953555,12.709671216951701,-0.31296850570911794,0.32715643797829735,0.9659258262890683,-0.25881904510252063,0.0,1.703027336492809
U00936,0,0,0.03,0.15678714261012214,12.603831469694105,-0.08060714043169716,0.491089985367093,0.258819045102521,-0.9659258262890682,0.0,3.754686430404648
U00937,0,0,0.03,0.08117186416719036,13.767490846919596,-0.22414803081170687,0.5064224831767222,1.0,6.123233995736766e-17,0.0,3.148236261025693
U00938,0,0,0.03,0.14984438280106446,12.805636903717451,-0.015162330897219148,0.491089985367093,-0.9659258262890684,0.2588190451025203,0.3333333333333333,3.841678029784022
U00939,0,0,0.03,0.1924103043447134,12.375747907289805,0.10182396864097369,0.5064224831767223,-0.4999999999999997,-0.8660254037844388,0.3,3.556755139873225
U00940,0,0,0.03,0.2939948689889041,12.307321971818226,-0.06398730149416568,0.5064224831767222,0.49999999999999994,0.8660254037844387,0.2,3.5847093947052597
U00941,0,0,0.03,0.19781435075901527,13.10360248731148,-0.2219067648453914,0.5637914160289369,0.49999999999999994,0.8660254037844387,0.5,2.6784552948138605
U00942,0,0,0.03,0.0699474379284173,14.16471461418867,-0.16996975468276482,0.29901020875067913,1.2246467991473532e-16,-1.0,0.4,2.7484454379076775
U00943,0,0,0.03,0.05196157261527138,14.703366012206672,-0.50872375043812,0.3456871240434053,0.7071067811865476,-0.7071067811865475,0.3333333333333333,3.0625441418383956
U00944,0,0,0.03,0.13176057400407337,13.376057859996491,-0.3620927661683228,0.4362085839710631,0.49999999999999994,-0.8660254037844387,0.25,3.6421608407174855
U00945,0,0,0.03,0.11889117710365739,13.817166685827152,-0.3099882728153371,0.5064224831767222,0.9659258262890683,-0.25881904510252063,0.0,3.804117587585362
U00946,0,0,0.03,0.12690633231980467,13.240045963571387,-0.07697862879015828,0.5499806456316046,-0.7071067811865471,-0.7071067811865479,0.14285714285714285,3.0518188361604137
U00947,0,0,0.03,0.1394035656672142,13.04002470268114,-0.11700156547005844,0.5637914160289369,0.9659258262890683,-0.25881904510252063,0.3333333333333333,3.0377690854402934
U00948,0,0,0.03,0.1508338789088226,13.1307897753842,-0.21524038018547503,0.5064224831767222,0.49999999999999994,-0.8660254037844387,0.4,1.7685642881680053
U00949,0,0,0.03,0.05702649663287562,14.152728944717657,-0.3638625157248622,0.4362085839710631,0.8660254037844387,-0.4999999999999998,0.25,1.8836600128575216
U00950,0,0,0.03,0.14690548888472782,12.892249338590554,-0.16215930218916838,0.6122961576274709,0.7071067811865476,-0.7071067811865475,0.42857142857142855,3.4941267835344982
U00951,0,0,0.03,0.11786869790707272,13.11232718286498,-0.1051986023087488,0.6543128759565947,0.8660254037844387,-0.4999999999999998,0.5,2.7968090858042576
U00952,0,0,0.03,0.17256865316289569,12.65435136357532,-0.015250314573844279,0.6752062322241469,0.0,1.0,0.36363636363636365,3.2110055837572014
U00953,0,0,0.03,0.11406544322569753,13.618261944937618,-0.46048158479005763,0.29901020875067913,0.0,1.0,0.0,3.7076137458738847
U00954,0,0,0.03,0.17954937275210592,12.759796826267443,-0.21578581915061973,0.5452607299638289,0.7071067811865476,-0.7071067811865475,0.25,3.4784873724607013
U00955,0,0,0.03,0.07257642033800606,14.29499411040914,-0.3309899238784848,0.5064224831767222,0.9659258262890683,-0.25881904510252063,0.0,0.5588152030025443
U00956,0,0,0.03,0.1831267493743828,12.858836537407717,0.004110921620484321,0.5499806456316046,-0.5000000000000004,0.8660254037844384,0.42857142857142855,3.675270195062814
U00957,-1,1,0.0,0.13644218229175342,13.454827592628003,-0.5570614288112038,0.5637914160289369,0.9659258262890683,-0.25881904510252063,0.6666666666666666,0.6840900849126627
U00958,0,0,0.03,0.11776505438372775,13.56779891755632,-0.14953262870699105,0.47015413144393475,-1.0,-1.8369701987210297e-16,0.5,2.3676519033817187
U00959,0,0,0.03,0.12989358165912543,13.17511995067695,-0.05486113383614609,0.6122961576274709,1.0,6.123233995736766e-17,0.14285714285714285,3.035399712943011
U00960,0,0,0.03,0.15207332068952883,13.349761863630427,-0.10702421824136084,0.5997868029602118,-0.4999999999999997,-0.8660254037844388,0.0,3.529180957940122
U00961,0,0,0.03,0.14394144211855786,12.941705635702073,0.008516518949780548,0.6913742480868106,1.0,6.123233995736766e-17,0.2222222222222222,1.5238169824662338
U00962,0,0,0.03,0.08146005437862701,14.238844725884857,-0.41742350934595707,0.3456871240434053,0.9659258262890683,-0.25881904510252063,0.0,0.7521092009767544
U00963,0,0,0.03,0.15601436684564873,13.838677128696071,-1.0,0.21810429198553155,0.258819045102521,-0.9659258262890682,0.0,3.741730201130218
U00964,0,0,0.03,0.12485806148429295,12.932828668263888,-0.0806468936770965,0.5637914160289369,0.8660254037844386,0.5000000000000001,0.3333333333333333,3.4526691323476557
U00965,0,0,0.03,0.15240275788688182,13.528410982494847,-0.37246595328781174,0.21810429198553155,0.9659258262890683,-0.25881904510252063,0.0,3.4327480110761206
U00966,0,0,0.03,0.3074992592662791,11.791314490510416,0.06419951026776484,0.4191807663825097,-1.0,-1.8369701987210297e-16,0.2,3.782704156142267
U00967,0,0,0.03,0.13191013782611874,13.429706890715366,-0.17580768767345953,0.5637914160289369,0.8660254037844387,-0.4999999999999998,0.3333333333333333,2.543584024734275
U00968,-1,1,0.0,0.24551956449201287,12.208180422606537,0.07096832180260633,0.5997868029602118,-0.7071067811865477,0.7071067811865474,0.625,2.468255475055666
U00969,0,0,0.03,0.09152709491526019,14.11721646022603,-0.972298516432144,0.3456871240434053,0.0,1.0,0.3333333333333333,3.7050267386613447
U00970,0,0,0.03,0.09266631411073947,13.62599881361458,-0.3982811159338381,0.4362085839710631,0.0,1.0,0.5,3.658120707690208
U00971,0,0,0.03,0.14029846809336996,13.001902760223857,-0.0028883051244203554,0.4792099658565504,-0.2588190451025208,-0.9659258262890683,0.2222222222222222,3.381215108601012
U00972,0,0,0.03,0.10385762443398706,13.810721106832041,-0.28215356794339747,0.4362085839710631,0.0,1.0,0.25,3.5223434118008967
U00973,0,0,0.03,0.0763650501246515,13.935946072685681,-0.1625768690360068,0.4191807663825097,0.8660254037844387,-0.4999999999999998,0.4,3.0511111342490627
U00974,0,0,0.03,0.06273094750468282,14.443362664606084,-0.6491283915979865,0.4362085839710631,0.7071067811865476,-0.7071067811865475,0.0,2.181384766712157
U00975,0,0,0.03,0.09083412845877126,13.949119697566422,-0.8177743123919032,0.32715643797829735,-0.2588190451025208,-0.9659258262890683,0.5,3.216018041588968
U00976,0,0,0.03,0.2769374911369836,11.95334579167429,0.06096047550678156,0.5637914160289369,0.0,1.0,0.16666666666666666,3.449743909452715
U00977,0,0,0.03,0.25916858477181504,12.662832714691167,-0.15045160896622536,0.4183885547052492,0.49999999999999994,0.8660254037844387,0.16666666666666666,2.7189061845567344
U00978,0,0,0.03,0.09084439770345475,13.612662159694345,-0.13499373973394568,0.5064224831767222,0.0,1.0,0.2,2.129742083613735
U00979,0,0,0.03,0.11114499765317956,13.686832511635217,-0.09993352095629768,0.4191807663825097,0.7071067811865476,-0.7071067811865475,0.4,2.73349832466913
U00980,5,0,0.7768,3.258096538021482,0.0,0.0,0.0,-0.4999999999999997,-0.8660254037844388,0.0,3.419322252760018
U00981,0,0,0.03,0.12437233536722468,14.081535805156811,-1.0,0.21810429198553155,-0.9659258262890684,0.2588190451025203,0.0,2.665367390689302
U00982,0,0,0.03,0.11571453762101633,12.74072074733168,-7.630755388051434e-05,0.5459713867631231,1.2246467991473532e-16,-1.0,0.1111111111111111,2.6148962597587926
U00983,0,0,0.03,0.12444794122292101,13.030261246304695,-0.0333555866623381,0.5637914160289369,0.25881904510252074,0.9659258262890683,0.5,3.6241813523428186
U00984,0,0,0.03,0.10827246895474502,13.156294161986057,0.04119842605713079,0.5064224831767222,0.7071067811865476,-0.7071067811865475,0.0,3.1602516314156444
U00985,0,0,0.03,0.0906560651267587,13.553142693490303,-0.07975829460410352,0.4362085839710631,0.7071067811865476,-0.7071067811865475,0.0,3.4088608434189545
U00986,0,0,0.03,0.09800141413709507,13.16284291329232,0.09852884806384052,0.5499806456316046,-0.25881904510252157,0.9659258262890681,0.14285714285714285,2.505926461456421
U00987,0,0,0.03,0.12934396691505975,13.75212017746092,-0.14790510522630612,0.3456871240434053,0.7071067811865476,-0.7071067811865475,0.3333333333333333,3.500409870205926
U00988,0,0,0.03,0.193974622390939,12.992951487963019,-0.08582607627121314,0.491089985367093,-0.8660254037844385,-0.5000000000000004,0.0,3.596549349148296
U00989,0,0,0.03,0.24177543051852238,13.35631550503507,-1.0,0.21810429198553155,1.0,6.123233995736766e-17,0.0,2.9989989229810092
U00990,0,0,0.03,0.07838986841954763,13.411000993179142,0.05721349189952347,0.5064224831767222,0.8660254037844387,-0.4999999999999998,0.4,3.3324285260870568
U00991,0,0,0.03,0.21714343202164596,12.922681193203893,-0.3427372144334737,0.6429066276455814,0.49999999999999994,-0.8660254037844387,0.3333333333333333,3.784930626150712
U00992,0,0,0.03,0.14151501245868828,13.318758764929608,-0.1775677362961482,0.32715643797829735,0.49999999999999994,-0.8660254037844387,0.5,3.808620191562604
U00993,0,0,0.03,0.2425925658493586,13.06483489509749,-0.3103012285639736,0.3456871240434053,1.0,6.123233995736766e-17,0.3333333333333333,2.1580302012846735
U00994,0,0,0.03,0.09968930675489703,13.741944208337356,-0.1267407762178176,0.4191807663825097,-0.2588190451025208,-0.9659258262890683,0.4,3.278605929075967
U00995,0,0,0.03,0.08142239852663397,14.077026000746084,-0.6142745726091143,0.4362085839710631,0.0,1.0,0.25,3.128146433510158
U00996,0,0,0.03,0.07990328317431529,14.546611303029803,-1.0,0.21810429198553155,0.7071067811865476,0.7071067811865476,0.5,3.5274220524992907
U00997,0,0,0.03,0.11344580784291258,12.756218016006999,0.11002498369152548,0.5452607299638289,0.7071067811865476,-0.7071067811865475,0.375,2.7324875869063874
U00998,0,0,0.03,0.21306366257593337,12.353889020224392,0.038098444234541756,0.4362085839710631,0.49999999999999994,-0.8660254037844387,0.75,3.4035780333152656
U00999,0,0,0.03,0.11511909037939366,13.552521748509157,-0.0026414010225294703,0.331939049588297,-0.7071067811865471,-0.7071067811865479,0.4,3.4427309747879082
U01000,0,0,0.03,0.22445230540813102,12.992991322728418,-0.17040801369833544,0.48766513363573855,0.25881904510252074,0.9659258262890683,0.8571428571428571,3.718946880580076
U01001,0,0,0.03,0.12217172993893101,13.588277405619777,-0.20921965859320862,0.5637914160289369,0.7071067811865476,-0.7071067811865475,0.3333333333333333,3.581810303644744
U01002,0,0,0.03,0.07758321414020097,13.754870561029643,-0.03338329928151867,0.4362085839710631,0.49999999999999994,0.8660254037844387,0.25,3.227279764488243
U01003,0,0,0.03,0.27097703648992194,12.9292493912918,-0.3035781633773228,0.5499806456316048,0.0,1.0,0.14285714285714285,3.7646612272272453
U01004,0,0,0.03,0.04526453569565681,15.13240419658015,-1.0,0.21810429198553155,1.2246467991473532e-16,-1.0,0.5,3.7224751237501303
U01005,0,0,0.03,0.1281887774131402,13.761681419461159,-0.16867974349534764,0.3456871240434053,-0.4999999999999997,-0.8660254037844388,0.3333333333333333,0.8993659041820862
U01006,0,0,0.03,0.08365989020595606,14.36648857611838,-0.19366495483112664,0.4362085839710631,0.7071067811865476,-0.7071067811865475,0.25,1.6084466805853515
U01007,0,0,0.03,0.10323248411353968,13.911930122174097,-0.20884995030103445,0.4362085839710631,0.49999999999999994,-0.8660254037844387,0.0,2.1170166039494442
U01008,0,0,0.03,0.07780591961406953,14.574273179575323,-1.0,0.21810429198553155,0.9659258262890683,-0.25881904510252063,0.5,2.6608971221032327
U01009,0,0,0.03,0.14585932101223587,13.590525311770692,-0.31114143417093004,0.4191807663825097,-1.0,-1.8369701987210297e-16,0.6,3.720971228698437
U01010,0,0,0.03,0.059819544721153924,14.558572508183014,-0.1945863079206413,0.3456871240434053,1.2246467991473532e-16,-1.0,0.0,3.1621682897593155
U01011,0,0,0.03,0.14596859347792737,13.234432341023608,-0.22436198446666214,0.4362085839710631,0.49999999999999994,0.8660254037844387,0.25,1.101982375146949
U01012,0,0,0.03,0.17871217150906882,12.905379565880374,-0.07338689988488806,0.6429066276455814,0.8660254037844387,-0.4999999999999998,0.3333333333333333,3.4097773662455
U01013,0,0,0.03,0.11129430975861888,13.562237641668553,-0.18354609389561818,0.491089985367093,0.8660254037844387,-0.4999999999999998,0.16666666666666666,2.076263754803709
U01014,0,0,0.03,0.09710901462346332,13.386022956435724,-0.018426680198858597,0.4191807663825097,-0.9659258262890683,-0.25881904510252063,0.2,3.6443753174864204
U01015,0,0,0.03,0.10305878127729375,13.817573927751948,-0.6109081956583643,0.4191807663825097,-0.9659258262890684,0.2588190451025203,0.2,3.6661707158036463
U01016,0,0,0.03,0.12845747791399334,13.798937988410367,-0.4404118473377463,0.4362085839710631,0.7071067811865476,-0.7071067811865475,0.5,3.5515030466096746
U01017,0,0,0.03,0.1134444285219471,12.981179925162587,0.004008140605096039,0.491089985367093,-0.7071067811865471,-0.7071067811865479,0.0,3.266283640736259
U01018,0,0,0.03,0.10647786508580502,13.901406563157982,-0.46861209280984356,0.32715643797829735,1.2246467991473532e-16,-1.0,0.0,3.401785942993851
U01019,0,0,0.03,0.1245546094023952,13.825803404409704,-0.372325558388658,0.5064224831767222,0.0,1.0,0.4,3.3232512721721355
U01020,0,0,0.03,0.10976705252982866,13.77987249943291,-0.47035753720666207,0.5064224831767222,0.9659258262890683,-0.25881904510252063,0.4,2.9998418731256256
U01021,2,0,0.8155,3.258096538021482,0.0,0.0,0.0,0.49999999999999994,-0.8660254037844387,1.0,3.660154852441436
U01022,0,0,0.03,0.07479761742679006,14.12944792382353,-0.3851022590750999,0.4362085839710631,0.7071067811865476,-0.7071067811865475,0.25,3.5644349571929888
U01023,-1,1,0.0,3.258096538021482,0.0,0.0,0.0,-0.4999999999999997,-0.8660254037844388,1.0,0.7250797812342834
U01024,0,0,0.03,0.10906349982367382,13.546421885255615,-0.1913528594866953,0.48766513363573855,0.49999999999999994,-0.8660254037844387,0.42857142857142855,2.4881479189728437
U01025,0,0,0.03,0.08607486618220928,13.719703154564783,-0.06970647419388198,0.32715643797829735,0.9659258262890683,-0.25881904510252063,0.25,3.645441132488979
U01026,0,0,0.03,0.13351229813718735,13.433127253595096,-0.35407410144628254,0.4191807663825097,-0.7071067811865471,-0.7071067811865479,0.4,3.443591103334885
U01027,0,0,0.03,0.08429136655479526,13.376073378452592,-0.05921867078440616,0.491089985367093,-0.8660254037844386,0.5000000000000001,0.5,2.5874550554460183
U01028,0,0,0.03,0.18775110902756373,12.737923678101989,-0.059673158981388336,0.48766513363573855,0.0,1.0,0.14285714285714285,3.375828132025548
U01029,0,0,0.03,0.2376372689083423,12.625110229468117,0.001048659277775755,0.48766513363573855,0.9659258262890683,-0.25881904510252063,0.2857142857142857,3.0364014786247546
U01030,0,0,0.03,0.12037891810577737,13.777888646046891,-0.20377340587617396,0.5637914160289369,0.0,1.0,0.3333333333333333,3.5623194061583363
U01031,0,0,0.03,0.07132165512516715,12.860762221695271,0.09810671713871391,0.32715643797829735,-0.8660254037844385,-0.5000000000000004,0.5,2.264851976523657
U01032,0,0,0.03,0.04025147486828646,14.964623768842667,-0.8479204257360162,0.3456871240434053,0.7071067811865476,-0.7071067811865475,0.3333333333333333,2.313242223876867
U01033,0,0,0.03,0.08660924869350374,13.906558028957404,-0.1334947228251357,0.4362085839710631,0.9659258262890683,-0.25881904510252063,0.0,3.637843497469888
U01034,0,0,0.03,0.2606940261066348,12.0232729744578,0.11363952635404574,0.4792099658565504,0.9659258262890683,-0.25881904510252063,0.3333333333333333,3.7836649803183615
U01035,0,0,0.03,0.10633891908492833,13.163651183417564,0.024796871267052496,0.5637914160289369,1.0,6.123233995736766e-17,0.16666666666666666,3.0458608273945456
U01036,0,0,0.03,0.15932239316052577,13.158196628812822,-0.12775162300226883,0.6122961576274709,0.0,1.0,0.7142857142857143,3.585222091177231
U01037,-1,1,0.0,0.06404154007405202,14.19058277941251,-0.05075431453011547,0.5064224831767222,0.0,1.0,1.0,1.2053641970011526
U01038,0,0,0.03,0.06487533987904638,14.762565190899336,-1.0,0.21810429198553155,0.49999999999999994,-0.8660254037844387,0.5,3.614458621414771
U01039,0,0,0.03,0.1522996006077077,13.86468064995199,-1.0,0.21810429198553155,0.9659258262890683,-0.25881904510252063,0.5,2.7769772267999757
U01040,0,0,0.03,0.23209966217277356,13.402186650225815,-1.0,0.21810429198553155,-0.4999999999999997,-0.8660254037844388,0.5,3.5188658702918865
U01041,0,0,0.03,0.1921165745682906,13.324266948926006,-0.8426863424183105,0.3456871240434053,0.8660254037844387,-0.4999999999999998,0.0,3.527265275880655
U01042,0,0,0.03,0.0994018145181665,13.831433610609734,-0.3700607754685614,0.5064224831767222,0.49999999999999994,-0.8660254037844387,0.8,3.326120397908095
U01043,2,0,0.8119,3.258096538021482,0.0,0.0,0.0,0.7071067811865476,-0.7071067811865475,1.0,3.126412745631299
U01044,0,0,0.03,0.11423317609763713,13.556703558919109,-0.18767497810705477,0.32715643797829735,1.2246467991473532e-16,-1.0,0.25,2.0301686221138775
U01045,0,0,0.03,0.04018388436037514,15.254020400626402,-1.0,0.21810429198553155,-0.7071067811865471,-0.7071067811865479,0.0,2.2934182051692287
U01046,0,0,0.03,0.10231375093459966,13.017589356391557,0.0836832051933372,0.4191807663825097,-0.7071067811865471,-0.7071067811865479,0.6,3.687563774171718
U01047,0,0,0.03,0.12025922395358579,13.58502386163229,-0.3524754612870358,0.4910899853670931,-0.9659258262890683,-0.25881904510252063,0.3333333333333333,3.5925297874710598
U01048,0,0,0.03,0.14303562335091471,12.200391538558206,0.14484560013588735,0.5637914160289369,0.8660254037844387,-0.4999999999999998,0.3333333333333333,3.3737314149180184
U01049,0,0,0.03,0.10930200103047673,13.84632779135006,-0.35427609756491246,0.32715643797829735,-0.9659258262890683,-0.25881904510252063,0.5,3.635800941441055
U01050,0,0,0.03,0.127526195752989,13.382637767296744,-0.04293099571244487,0.593664199970935,0.8660254037844387,-0.4999999999999998,0.2,2.647526654424425
U01051,0,0,0.03,0.14560169024863476,13.625405790415192,-0.20941928614158695,0.3456871240434053,0.0,1.0,0.0,2.3977332226319144
U01052,0,0,0.03,0.09409711064511887,13.780328876927694,-0.3325530682678413,0.4362085839710631,0.258819045102521,-0.9659258262890682,0.0,2.204847200159215
U01053,5,0,0.7517,3.258096538021482,0.0,0.0,0.0,1.2246467991473532e-16,-1.0,0.0,3.715693797979583
U01054,-1,1,0.0,0.3356883699809191,12.97892940135814,-1.0,0.0,0.7071067811865476,-0.7071067811865475,0.0,2.225572800544591
U01055,0,0,0.03,0.12613325007668494,12.705947528199498,0.027320575291104487,0.6809059167651474,-0.5000000000000004,0.8660254037844384,0.2,1.9346582605645322
U01056,0,0,0.03,0.12595130586279865,13.846694252944527,-0.2643149818249902,0.4362085839710631,0.258819045102521,-0.9659258262890682,0.5,3.382515075645743
U01057,0,0,0.03,0.0949368384829236,13.623576751161382,-0.30447430072215376,0.331939049588297,-0.7071067811865471,-0.7071067811865479,0.2,2.551464073410039
U01058,0,0,0.03,0.09679428422176078,14.022729584412739,-0.1767788385915734,0.32715643797829735,-0.7071067811865471,-0.7071067811865479,0.25,3.610673888878853
U01059,0,0,0.03,0.12227576458846932,13.544422703389406,-0.16106509894204124,0.6122961576274709,0.7071067811865476,0.7071067811865476,0.2857142857142857,3.0968656382181194
U01060,0,0,0.03,0.11843266148167443,13.845819079096364,-0.8755980817712773,0.3456871240434053,0.0,1.0,0.0,3.412760288281295
U01061,0,0,0.03,0.13325974975587526,13.43074179531427,-0.2698141252899558,0.47015413144393475,-1.0,-1.8369701987210297e-16,0.25,2.945908415584941
U01062,0,0,0.03,0.09717323587846133,13.655672736963192,0.026296071935144365,0.5452607299638289,-0.7071067811865471,-0.7071067811865479,0.0,1.9344977214202288
U01063,0,0,0.03,0.09689547985104656,13.764727659618291,-0.046722179093795016,0.41838855470524916,-0.2588190451025208,-0.9659258262890683,0.3333333333333333,3.1909006430376765
U01064,0,0,0.03,0.06962454154826533,14.401832539630297,-0.28386617498683,0.3456871240434053,0.9659258262890683,-0.25881904510252063,0.3333333333333333,2.746900623721608
U01065,0,0,0.03,0.11848892403162313,13.522943238769166,-0.044057266251236675,0.5064224831767222,0.7071067811865476,-0.7071067811865475,0.4,3.7319735875925497
U01066,0,0,0.03,0.08358910903403126,13.75420307805331,-0.3663326573901989,0.4362085839710631,1.0,6.123233995736766e-17,0.0,2.8784809975300565
U01067,0,0,0.03,0.12790263255160464,12.933799980796005,-0.16185226422080407,0.4362085839710631,0.9659258262890683,-0.25881904510252063,0.25,3.6340275082325575
U01068,0,0,0.03,0.1658874188286218,13.11464164138789,-0.4120230212505556,0.491089985367093,-1.0,-1.8369701987210297e-16,0.16666666666666666,2.6912713309744154
U01069,0,0,0.03,0.11749416976664112,13.109264966542995,0.028182965570148263,0.4191807663825097,-0.7071067811865477,0.7071067811865474,0.4,3.817537554885575
U01070,0,0,0.03,0.11664675669806605,13.505776450193961,-0.3606939736690075,0.4910899853670931,-0.8660254037844386,0.5000000000000001,0.5,3.3322665122212913
U01071,0,0,0.03,0.05477227796000118,14.649268451026863,-0.12352464155180437,0.3456871240434053,-0.2588190451025208,-0.9659258262890683,0.6666666666666666,3.0290495110328584
U01072,0,0,0.03,0.13612127682661262,12.777080440304498,-0.05092793447338962,0.490734656967446,1.2246467991473532e-16,-1.0,0.25,3.293270991227454
U01073,0,0,0.03,0.14853627339208678,13.444339624445327,-0.10058659699432898,0.491089985367093,-0.25881904510252157,0.9659258262890681,0.3333333333333333,3.0212793087359415
U01074,0,0,0.03,0.25933181800084476,12.372400312569779,-0.1120376484372148,0.38168251097468026,-1.0,-1.8369701987210297e-16,0.0,3.7489832431527685
U01075,2,0,0.7865,3.258096538021482,0.0,0.0,0.0,0.49999999999999994,-0.8660254037844387,1.0,2.239461619586745
U01076,1,0,0.854,0.0,0.0,0.0,0.0,0.0,1.0,0.0,3.2456218832504695
U01077,0,0,0.03,0.08880913351066191,13.458445537955763,-0.05905204976152316,0.32715643797829735,-0.8660254037844385,-0.5000000000000004,0.5,2.913752409167555
U01078,0,0,0.03,0.11938486950556353,13.04426561044013,-0.09516405256918835,0.491089985367093,-0.2588190451025208,-0.9659258262890683,0.16666666666666666,3.1922371068795807
U01079,0,0,0.03,0.38757237190008303,12.520027179514505,-0.8334326738906227,0.3456871240434053,0.0,1.0,0.0,3.107892535117636
U01080,0,0,0.03,0.14673836715770444,13.05276996848801,0.002801293586970582,0.5064224831767222,0.0,1.0,0.2,3.508667129658015
U01081,0,0,0.03,0.1243451230479315,13.794086697179,-0.4894417045442441,0.3456871240434053,0.0,1.0,0.0,2.5767535230459186
U01082,0,0,0.03,0.09388318042444987,13.747614941415742,-0.12003769077168397,0.491089985367093,-0.8660254037844386,0.5000000000000001,0.3333333333333333,3.229828128826145
U01083,0,0,0.03,0.1001186282595062,13.467676418691024,-0.07264656818035879,0.32715643797829735,-0.8660254037844386,0.5000000000000001,0.25,3.418511136020113
U01084,0,0,0.03,0.6376246705543874,12.174205230491623,-1.0,0.21810429198553155,1.2246467991473532e-16,-1.0,0.0,3.735336375902394
U01085,0,0,0.03,0.1795902347968019,13.26067992787762,-0.24448441640632854,0.6429066276455814,-0.7071067811865477,0.7071067811865474,0.2222222222222222,3.776610744550289
U01086,0,0,0.03,0.13552534790273532,13.44985541244476,-0.17359994317152186,0.5064224831767222,0.8660254037844386,0.5000000000000001,0.2,3.4809262936682344
U01087,0,0,0.03,0.04850355343363777,15.061658840438115,-1.0,0.21810429198553155,0.258819045102521,-0.9659258262890682,0.5,1.788072123762353
U01088,0,0,0.03,0.1138752742670825,13.874703567277077,-0.16755442938547088,0.46414453303743997,-0.7071067811865477,0.7071067811865474,0.14285714285714285,1.071488482379153
U01089,0,0,0.03,0.06458503419959645,14.24820197670641,-0.23908830029117953,0.5064224831767222,0.258819045102521,-0.9659258262890682,0.4,1.039663056583667
U01090,0,0,0.03,0.05827072945974635,14.585587066194519,-0.2871274472968411,0.20028426271971764,-0.2588190451025208,-0.9659258262890683,0.3333333333333333,1.6973851939210476
U01091,0,0,0.03,0.15635848500238278,13.548615595366913,-0.2940013958102036,0.3456871240434053,0.8660254037844386,0.5000000000000001,0.3333333333333333,3.673800479173701
U01092,0,0,0.03,0.05844352590719246,14.582538809937915,-0.06809954150749715,0.3456871240434053,0.49999999999999994,-0.8660254037844387,0.3333333333333333,1.4484646287687435
U01093,0,0,0.03,0.2119690488316051,12.0400416736722,0.0822512003882118,0.6122961576274709,0.49999999999999994,-0.8660254037844387,0.2857142857142857,3.731140967584998
U01094,0,0,0.03,0.18538732666893848,12.219630323462239,0.13315987262784576,0.5500433415738286,0.258819045102521,-0.9659258262890682,0.4,3.421195916903407
U01095,0,0,0.03,0.07809811205652348,11.508796954386447,0.1372335364076268,0.32715643797829735,-0.9659258262890683,-0.25881904510252063,0.5,3.57366992705843
U01096,-1,1,0.0,0.3011082918505316,12.818167025110727,-0.8235737610093364,0.3456871240434053,0.258819045102521,-0.9659258262890682,0.0,0.5276417698193996
U01097,0,0,0.03,0.11937391500653713,14.12510479577724,-1.0,0.21810429198553155,0.0,1.0,0.0,2.976406095237968
U01098,0,0,0.03,0.15780179229168675,12.742024934013743,0.10227889837566712,0.491089985367093,1.2246467991473532e-16,-1.0,0.16666666666666666,3.2493646152486644
U01099,0,0,0.03,0.15333096906208296,13.373889116690824,-0.36706445711075636,0.4362085839710631,1.2246467991473532e-16,-1.0,0.25,2.961361263040748
U01100,0,0,0.03,0.12894340338608956,13.240928329506579,-0.052994819684387726,0.5944390072043522,0.0,1.0,0.4444444444444444,2.655023761761611
U01101,0,0,0.03,0.25412792779150023,12.962347195771658,-0.12666608112910377,0.5246802044403176,-0.9659258262890683,-0.25881904510252063,0.0,3.152034902150714
U01102,0,0,0.03,0.07035522762371953,12.73863725593207,0.06339025786577998,0.4362085839710631,1.2246467991473532e-16,-1.0,0.25,3.4485711993709685
U01103,0,0,0.03,0.08266881055427833,13.645534481164335,-0.11285333016617866,0.5637914160289369,0.7071067811865476,-0.7071067811865475,0.16666666666666666,1.3384460275942596
U01104,0,0,0.03,0.1408370789801548,13.813210915812984,-0.2767613137893778,0.4362085839710631,0.25881904510252074,0.9659258262890683,0.0,3.8194304258971488
U01105,0,0,0.03,0.07629508060074006,13.989711733525457,-0.384711709197196,0.4183885547052492,-0.7071067811865471,-0.7071067811865479,0.0,1.5105967374787712
U01106,0,0,0.03,0.07518781951914776,14.098094406529947,-0.25959967277988083,0.5064224831767222,-0.2588190451025208,-0.9659258262890683,0.2,1.2123370319976237
U01107,0,0,0.03,0.07449098380522975,13.995767484876012,-0.09516574016784031,0.5064224831767222,0.9659258262890683,0.25881904510252074,0.2,1.1505610394934447
U01108,0,0,0.03,0.086897954524419,14.008009317563777,-0.0949937197222671,0.4362085839710631,-0.7071067811865471,-0.7071067811865479,0.25,2.8023441520384686
U01109,0,0,0.03,0.28842748567688614,12.582091778364925,-0.05495324778871991,0.5637914160289369,0.8660254037844387,-0.4999999999999998,0.3333333333333333,3.198383487554518
U01110,0,0,0.03,0.14617163821723703,12.978913241999159,-0.033362064183598675,0.6543128759565947,1.2246467991473532e-16,-1.0,0.25,1.1962661004915935
U01111,0,0,0.03,0.08679624114264167,14.104796842978732,-0.11952106120846813,0.5637914160289369,0.7071067811865476,0.7071067811865476,0.0,2.3716273459777604
U01112,0,0,0.03,0.05933161952454976,14.567008954581558,-0.0036854016200145003,0.3456871240434053,1.2246467991473532e-16,-1.0,0.0,2.4880277386252625
U01113,0,0,0.03,0.16042104177733477,13.323279315519315,-0.16112976853293198,0.32715643797829735,-0.4999999999999997,-0.8660254037844388,0.25,3.696037225115794
U01114,0,0,0.03,0.1796465116897531,12.887175078476588,-0.08547320262938518,0.6543128759565947,0.0,1.0,0.375,3.18403273813344
U01115,0,0,0.03,0.0582184997383112,14.874192121480228,-1.0,0.21810429198553155,0.0,1.0,0.5,3.565363872937431
U01116,0,0,0.03,0.1215079246275232,12.870846071402273,-0.2222777969321795,0.5997868029602118,0.7071067811865476,-0.7071067811865475,0.375,2.7041103513112237
U01117,0,0,0.03,0.0972705958478203,13.850050139389014,-0.3109471182801116,0.6122961576274709,0.0,1.0,0.7142857142857143,2.0792534452871148
U01118,0,0,0.03,0.13212227152166683,13.590161451199801,-0.2338675389452514,0.5499806456316046,-0.25881904510252157,0.9659258262890681,0.42857142857142855,2.9986695065844593
U01119,0,0,0.03,0.20869861311864554,13.031238825624552,-0.45721518033531966,0.5637914160289369,0.9659258262890683,-0.25881904510252063,0.16666666666666666,3.819870912318058
U01120,0,0,0.03,0.22368348851448933,11.991938388373551,0.01599801643010028,0.5452607299638289,0.49999999999999994,-0.8660254037844387,0.25,3.558144412602972
U01121,0,0,0.03,0.06225806076900922,14.517385292387253,-0.10172193668593946,0.3456871240434053,0.25881904510252074,0.9659258262890683,0.6666666666666666,2.9302068458311954
U01122,0,0,0.03,0.14613906846789795,12.842787031277938,-0.15651105707545324,0.5997868029602118,0.258819045102521,-0.9659258262890682,0.125,1.0981955351717674
U01123,0,0,0.03,0.07981027125128586,13.622075069596336,-0.09367818972278665,0.4362085839710631,0.0,1.0,0.25,3.296521645206945
U01124,0,0,0.03,0.08775105709199443,13.502443666736022,-0.0678187508474189,0.4362085839710631,0.8660254037844386,0.5000000000000001,0.25,3.800122891819105
U01125,0,0,0.03,0.09525898679799345,13.67072059625886,-0.14292403021782832,0.4191807663825097,-0.8660254037844385,-0.5000000000000004,0.2,3.18163969667835
U01126,0,0,0.03,0.08783825963658677,14.1114401509241,-0.5004219804987634,0.4191807663825097,0.9659258262890683,-0.25881904510252063,0.6,3.5153410869326787
U01127,0,0,0.03,0.1559233813776863,12.914943065555317,-0.11964824591612708,0.5997868029602118,-1.0,-1.8369701987210297e-16,0.5,3.5521627689595285
U01128,0,0,0.03,0.4284375867321272,12.397966986668056,-0.13429220110476547,0.3456871240434053,0.0,1.0,0.0,3.492830072656837
U01129,0,0,0.03,0.08350367152697591,13.656555271142437,-0.01816729000426634,0.5064224831767222,0.8660254037844387,-0.4999999999999998,0.0,3.4883150737305897
U01130,0,0,0.03,0.09342703484886064,13.585640685587638,-0.09744753094849981,0.5499806456316048,1.2246467991473532e-16,-1.0,0.14285714285714285,2.218269573861491
U01131,0,0,0.03,0.2398251863236275,12.882505923767974,-0.13075317762697644,0.4362085839710631,0.0,1.0,0.5,3.394933980291664
U01132,0,0,0.03,0.09146845758819985,13.2649595603919,0.0482268666206974,0.5064224831767222,0.49999999999999994,0.8660254037844387,0.4,2.835182400922744
U01133,0,0,0.03,0.33075071446665316,12.996353342605305,-1.0,0.21810429198553155,0.8660254037844387,-0.4999999999999998,0.5,3.5435686382312412
U01134,0,0,0.03,0.06329579285502025,14.500330160295515,-0.27262227831516284,0.3456871240434053,0.258819045102521,-0.9659258262890682,0.3333333333333333,3.342361090384574
U01135,2,0,0.8172,3.258096538021482,0.0,0.0,0.0,-0.2588190451025208,-0.9659258262890683,1.0,3.720457745838379
U01136,0,0,0.03,0.14942312933125126,12.213544660368875,0.016063051947013844,0.6355509064085956,-0.7071067811865471,-0.7071067811865479,0.2727272727272727,2.8490030604631595
U01137,0,0,0.03,0.1657076462548524,12.613499162151745,-0.04576555910462237,0.5997868029602118,0.7071067811865476,-0.7071067811865475,0.375,3.74747505808085
U01138,0,0,0.03,0.13836284290440673,13.512854262687616,-0.2671396472712576,0.5064224831767222,0.8660254037844386,0.5000000000000001,0.2,2.5351241824952155
U01139,0,0,0.03,0.11061029678944138,13.918136187227285,-0.31710774288908344,0.3456871240434053,0.7071067811865476,-0.7071067811865475,0.6666666666666666,3.791585407871236
U01140,0,0,0.03,0.12280601680401824,13.135630972325233,-0.2224709300039709,0.6122961576274709,0.8660254037844387,-0.4999999999999998,0.14285714285714285,3.3554894994145577
U01141,0,0,0.03,0.20141434696123406,12.973865689268807,-0.20658756708999415,0.491089985367093,-0.8660254037844386,0.5000000000000001,0.3333333333333333,3.739244655919735
U01142,0,0,0.03,0.14510366572622918,13.683723928069925,-0.3826199933912871,0.4362085839710631,0.0,1.0,0.25,3.4979105470798744
U01143,0,0,0.03,0.10230507722849208,14.000416272943493,-0.5553534503432018,0.3456871240434053,-0.2588190451025208,-0.9659258262890683,0.6666666666666666,3.8260567891384474
U01144,0,0,0.03,0.11002643322443896,13.23647568417125,0.11009756170726927,0.5452607299638289,-0.7071067811865471,-0.7071067811865479,0.25,2.146327836323114
U01145,0,0,0.03,0.1361913067306202,13.327059414841289,-0.2909385379996157,0.5637914160289369,0.0,1.0,0.0,3.571402686656826
U01146,0,0,0.03,0.1096488881717827,13.620442306132713,-0.21731370781811157,0.4191807663825097,-1.0,-1.8369701987210297e-16,0.4,3.152361526006166
U01147,0,0,0.03,0.1635480915410284,13.499969331383756,-0.05034852350022573,0.3456871240434053,1.2246467991473532e-16,-1.0,0.3333333333333333,3.5370827241794696
U01148,0,0,0.03,0.07226576346051437,13.730258722981379,-0.2687668100959056,0.5637914160289369,0.25881904510252074,0.9659258262890683,0.16666666666666666,1.5746547461968412
U01149,0,0,0.03,0.08947286675678634,14.140958680290314,-0.6188782021116209,0.3456871240434053,0.8660254037844387,-0.4999999999999998,0.0,3.796758410419551
U01150,0,0,0.03,0.14388023899826513,12.278756032014842,0.09217052165412831,0.5637914160289369,0.8660254037844387,-0.4999999999999998,0.16666666666666666,3.8138888883599393
U01151,0,0,0.03,0.07773663296318083,13.89271971646489,-0.4639621397140134,0.4362085839710631,0.7071067811865476,-0.7071067811865475,0.25,3.245329307174659
U01152,0,0,0.03,0.07876091720542279,14.13274500059808,-0.20152753862244457,0.4191807663825097,0.49999999999999994,-0.8660254037844387,0.2,2.0556968665182054
U01153,5,0,0.7216,3.258096538021482,0.0,0.0,0.0,-0.7071067811865477,0.7071067811865474,0.0,1.9705817909780021
U01154,0,0,0.03,0.14306066026491257,13.109586094484847,-0.31962825624528285,0.5171145007362106,0.9659258262890683,-0.25881904510252063,0.1,2.7762841426994043
U01155,0,0,0.03,0.12278811779348452,13.731894138850777,-0.2447644782038532,0.491089985367093,0.0,1.0,0.16666666666666666,2.9242940783890945
U01156,0,0,0.03,0.09409258987106522,13.313172149014388,-0.045664143143972866,0.491089985367093,1.2246467991473532e-16,-1.0,0.16666666666666666,2.95213709897322
U01157,0,0,0.03,0.054617907039748656,14.939850695538404,-1.0,0.21810429198553155,0.9659258262890683,-0.25881904510252063,0.0,2.7839325571001248
U01158,0,0,0.03,0.17118001893557633,13.32991561338697,-0.2848211419923186,0.577199779552126,-0.25881904510252157,0.9659258262890681,0.2,3.4814804450633243
U01159,0,0,0.03,0.07910761111812092,14.269340342909576,-0.20606306912614322,0.3456871240434053,0.7071067811865476,0.7071067811865476,0.6666666666666666,2.886012992429462
U01160,0,0,0.03,0.16732672301118307,13.21183655500802,-0.5275843887889187,0.4362085839710631,0.7071067811865476,-0.7071067811865475,0.0,3.803499313185711
U01161,0,0,0.03,0.1854135574064576,12.849253282757966,-0.1837426268405638,0.6429066276455814,0.8660254037844387,-0.4999999999999998,0.1111111111111111,2.085259365369016
U01162,0,0,0.03,0.07000890434327045,14.622794133260406,-0.17263173797906,0.4362085839710631,-0.8660254037844385,-0.5000000000000004,0.75,3.326362412166494
U01163,0,0,0.03,0.20337119015727412,13.032720905755209,-0.0785240647277651,0.4191807663825097,-0.7071067811865477,0.7071067811865474,0.4,3.6414383795138
U01164,0,0,0.03,0.07634959374910189,14.306223572394616,-0.2764116403013573,0.3456871240434053,0.0,1.0,0.3333333333333333,3.158546703368728
U01165,0,0,0.03,0.07850377397467738,14.105782897775123,-0.4194087690437571,0.5064224831767222,0.8660254037844387,-0.4999999999999998,0.6,1.7753818725899992
U01166,0,0,0.03,0.0884228551040377,13.871339699824668,-0.15410536454296048,0.4183885547052492,-0.2588190451025208,-0.9659258262890683,0.6666666666666666,1.6713623427281434
U01167,5,0,0.7333,3.258096538021482,0.0,0.0,0.0,-0.5000000000000004,0.8660254037844384,0.0,3.2461464124367274
U01168,0,0,0.03,0.10656151251916281,13.78270995174981,-0.2868618615389363,0.5064224831767222,0.0,1.0,0.2,3.4140968493266532
U01169,0,0,0.03,0.1027233857993637,13.829130385595255,-0.4414816787420297,0.4362085839710631,0.49999999999999994,-0.8660254037844387,0.0,3.6097814437847338
U01170,0,0,0.03,0.0699647471792439,14.396786071250736,-0.794327098616817,0.3456871240434053,0.49999999999999994,-0.8660254037844387,0.0,3.666546858311341
U01171,0,0,0.03,0.19325554892180694,13.160777996520324,-0.44763598730764,0.42534962163987233,-0.7071067811865471,-0.7071067811865479,0.0,3.8224553335961264
U01172,0,0,0.03,0.09594897575433392,13.579321026715744,-0.1775625874614711,0.5637914160289369,0.0,1.0,0.3333333333333333,3.2186762679210004
U01173,0,0,0.03,0.07006760051389967,14.39526505116913,-0.2816392301260035,0.3456871240434053,0.9659258262890683,0.25881904510252074,0.3333333333333333,3.172831886366794
U01174,0,0,0.03,0.12070506266143852,13.176849668747211,-0.10380772684174878,0.5064224831767222,1.0,6.123233995736766e-17,0.4,3.6485799648464408
U01175,0,0,0.03,0.10174874347462755,13.444880840368546,-0.10585179432899865,0.4191807663825097,1.2246467991473532e-16,-1.0,0.2,3.0239816743151855
U01176,0,0,0.03,0.16886254190035524,13.212226933062578,-0.27998797990855356,0.5499806456316048,-0.2588190451025208,-0.9659258262890683,0.42857142857142855,3.7820695957161203
U01177,0,0,0.03,0.12353934335138328,13.475888666383382,-0.1814915560587616,0.5064224831767222,0.7071067811865476,-0.7071067811865475,0.4,2.3006851410797964
U01178,0,0,0.03,0.20699219008192485,12.647284490800631,-0.2169268039108812,0.5637914160289369,0.258819045102521,-0.9659258262890682,0.3333333333333333,2.9293958408453
U01179,0,0,0.03,0.0813670399577407,13.972461741289834,-0.3098596361940668,0.5064224831767222,0.0,1.0,0.6,2.973130384756328
U01180,0,0,0.03,0.06973245361204965,14.195192450657611,-0.2573581632216146,0.5064224831767222,0.9659258262890683,-0.25881904510252063,0.0,2.3908375976141887
U01181,0,0,0.03,0.08115799992580995,14.054131316988986,-0.3048698537332669,0.41838855470524916,-0.2588190451025208,-0.9659258262890683,0.16666666666666666,2.2106005115118137
U01182,0,0,0.03,0.14078432469693505,13.446181602949277,-0.4701243160498815,0.32715643797829735,-0.4999999999999997,-0.8660254037844388,0.0,2.6282334195515356
U01183,0,0,0.03,0.07717808529054022,13.878221942153294,-0.15242649667664435,0.5064224831767222,0.7071067811865476,0.7071067811865476,0.4,2.838352620767945
U01184,0,0,0.03,0.08345459282439201,14.213643853904884,-0.09492210019177147,0.20028426271971764,0.9659258262890683,-0.25881904510252063,0.6666666666666666,3.1819860965613183
U01185,0,0,0.03,0.1539663358338268,12.985337887525528,-0.17553265433584342,0.32715643797829735,1.2246467991473532e-16,-1.0,0.25,3.7623108788433273
U01186,0,0,0.03,0.09413574723337663,13.914653383788774,-0.19973106650684153,0.41838855470524916,0.258819045102521,-0.9659258262890682,0.5,3.046352222082129
U01187,0,0,0.03,0.0793895491107241,14.265639869844158,-0.003516916322727136,0.3456871240434053,-0.4999999999999997,-0.8660254037844388,0.0,3.6334263868142287
U01188,0,0,0.03,0.05527742597825867,13.966555563029422,-0.07580834370708324,0.4362085839710631,1.2246467991473532e-16,-1.0,0.25,1.5451660224139603
U01189,0,0,0.03,0.13517576423729866,13.132702741485147,-0.009880075739148626,0.5064224831767222,0.25881904510252074,0.9659258262890683,0.2,3.7517594283135742
U01190,0,0,0.03,0.12336296667772931,13.114554970992327,-0.10523046264058501,0.5997868029602118,-0.7071067811865471,-0.7071067811865479,0.375,3.214699523657195
U01191,0,0,0.03,0.1908080792840486,13.619457960431792,-1.0,0.21810429198553155,0.8660254037844387,-0.4999999999999998,0.5,3.2314487679376427
U01192,5,0,0.7528,3.258096538021482,0.0,0.0,0.0,-1.0,-1.8369701987210297e-16,0.0,3.5683106407378244
U01193,0,0,0.03,0.08927102848813497,13.809643882628313,-0.15372016232178565,0.48766513363573855,-0.9659258262890684,0.2588190451025203,0.42857142857142855,1.3325583928496516
U01194,0,0,0.03,0.15807734382503025,13.123200027315164,-0.32916895340288305,0.5499806456316046,-0.2588190451025208,-0.9659258262890683,0.2857142857142857,3.2263446230856085
U01195,0,0,0.03,0.1121953298250511,13.424990710991601,-0.049047615682964237,0.5637914160289369,0.9659258262890683,0.25881904510252074,0.8333333333333334,3.3927723298804526
U01196,0,0,0.03,0.2013289529100831,12.71188371742035,-0.023637953091525478,0.6809059167651474,-0.4999999999999997,-0.8660254037844388,0.1,3.663850956127325
U01197,-1,1,0.0,0.07816846973781984,13.116512293147554,-0.017293124974230696,0.4362085839710631,0.49999999999999994,0.8660254037844387,0.0,0.23316722014548266
U01198,0,0,0.03,0.303320910120663,12.70012386230917,-0.30203557445962803,0.5064224831767222,0.0,1.0,0.2,3.2104711599688316
U01199,0,0,0.03,0.11814034182964983,13.84843940338124,-0.2851941204267914,0.3456871240434053,0.9659258262890683,-0.25881904510252063,0.3333333333333333,2.444283564882064
U01200,0,0,0.03,0.10209384613727228,13.426231988152537,-0.29701626580966434,0.48766513363573855,1.2246467991473532e-16,-1.0,0.2857142857142857,1.8413172693186703
U01201,0,0,0.03,0.19556791841900292,12.602554188649753,-0.07795174556524458,0.6913742480868106,0.9659258262890683,-0.25881904510252063,0.3333333333333333,2.8457790798135925
U01202,0,0,0.03,0.1566354742264323,12.47910290244959,0.03483533338262282,0.5500433415738286,0.7071067811865476,-0.7071067811865475,0.1,2.7537108408453905
U01203,0,0,0.03,0.1293008541037791,12.813114402237355,0.0030403215335425135,0.5997868029602118,-0.9659258262890683,-0.25881904510252063,0.375,3.246378847697122
U01204,0,0,0.03,0.12835586111734268,13.273369690315853,-0.3482358695863384,0.4362085839710631,0.9659258262890683,0.25881904510252074,0.0,1.728978661665746
U01205,0,0,0.03,0.07510013809211309,14.06356523457858,-0.05514948508900669,0.4191807663825097,-0.7071067811865477,0.7071067811865474,0.0,1.2834480433272695
U01206,0,0,0.03,0.10952109666049441,13.938973432751823,-0.3440696703671092,0.32715643797829735,-0.9659258262890683,-0.25881904510252063,0.25,3.5657101939673903
U01207,5,0,0.7303,3.258096538021482,0.0,0.0,0.0,0.258819045102521,-0.9659258262890682,0.0,1.8443380098635564
U01208,0,0,0.03,0.1660569138345015,13.404710494253782,-0.3575281146553981,0.5064224831767222,0.8660254037844387,-0.4999999999999998,0.4,3.3510953040697706
U01209,0,0,0.03,0.09933993327327485,14.064160439491342,-0.2773201814427005,0.4362085839710631,0.8660254037844387,-0.4999999999999998,0.5,3.8185465830772465
U01210,5,0,0.7794,3.258096538021482,0.0,0.0,0.0,-0.2588190451025208,-0.9659258262890683,0.0,3.232095466495603
U01211,0,0,0.03,0.13491862604922414,13.310630557232793,-0.4547015173327548,0.5452607299638289,0.7071067811865476,-0.7071067811865475,0.375,3.4073163539897346
U01212,0,0,0.03,0.11723210833258721,13.076870072616664,-0.11885171850433485,0.491089985367093,-0.2588190451025208,-0.9659258262890683,0.16666666666666666,2.7221646284479597
U01213,0,0,0.03,0.11766628563322602,13.905592549122542,-0.3890361187561314,0.4362085839710631,0.7071067811865476,-0.7071067811865475,0.25,2.6585462405740934
U01214,0,0,0.03,0.13797062397597354,13.68314534223393,-0.18631730690452056,0.3456871240434053,-0.4999999999999997,-0.8660254037844388,0.0,1.755742415170787
U01215,0,0,0.03,0.060072747726414105,14.55422079642108,-0.7490117470707524,0.3456871240434053,0.9659258262890683,-0.25881904510252063,0.0,3.2232956725647584
U01216,0,0,0.03,0.07788367032497166,14.011310044693921,-0.3974650526286509,0.4362085839710631,0.7071067811865476,-0.7071067811865475,0.25,2.0193038166455706
U01217,0,0,0.03,0.11315714503604293,13.605367137577083,-0.4083881541642829,0.32715643797829735,0.7071067811865476,-0.7071067811865475,0.25,3.74972409529732
U01218,0,0,0.03,0.17550976143110048,12.996509862865357,-0.21004821173680488,0.5637914160289369,0.9659258262890683,-0.25881904510252063,0.0,3.504034229436219
U01219,0,0,0.03,0.10394310147733651,13.624426320781057,-0.18984043180544016,0.4362085839710631,0.8660254037844387,-0.4999999999999998,0.5,3.7396160252728277
U01220,0,0,0.03,0.13491917993455138,13.994752377231306,-1.0,0.21810429198553155,-0.9659258262890683,-0.25881904510252063,0.0,3.013955836156025
U01221,0,0,0.03,0.10235573169112597,12.519696549972759,0.05897117938664186,0.4362085839710631,0.0,1.0,0.25,3.2776962056411243
U01222,0,0,0.03,0.1746641960911618,12.98359199426334,-0.04533137767198215,0.5499806456316046,-0.9659258262890683,-0.25881904510252063,0.0,3.558592791654303
U01223,0,0,0.03,0.13917528883424501,12.988187205525762,-0.1329128348044511,0.4191807663825097,-0.2588190451025208,-0.9659258262890683,0.2,2.113696184946529
U01224,0,0,0.03,0.07707721426461585,14.355015179581677,-0.43485591093531734,0.4362085839710631,0.25881904510252074,0.9659258262890683,0.75,3.212326647972438
U01225,0,0,0.03,0.12606476529778357,12.701702902258049,0.08009654291718322,0.5499806456316048,0.9659258262890683,-0.25881904510252063,0.2857142857142857,1.1512603747873005
U01226,0,0,0.03,0.1400448063029699,13.525497103285028,-0.29262380993470793,0.5064224831767222,0.0,1.0,0.2,3.6190134957443565
U01227,0,0,0.03,0.11364449441028059,13.405647292124323,-0.26441498041091727,0.5637914160289369,0.0,1.0,0.3333333333333333,3.3513195892024115
U01228,5,0,0.7423,3.258096538021482,0.0,0.0,0.0,0.258819045102521,-0.9659258262890682,0.0,3.728597784265112
U01229,0,0,0.03,0.24826586054653743,12.467875213814358,0.11285594567724294,0.593664199970935,0.8660254037844387,-0.4999999999999998,0.5,3.5276532616562033
U01230,0,0,0.03,0.07439521572765478,13.346873993859033,0.0006473137236684613,0.29901020875067913,-0.25881904510252157,0.9659258262890681,0.0,2.940708833935764
U01231,0,0,0.03,0.2283315053849991,13.079558167612067,-0.12498314962503686,0.5997868029602118,-0.7071067811865471,-0.7071067811865479,0.25,3.3150231962174095
U01232,0,0,0.03,0.13679650435191273,13.548286453581548,-0.24494449652049322,0.5499806456316046,-0.9659258262890683,-0.25881904510252063,0.42857142857142855,3.1379228264625327
U01233,0,0,0.03,0.23945346656785702,12.573075819206325,-0.0986810052928313,0.714861558039698,0.9659258262890683,-0.25881904510252063,0.18181818181818182,3.772137606358449
U01234,3,0,0.8636,0.13208317473806852,14.017445998753317,-1.0,0.21810429198553155,-0.7071067811865471,-0.7071067811865479,1.0,3.464632502031564
U01235,1,0,0.7979,0.0,0.0,0.0,0.0,0.0,1.0,0.0,3.7970077505137168
U01236,0,0,0.03,0.06614181586120055,14.32250645768982,-0.3341100268990226,0.4362085839710631,0.9659258262890683,-0.25881904510252063,0.5,2.901132200360574
U01237,0,0,0.03,0.09764553736979521,14.049400163064131,-0.11068242802233665,0.3456871240434053,0.7071067811865476,-0.7071067811865475,0.6666666666666666,3.367330551605894
U01238,0,0,0.03,0.07421734943693602,13.883229952256576,-0.16850422153865358,0.4191807663825097,-0.8660254037844386,0.5000000000000001,0.4,2.359109818441588
U01239,0,0,0.03,0.0848347344072276,13.651066246696278,-0.08081574656700878,0.491089985367093,1.2246467991473532e-16,-1.0,0.3333333333333333,2.5292566727498267
U01240,0,0,0.03,0.15690840384953544,13.099415067632876,-0.17943236804652601,0.5499806456316046,-0.9659258262890683,-0.25881904510252063,0.14285714285714285,1.7907095355244649
U01241,5,0,0.7587,3.258096538021482,0.0,0.0,0.0,-0.9659258262890684,0.2588190451025203,0.0,2.838044384523765
U01242,0,0,0.03,0.04040302756763456,15.248471401265036,-1.0,0.21810429198553155,0.49999999999999994,-0.8660254037844387,0.0,1.767922441523614
U01243,0,0,0.03,0.09699448998605066,14.183388710942758,-0.3950536513959688,0.4362085839710631,0.0,1.0,0.5,3.7492330697125924
U01244,0,0,0.03,0.1566294199295175,13.033975781131941,-0.08016924594433725,0.5459713867631231,0.9659258262890683,-0.25881904510252063,0.1111111111111111,3.45159303177526
U01245,0,0,0.03,0.07018411950216215,13.934761848540006,-0.15751476576414838,0.5064224831767222,0.0,1.0,0.0,2.617746372901653
U01246,0,0,0.03,0.2194797662036206,12.586606195836167,-0.04316638395141752,0.5499806456316048,0.7071067811865476,-0.7071067811865475,0.0,3.76033922628541
U01247,0,0,0.03,0.1598567640365158,13.524693576817006,-0.5870571203562779,0.3456871240434053,0.258819045102521,-0.9659258262890682,0.3333333333333333,3.6061392457137678
U01248,0,0,0.03,0.1304313379404277,13.743193058879648,-0.9329889462982722,0.3456871240434053,0.9659258262890683,-0.25881904510252063,0.3333333333333333,3.824040955467698
U01249,0,0,0.03,0.14627526457238735,12.922367343195974,0.07249540163890437,0.6543128759565947,0.9659258262890683,-0.25881904510252063,0.125,3.0126616548434813
U01250,0,0,0.03,0.34638167984547935,10.867234225566579,0.19576383917357237,0.5064224831767222,0.7071067811865476,0.7071067811865476,0.4,3.1750318110823392
U01251,0,0,0.03,0.28870763488886675,12.07573044772762,-0.04098829453544973,0.32715643797829735,-0.4999999999999997,-0.8660254037844388,0.5,3.4747084770872414
U01252,0,0,0.03,0.11723689358171077,13.41219314191357,-0.1077992434654203,0.6122961576274709,0.9659258262890683,0.25881904510252074,0.42857142857142855,3.261082194032867
U01253,0,0,0.03,0.09081576047823685,13.668141000932174,-0.19589756819926932,0.32715643797829735,-0.8660254037844386,0.5000000000000001,0.25,3.667942763872503
U01254,0,0,0.03,0.04332814920254479,14.889418867310745,-0.4939754423666392,0.3456871240434053,0.7071067811865476,-0.7071067811865475,0.0,1.831122993289736
U01255,0,0,0.03,0.16205620137052995,13.07765048983424,-0.23186065089669064,0.545971386763123,0.7071067811865476,-0.7071067811865475,0.2222222222222222,3.42373395290547
U01256,0,0,0.03,0.02821317657467873,15.613716702654443,-1.0,0.21810429198553155,-1.0,-1.8369701987210297e-16,0.0,1.6252383513792832
U01257,0,0,0.03,0.10541729137758438,13.99974029302753,-0.23983333962512224,0.4362085839710631,0.8660254037844387,-0.4999999999999998,0.0,3.2163866182512826
U01258,0,0,0.03,0.06133434484029946,14.437133272396856,-0.1267629840096337,0.4362085839710631,0.9659258262890683,0.25881904510252074,0.0,0.41306731083880954
U01259,0,0,0.03,0.10479636156810707,13.815067459810786,-0.3174742410033968,0.41838855470524916,0.258819045102521,-0.9659258262890682,0.3333333333333333,2.95639150689828
U01260,0,0,0.03,0.15439094092225616,12.470050991282719,0.010922248303183515,0.41838855470524916,-0.2588190451025208,-0.9659258262890683,0.16666666666666666,3.762962665709795
U01261,0,0,0.03,0.09801570385080484,13.650096854412768,-0.18016733714431032,0.491089985367093,-1.0,-1.8369701987210297e-16,0.16666666666666666,2.3867145240962397
U01262,0,0,0.03,0.17708696016197137,13.454270925956527,-0.3000575011716384,0.4362085839710631,0.7071067811865476,-0.7071067811865475,0.0,3.4081894694497477
U01263,0,0,0.03,0.11506674086510454,13.748870630418047,-0.5557277911561935,0.6543128759565947,0.8660254037844387,-0.4999999999999998,0.375,1.7911709473175714
U01264,0,0,0.03,0.16110113422942338,13.803982362937896,-1.0,0.21810429198553155,0.258819045102521,-0.9659258262890682,0.0,1.5246261347532584
U01265,0,0,0.03,0.09198135233302812,14.245567460572707,-0.17080225371696856,0.5637914160289369,0.8660254037844387,-0.4999999999999998,0.5,2.458932762433169
U01266,0,0,0.03,0.04293509311967752,14.898729812772897,-0.9530918557084418,0.3456871240434053,1.2246467991473532e-16,-1.0,0.6666666666666666,1.6884138119538772
U01267,0,0,0.03,0.17896772173206993,12.974582368084748,-0.14067374246676784,0.577199779552126,-0.8660254037844386,0.5000000000000001,0.4,3.5587977921510427
U01268,0,0,0.03,0.30943411802592785,12.816628665533981,-0.49477528169647306,0.4362085839710631,0.7071067811865476,-0.7071067811865475,0.25,3.5740821909741993
U01269,0,0,0.03,0.18160095870182102,12.79631878344745,-0.11227269219639367,0.5944390072043522,0.9659258262890683,-0.25881904510252063,0.4444444444444444,3.452351005802444
U01270,0,0,0.03,0.10014053960628318,13.339311778341337,-0.06214889782337935,0.41838855470524916,-0.7071067811865471,-0.7071067811865479,0.5,1.9921602419006912
U01271,0,0,0.03,0.10602885919910665,13.52843763327765,-0.07170035349090996,0.4362085839710631,0.7071067811865476,-0.7071067811865475,0.75,3.382969370488546
U01272,0,0,0.03,0.08953967276632878,14.427860287770432,-1.0,0.21810429198553155,1.2246467991473532e-16,-1.0,0.0,3.8208765757283487
U01273,0,0,0.03,0.090877768475411,14.100204796281805,-0.4745678649823827,0.4191807663825097,0.49999999999999994,-0.8660254037844387,0.2,3.604483970870743
U01274,0,0,0.03,0.07148816090769658,14.066082099261852,-0.4695057834180171,0.4191807663825097,0.7071067811865476,-0.7071067811865475,0.2,2.632226845889292
U01275,0,0,0.03,0.12773096004573353,13.064668584444698,-0.13242042353341757,0.5637914160289369,1.0,6.123233995736766e-17,0.3333333333333333,3.8166258079490043
U01276,-1,1,0.0,0.28750134193855653,12.793414767193143,-0.8531225464525015,0.32715643797829735,-0.5000000000000004,0.8660254037844384,0.5,2.6579404166167597
U01277,0,0,0.03,0.08256361480290965,12.723497943458586,0.1708180462041109,0.5064224831767222,0.258819045102521,-0.9659258262890682,0.6,2.7073122745804055
U01278,-1,1,0.0,0.07962801633115324,14.399252386868849,-0.2725815793207998,0.32715643797829735,-0.7071067811865471,-0.7071067811865479,0.75,1.3048859450564823
U01279,0,0,0.03,0.09708450933758077,13.522801203211799,-0.024655512561847986,0.5064224831767222,0.25881904510252074,0.9659258262890683,0.4,3.2777088645458456
U01280,-1,1,0.0,0.08890201475962879,14.013305121320924,-0.46623172219843506,0.4362085839710631,-1.0,-1.8369701987210297e-16,1.0,3.4132982526197235
U01281,0,0,0.03,0.10046677972331047,14.019483114460504,-0.11340589497100183,0.3456871240434053,0.49999999999999994,-0.8660254037844387,0.3333333333333333,2.324651178883621
U01282,0,0,0.03,0.17797715106159614,13.40800161264305,-0.038658667191222434,0.3456871240434053,0.9659258262890683,-0.25881904510252063,0.3333333333333333,3.1179683426864595
U01283,0,0,0.03,0.12302490579183926,12.523107188258912,-0.028290320603878167,0.5997868029602118,-0.7071067811865471,-0.7071067811865479,0.375,2.7215679906061623
U01284,0,0,0.03,0.07362032309293175,13.9017185289764,-0.24433026727520485,0.4362085839710631,0.0,1.0,0.25,3.0971015012753442
U01285,0,0,0.03,0.09100728909378103,14.036523841869215,-0.20007719777004174,0.491089985367093,-0.5000000000000004,0.8660254037844384,0.16666666666666666,2.184701791894584
U01286,0,0,0.03,0.10520667703064693,13.564970115793113,-0.1232974201255145,0.5064224831767222,0.7071067811865476,-0.7071067811865475,0.4,2.9937563643972545
U01287,0,0,0.03,0.15420916293496098,13.292641030015712,-0.3246427936173741,0.6122961576274709,0.9659258262890683,-0.25881904510252063,0.2857142857142857,3.019579904134677
U01288,0,0,0.03,0.13901263640758113,13.275696294383247,-0.2933933060416959,0.4191807663825097,0.7071067811865476,0.7071067811865476,0.0,3.602352492604463
U01289,0,0,0.03,0.06726079894456675,14.437567401035423,-0.38082000977746444,0.3456871240434053,-0.8660254037844385,-0.5000000000000004,0.3333333333333333,2.3571697242443377
U01290,0,0,0.03,0.06220147827902669,14.518323127795291,-0.6282613831433287,0.3456871240434053,-0.8660254037844385,-0.5000000000000004,0.3333333333333333,3.0732316856889446
U01291,-1,1,0.0,0.1784572199926996,12.949133168782144,-0.005268780126768582,0.6628513693241879,-0.8660254037844385,-0.5000000000000004,0.21428571428571427,0.46825151648855057
U01292,2,0,0.7819,3.258096538021482,0.0,0.0,0.0,0.8660254037844387,-0.4999999999999998,1.0,3.8164388760660306
U01293,0,0,0.03,0.08942642650276769,13.951943050825092,-0.42464732400948607,0.5499806456316048,0.258819045102521,-0.9659258262890682,0.42857142857142855,2.3248821103421533
U01294,0,0,0.03,0.11698645234047418,13.403137142354568,-0.0013728932883566893,0.3909478540072342,-0.9659258262890684,0.2588190451025203,0.0,3.158331784295751
U01295,0,0,0.03,0.10154425936394364,13.636656582156244,-0.22120036209298172,0.5637914160289369,0.49999999999999994,-0.8660254037844387,0.3333333333333333,3.0165590222283045
U01296,0,0,0.03,0.08046734782871759,14.50030343833624,-0.18626623937389725,0.4362085839710631,0.8660254037844386,0.5000000000000001,0.25,2.1666553239171664
U01297,0,0,0.03,0.18634486088674987,13.168235001060385,-0.11729466581421258,0.5997868029602118,0.258819045102521,-0.9659258262890682,0.5,3.360920184700411
U01298,0,0,0.03,0.1224978961737245,13.68835650112247,-0.16012654040898341,0.4362085839710631,0.7071067811865476,0.7071067811865476,0.5,1.8500265575274073
U01299,0,0,0.03,0.12740682530062314,11.548007819224066,0.13697930901811442,0.48766513363573855,0.7071067811865476,-0.7071067811865475,0.7142857142857143,3.4478685327610306
U01300,0,0,0.03,0.09251855639002582,12.546437296866731,0.07656004955522426,0.4362085839710631,0.9659258262890683,-0.25881904510252063,0.25,3.6756024676003203
U01301,0,0,0.03,0.1354294157512247,13.663347235367112,-0.37432651224673824,0.491089985367093,-0.4999999999999997,-0.8660254037844388,0.5,3.6032411870076015
U01302,0,0,0.03,0.20151364607383684,13.271659722562408,-0.8115186758765313,0.20028426271971764,1.2246467991473532e-16,-1.0,0.0,3.738499851146078
U01303,0,0,0.03,0.19052946818195002,13.081193405680361,-0.09874105483748499,0.46414453303743997,-0.25881904510252157,0.9659258262890681,0.2857142857142857,3.673007926715246
U01304,0,0,0.03,0.0658229156281129,14.459903848696866,-0.4731413850852971,0.3456871240434053,-0.7071067811865471,-0.7071067811865479,0.3333333333333333,3.8032693940473363
U01305,0,0,0.03,0.09684683825078423,14.202325494444045,-0.22765164919692668,0.4362085839710631,0.0,1.0,0.5,2.922101306561085
U01306,0,0,0.03,0.08439742542918967,14.489613543545525,-1.0,0.21810429198553155,0.8660254037844387,-0.4999999999999998,0.5,3.6260977222513575
U01307,-1,1,0.0,0.20193581847643674,13.26934873321559,-0.9550023797548683,0.3456871240434053,0.9659258262890683,0.25881904510252074,1.0,3.7784654219844565
U01308,0,0,0.03,0.1477836190088184,13.285784949397765,-0.03165696612258813,0.5064224831767222,0.8660254037844387,-0.4999999999999998,0.2,2.148629610163997
U01309,0,0,0.03,0.16999633862251232,13.492335323068524,-0.1012918042106218,0.6543128759565947,0.9659258262890683,-0.25881904510252063,0.25,3.8278666399209786
U01310,0,0,0.03,0.14072326260531193,12.803373627653471,0.04203541601793698,0.5499806456316046,-0.8660254037844386,0.5000000000000001,0.42857142857142855,3.6672061719835045
U01311,0,0,0.03,0.3011326124182674,12.818073488808068,-0.2144163633280486,0.3456871240434053,0.0,1.0,0.3333333333333333,3.811562246170041
U01312,0,0,0.03,0.21634967723333295,12.378398578778596,-0.04199001598839345,0.5452607299638289,-0.2588190451025208,-0.9659258262890683,0.25,3.717131386501829
U01313,0,0,0.03,0.1184432594668409,13.482062344372961,-0.0026236944578667395,0.4191807663825097,0.258819045102521,-0.9659258262890682,0.6,3.6155225353191036
U01314,0,0,0.03,0.16226351135624334,13.067161401432287,-0.5040151367050059,0.5637914160289369,0.49999999999999994,-0.8660254037844387,0.3333333333333333,3.7316146173592464
U01315,0,0,0.03,0.10429192231053525,13.837242695107507,-0.38419057121383776,0.5064224831767222,0.8660254037844387,-0.4999999999999998,0.2,3.3741873386034995
U01316,0,0,0.03,0.178747945266757,12.020369377189809,-0.014212629893184569,0.5997868029602118,0.258819045102521,-0.9659258262890682,0.125,3.5354091947543327
U01317,0,0,0.03,0.12037814006519394,13.285190309464443,-0.17492266921938268,0.5064224831767222,1.2246467991473532e-16,-1.0,0.2,2.4011234321016928
U01318,5,0,0.7639,3.258096538021482,0.0,0.0,0.0,-0.9659258262890683,-0.25881904510252063,0.0,3.4676820691314876
U01319,0,0,0.03,0.15568829994232952,13.02848996495529,-0.21272724973899085,0.6543128759565947,0.7071067811865476,-0.7071067811865475,0.375,3.42729896806003
U01320,0,0,0.03,0.07416413624644114,13.569858070601668,0.010878742958943992,0.32715643797829735,-1.0,-1.8369701987210297e-16,0.25,3.4686140630542126
U01321,0,0,0.03,0.1101969142299171,13.711714373657445,-0.2956372123742526,0.4362085839710631,0.0,1.0,0.5,3.7934101985234663
U01322,0,0,0.03,0.07015670773924168,13.154996091112135,0.10275850607703767,0.5064224831767222,1.2246467991473532e-16,-1.0,0.2,1.8196144205238867
U01323,0,0,0.03,0.07800062356165093,14.283993343813744,-0.03739867121176357,0.20028426271971764,1.2246467991473532e-16,-1.0,0.0,3.0455976971672363
U01324,0,0,0.03,0.05825495706344442,14.873547696643511,-1.0,0.21810429198553155,1.2246467991473532e-16,-1.0,0.5,3.420425300756368
U01325,0,0,0.03,0.14801367871326257,12.996579041549959,-0.04940084440263052,0.4018290210415738,-0.9659258262890683,-0.25881904510252063,0.0,3.607704233282915
U01326,0,0,0.03,0.04327526084610924,14.890666894062702,-0.12752439628512752,0.3456871240434053,0.49999999999999994,0.8660254037844387,0.3333333333333333,2.702247906473677
U01327,0,0,0.03,0.12417661882492854,13.599001822500234,-0.14641308705884384,0.4191807663825097,-0.4999999999999997,-0.8660254037844388,0.2,2.745437414621282
U01328,0,0,0.03,0.11360622417625332,13.479000920643664,-0.07873911638660912,0.5637914160289369,0.25881904510252074,0.9659258262890683,0.16666666666666666,3.2926312878079025
U01329,0,0,0.03,0.09198783661523283,13.511044417777903,-0.19102848155036645,0.491089985367093,-1.0,-1.8369701987210297e-16,0.16666666666666666,2.276275577856182
U01330,0,0,0.03,0.07353047797710542,14.345273434698067,-0.7565372649048502,0.3456871240434053,0.258819045102521,-0.9659258262890682,0.3333333333333333,2.191140002977468
U01331,0,0,0.03,0.10391800653001114,13.693108433222418,-0.27169053285401695,0.5064224831767222,0.9659258262890683,-0.25881904510252063,0.4,3.607409827061724
U01332,0,0,0.03,0.19523783296968272,13.117185997875193,-0.14086045940807,0.4362085839710631,0.0,1.0,0.0,3.740502077947147
U01333,0,0,0.03,0.33862024995311585,12.72895924246306,-0.3148409693919405,0.32715643797829735,-0.9659258262890684,0.2588190451025203,0.25,3.5178343561773575
U01334,2,0,0.7712,3.258096538021482,0.0,0.0,0.0,-0.9659258262890683,-0.25881904510252063,1.0,3.363819167595329
U01335,0,0,0.03,0.15684997120018226,13.269915764871925,-0.25037241616254746,0.4641445330374401,1.2246467991473532e-16,-1.0,0.42857142857142855,3.353463372527555
U01336,0,0,0.03,0.09339678352910764,13.740474462930038,-0.05057114118222254,0.4362085839710631,-0.7071067811865471,-0.7071067811865479,0.0,3.476648724678119
U01337,0,0,0.03,0.1298343271933379,13.078073919843142,0.007937988916125483,0.29901020875067913,1.2246467991473532e-16,-1.0,0.4,3.8145928949726775
U01338,0,0,0.03,0.15170735945865194,13.380909593160487,-0.07220091392086525,0.4191807663825097,-0.7071067811865477,0.7071067811865474,0.0,3.4744636195864502
U01339,0,0,0.03,0.12382224523047895,13.02920148837005,-0.078729624595708,0.4362085839710631,0.49999999999999994,-0.8660254037844387,0.5,3.6993161215817687
U01340,0,0,0.03,0.0916094876682686,13.663647592654838,-0.12109497078771547,0.32715643797829735,-0.7071067811865477,0.7071067811865474,0.5,3.135426278838869
U01341,0,0,0.03,0.09043588681038602,14.12976420835222,-0.6682436507404678,0.20028426271971764,-0.5000000000000004,0.8660254037844384,0.3333333333333333,3.5653812245764165
U01342,0,0,0.03,0.18387527393239358,12.843841885090805,-0.08485881078408872,0.6429066276455814,-0.8660254037844386,0.5000000000000001,0.5555555555555556,3.7970407314744863
U01343,0,0,0.03,0.10672278505037928,13.618018915066589,-0.12716065941344806,0.5637914160289369,0.0,1.0,0.5,3.1445293627395436
U01344,0,0,0.03,0.10886626002844871,13.9349171638059,-0.03681678741716614,0.3456871240434053,0.8660254037844387,-0.4999999999999998,0.6666666666666666,3.163301939313717
U01345,0,0,0.03,0.06972730789073803,13.471961942730026,0.08123149026455993,0.5064224831767222,-0.2588190451025208,-0.9659258262890683,0.2,2.2646368106978914
U01346,0,0,0.03,0.06554987708998151,14.139820562137757,-0.14179179043571474,0.5064224831767222,1.0,6.123233995736766e-17,0.4,1.747148638170361
U01347,0,0,0.03,0.09938632743960621,13.571041219935312,-0.09026792368243368,0.5637914160289369,0.0,1.0,0.16666666666666666,3.2257323576245915
U01348,0,0,0.03,0.09070720937503635,14.08619015403548,-0.1722295803727324,0.4362085839710631,0.7071067811865476,0.7071067811865476,0.75,2.958217881584142
U01349,0,0,0.03,0.053794101915701394,14.667782313713971,-0.17050680663030307,0.3456871240434053,-0.4999999999999997,-0.8660254037844388,0.3333333333333333,3.4202576310675323
U01350,0,0,0.03,0.12274273215738368,13.242531122934086,-0.04023419249130205,0.48766513363573855,1.2246467991473532e-16,-1.0,0.2857142857142857,3.3628086063032576
U01351,-1,1,0.0,0.07021731822808365,14.206912576074542,-0.660016280352516,0.5064224831767222,0.25881904510252074,0.9659258262890683,1.0,1.161137789669135
U01352,0,0,0.03,0.4603572552684455,9.711418644287294,0.14972794891671554,0.32715643797829735,1.2246467991473532e-16,-1.0,0.0,3.715496309463772
U01353,0,0,0.03,0.18608034367050058,12.460871828328381,-0.023220347176249587,0.5499806456316046,-0.4999999999999997,-0.8660254037844388,0.2857142857142857,3.600958888685203
U01354,0,0,0.03,0.07848186721273953,13.950590251352324,-0.06312132886425056,0.32715643797829735,0.7071067811865476,-0.7071067811865475,0.75,2.304638538785943
U01355,0,0,0.03,0.20540840728006468,13.250503261934298,-0.2004541134227479,0.3456871240434053,-0.4999999999999997,-0.8660254037844388,0.3333333333333333,1.4250085802860046
U01356,0,0,0.03,0.11788936513595946,13.59046833030437,-0.34536468699913675,0.5499806456316048,0.0,1.0,0.5714285714285714,2.21229435487372
U01357,0,0,0.03,0.16901535131158008,13.140112918167805,-0.13113876740266298,0.31824642334539033,0.7071067811865476,-0.7071067811865475,0.5,3.0943146611821395
U01358,0,0,0.03,0.16459204182850423,12.909776408779065,-0.024234491248896577,0.5459713867631231,0.258819045102521,-0.9659258262890682,0.3333333333333333,3.4591910946907296
U01359,0,0,0.03,0.12418433913406235,13.471201695041678,-0.19658237588939545,0.331939049588297,1.2246467991473532e-16,-1.0,0.2,3.542791045839579
U01360,0,0,0.03,0.07805532376721697,13.928805760567881,-0.06065944445693616,0.48766513363573855,0.49999999999999994,-0.8660254037844387,0.2857142857142857,0.6383878474075035
U01361,0,0,0.03,0.08558814164849701,14.069170511127563,-0.42091516842606763,0.5064224831767222,-0.2588190451025208,-0.9659258262890683,0.2,3.2223789410447705
U01362,0,0,0.03,0.12020936687646962,13.088797286696703,0.0032662315599742194,0.6122961576274709,0.0,1.0,0.14285714285714285,3.1579101726852983
U01363,0,0,0.03,0.07346269639320789,13.493281208159473,-0.010116861627715376,0.4362085839710631,0.9659258262890683,-0.25881904510252063,0.25,2.885469716202134
U01364,0,0,0.03,0.1511557161522105,12.69264143673988,-0.03395173790739504,0.5944390072043522,-1.0,-1.8369701987210297e-16,0.2222222222222222,2.8061315097216055
U01365,0,0,0.03,0.07806009642522871,14.570882961048573,-1.0,0.21810429198553155,0.8660254037844387,-0.4999999999999998,0.5,2.840514377077031
U01366,0,0,0.03,0.09935097702286336,13.877728732929585,-0.504778497905277,0.5064224831767222,0.8660254037844386,0.5000000000000001,0.2,2.6202573740788764
U01367,0,0,0.03,0.11278723972889988,13.563250968873866,-0.07809147408873231,0.3630341096440063,1.2246467991473532e-16,-1.0,0.14285714285714285,3.3695585936751944
U01368,-1,1,0.0,0.1296124067868817,13.115608615278392,-0.06333965881177475,0.6372850583680413,-0.9659258262890683,-0.25881904510252063,0.6,2.4360298209836677
U01369,0,0,0.03,0.2067089059637106,12.52384978417527,0.03135194583032341,0.4910899853670931,0.49999999999999994,-0.8660254037844387,0.16666666666666666,3.6469859825070423
U01370,0,0,0.03,0.0972502336603706,12.603814673952163,-0.003640124498309611,0.491089985367093,-0.9659258262890684,0.2588190451025203,0.16666666666666666,3.2624105809657187
U01371,0,0,0.03,0.09016651792669517,13.579219075166705,-0.001269604384627637,0.4191807663825097,1.2246467991473532e-16,-1.0,0.4,2.630670739106949
U01372,0,0,0.03,0.10214262669664004,14.002088045423726,-0.2179376203607272,0.3456871240434053,0.258819045102521,-0.9659258262890682,0.0,3.7336591620996407
U01373,1,0,0.8164,0.0,0.0,0.0,0.0,0.0,1.0,0.0,3.615138223819006
U01374,0,0,0.03,0.07311488296632948,14.351151811144,-0.21555004494613045,0.20028426271971764,0.0,1.0,0.0,1.6974085128637677
U01375,0,0,0.03,0.07772837303595616,14.074560875833013,-0.3029131201128558,0.331939049588297,-0.5000000000000004,0.8660254037844384,0.4,3.0261974879651024
U01376,0,0,0.03,0.06176330670102171,14.242142721590062,-0.167580268977008,0.4362085839710631,0.9659258262890683,-0.25881904510252063,0.0,3.112362381470048
U01377,0,0,0.03,0.12000330283663366,12.605735955710502,0.11211987809444314,0.5064224831767222,-0.4999999999999997,-0.8660254037844388,0.4,3.56634491354081
U01378,0,0,0.03,0.06458541814609657,14.535471514490224,-0.46216890188847853,0.4362085839710631,0.8660254037844387,-0.4999999999999998,0.0,3.260146607556868
U01379,-1,1,0.0,0.05147338366610482,14.713051811785855,-0.7760599538098546,0.20028426271971764,-0.5000000000000004,0.8660254037844384,0.0,0.588866328768854
U01380,0,0,0.03,0.22633977029279145,12.64398880940883,-0.12869932998275616,0.4362085839710631,0.9659258262890683,-0.25881904510252063,0.5,1.866723418623592
U01381,1,0,0.8458,0.0,0.0,0.0,0.0,0.0,1.0,0.0,3.326148677510186
U01382,0,0,0.03,0.14572625488541618,13.62448684702041,-0.32364713083102875,0.3456871240434053,0.9659258262890683,-0.25881904510252063,0.3333333333333333,2.0613727402995465
U01383,0,0,0.03,0.17475810608826567,11.634580992840485,0.13091667273155258,0.5499806456316046,-0.8660254037844386,0.5000000000000001,0.0,3.461731585447648
U01384,0,0,0.03,0.1401516145241174,13.324531678168368,-0.5101512470395424,0.4362085839710631,0.0,1.0,0.25,2.3665103618947856
U01385,0,0,0.03,0.10506586094982304,13.972383956398357,-0.2419846971654615,0.3456871240434053,0.8660254037844387,-0.4999999999999998,0.3333333333333333,3.813879951080363
U01386,2,0,0.8333,3.258096538021482,0.0,0.0,0.0,-0.2588190451025208,-0.9659258262890683,1.0,3.052551187898079
U01387,5,0,0.7621,3.258096538021482,0.0,0.0,0.0,1.2246467991473532e-16,-1.0,0.0,3.48233066253567
U01388,0,0,0.03,0.09612094837862015,13.606796153999959,-0.02306056274292822,0.32715643797829735,0.258819045102521,-0.9659258262890682,0.25,3.446430742891958
U01389,0,0,0.03,0.03396246473568114,15.425360385549679,-1.0,0.21810429198553155,0.258819045102521,-0.9659258262890682,0.5,3.098868964178192
U01390,0,0,0.03,0.0888940288961481,13.871689547880719,-0.08068406843890362,0.4362085839710631,0.49999999999999994,-0.8660254037844387,0.75,3.4338624953950734
U01391,0,0,0.03,0.2612743857103028,12.440694073276802,-0.2115963954001796,0.5997868029602118,-0.9659258262890683,-0.25881904510252063,0.25,2.1554604059963207
U01392,2,0,0.7668,3.258096538021482,0.0,0.0,0.0,-0.7071067811865471,-0.7071067811865479,1.0,2.178185161806251
U01393,0,0,0.03,0.07982166915228127,13.788999217490545,-0.05337407036166827,0.4362085839710631,0.7071067811865476,-0.7071067811865475,0.5,3.4332069569214663
U01394,0,0,0.03,0.43208214054351085,12.38754384086929,-0.13511620035834065,0.3456871240434053,0.9659258262890683,-0.25881904510252063,0.6666666666666666,3.2011978001159114
U01395,0,0,0.03,0.08740618307082561,14.165376624015387,-0.6758872108872463,0.3456871240434053,0.9659258262890683,-0.25881904510252063,0.0,2.853549144368322
U01396,-1,1,0.0,0.06334664111600344,14.499501447338098,-0.6586077042146665,0.3456871240434053,-0.2588190451025208,-0.9659258262890683,0.6666666666666666,1.8327240461755454
U01397,0,0,0.03,0.140239431287946,13.325408705738258,-0.14276079057619354,0.6372850583680413,-0.9659258262890683,-0.25881904510252063,0.4,2.2149346229390523
U01398,0,0,0.03,0.29103229500361966,12.482290504286201,-0.3379691120197507,0.4362085839710631,1.2246467991473532e-16,-1.0,0.0,3.560054890251503
U01399,0,0,0.03,0.13050366146292655,13.109523295238823,-0.027827523285391894,0.4362085839710631,0.258819045102521,-0.9659258262890682,0.5,2.042509180473138
U01400,0,0,0.03,0.10000134307122777,13.591080554525254,-0.02781440907028319,0.5499806456316046,-0.4999999999999997,-0.8660254037844388,0.42857142857142855,2.410674174394993
U01401,0,0,0.03,0.07040884815001996,14.237337413003484,-0.2348328438877373,0.331939049588297,0.8660254037844387,-0.4999999999999998,0.4,1.6347017259051573
U01402,0,0,0.03,0.051682603675077175,14.808895655419793,-0.26602049441944764,0.4362085839710631,0.0,1.0,0.5,1.451093265021594
U01403,0,0,0.03,0.1848683915700497,13.304556592629524,-0.30837055996631146,0.4191807663825097,-0.7071067811865471,-0.7071067811865479,0.6,3.1708316323926864
U01404,0,0,0.03,0.08867462596394228,12.128175966821692,0.13227875679586093,0.32715643797829735,1.2246467991473532e-16,-1.0,0.0,3.7121225636559654
U01405,0,0,0.03,0.12064167566361898,13.014644527505537,-0.03829781196224489,0.5637914160289369,0.8660254037844387,-0.4999999999999998,0.3333333333333333,2.487945046158499
U01406,0,0,0.03,0.08643476863269206,14.177045373573057,-0.4014461294096916,0.3456871240434053,0.0,1.0,0.3333333333333333,3.481197353379789
U01407,0,0,0.03,0.07251788849734347,14.071967407967298,-0.45934170939597424,0.4362085839710631,0.0,1.0,0.0,3.3578733850005404
U01408,0,0,0.03,0.1908696675223597,12.495400862342569,0.02420479252566836,0.491089985367093,0.0,1.0,0.3333333333333333,3.7478532041872588
U01409,0,0,0.03,0.2358123293482051,12.740036503734785,0.07025867402187559,0.491089985367093,-0.7071067811865471,-0.7071067811865479,0.5,3.708671868939668
U01410,0,0,0.03,0.17045992722471529,12.84949241033761,-0.0016976057080642039,0.6122961576274709,0.8660254037844386,0.5000000000000001,0.5714285714285714,3.704453153903315
U01411,0,0,0.03,0.12483229137167648,12.592507827731533,0.05463327460763406,0.491089985367093,0.258819045102521,-0.9659258262890682,0.16666666666666666,3.793273096250169
U01412,0,0,0.03,0.1356970415638332,13.566312388826521,-0.31470226098165865,0.4191807663825097,0.49999999999999994,-0.8660254037844387,0.2,1.8220203352851436
U01413,0,0,0.03,0.25346310343703005,13.30302188543229,-1.0,0.21810429198553155,-0.9659258262890684,0.2588190451025203,0.0,3.672146485590764
U01414,0,0,0.03,0.08520330169747578,14.047536543400183,-0.24770814100907962,0.4191807663825097,-0.8660254037844385,-0.5000000000000004,0.2,2.881900406116535
U01415,0,0,0.03,0.12394049632553782,13.048520908463049,-0.017599798827945132,0.48766513363573855,0.49999999999999994,-0.8660254037844387,0.42857142857142855,3.5008045730888533
U01416,0,0,0.03,0.08112455403123124,14.24314183786471,-0.698766814653339,0.3456871240434053,0.8660254037844387,-0.4999999999999998,0.0,3.019435236711268
U01417,0,0,0.03,0.1585148419176928,13.3337751800825,-0.20847192098444728,0.4191807663825097,0.7071067811865476,-0.7071067811865475,0.4,3.567482800844737
U01418,0,0,0.03,0.1029554999242411,13.010714240865326,0.04627571180709925,0.6429066276455814,-0.4999999999999997,-0.8660254037844388,0.4444444444444444,1.3770007301014369
U01419,0,0,0.03,0.13240324649142343,13.727180311648713,-0.2319181876841487,0.20028426271971764,0.8660254037844387,-0.4999999999999998,0.6666666666666666,2.5000280470201046
U01420,0,0,0.03,0.09621029510334309,13.724140057422218,-0.17410955126000405,0.5064224831767222,0.7071067811865476,0.7071067811865476,0.2,2.551935015736429
U01421,0,0,0.03,0.13610310287473987,13.792058700319036,-0.33658895487017637,0.4362085839710631,0.8660254037844386,0.5000000000000001,0.5,2.7031873161730684
U01422,0,0,0.03,0.13168024023580674,13.503963297178904,-0.11435623187676942,0.5499806456316048,0.258819045102521,-0.9659258262890682,0.14285714285714285,2.767464940979779
U01423,0,0,0.03,0.06431089585508795,13.29679052182897,0.01550340167615199,0.32715643797829735,0.9659258262890683,-0.25881904510252063,0.0,3.124415052733538
U01424,0,0,0.03,0.08830696484453857,13.767925642191111,-0.05668187964724051,0.5064224831767222,0.49999999999999994,-0.8660254037844387,0.2,2.3793414235350427
U01425,0,0,0.03,0.3495040594964237,12.52293966394018,-0.4419780124415672,0.4362085839710631,0.0,1.0,0.5,3.7766051785201418
U01426,0,0,0.03,0.10802713877969927,13.943081975167125,-0.5253217795029159,0.3456871240434053,-0.4999999999999997,-0.8660254037844388,0.3333333333333333,1.6041880448519192
U01427,0,0,0.03,0.07774654182829849,13.784390307296388,-0.07518229806815716,0.491089985367093,0.258819045102521,-0.9659258262890682,0.16666666666666666,2.435704653142029
U01428,0,0,0.03,0.05941291572219445,14.85328059697006,-1.0,0.21810429198553155,-0.7071067811865471,-0.7071067811865479,0.5,2.7996483933756293
U01429,0,0,0.03,0.13351637557707363,13.718239456809755,-0.8476559357878221,0.20028426271971764,0.7071067811865476,-0.7071067811865475,0.6666666666666666,3.5366458206094653
U01430,0,0,0.03,0.08844737132464156,13.889528383197742,-0.0633869994202464,0.5637914160289369,0.0,1.0,0.16666666666666666,2.9258045654418243
U01431,0,0,0.03,0.09637907194512625,12.821998551096097,0.1541163928892227,0.4183885547052492,1.2246467991473532e-16,-1.0,0.16666666666666666,2.15656064216892
U01432,0,0,0.03,0.08472047291670146,13.711276074760544,-0.19817154228905204,0.4362085839710631,0.49999999999999994,-0.8660254037844387,0.25,2.600841270358363
U01433,0,0,0.03,0.07495794330111655,14.191636106462138,-0.47232594176704285,0.4362085839710631,0.0,1.0,0.25,2.856730921486307
U01434,0,0,0.03,0.0609731561100196,14.826570596124313,-1.0,0.21810429198553155,-0.4999999999999997,-0.8660254037844388,0.5,2.558988786621221
U01435,0,0,0.03,0.10548284681305065,13.395102102114413,-0.05883130961436752,0.6122961576274709,0.0,1.0,0.0,2.8824670121615745
U01436,0,0,0.03,0.06097074582163845,14.538929393422041,-0.6912160003084682,0.3456871240434053,0.8660254037844386,0.5000000000000001,0.6666666666666666,3.2449545585528634
U01437,0,0,0.03,0.06925218723969774,14.205406086773413,-0.3124474577592465,0.4191807663825097,-0.7071067811865471,-0.7071067811865479,0.2,2.0054573154305273
U01438,5,0,0.6984,3.258096538021482,0.0,0.0,0.0,1.2246467991473532e-16,-1.0,0.0,1.1785054125049692
U01439,0,0,0.03,0.1610851592554409,13.09150202721541,-0.3298181334600955,0.5499806456316048,-0.9659258262890683,-0.25881904510252063,0.42857142857142855,3.823792198367105
U01440,0,0,0.03,0.10475425759165925,13.198658456095945,-0.0806371168299053,0.6122961576274709,0.0,1.0,0.2857142857142857,1.8609169362219207
U01441,0,0,0.03,0.10435148019548836,13.734558061558449,-0.2882956436273563,0.4191807663825097,0.7071067811865476,-0.7071067811865475,0.0,2.895383611705069
U01442,0,0,0.03,0.23569826118438916,12.98960425792869,-0.20326900848215065,0.5637914160289369,0.0,1.0,0.16666666666666666,2.8667790096262236
U01443,0,0,0.03,0.12260452856092795,13.809071874055226,-0.31907538163441823,0.20028426271971764,0.258819045102521,-0.9659258262890682,0.3333333333333333,2.643700139571267
U01444,0,0,0.03,0.11098017276572324,13.662456110388153,-0.40427605451130905,0.5637914160289369,0.0,1.0,0.5,3.518349559933643
U01445,0,0,0.03,0.06128895145934508,13.715069035309993,-0.091593427163112,0.32715643797829735,-0.8660254037844386,0.5000000000000001,0.75,2.9382165654999093
U01446,0,0,0.03,0.04284448653771149,15.188569972281305,-1.0,0.21810429198553155,-0.7071067811865471,-0.7071067811865479,0.0,3.543670687907439
U01447,0,0,0.03,0.07232690000554166,14.193499633359837,-0.18342297392147158,0.4362085839710631,0.9659258262890683,-0.25881904510252063,0.5,2.6198832745674148
U01448,0,0,0.03,0.17836906639003838,13.05211471774537,-0.25687784556098014,0.4910899853670931,-0.5000000000000004,0.8660254037844384,0.3333333333333333,3.5436164857695864
U01449,0,0,0.03,0.1103708357368947,13.736530119216603,-0.4533606079610695,0.491089985367093,-0.9659258262890683,-0.25881904510252063,0.3333333333333333,3.180209587594383
U01450,0,0,0.03,0.19866221598339953,12.848181762286366,-0.10020783854367342,0.5637914160289369,0.49999999999999994,-0.8660254037844387,0.6666666666666666,3.279356645496067
U01451,0,0,0.03,0.08896884104580685,14.069813959255907,-0.13623067305720618,0.4910899853670931,-0.2588190451025208,-0.9659258262890683,0.3333333333333333,2.648595852967465
U01452,0,0,0.03,0.13764059162797104,13.02983133500018,0.035090846280822575,0.6543128759565947,0.9659258262890683,-0.25881904510252063,0.25,3.384969583893908
U01453,0,0,0.03,0.0885002996420742,14.15238164360607,-0.08654998661748106,0.3456871240434053,0.8660254037844387,-0.4999999999999998,0.3333333333333333,3.2740104587070706
U01454,0,0,0.03,0.21168428129789935,12.677537706364358,-0.018198634644021265,0.4362085839710631,0.8660254037844387,-0.4999999999999998,0.25,3.8176258346301504
U01455,0,0,0.03,0.07655873919181228,14.156756027419776,-0.45093264091065727,0.5064224831767222,0.8660254037844386,0.5000000000000001,0.4,2.4897185493777565
U01456,0,0,0.03,0.1402329563373995,13.152962415112336,-0.004787942261688173,0.6543128759565947,0.8660254037844387,-0.4999999999999998,0.5,3.5418399077608984
U01457,0,0,0.03,0.09034780760070099,14.07547733537044,-0.6804669904929381,0.32715643797829735,0.49999999999999994,-0.8660254037844387,0.0,3.482213618151701
U01458,2,0,0.8376,3.258096538021482,0.0,0.0,0.0,1.2246467991473532e-16,-1.0,1.0,2.916983385170993
U01459,0,0,0.03,0.08709211968202114,13.977534164810036,-0.37651414861066035,0.4362085839710631,0.0,1.0,0.25,1.310095529428327
U01460,0,0,0.03,0.1417842286641782,13.238228129887023,-0.2642037021240258,0.491089985367093,-0.5000000000000004,0.8660254037844384,0.16666666666666666,3.7778048691126376
U01461,1,0,0.81,0.0,0.0,0.0,0.0,0.0,1.0,0.0,2.156004644852858
U01462,0,0,0.03,0.09542806544180313,13.797076184182187,-0.18838501594617718,0.5064224831767222,0.258819045102521,-0.9659258262890682,0.4,2.5909258026633735
U01463,0,0,0.03,0.124616569160395,12.878580799109223,-0.07839833081347833,0.4362085839710631,0.0,1.0,0.25,3.657128963683055
U01464,0,0,0.03,0.21195096399620333,12.627862116558193,-0.16157228481480154,0.5659602707406646,0.9659258262890683,-0.25881904510252063,0.09090909090909091,3.6458873790477546
U01465,0,0,0.03,0.127558612410469,12.490751462722153,0.11293307773572206,0.6122961576274709,0.0,1.0,0.7142857142857143,3.0604774790600433
U01466,0,0,0.03,0.18581107512833933,12.304478030241802,-0.03353424992633108,0.4362085839710631,0.7071067811865476,0.7071067811865476,0.25,3.820201086413659
U01467,0,0,0.03,0.11328257314486266,13.339030803816794,-0.11495944560497877,0.6122961576274709,0.9659258262890683,-0.25881904510252063,0.14285714285714285,2.117420610023389
U01468,0,0,0.03,0.14874943975805677,13.014813800833364,-0.1828796177071182,0.5452607299638289,0.8660254037844387,-0.4999999999999998,0.125,3.4974842168188047
U01469,0,0,0.03,0.42975833093490623,12.681862626506328,-1.0,0.21810429198553155,1.2246467991473532e-16,-1.0,0.0,3.288986898094987
U01470,0,0,0.03,0.08790934774825528,13.758114468822965,-0.15290986736213863,0.32715643797829735,-0.7071067811865477,0.7071067811865474,0.25,2.5584539489209592
U01471,0,0,0.03,0.1310378858399567,13.426549997402573,-0.5855755954904671,0.4362085839710631,0.7071067811865476,-0.7071067811865475,0.0,3.7122387482391934
U01472,2,0,0.8341,3.258096538021482,0.0,0.0,0.0,0.258819045102521,-0.9659258262890682,1.0,3.489107210375809
U01473,0,0,0.03,0.16973743529811405,13.2897091887419,-0.22148707659677513,0.4191807663825097,-0.8660254037844386,0.5000000000000001,0.2,3.2145521393448955
U01474,0,0,0.03,0.10927660827233983,13.643627925513533,-0.19544339906287606,0.4362085839710631,0.9659258262890683,-0.25881904510252063,0.25,2.9412473660423273
U01475,0,0,0.03,0.13865886604358774,13.677817374231559,-0.4518999258524881,0.3456871240434053,-0.8660254037844385,-0.5000000000000004,0.0,3.7266774364704034
U01476,0,0,0.03,0.1656246284796462,13.287745603752434,-0.568015899853552,0.4362085839710631,0.258819045102521,-0.9659258262890682,0.25,3.7831587470972567
U01477,0,0,0.03,0.09223151979443346,13.324897608132803,0.001084777217273435,0.5064224831767222,0.25881904510252074,0.9659258262890683,0.6,3.152141808975084
U01478,0,0,0.03,0.12597202313766553,13.210994941182223,-0.022673149163421332,0.491089985367093,1.2246467991473532e-16,-1.0,0.3333333333333333,3.5853982799262223
U01479,5,0,0.7887,3.258096538021482,0.0,0.0,0.0,-0.4999999999999997,-0.8660254037844388,0.0,3.055926519547635
U01480,0,0,0.03,0.043142906531731466,14.893796662304137,-0.1239303895073077,0.3456871240434053,0.9659258262890683,-0.25881904510252063,0.0,1.2472018994536143
U01481,0,0,0.03,0.13377911004847212,13.716139293105563,-0.10129907252546753,0.3456871240434053,-0.7071067811865477,0.7071067811865474,0.6666666666666666,3.395062475003468
U01482,0,0,0.03,0.04371764438636895,15.16795543501846,-1.0,0.21810429198553155,-0.8660254037844385,-0.5000000000000004,0.0,0.821435541139196
U01483,0,0,0.03,0.0806161442172465,14.012724421826436,-0.10325808543661859,0.5064224831767222,0.0,1.0,0.2,3.2042391366573817
U01484,0,0,0.03,0.18088882246277463,12.93168943636022,-0.3381246546377019,0.48766513363573855,0.49999999999999994,-0.8660254037844387,0.14285714285714285,2.425964579184204
U01485,-1,1,0.0,0.1113873697325193,13.50234245825193,-0.4437906145884922,0.5997868029602118,-0.9659258262890684,0.2588190451025203,0.375,0.3310674453751962
U01486,0,0,0.03,0.07286675578131042,14.454913548407095,-0.40070961074690387,0.4362085839710631,-0.8660254037844386,0.5000000000000001,0.25,2.6853374174798867
U01487,0,0,0.03,0.11829467109509294,13.860677977435087,-0.4340404972944017,0.4362085839710631,0.49999999999999994,-0.8660254037844387,0.0,3.4155822335246953
U01488,0,0,0.03,0.0877784960932712,14.160937226584235,-0.5545815365093899,0.3456871240434053,0.8660254037844387,-0.4999999999999998,0.6666666666666666,3.5189077123436348
U01489,0,0,0.03,0.05280664217111949,14.97448923903204,-1.0,0.21810429198553155,-0.2588190451025208,-0.9659258262890683,0.0,3.686576167009487
U01490,0,0,0.03,0.1758984750032285,13.557587914876262,-0.2384062019742209,0.32715643797829735,0.49999999999999994,-0.8660254037844387,0.25,3.8119629749592967
U01491,0,0,0.03,0.09515935981973624,12.7423408444967,0.09477530892117778,0.5637914160289369,0.9659258262890683,-0.25881904510252063,0.3333333333333333,3.2856488268596316
U01492,0,0,0.03,0.10728982508324553,12.636714801716417,0.18601807198184728,0.4641445330374401,-1.0,-1.8369701987210297e-16,0.2857142857142857,2.9096630031476085
U01493,0,0,0.03,0.12158309582976984,13.38257378552613,-0.12651102440447184,0.6122961576274709,0.7071067811865476,-0.7071067811865475,0.42857142857142855,3.0722484712489138
U01494,2,0,0.7257,3.258096538021482,0.0,0.0,0.0,-0.25881904510252157,0.9659258262890681,1.0,3.8023135406120705
U01495,0,0,0.03,0.06810575404710897,13.996875824324917,-0.1101889497693417,0.5064224831767222,0.0,1.0,0.4,2.0848450299326617
U01496,0,0,0.03,0.11247307316152956,12.963100318274119,0.029946494527290195,0.4362085839710631,-0.2588190451025208,-0.9659258262890683,0.75,3.535137255661615
U01497,0,0,0.03,0.044191427334737035,15.156937774799745,-1.0,0.21810429198553155,0.8660254037844386,0.5000000000000001,0.0,2.399395619778711
U01498,0,0,0.03,0.06053692210833709,14.720094633548294,-0.18962965277530705,0.4362085839710631,0.8660254037844386,0.5000000000000001,0.25,3.14951383764737
U01499,-1,1,0.0,0.39806315401680964,12.775412430362046,-1.0,0.21810429198553155,0.49999999999999994,-0.8660254037844387,0.5,0.7655162905783299
U01500,0,0,0.03,0.08157496518032482,12.297183109770721,0.1295984320746709,0.4362085839710631,0.9659258262890683,-0.25881904510252063,0.25,3.1772804796918677
U01501,0,0,0.03,0.12815313691924649,13.29794728714554,-0.10154266525972128,0.5499806456316048,-0.4999999999999997,-0.8660254037844388,0.42857142857142855,2.69210115772316
U01502,0,0,0.03,0.13584797062916162,12.548910294147541,0.16630592586134127,0.5944390072043522,0.49999999999999994,-0.8660254037844387,0.2222222222222222,2.068167287952407
U01503,0,0,0.03,0.1610666726707297,13.32873506401803,-0.23420589168099018,0.5064224831767222,0.9659258262890683,-0.25881904510252063,0.2,3.7631206432536697
U01504,0,0,0.03,0.07500638044562405,13.815590554764444,-0.12817497027908822,0.3909478540072342,-0.8660254037844386,0.5000000000000001,0.16666666666666666,1.328106005307046
U01505,-1,1,0.0,0.6962635346250835,11.765992800455663,-0.49817665772928454,0.20028426271971764,1.2246467991473532e-16,-1.0,0.6666666666666666,1.7848179945693785
U01506,-1,1,0.0,0.1358760837465425,13.346356168012749,-0.08080773219614101,0.4362085839710631,0.7071067811865476,0.7071067811865476,0.75,0.5165867742010622
U01507,0,0,0.03,0.1237628081405348,13.5669280374799,-0.23408723140771862,0.5499806456316048,0.258819045102521,-0.9659258262890682,0.7142857142857143,2.8840950273274104
U01508,0,0,0.03,0.05352635436792967,13.523398688433108,-0.03810279203988807,0.32715643797829735,-0.8660254037844385,-0.5000000000000004,0.25,2.6207812151766716
U01509,0,0,0.03,0.07920154513414802,13.8799411045228,-0.3038122201776474,0.5064224831767222,0.25881904510252074,0.9659258262890683,0.0,2.936731477294852
U01510,0,0,0.03,0.23666753547479835,11.754388190867353,0.05425152263807869,0.491089985367093,0.8660254037844387,-0.4999999999999998,0.16666666666666666,3.592588730075795
U01511,0,0,0.03,0.4195197469979089,12.711455484177478,-1.0,0.21810429198553155,-0.9659258262890683,-0.25881904510252063,0.0,3.7171097268218145
U01512,0,0,0.03,0.23829486880376838,12.777967027763431,-0.06921308499991735,0.6809059167651474,-0.8660254037844386,0.5000000000000001,0.3,3.5642743730070396
U01513,2,0,0.8263,3.258096538021482,0.0,0.0,0.0,0.258819045102521,-0.9659258262890682,1.0,2.7453065871297797
U01514,0,0,0.03,0.1137105868707166,14.02367934507378,-0.16316414407900248,0.4362085839710631,0.9659258262890683,-0.25881904510252063,0.0,3.6500661348163597
U01515,0,0,0.03,0.0923478290699286,14.107872661964185,-0.15731508243444575,0.20028426271971764,-0.4999999999999997,-0.8660254037844388,0.0,3.743054673938123
U01516,0,0,0.03,0.10944302903093624,13.929339564518298,-0.1317188133591277,0.3456871240434053,-0.9659258262890683,-0.25881904510252063,0.3333333333333333,3.4513622618520317
U01517,0,0,0.03,0.1660909142400606,13.010025241341397,-0.09818256161569418,0.5761452067390089,-0.8660254037844386,0.5000000000000001,0.4444444444444444,3.0652502386366485
U01518,0,0,0.03,0.21697967909545418,13.477392367503928,-1.0,0.21810429198553155,-0.4999999999999997,-0.8660254037844388,0.0,3.7547213789239926
U01519,0,0,0.03,0.16034533396346254,13.087583509087006,-0.11731075728578834,0.48766513363573855,1.2246467991473532e-16,-1.0,0.0,1.1341015710016704
U01520,0,0,0.03,0.2257633428473198,12.76572271859214,-0.11229463627234978,0.5997868029602118,-0.7071067811865471,-0.7071067811865479,0.125,3.841230897237545
U01521,0,0,0.03,0.16392550176582038,13.25095797910498,-0.18738521939593122,0.5499806456316046,-1.0,-1.8369701987210297e-16,0.42857142857142855,2.907287420132827
U01522,0,0,0.03,0.14521350744264103,13.439489682428004,-0.39578144009276517,0.5499806456316048,0.258819045102521,-0.9659258262890682,0.5714285714285714,3.660850233780132
U01523,0,0,0.03,0.05428487965000216,14.525527638203142,-0.7072901961916526,0.4362085839710631,0.7071067811865476,-0.7071067811865475,0.25,2.343525969336466
U01524,0,0,0.03,0.13887879938499328,13.42371829897844,-0.24848759632637568,0.4191807663825097,0.7071067811865476,-0.7071067811865475,0.2,3.821792057237441
U01525,0,0,0.03,0.09076917608555235,13.821208294987962,-0.13306679859761686,0.5499806456316046,-1.0,-1.8369701987210297e-16,0.14285714285714285,1.3370214415539323
U01526,0,0,0.03,0.07489934262080296,13.280134353187616,0.0831985057152375,0.5064224831767222,0.258819045102521,-0.9659258262890682,0.4,2.598850879460105
U01527,0,0,0.03,0.09145528730460648,12.444171802167956,0.19659906382348252,0.491089985367093,1.2246467991473532e-16,-1.0,0.3333333333333333,2.8359764078089476
U01528,0,0,0.03,0.08752913719002445,14.163908542183082,-0.0701482864575308,0.3456871240434053,0.49999999999999994,-0.8660254037844387,0.3333333333333333,2.2073798845318886
U01529,-1,1,0.0,0.0653448180999349,14.289018664350415,-0.8418905756577434,0.4362085839710631,0.0,1.0,0.25,0.7819600781265993
U01530,0,0,0.03,0.08594072820114797,14.128778502467963,-0.5289716406359739,0.4362085839710631,0.0,1.0,0.0,3.3992757834879925
U01531,0,0,0.03,0.1344421637266904,12.973749673527662,-0.0001308656785877806,0.6429066276455814,-0.5000000000000004,0.8660254037844384,0.4444444444444444,3.288515894284791
U01532,0,0,0.03,0.20299203679828123,12.312061963450414,0.17464518132045015,0.6940091253221208,0.7071067811865476,-0.7071067811865475,0.21428571428571427,3.028700171918441
U01533,0,0,0.03,0.10677737913231183,13.476469925837316,-0.04472945274474873,0.5064224831767222,0.7071067811865476,0.7071067811865476,0.2,3.0883483814754604
U01534,0,0,0.03,0.08307562441092928,14.218387319190901,-0.11612668351910932,0.3456871240434053,0.7071067811865476,-0.7071067811865475,0.3333333333333333,2.387498398656893
U01535,0,0,0.03,0.1275849606280849,13.32651002474013,-0.13184842542782066,0.5637914160289369,0.9659258262890683,-0.25881904510252063,0.5,3.600845458468441
U01536,0,0,0.03,0.09899906410221387,13.72252866559396,-0.2610814216802837,0.5064224831767222,0.9659258262890683,0.25881904510252074,0.0,1.936632789457507
U01537,0,0,0.03,0.11941442051434722,12.759855742058832,0.057678211261895596,0.5499806456316046,-0.8660254037844385,-0.5000000000000004,0.42857142857142855,3.30014342308257
U01538,0,0,0.03,0.18918028312266424,13.628865267290237,-1.0,0.21810429198553155,0.7071067811865476,-0.7071067811865475,0.5,3.7265397891855017
U01539,0,0,0.03,0.09574109805210458,13.593614353389567,-0.19076411074557617,0.5064224831767222,0.7071067811865476,-0.7071067811865475,0.4,2.7238476020065647
U01540,0,0,0.03,0.1741507512619656,13.076763319430974,-0.652202679821069,0.6122961576274709,0.9659258262890683,-0.25881904510252063,0.42857142857142855,3.336444022633762
U01541,0,0,0.03,0.12480650182171917,13.797735513731586,-0.27989113230580615,0.4362085839710631,0.9659258262890683,0.25881904510252074,0.25,2.8070691235179113
U01542,0,0,0.03,0.30980202264111945,12.613242965604341,-0.28271575334368876,0.5064224831767222,0.0,1.0,0.2,3.5961487859421926
U01543,0,0,0.03,0.16180903437383437,13.236114294987308,-0.17130269608669785,0.48766513363573855,-0.4999999999999997,-0.8660254037844388,0.42857142857142855,3.8061932438892208
U01544,0,0,0.03,0.12044104270720145,13.69081713800648,-0.2811417929559702,0.5064224831767222,0.8660254037844387,-0.4999999999999998,0.4,3.8040379065878067
U01545,0,0,0.03,0.050250855613557,14.838941580756247,-0.4138474750922907,0.4362085839710631,0.8660254037844387,-0.4999999999999998,0.75,2.0342304683887322
U01546,0,0,0.03,0.08888454993055818,14.147854284001706,-0.28329348633965284,0.3456871240434053,1.2246467991473532e-16,-1.0,0.3333333333333333,1.6442261850540694
U01547,0,0,0.03,0.15175962788978808,12.06539578474478,0.06971532525594373,0.5997868029602118,-0.4999999999999997,-0.8660254037844388,0.0,3.2614877720225532
U01548,0,0,0.03,0.21626013191441226,12.792356793329706,-0.16947186107221063,0.5499806456316048,-0.4999999999999997,-0.8660254037844388,0.2857142857142857,3.751829257309998
U01549,0,0,0.03,0.09374703783626472,13.222896258765276,0.0554115653245533,0.6122961576274709,0.8660254037844387,-0.4999999999999998,0.14285714285714285,2.648732595138677
U01550,0,0,0.03,0.1668071597472362,13.139301120522253,-0.13491674355025848,0.4910899853670931,-0.7071067811865477,0.7071067811865474,0.0,3.794346734905496
U01551,0,0,0.03,0.36122283862342114,12.23172089891137,-0.17824160485351978,0.5771997795521259,-0.9659258262890684,0.2588190451025203,0.2,3.6563613439879044
U01552,0,0,0.03,0.12125081306160931,13.484510322598952,-0.2783964634483629,0.6913742480868106,0.0,1.0,0.2222222222222222,1.162347535878659
U01553,0,0,0.03,0.11531096322803126,13.022726450716098,0.004625125899760229,0.5637914160289369,-0.2588190451025208,-0.9659258262890683,0.5,2.7393252870872735
U01554,0,0,0.03,0.26291016176965265,12.055293359496098,0.15365856075663056,0.46414453303743997,-0.8660254037844385,-0.5000000000000004,0.2857142857142857,3.6634076100501742
U01555,0,0,0.03,0.14280725478115858,13.1503948002033,-0.026550773535240133,0.5499806456316046,-0.9659258262890683,-0.25881904510252063,0.14285714285714285,3.608930516156537
U01556,0,0,0.03,0.08686919903986257,13.929481893869996,-0.2460593334356645,0.4183885547052492,-0.7071067811865471,-0.7071067811865479,0.3333333333333333,0.8160661814928442
U01557,0,0,0.03,0.12526676000220574,12.710731292524724,0.0359103219888571,0.4362085839710631,0.0,1.0,0.25,3.5356426120109994
U01558,0,0,0.03,0.2752806766207892,12.6506847461256,-0.32421397279365116,0.4191807663825097,-0.2588190451025208,-0.9659258262890683,0.6,3.233875724728852
U01559,0,0,0.03,0.10826754880843568,13.358731892105364,-0.11884725286011998,0.5499806456316048,-0.2588190451025208,-0.9659258262890683,0.2857142857142857,0.6711891069574926
U01560,0,0,0.03,0.1027145112040011,13.809822913938651,-0.448844179777329,0.5499806456316048,-0.2588190451025208,-0.9659258262890683,0.5714285714285714,2.6107861074781
U01561,0,0,0.03,0.14228484051621787,13.090135596606125,-0.1697096931635736,0.5246802044403176,-0.25881904510252157,0.9659258262890681,0.125,3.4390954761201136
U01562,0,0,0.03,0.09608074938635511,13.592718194976225,-0.40645742103554733,0.5499806456316046,-0.7071067811865477,0.7071067811865474,0.14285714285714285,2.792483540729214
U01563,1,0,0.844,0.0,0.0,0.0,0.0,0.0,1.0,0.0,2.4902204386703644
U01564,0,0,0.03,0.20343391177836986,11.958059903536599,0.02850667983260779,0.5637914160289369,0.9659258262890683,-0.25881904510252063,0.3333333333333333,3.724353842307596
U01565,0,0,0.03,0.13521385830708144,13.021809071173871,0.08167432563106401,0.6728435620217026,0.8660254037844387,-0.4999999999999998,0.25,1.5598074647698001
U01566,0,0,0.03,0.09469569382737344,14.081574125411446,-0.31558837986010463,0.3456871240434053,0.49999999999999994,-0.8660254037844387,0.6666666666666666,3.5235211897831387
U01567,0,0,0.03,0.09738925686509053,13.381683783261659,-0.01737886156393238,0.4191807663825097,-0.9659258262890683,-0.25881904510252063,0.4,2.587561250814259
U01568,0,0,0.03,0.13006531174254596,13.60373217772876,-0.3001531991805615,0.6122961576274709,0.49999999999999994,0.8660254037844387,0.2857142857142857,3.376471358019814
U01569,0,0,0.03,0.09930784108567496,13.06463044561937,0.11589399445180386,0.5637914160289369,0.9659258262890683,0.25881904510252074,0.16666666666666666,3.0297718751139286
U01570,0,0,0.03,0.06230635527030761,14.377006862334072,-0.20951729570938843,0.5064224831767222,0.0,1.0,0.4,0.2544537854618693
U01571,0,0,0.03,0.12286813383881967,13.025748947435407,0.0279585162811417,0.5637914160289369,0.0,1.0,0.6666666666666666,3.6182675892324148
U01572,0,0,0.03,0.19226359157238612,13.611107795885891,-1.0,0.21810429198553155,0.9659258262890683,-0.25881904510252063,0.5,1.3993054138889973
U01573,5,0,0.7593,3.258096538021482,0.0,0.0,0.0,-0.7071067811865471,-0.7071067811865479,0.0,3.752125908253443
U01574,0,0,0.03,0.28435438514153566,12.385815881309329,-0.11255727939840737,0.4191807663825097,0.49999999999999994,-0.8660254037844387,0.2,3.5404801432259805
U01575,0,0,0.03,0.10492614439804898,13.9737857204072,-0.8002112946600077,0.3456871240434053,-0.9659258262890683,-0.25881904510252063,0.3333333333333333,3.6692024612865275
U01576,0,0,0.03,0.09170523838758882,13.703057728983113,-0.24778583081206548,0.5064224831767222,0.258819045102521,-0.9659258262890682,0.4,3.2205179942881355
U01577,0,0,0.03,0.10222590983768316,13.5861131167833,-0.3156607221889936,0.5064224831767222,0.0,1.0,0.0,3.3328264232286657
U01578,0,0,0.03,0.112624952341816,13.899060032813056,-0.2035581830460438,0.3456871240434053,-0.4999999999999997,-0.8660254037844388,0.6666666666666666,3.2783703966538407
U01579,0,0,0.03,0.09562951899842276,13.847762816970885,-0.21770333668441227,0.48766513363573855,0.8660254037844387,-0.4999999999999998,0.2857142857142857,1.9323647890864022
U01580,0,0,0.03,0.14592318840593355,13.35951160385672,-0.3385948753584644,0.5064224831767222,0.7071067811865476,-0.7071067811865475,0.2,3.579792546770166
U01581,0,0,0.03,0.11166250258746811,13.908132582459912,-0.29948881414476314,0.3456871240434053,0.0,1.0,0.3333333333333333,2.6281966473486427
U01582,0,0,0.03,0.09746135842664456,13.808429546673722,-0.27795596862113325,0.4191807663825097,-0.9659258262890683,-0.25881904510252063,0.2,2.9449054882678696
U01583,0,0,0.03,0.05551471680779506,13.28168750896558,0.0387548097222411,0.4362085839710631,-0.7071067811865471,-0.7071067811865479,0.25,2.2169137268795907
U01584,0,0,0.03,0.10753749299454887,12.978109561654382,-0.03148076234262519,0.3909478540072342,-0.4999999999999997,-0.8660254037844388,0.0,2.943908258437078
U01585,0,0,0.03,0.15614291504228978,13.837787572418435,-1.0,0.21810429198553155,0.7071067811865476,-0.7071067811865475,0.0,3.365522627245976
U01586,0,0,0.03,0.07591128524534844,13.923530534120005,-0.3332222849005798,0.5064224831767222,0.7071067811865476,-0.7071067811865475,0.4,3.096587865597024
U01587,0,0,0.03,0.060452723016086354,14.472748137583674,-0.7240022741023804,0.4362085839710631,0.258819045102521,-0.9659258262890682,0.5,2.27000689901066
U01588,0,0,0.03,0.08987974343486753,14.423896918040471,-1.0,0.21810429198553155,0.0,1.0,0.0,3.500348030949193
U01589,5,0,0.7195,3.258096538021482,0.0,0.0,0.0,0.9659258262890683,-0.25881904510252063,0.0,3.1057999224237323
U01590,0,0,0.03,0.210635098996033,12.38756469170864,-0.14821345806088626,0.491089985367093,-0.7071067811865477,0.7071067811865474,0.16666666666666666,3.6221162379542537
U01591,0,0,0.03,0.19356771264077444,13.161855207648204,-0.5432653012835654,0.4362085839710631,-0.2588190451025208,-0.9659258262890683,0.0,3.467475924541809
U01592,0,0,0.03,0.05235239128151482,14.695675749691343,-0.19448573221105464,0.3456871240434053,1.2246467991473532e-16,-1.0,0.0,2.585107174170348
U01593,0,0,0.03,0.1399799454865808,11.91590415115845,0.17997946863148434,0.331939049588297,-0.8660254037844385,-0.5000000000000004,0.2,3.639757898234781
U01594,0,0,0.03,0.07457887008822627,14.33058554040362,-0.664611796647928,0.3456871240434053,0.8660254037844386,0.5000000000000001,0.0,1.7594929148260559
U01595,0,0,0.03,0.11478354389127525,13.714008145800193,-0.3025965575768507,0.4191807663825097,0.258819045102521,-0.9659258262890682,0.4,2.0155324520383218
U01596,0,0,0.03,0.18239476012343941,12.798573182658513,-0.20698825475338725,0.491089985367093,-0.2588190451025208,-0.9659258262890683,0.16666666666666666,3.0962493076361475
U01597,0,0,0.03,0.11240349615452014,14.048428583085549,-0.23155434533864577,0.4362085839710631,0.49999999999999994,0.8660254037844387,0.5,3.4992472114809465
U01598,0,0,0.03,0.08301680393140823,14.057735692371034,-0.24046869327971096,0.5064224831767222,0.0,1.0,0.6,2.420971855835512
U01599,0,0,0.03,0.07687391428055335,14.061591426140716,-0.15657536970839983,0.4362085839710631,0.7071067811865476,-0.7071067811865475,0.25,3.40101449456896
U01600,0,0,0.03,0.1177621015605527,13.827781955433286,-0.3797021619544546,0.32715643797829735,0.49999999999999994,-0.8660254037844387,0.0,3.6838721467825546
U01601,0,0,0.03,0.11520913823791079,12.77649836646641,-0.05884380244418228,0.491089985367093,-0.2588190451025208,-0.9659258262890683,0.16666666666666666,3.311722535111083
U01602,0,0,0.03,0.17464224551104665,13.083420865549478,-0.08441692096532907,0.5944390072043522,0.0,1.0,0.2222222222222222,3.329683560779879
U01603,0,0,0.03,0.049933682047315416,15.031879215266539,-1.0,0.21810429198553155,0.9659258262890683,-0.25881904510252063,0.0,3.204775022341041
U01604,0,0,0.03,0.08535699688629571,13.887215215899118,-0.17061737419115527,0.5064224831767222,0.9659258262890683,-0.25881904510252063,0.6,2.3287626007749886
U01605,0,0,0.03,0.12858362623865682,13.556069267443188,-0.08467898960927653,0.4191807663825097,0.0,1.0,0.2,3.73381353794981
U01606,0,0,0.03,0.17094051118133635,13.00396940516419,-0.09321470536377179,0.4910899853670931,-0.8660254037844385,-0.5000000000000004,0.5,3.3822257284557975
U01607,0,0,0.03,0.2183151624130634,13.215984859433565,-0.18583308612272265,0.4362085839710631,0.9659258262890683,-0.25881904510252063,0.0,3.6913974041007136
U01608,5,0,0.7347,3.258096538021482,0.0,0.0,0.0,-0.8660254037844386,0.5000000000000001,0.0,3.6809263260183016
U01609,0,0,0.03,0.12978986142655063,12.917823205163756,-0.030863340623906436,0.5637914160289369,0.49999999999999994,0.8660254037844387,0.5,3.5347018642023826
U01610,0,0,0.03,0.06581207768123608,14.409083781728116,-0.29692302686543587,0.4362085839710631,-0.2588190451025208,-0.9659258262890683,0.0,3.3181675459214888
U01611,0,0,0.03,0.07446675539992018,14.206435806090793,-0.3403811752783287,0.5064224831767222,0.7071067811865476,0.7071067811865476,0.2,3.0613233005087745
U01612,0,0,0.03,0.09404875493523575,12.978696219591898,-0.016605520307626125,0.32715643797829735,-0.25881904510252157,0.9659258262890681,0.5,3.3050730588049015
U01613,0,0,0.03,0.15423808616019227,13.360349825881645,-0.1578474872131891,0.48766513363573855,0.7071067811865476,-0.7071067811865475,0.14285714285714285,3.3703594592259325
U01614,0,0,0.03,0.07793719660057594,14.57252087539117,-1.0,0.21810429198553155,0.7071067811865476,-0.7071067811865475,0.0,2.7893321690654416
U01615,0,0,0.03,0.1402094782659571,13.4188540400625,-0.5064567841417175,0.4362085839710631,0.258819045102521,-0.9659258262890682,0.75,2.6381764854366994
U01616,0,0,0.03,0.4747472078148369,12.27043849551094,-0.1152210228565005,0.3456871240434053,0.8660254037844387,-0.4999999999999998,0.3333333333333333,3.1430136797246444
U01617,0,0,0.03,0.19717475920229102,12.311468160575515,0.15849410068212996,0.577199779552126,-0.8660254037844385,-0.5000000000000004,0.1,3.4396365394806163
U01618,0,0,0.03,0.10046016237049696,13.777826862993132,-0.22179047577602234,0.331939049588297,-0.7071067811865471,-0.7071067811865479,0.2,3.587552715694804
U01619,0,0,0.03,0.08781712264990646,14.207595212401893,-0.2134576914447547,0.5637914160289369,0.8660254037844387,-0.4999999999999998,0.16666666666666666,1.7638226918420405
U01620,0,0,0.03,0.14244791795097606,13.189214223057768,-0.17133994066018038,0.4362085839710631,0.258819045102521,-0.9659258262890682,0.25,3.5694400996018185
U01621,0,0,0.03,0.15045209985316976,13.28300835214517,-0.1403681056306646,0.7245267751622538,0.0,1.0,0.3,2.9916138507776013
U01622,0,0,0.03,0.13806971834431564,13.44530013563278,-0.3079627021816595,0.5064224831767222,0.0,1.0,0.2,2.7913276996836944
U01623,0,0,0.03,0.09070463309464713,13.662523117977807,-0.24554392383961535,0.5499806456316048,0.258819045102521,-0.9659258262890682,0.14285714285714285,0.48025902219859284
U01624,-1,1,0.0,0.12181471769149872,13.614421997430895,-0.7788770198658933,0.4362085839710631,0.7071067811865476,-0.7071067811865475,0.5,0.6583352529319753
U01625,0,0,0.03,0.17032961058749638,13.218079838301676,-0.5262256585170423,0.5499806456316048,1.2246467991473532e-16,-1.0,0.14285714285714285,3.6064132875433166
U01626,0,0,0.03,0.08494920023939834,13.659433189931406,-0.15539317908967673,0.6122961576274709,0.0,1.0,0.14285714285714285,1.7791181753002268
U01627,0,0,0.03,0.6868416279966687,12.07254696717504,-1.0,0.21810429198553155,0.7071067811865476,-0.7071067811865475,0.5,2.946538382064318
U01628,0,0,0.03,0.13806487882959145,13.32518829631462,-0.08152896585019395,0.32715643797829735,0.7071067811865476,-0.7071067811865475,0.5,3.3995389856784572
U01629,0,0,0.03,0.16106506783453908,13.516543043795327,-0.8562278087809957,0.3456871240434053,0.7071067811865476,-0.7071067811865475,0.3333333333333333,3.5548552151929025
U01630,0,0,0.03,0.12325918539798761,13.331076915052268,0.019088391275009345,0.6372850583680413,0.258819045102521,-0.9659258262890682,0.4,1.6254069481758877
U01631,0,0,0.03,0.12876248062619713,13.396841662247477,-0.35700893483152574,0.32715643797829735,-0.9659258262890684,0.2588190451025203,0.75,3.572231191026216
U01632,0,0,0.03,0.17092453807623478,13.105547784475768,-0.37210335458498855,0.5499806456316046,-0.8660254037844385,-0.5000000000000004,0.14285714285714285,2.4461140857065637
U01633,0,0,0.03,0.071292281184922,14.377317942596287,-0.4707796101320385,0.20028426271971764,-0.9659258262890684,0.2588190451025203,0.3333333333333333,3.7596099739657562
U01634,0,0,0.03,0.15009272971697693,13.54884671353592,-0.3284533687774421,0.5064224831767222,0.25881904510252074,0.9659258262890683,0.4,3.230932480049725
U01635,0,0,0.03,0.15911518585649514,11.876352561731494,0.03620309183104067,0.4183885547052492,-0.4999999999999997,-0.8660254037844388,0.3333333333333333,2.790169099577603
U01636,0,0,0.03,0.20135231524607117,12.763454511547593,-0.041464081209689176,0.5452607299638289,-0.8660254037844385,-0.5000000000000004,0.125,1.7477454966156805
U01637,0,0,0.03,0.08975601384770329,13.687747638518038,-0.120700060870198,0.32715643797829735,0.8660254037844387,-0.4999999999999998,0.0,3.3495263356235423
U01638,0,0,0.03,0.10127017737195691,14.011109824533301,-0.44424254192891727,0.3456871240434053,0.0,1.0,0.3333333333333333,3.8226421567897817
U01639,0,0,0.03,0.04597770947477138,15.116412049785863,-1.0,0.21810429198553155,0.8660254037844387,-0.4999999999999998,0.0,3.4834093871285647
U01640,0,0,0.03,0.1095807118039385,13.664307363364822,-0.18269913882365754,0.6543128759565947,0.9659258262890683,-0.25881904510252063,0.125,0.6622404216217276
U01641,0,0,0.03,0.11102535559575508,13.85496105240812,-0.34371363510477754,0.491089985367093,0.258819045102521,-0.9659258262890682,0.16666666666666666,2.781332932044401
U01642,0,0,0.03,0.1027501935140446,13.995848481992308,-0.4695601704149447,0.3456871240434053,-0.4999999999999997,-0.8660254037844388,0.3333333333333333,2.059289026791242
U01643,0,0,0.03,0.2444569397741624,12.099909029695935,0.1546561088551667,0.714861558039698,-1.0,-1.8369701987210297e-16,0.2727272727272727,3.66235097766881
U01644,0,0,0.03,0.12555865332999883,13.007363215959064,-0.02324019496805688,0.5064224831767222,0.0,1.0,0.6,2.309810087159307
U01645,0,0,0.03,0.3152367582181656,12.764886683578604,-0.3466534716753724,0.20028426271971764,0.258819045102521,-0.9659258262890682,0.3333333333333333,3.7344446264047186
U01646,0,0,0.03,0.08322173909497509,14.029262546285475,-0.7036820645050859,0.5064224831767222,0.9659258262890683,-0.25881904510252063,0.2,3.034192035754671
U01647,-1,1,0.0,0.19281686736128056,13.320267066414354,-0.03674761257901009,0.3456871240434053,0.49999999999999994,-0.8660254037844387,1.0,3.195696753795775
U01648,0,0,0.03,0.09699334577795929,13.562101079454589,-0.10345279906451908,0.32715643797829735,-0.25881904510252157,0.9659258262890681,0.25,3.5444549517037323
U01649,0,0,0.03,0.13425182358434126,13.712370353368332,-0.04809443080423282,0.3456871240434053,0.0,1.0,0.0,3.1367565026458615
U01650,0,0,0.03,0.09333880103737059,14.096695821784168,-0.25948860711112504,0.3456871240434053,0.9659258262890683,0.25881904510252074,0.3333333333333333,3.7880599753838076
U01651,0,0,0.03,0.09085177732031771,13.944055036577561,-0.25574679809729867,0.5064224831767222,0.0,1.0,0.2,3.4156347125102964
U01652,0,0,0.03,0.12156316971145043,13.138175701076555,-0.11084740585356997,0.6543128759565947,0.9659258262890683,0.25881904510252074,0.25,2.7414155751097153
U01653,0,0,0.03,0.11603476902013417,12.92115009032152,0.048159661641249,0.5637914160289369,0.49999999999999994,-0.8660254037844387,0.0,3.4684052247193917
U01654,0,0,0.03,0.12059692757031268,13.697574635621317,-0.18448297676474038,0.4362085839710631,-0.7071067811865471,-0.7071067811865479,0.25,3.648851656096009
U01655,0,0,0.03,0.10326296564650438,13.266004741604108,-0.04698091869194201,0.4910899853670931,-0.7071067811865471,-0.7071067811865479,0.6666666666666666,1.7778592955368144
U01656,0,0,0.03,0.17054520200789125,12.922557863120538,-0.09762134015197865,0.5944390072043522,0.7071067811865476,-0.7071067811865475,0.1111111111111111,3.6777128833620796
U01657,0,0,0.03,0.12403655745905098,13.008836272413442,0.1416154367448548,0.5944390072043522,0.258819045102521,-0.9659258262890682,0.2222222222222222,0.9191800722257603
U01658,0,0,0.03,0.10199556972510501,13.345116452492618,-0.07316440074715215,0.5499806456316046,-0.9659258262890683,-0.25881904510252063,0.2857142857142857,0.5643466432636542
U01659,0,0,0.03,0.09807190571560066,13.587742580454679,-0.2506977921191073,0.4362085839710631,-0.4999999999999997,-0.8660254037844388,0.25,3.691096323745347
U01660,0,0,0.03,0.10158240670937431,13.621373471915602,-0.08004028693028553,0.4362085839710631,1.0,6.123233995736766e-17,0.75,3.728523254836382
U01661,0,0,0.03,0.08566736665015996,13.912000496125412,-0.16418216878527367,0.5064224831767222,1.2246467991473532e-16,-1.0,0.4,1.7636600182818885
U01662,0,0,0.03,0.0770659164366077,13.883699906713279,-0.15748155791364066,0.4191807663825097,-0.7071067811865477,0.7071067811865474,0.2,1.9864638536207828
U01663,0,0,0.03,0.0828272166289184,14.221507857766646,-0.34238889808185113,0.3456871240434053,0.49999999999999994,-0.8660254037844387,0.0,2.252682157146018
U01664,0,0,0.03,0.2112161674747765,11.535337430079595,0.12925634337034989,0.5459713867631231,-0.7071067811865471,-0.7071067811865479,0.3333333333333333,3.70645585111236
U01665,0,0,0.03,0.17948389308996004,13.354298568746707,-0.3629307991742721,0.5637914160289369,0.0,1.0,0.16666666666666666,3.6792332523560485
U01666,0,0,0.03,0.07702417933702195,14.090723842159639,-0.5242708270239596,0.5064224831767222,0.0,1.0,0.4,0.9723515785870325
U01667,0,0,0.03,0.12760144514462152,13.633431571747698,-0.35391259522493296,0.5064224831767222,0.25881904510252074,0.9659258262890683,0.4,2.843605778250152
U01668,0,0,0.03,0.06912365806320041,11.538096012112172,0.1461164470543996,0.32715643797829735,-0.2588190451025208,-0.9659258262890683,0.0,3.042891920439779
U01669,0,0,0.03,0.0982646797084012,14.042764848600356,-0.26889649350714995,0.3456871240434053,0.9659258262890683,-0.25881904510252063,0.0,3.1575070894623503
U01670,0,0,0.03,0.12328393346413498,13.088749715318945,0.009470662203697527,0.5944390072043522,0.0,1.0,0.1111111111111111,1.4213916675032794
U01671,0,0,0.03,0.20199198429326715,11.973743283542753,0.015641943194690335,0.6372850583680413,-0.8660254037844386,0.5000000000000001,0.0,3.6450376170327154
U01672,0,0,0.03,0.20409888118171093,12.626157035941503,-0.15353626976307125,0.6122961576274709,0.8660254037844387,-0.4999999999999998,0.14285714285714285,3.249308930160398
U01673,0,0,0.03,0.10110139746353052,13.226546800560516,0.044754189339570954,0.4191807663825097,0.7071067811865476,-0.7071067811865475,0.4,3.4467901999055996
U01674,0,0,0.03,0.15867079437372061,12.218732174476928,0.08489351108990316,0.7245267751622538,0.7071067811865476,-0.7071067811865475,0.3,3.2262118135455524
U01675,0,0,0.03,0.13944441477930758,12.760260873732165,0.09393355424959762,0.5064224831767222,0.8660254037844387,-0.4999999999999998,0.8,3.475973037611466
U01676,0,0,0.03,0.08885210951149222,13.794963913956291,-0.1838369086168917,0.32715643797829735,-0.25881904510252157,0.9659258262890681,0.0,3.34955030475293
U01677,0,0,0.03,0.14356316119603818,13.117190018630332,-0.14924950876664103,0.491089985367093,-0.7071067811865471,-0.7071067811865479,0.5,3.72994253068269
U01678,0,0,0.03,0.11931169422566218,12.735438335191143,-0.04380657543911624,0.5637914160289369,0.9659258262890683,-0.25881904510252063,0.5,3.266904676384994
U01679,0,0,0.03,0.1877271256813195,13.349643959394022,-0.4755401113020744,0.3456871240434053,0.49999999999999994,-0.8660254037844387,0.3333333333333333,3.640894217639381
U01680,0,0,0.03,0.13335780113275314,12.316871347412112,0.12432719995996412,0.5637914160289369,0.49999999999999994,0.8660254037844387,0.3333333333333333,3.6480583638178095
U01681,0,0,0.03,0.16505279376000745,12.802005208995745,0.05792244090034931,0.48766513363573855,-0.4999999999999997,-0.8660254037844388,0.2857142857142857,3.7721615673627147
U01682,0,0,0.03,0.1412692768016537,13.649033216043943,-0.1395426837122281,0.32715643797829735,-0.2588190451025208,-0.9659258262890683,0.0,3.407579365387389
U01683,-1,1,0.0,0.15414475523178933,13.851692041951274,-1.0,0.0,0.7071067811865476,-0.7071067811865475,0.5,2.6661618589143297
U01684,0,0,0.03,0.10150253029707387,14.296381795255593,-1.0,0.21810429198553155,0.7071067811865476,-0.7071067811865475,0.0,1.0917485089558046
U01685,0,0,0.03,0.1069551060995964,14.1060353360969,-0.16818716289689525,0.4362085839710631,0.7071067811865476,-0.7071067811865475,0.0,3.6093043743539406
U01686,0,0,0.03,0.37821640627584135,12.549438920706484,-0.30073078910459883,0.20028426271971764,-0.7071067811865477,0.7071067811865474,0.6666666666666666,3.444425737829713
U01687,0,0,0.03,0.0786101675016855,13.616040197367456,0.03087635693395925,0.5064224831767222,0.0,1.0,0.0,2.6059414229889835
U01688,0,0,0.03,0.07755130417365248,13.869209606204018,-0.2544537094542785,0.5637914160289369,0.49999999999999994,0.8660254037844387,0.5,1.7976947526328828
U01689,0,0,0.03,0.19021473786564538,12.821758159662059,0.006045086395237715,0.5064224831767222,0.49999999999999994,-0.8660254037844387,0.4,3.8365870507562336
U01690,0,0,0.03,0.0736197791833312,14.344014495445707,-0.3796304240774529,0.3456871240434053,1.0,6.123233995736766e-17,0.0,3.3424601076991824
U01691,0,0,0.03,0.08089691793323069,14.21884539866317,-0.5776141968216431,0.4362085839710631,0.7071067811865476,-0.7071067811865475,0.25,3.5140188836997446
U01692,0,0,0.03,0.06505358388418359,14.365441311280941,-0.540270811016805,0.32715643797829735,-0.7071067811865477,0.7071067811865474,0.0,3.0567435308569437
U01693,0,0,0.03,0.04132921045790473,14.937658367285776,-0.19123738759100492,0.3456871240434053,0.7071067811865476,-0.7071067811865475,0.0,2.3743651261176324
U01694,0,0,0.03,0.07247091266301418,14.13988743981255,-0.3715392574803511,0.4191807663825097,0.49999999999999994,-0.8660254037844387,0.2,3.076429681394509
U01695,0,0,0.03,0.05090247261860965,14.724493049587938,-0.534916988889796,0.20028426271971764,0.49999999999999994,-0.8660254037844387,0.3333333333333333,2.7920430737987827
U01696,0,0,0.03,0.14845935145302036,13.241072206603812,-0.12021720054917291,0.5637914160289369,0.7071067811865476,-0.7071067811865475,0.5,2.961989952495461
U01697,0,0,0.03,0.09252015754645676,14.037023580688942,-0.35754586042937675,0.5064224831767222,0.0,1.0,0.4,3.537682692279973
U01698,-1,1,0.0,0.10178601463084026,14.00576680170401,-0.47459299788117515,0.0,0.258819045102521,-0.9659258262890682,0.6666666666666666,3.3911244429843133
U01699,0,0,0.03,0.09153624216119402,13.725264135671948,-0.2267191151859021,0.5064224831767222,0.7071067811865476,-0.7071067811865475,0.2,3.044341094121172
U01700,0,0,0.03,0.12389461810637617,13.450241648607031,-0.34535912421266013,0.491089985367093,0.258819045102521,-0.9659258262890682,0.3333333333333333,3.752323626670471
U01701,0,0,0.03,0.10234349360089004,13.302175120582726,-0.008999239640502048,0.5064224831767222,0.9659258262890683,-0.25881904510252063,0.0,3.4767120469396176
U01702,0,0,0.03,0.2497509284107874,13.032028301222747,-0.1811728171607058,0.3456871240434053,0.9659258262890683,0.25881904510252074,0.3333333333333333,3.519617388620487
U01703,0,0,0.03,0.1050623016918099,13.853149251152852,-0.14798889562691306,0.17694324093850913,-0.9659258262890683,-0.25881904510252063,0.25,3.633628227788081
U01704,0,0,0.03,0.2082702333602829,12.655749197479867,-0.14059025180562604,0.6429066276455814,-1.0,-1.8369701987210297e-16,0.4444444444444444,3.2512654780282566
U01705,0,0,0.03,0.46651842489891493,12.58004020657834,-1.0,0.21810429198553155,0.0,1.0,0.0,3.0393603274047076
U01706,0,0,0.03,0.2006375764929663,13.340227416588226,-0.13685980607934037,0.41838855470524916,0.258819045102521,-0.9659258262890682,0.16666666666666666,3.6657121100016323
U01707,0,0,0.03,0.13889849743597657,13.401032454566673,-0.2991576737186527,0.48766513363573855,0.258819045102521,-0.9659258262890682,0.2857142857142857,3.304357560330289
U01708,0,0,0.03,0.16227247049227717,13.508454686256425,-0.47655474540463777,0.20028426271971764,0.258819045102521,-0.9659258262890682,0.6666666666666666,3.7282604108377875
U01709,0,0,0.03,0.1033596747888217,13.323794510932878,-0.1544969730116564,0.4362085839710631,0.0,1.0,0.5,3.817806694723406
U01710,0,0,0.03,0.04536935018120098,15.13003847264895,-1.0,0.21810429198553155,0.0,1.0,0.5,2.758202605724934
U01711,0,0,0.03,0.11380204774573738,13.889437370852503,-0.5564591473283901,0.4362085839710631,0.7071067811865476,0.7071067811865476,0.0,3.1160583691868453
U01712,0,0,0.03,0.1400106866460646,13.35082555969202,-0.049787303047595814,0.5637914160289369,0.8660254037844387,-0.4999999999999998,0.16666666666666666,3.7819267113820634
U01713,0,0,0.03,0.16305049933729732,12.60140323915774,-0.017957177994240243,0.6543128759565947,0.49999999999999994,-0.8660254037844387,0.25,3.485198058198572
U01714,5,0,0.7394,3.258096538021482,0.0,0.0,0.0,0.49999999999999994,-0.8660254037844387,0.0,3.538179699562763
U01715,0,0,0.03,0.7642981131067074,11.922322831605998,-1.0,0.21810429198553155,0.49999999999999994,-0.8660254037844387,0.5,3.0869442101174585
U01716,0,0,0.03,0.11290960750922521,13.896390760994496,-0.3761669921224264,0.3456871240434053,0.7071067811865476,-0.7071067811865475,0.6666666666666666,3.2550572909947335
U01717,0,0,0.03,0.09262279672488494,14.131497248439018,-0.14782192820777595,0.32715643797829735,-1.0,-1.8369701987210297e-16,0.25,3.821231006034785
U01718,0,0,0.03,0.15883834075974154,13.019065178153822,-0.28562256360598265,0.6122961576274709,0.0,1.0,0.2857142857142857,3.5790180840492423
U01719,0,0,0.03,0.4216838498141641,12.417471497073784,-0.7200019491684708,0.3456871240434053,0.9659258262890683,-0.25881904510252063,0.6666666666666666,3.788626064166935
U01720,0,0,0.03,0.04645020015323017,14.818267935155363,-0.5329425692015252,0.3456871240434053,-0.8660254037844385,-0.5000000000000004,0.0,2.2465290125378137
U01721,0,0,0.03,0.14543737974886375,12.930588882037155,0.008331669350923596,0.6429066276455814,-0.9659258262890684,0.2588190451025203,0.5555555555555556,2.5475136916578074
U01722,-1,1,0.0,1.3357810713460931,11.02922850859249,-1.0,0.21810429198553155,-0.4999999999999997,-0.8660254037844388,1.0,1.6809270483748602
U01723,0,0,0.03,0.16651916770844885,12.06389253173381,0.09566133543078009,0.48766513363573855,0.0,1.0,0.14285714285714285,3.8047251719946766
U01724,0,0,0.03,0.16741682529915594,12.741240576634375,-0.011976197491497833,0.7245267751622538,0.0,1.0,0.4,3.291397585950342
U01725,0,0,0.03,0.12117289155544433,12.806273599944305,-0.06422906620109411,0.4362085839710631,0.258819045102521,-0.9659258262890682,0.5,3.8023236151442346
U01726,0,0,0.03,0.16857893314765154,12.730783422828306,-0.048232471720849754,0.5452607299638289,0.9659258262890683,-0.25881904510252063,0.625,3.5906360413998777
U01727,0,0,0.03,0.1667281402089698,13.198233082509123,-0.29664035434216246,0.6543128759565947,0.0,1.0,0.25,3.6012725715632334
U01728,0,0,0.03,0.0972817393110151,14.053317671819851,-0.5269759468787281,0.3456871240434053,0.258819045102521,-0.9659258262890682,0.3333333333333333,3.7379925379205146
U01729,0,0,0.03,0.09501008222990517,13.554678768656665,-0.15065394457396883,0.48766513363573855,0.9659258262890683,-0.25881904510252063,0.2857142857142857,2.9405272202703343
U01730,0,0,0.03,0.15779206964620796,13.558913630390844,-0.37493142122082446,0.5637914160289369,0.7071067811865476,-0.7071067811865475,0.16666666666666666,3.6329782153843704
U01731,0,0,0.03,0.09429879223458446,13.670476693395722,-0.18043641566707527,0.5064224831767222,0.9659258262890683,-0.25881904510252063,0.4,3.4445668693053695
U01732,0,0,0.03,0.3728130508396524,12.091898402840263,-0.11842619643068075,0.5064224831767222,-0.2588190451025208,-0.9659258262890683,0.2,3.500707483641806
U01733,-1,1,0.0,0.13717306493209405,12.287952126840203,0.1619973121917824,0.2117684919564665,-0.4999999999999997,-0.8660254037844388,0.4,2.700123808358144
U01734,0,0,0.03,0.11850759517974777,13.55508171935127,-0.098910114693662,0.4362085839710631,0.49999999999999994,-0.8660254037844387,0.25,1.8395975342043263
U01735,-1,1,0.0,3.258096538021482,0.0,0.0,0.0,-0.9659258262890684,0.2588190451025203,1.0,1.19136940859535
U01736,0,0,0.03,0.036142170013969493,15.362059787528871,-1.0,0.21810429198553155,0.9659258262890683,-0.25881904510252063,0.0,2.703733800066751
U01737,0,0,0.03,0.23786907484326408,11.793749071823473,0.018331605484343136,0.6776261736317025,-0.9659258262890683,-0.25881904510252063,0.4,3.242814765985689
U01738,0,0,0.03,0.2686382332284153,12.949275855380785,-0.03419477087695957,0.3456871240434053,0.7071067811865476,-0.7071067811865475,0.0,3.7803813604966936
U01739,0,0,0.03,0.45511548579111577,12.610924232139173,-1.0,0.21810429198553155,0.9659258262890683,-0.25881904510252063,0.0,3.3464812444730985
U01740,0,0,0.03,0.1084178544728278,13.124626813898201,-0.0015997507193921303,0.491089985367093,0.8660254037844387,-0.4999999999999998,0.5,3.4317827154518663
U01741,0,0,0.03,0.12635700325850402,13.225645334354931,-0.02554369997624098,0.6122961576274709,0.0,1.0,0.14285714285714285,2.160255853299869
U01742,0,0,0.03,0.07489324663142442,13.768707168849575,-0.24249265795509808,0.4362085839710631,0.9659258262890683,-0.25881904510252063,0.25,3.375455694680066
U01743,0,0,0.03,0.07167584728981258,14.029069927384603,-0.1075982307757711,0.4362085839710631,0.49999999999999994,0.8660254037844387,0.5,2.8907401313963392
U01744,0,0,0.03,0.11295635945596968,12.182542981452965,0.2204551104436936,0.5499806456316046,-0.7071067811865477,0.7071067811865474,0.0,3.058578282471307
U01745,5,0,0.7737,3.258096538021482,0.0,0.0,0.0,1.2246467991473532e-16,-1.0,0.0,2.764391151280136
U01746,0,0,0.03,0.09763610333987126,13.526104333349348,-0.14665933469644854,0.48766513363573855,0.7071067811865476,-0.7071067811865475,0.5714285714285714,1.7598415013114017
U01747,0,0,0.03,0.15146019638277902,13.56708381345129,-0.25523571971516396,0.4362085839710631,0.7071067811865476,-0.7071067811865475,0.25,3.834273153262384
U01748,0,0,0.03,0.05891105110881135,14.396640113402096,-0.36159979308954276,0.4362085839710631,0.8660254037844387,-0.4999999999999998,0.25,1.5288452850639223
U01749,5,0,0.7247,3.258096538021482,0.0,0.0,0.0,0.8660254037844387,-0.4999999999999998,0.0,3.320549970873608
U01750,0,0,0.03,0.15870241516334777,13.532533400023608,-0.7158927111631307,0.3456871240434053,0.25881904510252074,0.9659258262890683,0.3333333333333333,3.783111611983919
U01751,0,0,0.03,0.09534113923986602,13.473275850151563,-0.2048173622001553,0.5499806456316048,1.2246467991473532e-16,-1.0,0.14285714285714285,2.906488608883339
U01752,0,0,0.03,0.07911603768699986,13.780513751543616,-0.153603023077085,0.4191807663825097,-0.2588190451025208,-0.9659258262890683,0.0,3.052384418572203
U01753,0,0,0.03,0.160851409660608,12.338080690950296,0.26335495171857815,0.6429066276455814,-0.5000000000000004,0.8660254037844384,0.2222222222222222,3.2523307490428888
U01754,0,0,0.03,0.06448296523802267,14.481148042928938,-0.7733808244997546,0.20028426271971764,-0.9659258262890684,0.2588190451025203,0.3333333333333333,3.3618459809572823
U01755,0,0,0.03,0.09013182824992177,12.495509427578217,0.05825827135183881,0.4362085839710631,0.9659258262890683,-0.25881904510252063,0.25,2.931539371695541
U01756,5,0,0.7328,3.258096538021482,0.0,0.0,0.0,0.7071067811865476,-0.7071067811865475,0.0,3.3970619133761915
U01757,0,0,0.03,0.07974859469871164,13.7416653974264,-0.08913721213030419,0.4191807663825097,-0.9659258262890683,-0.25881904510252063,0.0,2.6668029296933633
U01758,0,0,0.03,0.054284751717496034,14.94613720757219,-1.0,0.21810429198553155,0.258819045102521,-0.9659258262890682,0.0,3.824721182222693
U01759,0,0,0.03,0.1147789744819236,13.168473763698032,-0.07160949352484179,0.491089985367093,-0.7071067811865471,-0.7071067811865479,0.6666666666666666,2.6334405599237467
U01760,0,0,0.03,0.14290109957320815,13.718757337477387,-0.1499721895373373,0.4362085839710631,0.0,1.0,0.0,2.0700515283565144
U01761,0,0,0.03,0.20919920159518976,12.794003744445643,-0.20672002470384082,0.5997868029602118,0.7071067811865476,-0.7071067811865475,0.375,3.012258160198823
U01762,0,0,0.03,0.17167778221031837,13.149534866260158,-0.20441266839603567,0.6122961576274709,0.9659258262890683,-0.25881904510252063,0.2857142857142857,3.4304962016514557
U01763,0,0,0.03,0.07865333443126783,14.56301144506946,-1.0,0.21810429198553155,0.0,1.0,0.5,3.7135565403868465
U01764,0,0,0.03,0.08471567281856911,14.198006550740374,-0.45460011936957384,0.3456871240434053,0.258819045102521,-0.9659258262890682,0.0,2.3580909718824543
U01765,0,0,0.03,0.15010526973944577,13.522555273201437,-0.4942874692174494,0.5064224831767222,0.0,1.0,0.6,3.80002321452749
U01766,0,0,0.03,0.1865493500666662,12.133165874722087,0.14488669538071766,0.4191807663825097,0.49999999999999994,-0.8660254037844387,0.2,3.440982171805205
U01767,0,0,0.03,0.10817280953992633,12.980848199008697,-0.09891136317087519,0.4910899853670931,-0.4999999999999997,-0.8660254037844388,0.3333333333333333,2.2362536074312844
U01768,0,0,0.03,0.14871233048042584,13.30954311410864,-0.14110332018135965,0.5064224831767222,0.9659258262890683,0.25881904510252074,0.4,3.0925133827955027
U01769,-1,1,0.0,0.051252482594415734,14.717464000338223,-0.14102686382516313,0.20028426271971764,0.0,1.0,0.3333333333333333,0.9098906654415633
U01770,0,0,0.03,0.08193088875316858,13.850656634897035,-0.15416603600217585,0.4910899853670931,-0.5000000000000004,0.8660254037844384,0.3333333333333333,2.7335600045430817
U01771,0,0,0.03,0.16315863678764153,13.164762687308375,-0.1921675233086669,0.4191807663825097,0.49999999999999994,-0.8660254037844387,0.6,2.7487610783380574
U01772,0,0,0.03,0.13430449196699987,13.62014874541231,-0.18399402120864447,0.32715643797829735,-0.25881904510252157,0.9659258262890681,0.0,3.2681909834790637
U01773,0,0,0.03,0.12619712114762074,13.234043382956878,-0.1424461255147065,0.6122961576274709,0.8660254037844387,-0.4999999999999998,0.14285714285714285,3.383222758473851
U01774,0,0,0.03,0.22406605725425122,13.441581906899104,-1.0,0.21810429198553155,-0.8660254037844386,0.5000000000000001,0.0,2.0052672389787136
U01775,0,0,0.03,0.2604332844620189,12.839382238231192,-0.517178021436382,0.491089985367093,-0.4999999999999997,-0.8660254037844388,0.5,3.6434891462387973
U01776,4,0,0.7938,0.09010208258422989,14.421313397017148,-1.0,0.21810429198553155,0.258819045102521,-0.9659258262890682,1.0,3.706949292417781
U01777,0,0,0.03,0.06461648706063584,14.422335396822517,-0.7307835542854595,0.4362085839710631,0.7071067811865476,-0.7071067811865475,0.0,2.0508047823973006
U01778,0,0,0.03,0.17467939394212378,13.716083515498049,-1.0,0.21810429198553155,1.2246467991473532e-16,-1.0,0.0,3.60391333264744
U01779,0,0,0.03,0.1660387142078845,13.244851769930012,-0.2687701589852444,0.4183885547052492,-0.4999999999999997,-0.8660254037844388,0.16666666666666666,3.806116301542032
U01780,0,0,0.03,0.11526358155585538,13.819316306906119,-0.27719045917920676,0.4191807663825097,-0.7071067811865477,0.7071067811865474,0.4,3.0730136937473556
U01781,5,0,0.7552,3.258096538021482,0.0,0.0,0.0,-0.9659258262890684,0.2588190451025203,0.0,3.2485806969875872
U01782,0,0,0.03,0.18979874837463656,12.778387458443005,-0.09695358442579914,0.4362085839710631,0.258819045102521,-0.9659258262890682,0.5,3.7383550094514635
U01783,0,0,0.03,0.18874884398750766,13.343689277791514,-0.12651193613596207,0.3456871240434053,0.25881904510252074,0.9659258262890683,0.6666666666666666,2.892123694580723
U01784,0,0,0.03,0.13344520380707736,12.950409490108228,0.10893604794765843,0.48766513363573855,-0.7071067811865471,-0.7071067811865479,0.14285714285714285,3.2713549436657674
U01785,0,0,0.03,0.11532316788323771,13.575862808550417,-0.22788890279106033,0.6543128759565947,0.0,1.0,0.375,2.7636557122818552
U01786,0,0,0.03,0.10383510619726621,13.386725644534494,-0.09524395302649649,0.5499806456316048,0.49999999999999994,-0.8660254037844387,0.14285714285714285,2.878317659605328
U01787,0,0,0.03,0.1809764507897182,13.677427106135385,-1.0,0.21810429198553155,0.258819045102521,-0.9659258262890682,0.5,3.5383008013469417
U01788,0,0,0.03,0.11245248403652,12.827988289948006,0.054451183624020474,0.4191807663825097,-0.8660254037844386,0.5000000000000001,0.0,3.591396139298275
U01789,0,0,0.03,0.1944065007625118,12.184871991449793,0.10751097423040669,0.4641445330374401,0.258819045102521,-0.9659258262890682,0.14285714285714285,3.7547850416923065
U01790,0,0,0.03,0.10050596390575801,14.306755117887091,-1.0,0.21810429198553155,-1.0,-1.8369701987210297e-16,0.5,1.5702470136511812
U01791,0,0,0.03,0.3514599873031024,12.924680436377674,-1.0,0.21810429198553155,1.2246467991473532e-16,-1.0,0.5,3.3420169084976257
U01792,-1,1,0.0,0.060814727544519026,14.54157037638578,-0.7264461846935021,0.3456871240434053,1.2246467991473532e-16,-1.0,0.0,0.2616784880660563
U01793,0,0,0.03,0.12078919310120187,13.7731968263573,-0.2255391269158417,0.32715643797829735,0.7071067811865476,-0.7071067811865475,0.5,3.564130152984724
U01794,0,0,0.03,0.12762359773497745,12.988801127160858,-0.037021955993383766,0.5499806456316046,-0.2588190451025208,-0.9659258262890683,0.42857142857142855,3.343380254185982
U01795,0,0,0.03,0.05974502449609326,14.55985666595935,-0.15936746158506362,0.3456871240434053,-0.4999999999999997,-0.8660254037844388,0.0,2.4504451952273665
U01796,0,0,0.03,0.09676607627959585,14.346576360345727,-1.0,0.21810429198553155,0.9659258262890683,-0.25881904510252063,0.0,3.138377033265928
U01797,0,0,0.03,0.1559388625556051,12.744158314915234,0.03621477574213035,0.5064224831767222,0.7071067811865476,-0.7071067811865475,0.4,3.4526445801009316
U01798,0,0,0.03,0.19458852642256444,12.956818698469517,-0.06255907701637903,0.5246802044403176,-0.7071067811865477,0.7071067811865474,0.125,3.6691797381888667
U01799,0,0,0.03,0.06586129719513696,13.908645646699426,-0.017882446879850352,0.4362085839710631,0.49999999999999994,-0.8660254037844387,0.25,3.2427157705183802
U01800,0,0,0.03,0.1543534240632716,13.001221206164006,-0.2428738726321409,0.32715643797829735,-0.7071067811865471,-0.7071067811865479,0.25,3.0971046387681214
U01801,0,0,0.03,0.13751743626691357,13.13701058145106,-0.15616183760063249,0.6429066276455814,-0.8660254037844385,-0.5000000000000004,0.1111111111111111,2.97895399192164
U01802,0,0,0.03,0.10276805271460145,13.417483717227109,-0.10478246914820782,0.4362085839710631,0.9659258262890683,-0.25881904510252063,0.0,3.0232258378629133
U01803,0,0,0.03,0.08673997294404354,13.564903308145155,-0.08958651374024103,0.491089985367093,-1.0,-1.8369701987210297e-16,0.16666666666666666,2.5831131642715306
U01804,0,0,0.03,0.18448003162849214,12.967714573533886,-0.15224491098228424,0.5452607299638289,0.49999999999999994,-0.8660254037844387,0.25,3.250897879914647
U01805,0,0,0.03,0.22357563984271994,12.574268468543522,-0.2974511427468348,0.6372850583680413,-0.2588190451025208,-0.9659258262890683,0.3,3.684103309527826
U01806,0,0,0.03,0.13816675709057707,13.583232286845758,-0.49859353538289114,0.4191807663825097,0.49999999999999994,-0.8660254037844387,0.2,3.3433794366538416
U01807,0,0,0.03,0.08287808107228192,14.050015721033839,-0.15057788735144917,0.491089985367093,-0.8660254037844386,0.5000000000000001,0.6666666666666666,2.6979445263936865
U01808,-1,1,0.0,0.0660903892144953,14.455713344980227,-0.8487624735811294,0.3456871240434053,-0.8660254037844385,-0.5000000000000004,0.6666666666666666,1.9459299901283191
U01809,0,0,0.03,0.11798335042820654,13.521898269823733,-0.09093189815549027,0.5499806456316046,-0.9659258262890683,-0.25881904510252063,0.5714285714285714,3.094836802939759
U01810,0,0,0.03,0.10245507347302996,13.695310478609786,-0.21745812465527323,0.4362085839710631,-0.2588190451025208,-0.9659258262890683,0.25,3.7419209301891914
U01811,0,0,0.03,0.06339293354786303,14.498747544365564,-0.2659890309056375,0.3456871240434053,1.2246467991473532e-16,-1.0,0.3333333333333333,2.7688846774408544
U01812,0,0,0.03,0.0946892286430303,13.940608992942412,-0.12108601585986158,0.4362085839710631,0.9659258262890683,-0.25881904510252063,0.0,2.467414661094339
U01813,0,0,0.03,0.10099351549468763,13.847002442054904,-0.22310035332243794,0.6543128759565947,0.0,1.0,0.375,2.0684042922195935
U01814,0,0,0.03,0.14680128764388384,13.06160012097856,0.025518202590042054,0.48766513363573855,1.2246467991473532e-16,-1.0,0.5714285714285714,3.587725292807825
U01815,0,0,0.03,0.11374464258913511,13.521648763636765,-0.25776729913361607,0.48766513363573855,0.9659258262890683,-0.25881904510252063,0.5714285714285714,3.3922496768694783
U01816,0,0,0.03,0.0466603286215322,14.81364852222361,-0.4673269543500516,0.20028426271971764,-0.4999999999999997,-0.8660254037844388,0.0,2.7536231143367793
U01817,5,0,0.7711,3.258096538021482,0.0,0.0,0.0,-0.7071067811865471,-0.7071067811865479,0.0,3.5305059916329777
U01818,0,0,0.03,0.1683775208706776,13.132287965351894,-0.1753444249646067,0.5997868029602118,-0.9659258262890683,-0.25881904510252063,0.125,3.678124780766835
U01819,-1,1,0.0,0.057163293523132354,14.893015989197709,-1.0,0.0,-0.25881904510252157,0.9659258262890681,1.0,3.560319808830081
U01820,5,0,0.7595,3.258096538021482,0.0,0.0,0.0,-0.8660254037844385,-0.5000000000000004,0.0,2.138422656816001
U01821,0,0,0.03,0.09952668845526104,13.660725176756703,-0.0059154367236114065,0.491089985367093,-0.7071067811865471,-0.7071067811865479,0.16666666666666666,3.063174019828481
U01822,0,0,0.03,0.10141163930037007,14.113834306393517,-0.16263535769032136,0.4362085839710631,0.7071067811865476,-0.7071067811865475,0.0,3.2647525780986326
U01823,0,0,0.03,0.3308395416510796,12.996037959270133,-1.0,0.21810429198553155,0.7071067811865476,-0.7071067811865475,0.0,3.034051694803898
U01824,0,0,0.03,0.15733432287218851,13.367558006745945,-0.2474657265219211,0.6122961576274709,0.49999999999999994,0.8660254037844387,0.7142857142857143,3.2981849301879858
U01825,0,0,0.03,0.1319512606589574,13.192322182227432,-0.2570207732082894,0.5064224831767222,0.0,1.0,0.2,1.39461612051222
U01826,0,0,0.03,0.09496501276527658,13.741333198787943,-0.1972604474433117,0.5064224831767222,0.0,1.0,0.0,2.8296776892239084
U01827,0,0,0.03,0.12688231859296684,13.126068504934151,-0.07312558717184248,0.4362085839710631,0.9659258262890683,-0.25881904510252063,0.25,3.2320867856802735
U01828,0,0,0.03,0.1361365629693619,13.156200393664312,0.02724812690307525,0.4641445330374401,-0.2588190451025208,-0.9659258262890683,0.2857142857142857,2.1164395674756005
U01829,0,0,0.03,0.5499464623498981,12.370285389713583,-1.0,0.21810429198553155,-0.2588190451025208,-0.9659258262890683,0.5,3.664088276191625
U01830,0,0,0.03,0.08576577818667809,13.260046639079821,0.0045679411668592945,0.32715643797829735,0.258819045102521,-0.9659258262890682,0.0,2.005278145981711
U01831,0,0,0.03,0.11542753835753686,13.17693299876633,0.08940475013242664,0.6429066276455814,-0.9659258262890683,-0.25881904510252063,0.1111111111111111,2.6259476315996753
U01832,0,0,0.03,0.054028251749525656,14.663320929852162,-0.48124717649626664,0.3456871240434053,0.49999999999999994,-0.8660254037844387,0.0,2.4006104386161606
U01833,0,0,0.03,0.11315724888736321,13.774931763035267,-0.2426105912558704,0.5064224831767222,0.8660254037844387,-0.4999999999999998,0.2,3.1742541825487542
U01834,0,0,0.03,0.10071426095645665,13.781165977131185,-0.2969327190284438,0.5499806456316046,-0.9659258262890683,-0.25881904510252063,0.2857142857142857,2.6571686153233576
U01835,0,0,0.03,0.12350256578603941,13.56216098875965,-0.31061045729383213,0.331939049588297,-0.8660254037844385,-0.5000000000000004,0.0,2.7909350199948517
U01836,0,0,0.03,0.07890503607950378,13.858314746639016,-0.1487266197613565,0.5064224831767222,0.8660254037844387,-0.4999999999999998,0.2,3.3634262038444827
U01837,0,0,0.03,0.059871726932282786,14.13986213527241,-0.11795514554206375,0.2117684919564665,0.8660254037844387,-0.4999999999999998,0.0,1.7686511526752222
U01838,0,0,0.03,0.10204278010396936,13.45281610450435,0.008927717626243958,0.6122961576274709,0.8660254037844386,0.5000000000000001,0.42857142857142855,2.8374947431153563
U01839,0,0,0.03,0.11807962768977247,13.378411583657748,-0.0850105098685448,0.5064224831767222,-0.2588190451025208,-0.9659258262890683,0.2,2.7095244225455617
U01840,0,0,0.03,0.08631820606950279,14.17845396397844,-0.14992136830350716,0.3456871240434053,1.2246467991473532e-16,-1.0,0.3333333333333333,3.8275870969492485
U01841,0,0,0.03,0.08152886958649377,14.30372117941224,-0.30454509117908957,0.32715643797829735,-0.9659258262890683,-0.25881904510252063,0.25,3.6815121039365875
U01842,0,0,0.03,0.08599380645875616,13.933115355514968,-0.1540114538163083,0.331939049588297,-0.9659258262890684,0.2588190451025203,0.2,0.5120956502741314
U01843,0,0,0.03,0.09211927738470992,13.925320111957372,-0.513956689429871,0.331939049588297,0.258819045102521,-0.9659258262890682,0.6,2.906361423276022
U01844,0,0,0.03,0.09265793551183252,14.392044705647567,-1.0,0.21810429198553155,0.7071067811865476,-0.7071067811865475,0.0,3.4214137154300444
U01845,0,0,0.03,0.3269000100768429,13.01009461018564,-1.0,0.21810429198553155,-0.9659258262890684,0.2588190451025203,0.0,3.7133281345162463
U01846,0,0,0.03,0.08668754885785868,14.131589835935179,-0.43414724150482825,0.5064224831767222,0.0,1.0,0.4,2.500935864664295
U01847,0,0,0.03,0.18272966385332975,13.06443655076381,-0.20922999042713056,0.5276775862977796,-0.2588190451025208,-0.9659258262890683,0.1111111111111111,3.472158376850832
U01848,0,0,0.03,0.12963054327979562,13.257430839669587,-0.18655428260086027,0.5637914160289369,0.8660254037844387,-0.4999999999999998,0.16666666666666666,3.656981103024877
U01849,-1,1,0.0,0.10115771864059106,14.01227810057161,-0.28805099050937083,0.3456871240434053,-0.7071067811865471,-0.7071067811865479,1.0,3.5091759948874346
U01850,0,0,0.03,0.12965662528917554,12.574680112895539,0.05568512555629315,0.4975037663218937,0.7071067811865476,-0.7071067811865475,0.5555555555555556,3.04026072400549
U01851,0,0,0.03,0.08647070809460207,13.943232043215126,-0.024859949660442172,0.4191807663825097,1.2246467991473532e-16,-1.0,0.0,3.1391048395340646
U01852,0,0,0.03,0.10151028846919798,14.296301420238084,-1.0,0.21810429198553155,-0.7071067811865471,-0.7071067811865479,0.5,3.2511906244912687
U01853,0,0,0.03,0.11599723500297182,13.8678387416691,-0.36771593805225306,0.3456871240434053,0.0,1.0,0.0,3.405680757653388
U01854,0,0,0.03,0.21701962117895457,12.793512027914478,-0.29590321052339275,0.6122961576274709,0.8660254037844387,-0.4999999999999998,0.42857142857142855,3.641228397859113
U01855,0,0,0.03,0.07613761881679415,14.015464496617623,-0.1801210748697094,0.5064224831767222,0.9659258262890683,-0.25881904510252063,0.0,2.0130633664529056
U01856,0,0,0.03,0.10408707936512017,13.155239002997769,-0.05856021501327664,0.4362085839710631,0.7071067811865476,0.7071067811865476,0.5,1.2355858597608813
U01857,0,0,0.03,0.07205919550695973,14.32667952278198,-0.18866048034080282,0.32715643797829735,-0.7071067811865471,-0.7071067811865479,0.25,2.1739333100775617
U01858,0,0,0.03,0.14775672278720772,13.470049643952947,-0.1907521499668056,0.5499806456316048,-0.2588190451025208,-0.9659258262890683,0.42857142857142855,3.717014643715451
U01859,0,0,0.03,0.0860692678413055,13.85646822328083,-0.07284924146045171,0.4362085839710631,0.7071067811865476,0.7071067811865476,0.5,3.430974531752914
U01860,0,0,0.03,0.12535582634385145,13.510070406701901,-0.264846555783208,0.5637914160289369,0.9659258262890683,-0.25881904510252063,0.0,2.8984996451771554
U01861,0,0,0.03,0.13341888842717964,13.011696586111805,0.006057273365645906,0.5064224831767222,0.8660254037844387,-0.4999999999999998,0.2,3.547607532594781
U01862,0,0,0.03,0.12249706148451388,13.534259098064966,-0.2779915328116627,0.5064224831767222,0.8660254037844387,-0.4999999999999998,0.4,3.616989284350151
U01863,0,0,0.03,0.11294048027750404,13.214666312705448,-0.013464252235712449,0.5499806456316046,0.258819045102521,-0.9659258262890682,0.14285714285714285,2.6874568909283236
U01864,0,0,0.03,0.09199143264787472,13.96766324312886,-0.3206747539145751,0.6122961576274709,0.0,1.0,0.42857142857142855,1.8684668487938012
U01865,0,0,0.03,0.1609235003960664,12.37553056942458,0.10220546519760189,0.5944390072043522,0.7071067811865476,-0.7071067811865475,0.4444444444444444,3.4188928976746875
U01866,-1,1,0.0,0.06454457398162476,14.767843881185359,-1.0,0.0,-0.8660254037844386,0.5000000000000001,0.5,3.3789738634097626
U01867,5,0,0.6794,3.258096538021482,0.0,0.0,0.0,-0.8660254037844386,0.5000000000000001,0.0,1.0520470780084097
U01868,0,0,0.03,0.11434812584718286,12.959820918217968,-0.04909312670914459,0.5997868029602118,-0.8660254037844385,-0.5000000000000004,0.25,2.9224208145837345
U01869,0,0,0.03,0.18754965307538923,13.171934189170074,-0.21529382248610301,0.6122961576274709,0.8660254037844387,-0.4999999999999998,0.14285714285714285,3.6657204017086222
U01870,0,0,0.03,0.11184485784245815,13.716795688777268,-0.5032899328621306,0.4362085839710631,0.0,1.0,0.25,3.107077449520872
U01871,1,0,0.7822,0.0,0.0,0.0,0.0,0.0,1.0,0.0,1.8822618840794223
U01872,0,0,0.03,0.15467791989421528,12.827295429737056,-0.07915100327376873,0.6122961576274709,0.9659258262890683,-0.25881904510252063,0.14285714285714285,3.295396096726186
U01873,0,0,0.03,0.12221257145324893,13.67203849158281,-0.19633410571863213,0.5997868029602118,-0.7071067811865477,0.7071067811865474,0.5,2.2256877998259723
U01874,0,0,0.03,0.10021805288450539,13.667112052614879,-0.15110146219930742,0.5499806456316046,-0.8660254037844386,0.5000000000000001,0.2857142857142857,2.058039371908511
U01875,0,0,0.03,0.36398811530553704,12.59533723096663,-0.10913507694446584,0.3456871240434053,-0.7071067811865471,-0.7071067811865479,0.0,3.619591090064627
U01876,0,0,0.03,0.10723034222868592,13.467252945824844,-0.212249484767718,0.48766513363573855,-0.7071067811865471,-0.7071067811865479,0.2857142857142857,3.3234989854132158
U01877,0,0,0.03,0.11606512722848772,13.116576666642596,0.17395880424858462,0.5997868029602118,-0.2588190451025208,-0.9659258262890683,0.5,2.0289778859903773
U01878,-1,1,0.0,0.055470670247881056,14.570495271525221,-0.5074832325614335,0.4362085839710631,0.8660254037844387,-0.4999999999999998,0.5,0.9038666493743772
U01879,0,0,0.03,0.12343851507676011,13.444775083577197,-0.10034027342167959,0.6122961576274709,0.8660254037844386,0.5000000000000001,0.0,3.479451453643114
U01880,0,0,0.03,0.1374296230190548,13.416235253435017,-0.13816642192883005,0.5064224831767222,0.0,1.0,0.2,3.7453593327597865
U01881,0,0,0.03,0.0673486299281325,13.95866500016852,-0.054442887117356835,0.4362085839710631,0.0,1.0,0.5,3.075051963502938
U01882,0,0,0.03,0.12130272650685009,13.581927706270779,-0.2240234619695749,0.32715643797829735,-0.9659258262890683,-0.25881904510252063,0.25,3.2690195698880964
U01883,0,0,0.03,0.13485224555908895,13.284456716351292,-0.3074710779520084,0.490734656967446,0.258819045102521,-0.9659258262890682,0.375,3.166550809355578
U01884,0,0,0.03,0.02767155608873446,15.633372864460483,-1.0,0.21810429198553155,0.0,1.0,0.5,1.9859111717497668
U01885,0,0,0.03,0.1356302366449691,12.476406987459429,0.07486822107916592,0.6913742480868106,0.0,1.0,0.4444444444444444,1.7567777526473447
U01886,0,0,0.03,0.15592589086764816,12.960579471827922,-0.07257060650360958,0.29901020875067913,1.2246467991473532e-16,-1.0,0.0,3.6789486514265737
U01887,0,0,0.03,0.1812273584917447,13.04003338923132,-0.1345760234660534,0.5637914160289369,0.9659258262890683,-0.25881904510252063,0.3333333333333333,3.6657814028679594
U01888,0,0,0.03,0.1465283781782242,13.752559043531795,-0.40056276805820906,0.4362085839710631,0.0,1.0,0.5,3.581256543205908
U01889,0,0,0.03,0.1554665872455002,12.917086757606041,-0.2064890868750797,0.4183885547052492,-0.7071067811865471,-0.7071067811865479,0.3333333333333333,3.1395164099315704
U01890,0,0,0.03,0.10426970010498571,13.718917055052993,-0.2909034666573567,0.4191807663825097,-0.25881904510252157,0.9659258262890681,0.2,1.6165468432608248
U01891,0,0,0.03,0.06905933023620128,14.410269526435142,-0.2115708605588581,0.3456871240434053,0.9659258262890683,-0.25881904510252063,0.0,2.112831822632616
U01892,0,0,0.03,0.12282586909663841,13.646301061159305,-0.15691018494002387,0.4191807663825097,-0.4999999999999997,-0.8660254037844388,0.4,3.8213719319639954
U01893,0,0,0.03,0.05664526882199253,14.614698997423778,-0.02145729842355714,0.3456871240434053,0.49999999999999994,-0.8660254037844387,0.3333333333333333,3.575890248214315
U01894,0,0,0.03,0.11694263608163871,13.249955039704897,-0.14336185121596867,0.6122961576274709,0.8660254037844387,-0.4999999999999998,0.8571428571428571,2.8297357628797672
U01895,0,0,0.03,0.23587064494726964,12.746552212642719,-0.17219886699079623,0.3909478540072342,-0.8660254037844386,0.5000000000000001,0.16666666666666666,3.326595638525788
U01896,0,0,0.03,0.13727354138491896,12.799838620895514,0.05279334393140794,0.6372850583680413,0.49999999999999994,-0.8660254037844387,0.4,2.291476162983266
U01897,0,0,0.03,0.16380474622061922,12.688086672826845,-0.11526567084619002,0.4792099658565504,0.0,1.0,0.4444444444444444,3.5704803433055554
U01898,0,0,0.03,0.06373402158800816,14.456118404994339,-0.7198111118831411,0.4362085839710631,0.9659258262890683,0.25881904510252074,0.25,2.766416646980289
U01899,0,0,0.03,0.1277314642882318,13.392633233250441,-0.16386896861422756,0.491089985367093,-0.8660254037844385,-0.5000000000000004,0.16666666666666666,3.354283696544896
U01900,0,0,0.03,0.0959702719547775,14.067556773978767,-0.5902302498024038,0.3456871240434053,1.2246467991473532e-16,-1.0,0.3333333333333333,3.1335095585880555
U01901,0,0,0.03,0.06666669571283633,14.198398713893454,-0.40097638739849795,0.5064224831767222,0.0,1.0,0.4,2.540308871361559
U01902,0,0,0.03,0.1385922931554366,11.408098140474062,0.05573735789734404,0.491089985367093,0.49999999999999994,-0.8660254037844387,0.16666666666666666,3.765594515925557
U01903,0,0,0.03,0.19064110395263706,12.115964660814075,0.1185080136486105,0.5064224831767222,0.7071067811865476,-0.7071067811865475,0.4,3.825856725788591
U01904,0,0,0.03,0.1077431807756652,13.534129923019684,-0.13836333455117622,0.491089985367093,-1.0,-1.8369701987210297e-16,0.16666666666666666,2.2456019088985077
U01905,0,0,0.03,0.11489215666758289,13.56117234837534,-0.12974499951768118,0.5064224831767222,0.0,1.0,0.6,2.5628192413714146
U01906,0,0,0.03,0.1539282926877573,13.41448508009715,-0.19014001356985868,0.4910899853670931,-0.9659258262890684,0.2588190451025203,0.0,2.8265839836841686
U01907,0,0,0.03,0.10725026086838513,13.493576527624139,-0.06646868813971889,0.4183885547052492,0.49999999999999994,-0.8660254037844387,0.3333333333333333,3.2895448217360577
U01908,5,0,0.7498,3.258096538021482,0.0,0.0,0.0,-0.8660254037844386,0.5000000000000001,0.0,2.730078170627048
U01909,0,0,0.03,0.18895032779727708,13.142816773296842,-0.5113121477936733,0.491089985367093,-0.5000000000000004,0.8660254037844384,0.16666666666666666,3.5403196938599986
U01910,0,0,0.03,0.09313091544099639,14.192478107179584,-0.3718336006227209,0.32715643797829735,-0.2588190451025208,-0.9659258262890683,0.25,3.3479308942456907
U01911,0,0,0.03,0.09967988524194672,14.18961777310393,-0.31045561959099327,0.4362085839710631,-0.4999999999999997,-0.8660254037844388,0.5,3.3229371636277403
U01912,0,0,0.03,0.09797906866055059,14.045820767326848,-0.8076670706072893,0.20028426271971764,1.2246467991473532e-16,-1.0,0.3333333333333333,3.51090883491504
U01913,0,0,0.03,0.40935481076706215,12.45373513581778,-0.6554474701885769,0.3456871240434053,0.49999999999999994,-0.8660254037844387,0.0,2.61895922216118
U01914,0,0,0.03,0.11085920051469873,13.767887362621778,-0.24886277419927227,0.4362085839710631,-0.9659258262890683,-0.25881904510252063,0.25,3.6734676072453776
U01915,0,0,0.03,0.11585568774701152,13.804939884738557,-0.2731758168520572,0.41838855470524916,0.49999999999999994,-0.8660254037844387,0.0,3.4579306365477374
U01916,0,0,0.03,0.18992585968825418,12.815995813427774,-0.14009803219101874,0.5997868029602118,-0.9659258262890683,-0.25881904510252063,0.375,3.5046717446518647
U01917,5,0,0.7102,3.258096538021482,0.0,0.0,0.0,-0.8660254037844385,-0.5000000000000004,0.0,1.306357020194466
U01918,4,0,0.8005,0.22419801042603285,13.440924739094122,-1.0,0.21810429198553155,1.2246467991473532e-16,-1.0,1.0,3.0648571579317956
U01919,0,0,0.03,0.22034306527043343,12.768417563143913,-0.14685129004882802,0.5459713867631231,0.8660254037844387,-0.4999999999999998,0.1111111111111111,3.8360839418949633
U01920,0,0,0.03,0.20311629901094164,13.550591432617349,-1.0,0.21810429198553155,-0.7071067811865471,-0.7071067811865479,0.0,2.262840353674144
U01921,0,0,0.03,0.11371837244572737,13.592846891486914,-0.12872618862261936,0.6122961576274709,0.0,1.0,0.5714285714285714,2.177680404292183
U01922,5,0,0.7373,3.258096538021482,0.0,0.0,0.0,0.7071067811865476,-0.7071067811865475,0.0,2.681115860896022
U01923,0,0,0.03,0.1593360214881749,13.323589282345532,-0.26663255581392575,0.5064224831767222,0.7071067811865476,-0.7071067811865475,0.0,2.4265639156364815
U01924,0,0,0.03,0.2315790652665674,12.249158475639872,0.07579441263374546,0.5064224831767222,-0.2588190451025208,-0.9659258262890683,0.2,3.770314354630298
U01925,0,0,0.03,0.13328383723273973,14.007783270693565,-1.0,0.21810429198553155,-0.7071067811865477,0.7071067811865474,0.0,2.5746219777587287
U01926,0,0,0.03,0.1095572171899166,13.928238616502556,-0.4731605013338808,0.3456871240434053,0.0,1.0,0.0,2.2627403889026096
U01927,0,0,0.03,0.09076910565302528,13.959961489825565,-0.5261982512988715,0.491089985367093,-0.2588190451025208,-0.9659258262890683,0.0,2.5676256163885967
U01928,0,0,0.03,0.17987437748843077,13.171745747137807,-0.17118862194381837,0.47015413144393475,-0.7071067811865471,-0.7071067811865479,0.375,3.668916761924722
U01929,0,0,0.03,0.21288230114674866,13.210897011838625,-0.38419720365480997,0.3456871240434053,0.8660254037844387,-0.4999999999999998,0.6666666666666666,2.1743465468193985
U01930,0,0,0.03,0.09462032679236533,13.739027922373962,-0.1042765249897023,0.4191807663825097,-0.9659258262890684,0.2588190451025203,0.0,1.9878220256287726
U01931,0,0,0.03,0.07379484275620347,13.997810864532445,-0.12690182405555475,0.4191807663825097,-0.8660254037844385,-0.5000000000000004,0.4,2.9816427398598684
U01932,0,0,0.03,0.18335488484065196,13.166118027483485,-0.2368133461597553,0.6543128759565947,0.49999999999999994,0.8660254037844387,0.25,3.76492728047111
U01933,0,0,0.03,0.2266489460241529,12.876163561451882,-0.2034635264206641,0.4362085839710631,1.0,6.123233995736766e-17,0.75,3.8278396963889545
U01934,0,0,0.03,0.0991943804145267,13.961703084092196,-0.10630013454055305,0.5637914160289369,0.9659258262890683,-0.25881904510252063,0.16666666666666666,3.122256316044397
U01935,0,0,0.03,0.29015572389073746,12.787698706152081,-0.266710904302665,0.491089985367093,-0.7071067811865471,-0.7071067811865479,0.16666666666666666,3.598242510166832
U01936,0,0,0.03,0.14368377613173205,12.89039348831999,0.03014007420919119,0.491089985367093,1.2246467991473532e-16,-1.0,0.16666666666666666,3.73281936066857
U01937,0,0,0.03,0.12734712460348044,13.154312524377735,-0.17556747392949634,0.5064224831767222,0.258819045102521,-0.9659258262890682,0.2,3.101329219593285
U01938,0,0,0.03,0.11250634363045282,13.148627437550797,0.01569197650457936,0.6122961576274709,0.8660254037844387,-0.4999999999999998,0.14285714285714285,2.8396414412425575
U01939,0,0,0.03,0.11432787870864636,13.498600135332318,-0.2996534959030894,0.5637914160289369,0.49999999999999994,-0.8660254037844387,0.5,3.2438416611955114
U01940,0,0,0.03,0.07151671841410356,14.176289269916692,-0.08905665826214645,0.4191807663825097,-0.8660254037844386,0.5000000000000001,0.4,2.1245875076801455
U01941,0,0,0.03,0.14014296185740222,13.236753106747823,-0.22012370532003475,0.5761452067390089,-0.5000000000000004,0.8660254037844384,0.5555555555555556,2.8978654718938963
U01942,0,0,0.03,0.04994140448899968,15.031720679954688,-1.0,0.21810429198553155,0.258819045102521,-0.9659258262890682,0.0,2.6135334564449524
U01943,0,0,0.03,0.10180651283990752,13.379211687698474,-0.19489318612689116,0.5499806456316048,0.0,1.0,0.2857142857142857,1.1652031005637389
U01944,0,0,0.03,0.0373370526194209,15.328932821809452,-1.0,0.21810429198553155,0.49999999999999994,-0.8660254037844387,0.0,3.0683145288219813
U01945,0,0,0.03,0.09763145798720932,13.94157212074771,-0.3452660343641481,0.32715643797829735,0.49999999999999994,-0.8660254037844387,0.25,2.602061916422177
U01946,0,0,0.03,0.09312965972325186,14.307053663154093,-0.28344823084416876,0.32715643797829735,-0.9659258262890683,-0.25881904510252063,0.0,2.271421647519418
U01947,0,0,0.03,0.1296926866307418,13.251918625633277,-0.15900613690980556,0.5997868029602118,0.9659258262890683,-0.25881904510252063,0.125,2.597363454897445
U01948,0,0,0.03,0.06600738490607881,14.457012013619277,-0.7293074501191822,0.20028426271971764,0.8660254037844387,-0.4999999999999998,0.3333333333333333,3.0887882310054944
U01949,0,0,0.03,0.1944881661116411,13.162621052726452,-0.28812149025876493,0.5064224831767222,0.0,1.0,0.2,3.719952414186209
U01950,0,0,0.03,0.15417478094698311,11.834356577468384,0.17957207350007354,0.5761452067390088,0.9659258262890683,-0.25881904510252063,0.1111111111111111,3.326603952186921
U01951,0,0,0.03,0.25281366563635205,12.772150367270077,-0.2635122489328424,0.5064224831767222,1.0,6.123233995736766e-17,0.4,2.7005421478054896
U01952,0,0,0.03,0.1190655946772515,13.533593171071674,-0.30315464534515274,0.5637914160289369,0.9659258262890683,-0.25881904510252063,0.3333333333333333,3.2602487786936107
U01953,0,0,0.03,0.14850977851478622,12.979877729107573,-0.039323636645103924,0.47015413144393475,-0.4999999999999997,-0.8660254037844388,0.375,3.5495561886541367
U01954,0,0,0.03,0.21005506638453186,11.919190253248956,0.15289951565085547,0.5064224831767222,0.7071067811865476,-0.7071067811865475,0.0,3.773472423966416
U01955,0,0,0.03,0.12288848959702335,12.576397504058598,0.012177858821087946,0.4362085839710631,1.0,6.123233995736766e-17,0.25,3.81288153726939
U01956,0,0,0.03,0.1273840494712932,13.497283363684332,-0.19781172271441083,0.5064224831767222,1.2246467991473532e-16,-1.0,0.0,2.939608251017438
U01957,0,0,0.03,0.14801913448235302,13.607700717117348,-0.5406069421713298,0.3456871240434053,-0.2588190451025208,-0.9659258262890683,0.3333333333333333,2.1294187215258784
U01958,0,0,0.03,0.1802370321866554,13.546495828093908,-0.16940270599078483,0.32715643797829735,-0.7071067811865471,-0.7071067811865479,0.25,3.59977086688921
U01959,0,0,0.03,0.08929720945245707,13.253001212726804,0.06307100476484333,0.6122961576274709,1.0,6.123233995736766e-17,0.42857142857142855,2.190705172535074
U01960,0,0,0.03,0.12379401537118745,13.226262025053611,-0.086115992273649,0.5637914160289369,0.8660254037844387,-0.4999999999999998,0.3333333333333333,1.1110348086666668
U01961,0,0,0.03,0.2043370559043087,12.814467713222053,0.004282727499426661,0.6429066276455814,-0.25881904510252157,0.9659258262890681,0.3333333333333333,3.637697021027438
U01962,0,0,0.03,0.26164091516702614,12.48265079699948,-0.036321032249897564,0.4362085839710631,0.49999999999999994,-0.8660254037844387,0.25,3.375568509157964
U01963,0,0,0.03,0.1100057086100293,13.923924955773526,-0.5549549247886107,0.3456871240434053,0.9659258262890683,-0.25881904510252063,0.3333333333333333,2.1531649119406087
U01964,0,0,0.03,0.06536036188787858,14.467189702030447,-0.04952532961094313,0.3456871240434053,0.25881904510252074,0.9659258262890683,0.6666666666666666,2.787157286032076
U01965,0,0,0.03,0.19783853314033467,12.64841276907464,-0.16771692452746875,0.5499806456316048,0.7071067811865476,-0.7071067811865475,0.2857142857142857,3.638665012253514
U01966,0,0,0.03,0.12633794714707597,13.20209926878379,-0.0992558289503164,0.5499806456316046,-0.8660254037844385,-0.5000000000000004,0.5714285714285714,3.479688672836008
U01967,0,0,0.03,0.06147465923453902,13.714487289503225,-0.13869857319611437,0.4362085839710631,0.8660254037844387,-0.4999999999999998,0.25,1.8771085857983876
U01968,0,0,0.03,0.06105496053975737,14.003181116639405,-0.19213779735635378,0.4362085839710631,0.25881904510252074,0.9659258262890683,0.0,3.0042112713355364
U01969,0,0,0.03,0.07414220143532323,14.041314966057115,-0.15823653231626159,0.5064224831767222,0.25881904510252074,0.9659258262890683,0.2,2.0897155504333558
U01970,0,0,0.03,0.08656249269854648,13.163892002202592,0.09632199099130367,0.4191807663825097,-0.4999999999999997,-0.8660254037844388,0.4,3.1838577497289715
U01971,0,0,0.03,0.14062247050134138,13.399397966048282,-0.23760535218833703,0.4191807663825097,-0.8660254037844385,-0.5000000000000004,0.4,3.0072381641568584
U01972,0,0,0.03,0.07521519893544332,14.085682722828254,-0.6282368217419246,0.4362085839710631,0.0,1.0,0.5,3.1426854866642557
U01973,0,0,0.03,0.08139888561866461,13.820111955279497,-0.08705049579223205,0.4191807663825097,1.2246467991473532e-16,-1.0,0.4,2.607040631575609
U01974,0,0,0.03,0.18173446685875874,12.88714724485585,-0.07808184698445048,0.491089985367093,-0.7071067811865477,0.7071067811865474,0.0,2.8399180773626505
U01975,0,0,0.03,0.07785236656867887,14.285970957874405,-0.8266094361831231,0.3456871240434053,-0.4999999999999997,-0.8660254037844388,0.0,3.1619614988834464
U01976,0,0,0.03,0.20546494313110658,12.84334103436094,-0.14370726584305862,0.5944390072043522,-0.9659258262890683,-0.25881904510252063,0.2222222222222222,3.7299111488677825
U01977,0,0,0.03,0.15119353973067012,12.677178791780616,0.13999516866958886,0.5637914160289369,0.7071067811865476,0.7071067811865476,0.5,3.3244009103170096
U01978,0,0,0.03,0.10723090171478342,13.927350188751095,-0.2399958465020312,0.4191807663825097,-1.0,-1.8369701987210297e-16,0.4,3.3693773944664795
U01979,0,0,0.03,0.10189562680246242,13.87496602599847,-0.21982011413214764,0.5064224831767222,0.9659258262890683,-0.25881904510252063,0.0,3.6546105576765786
U01980,0,0,0.03,0.27698142139419624,13.202011545718985,-1.0,0.21810429198553155,-0.2588190451025208,-0.9659258262890683,0.0,3.733635090598982
U01981,0,0,0.03,0.09511565998611912,13.922993619427158,-0.43546283772866384,0.4362085839710631,0.49999999999999994,-0.8660254037844387,0.5,3.6396521284311105
U01982,0,0,0.03,0.14976512252549942,13.55617749476084,-0.16371409849708063,0.4362085839710631,0.258819045102521,-0.9659258262890682,0.25,3.2450871571518425
U01983,0,0,0.03,0.06111042599423702,14.536570526633296,-0.44163582662469686,0.20028426271971764,0.7071067811865476,-0.7071067811865475,0.0,1.3691929433811552
U01984,0,0,0.03,0.09642001091002504,14.062653017897249,-0.8706919538332177,0.3456871240434053,1.0,6.123233995736766e-17,0.3333333333333333,2.79493341915967
U01985,0,0,0.03,0.054800250642286566,14.64874375881524,-0.08454549032815976,0.3456871240434053,-0.8660254037844385,-0.5000000000000004,0.6666666666666666,2.5279687260432664
U01986,0,0,0.03,0.219803879252914,13.175315345431885,-0.04906453718370173,0.3456871240434053,1.0,6.123233995736766e-17,0.0,3.4534786523465306
U01987,0,0,0.03,0.24492293067273246,12.500611779507631,-0.13859865229721455,0.6122961576274709,0.8660254037844387,-0.4999999999999998,0.2857142857142857,3.764592020327558
U01988,0,0,0.03,0.25820333635908516,12.994340215158049,-0.4561362278496515,0.20028426271971764,-0.7071067811865471,-0.7071067811865479,0.0,3.778712752371631
U01989,0,0,0.03,0.1281193960254001,13.451576472956184,-0.5432557481627547,0.4183885547052492,-0.7071067811865477,0.7071067811865474,0.5,3.58433040182611
U01990,0,0,0.03,0.20110208598270207,13.093852785598223,-0.07631975338472187,0.593664199970935,-0.7071067811865471,-0.7071067811865479,0.3,3.6052018447486978
U01991,0,0,0.03,0.13189793705171135,13.731262269218929,-0.3653032230562258,0.3456871240434053,0.8660254037844387,-0.4999999999999998,0.0,3.7537469684363423
U01992,0,0,0.03,0.14595723911532837,12.432558604770417,0.054713864012602184,0.6122961576274709,0.7071067811865476,0.7071067811865476,0.2857142857142857,3.4679718993590556
U01993,-1,1,0.0,0.08427799770602902,14.203408258809649,-0.7518314631915568,0.3456871240434053,0.0,1.0,0.3333333333333333,1.822321603514384
U01994,0,0,0.03,0.13486655480206342,13.353212365443746,-0.21382424021913146,0.46414453303743997,-0.9659258262890684,0.2588190451025203,0.42857142857142855,3.4804146062681327
U01995,0,0,0.03,0.24233455922399924,12.619449704776066,-0.34283601558872545,0.4362085839710631,0.9659258262890683,-0.25881904510252063,0.0,2.857106577767226
U01996,0,0,0.03,0.09015589781759917,13.983668533116077,-0.333743588300243,0.4191807663825097,-0.8660254037844386,0.5000000000000001,0.0,3.4410426029984706
U01997,0,0,0.03,0.08292297155564153,14.008653765571852,-0.045300461455554546,0.5064224831767222,0.7071067811865476,-0.7071067811865475,0.0,1.5537049527397198
U01998,0,0,0.03,0.4288579438951673,12.39676118463273,-0.007275224489371222,0.3456871240434053,0.0,1.0,0.3333333333333333,3.524321751106029
U01999,0,0,0.03,0.1485668939094365,12.739491117948798,0.013030061268355165,0.32715643797829735,-0.9659258262890683,-0.25881904510252063,0.25,3.6425949156022175
U02000,0,0,0.03,0.09665852735687264,13.203725829216953,0.0547855650131683,0.5064224831767222,0.9659258262890683,-0.25881904510252063,0.0,2.8937847797857343
