transaction_id,timestamp,sender,receiver,is_fraud,ring_id,risk_score,predicted_fraud
TX_0000001,2026-01-01 23:41:51,U01258,U00162,0,,0.0002,0
TX_0000002,2026-01-02 04:47:38,U00603,U01978,0,,0.0004,0
TX_0000003,2026-01-02 22:49:00,U01482,U00731,0,,0.0002,0
TX_0000004,2026-01-03 07:13:53,U00603,U01429,0,,0.0002,0
TX_0000005,2026-01-03 11:02:58,U01360,U01919,0,,0.0003,0
TX_0000006,2026-01-03 20:26:45,U01878,U00941,0,,0.0002,0
TX_0000007,2026-01-03 21:32:36,U01089,U01332,0,,0.0008,0
TX_0000008,2026-01-03 22:22:51,U00307,U01414,0,,1e-04,0
TX_0000009,2026-01-04 05:41:49,U00225,U00498,0,,0.0002,0
TX_0000010,2026-01-04 10:43:05,U00624,U01381,0,,0.0002,0
TX_0000011,2026-01-04 14:15:50,U01418,U01280,0,,0.0002,0
TX_0000012,2026-01-04 19:41:49,U01570,U00268,0,,0.0002,0
TX_0000013,2026-01-04 21:30:02,U00670,U01639,0,,1e-04,0
TX_0000014,2026-01-05 06:20:15,U00784,U01834,0,,0.0003,0
TX_0000015,2026-01-05 07:49:50,U00560,U01158,0,,0.0003,0
TX_0000016,2026-01-05 09:20:17,U00570,U01615,0,,0.0017,0
TX_0000017,2026-01-05 12:43:49,U00180,U00264,0,,0.0003,0
TX_0000018,2026-01-05 16:10:11,U01107,U01698,0,,0.0052,0
TX_0000019,2026-01-05 16:43:27,U00173,U01247,0,,0.0003,0
TX_0000020,2026-01-05 16:51:43,U00127,U00633,0,,0.0003,0
TX_0000021,2026-01-05 20:41:23,U00466,U00498,0,,0.0003,0
TX_0000022,2026-01-05 22:37:07,U00837,U00320,0,,0.0002,0
TX_0000023,2026-01-06 08:13:11,U00499,U01816,0,,0.0003,0
TX_0000024,2026-01-06 10:37:03,U00861,U01066,0,,0.0002,0
TX_0000025,2026-01-06 11:16:50,U00484,U00762,0,,0.0002,0
TX_0000026,2026-01-06 13:04:56,U01565,U00011,0,,0.0002,0
TX_0000027,2026-01-06 13:21:12,U01825,U00033,0,,0.0137,0
TX_0000028,2026-01-06 14:09:04,U00700,U01398,0,,0.0002,0
TX_0000029,2026-01-06 16:50:36,U01200,U00358,0,,0.0079,0
TX_0000030,2026-01-06 19:42:31,U00787,U00201,0,,0.0002,0
TX_0000031,2026-01-07 00:25:29,U00570,U00710,0,,1e-04,0
TX_0000032,2026-01-07 00:45:58,U00307,U01724,0,,1e-04,0
TX_0000033,2026-01-07 01:03:22,U00274,U01909,0,,1e-04,0
TX_0000034,2026-01-07 08:15:02,U00279,U00252,0,,1e-04,0
TX_0000035,2026-01-07 09:17:01,U00249,U01063,0,,1e-04,0
TX_0000036,2026-01-07 10:12:38,U01626,U01989,0,,0.0002,0
TX_0000037,2026-01-07 12:47:23,U00365,U01853,0,,0.0002,0
TX_0000038,2026-01-07 13:59:58,U01552,U00144,0,,0.0002,0
TX_0000039,2026-01-07 17:34:57,U00853,U00985,0,,0.0053,0
TX_0000040,2026-01-07 19:19:35,U00279,U00935,0,,1e-04,0
TX_0000041,2026-01-07 19:55:14,U01105,U00752,0,,0.0002,0
TX_0000042,2026-01-07 22:57:35,U00127,U00633,0,,1e-04,0
TX_0000043,2026-01-08 07:09:23,U00630,U01168,0,,1e-04,0
TX_0000044,2026-01-08 09:17:10,U00124,U01027,0,,0.0002,0
TX_0000045,2026-01-08 10:47:11,U01874,U01382,0,,0.0002,0
TX_0000046,2026-01-08 17:35:14,U00874,U01290,0,,0.0002,0
TX_0000047,2026-01-08 17:48:20,U00487,U00634,0,,0.0002,0
TX_0000048,2026-01-08 18:57:43,U00077,U00402,0,,0.0002,0
TX_0000049,2026-01-08 18:59:14,U00534,U00544,0,,0.0002,0
TX_0000050,2026-01-08 20:08:26,U01502,U01114,0,,0.0022,0
TX_0000051,2026-01-08 20:51:00,U01291,U01427,0,,0.0013,0
TX_0000052,2026-01-08 21:19:46,U00368,U01279,0,,1e-04,0
TX_0000053,2026-01-08 21:26:22,U00624,U01612,0,,1e-04,0
TX_0000054,2026-01-08 21:37:50,U01148,U00744,0,,1e-04,0
TX_0000055,2026-01-08 22:51:47,U00612,U01041,0,,1e-04,0
TX_0000056,2026-01-08 23:06:14,U01055,U01877,0,,1e-04,0
TX_0000057,2026-01-08 23:34:24,U01440,U01132,0,,1e-04,0
TX_0000058,2026-01-08 23:39:20,U00530,U00815,0,,1e-04,0
TX_0000059,2026-01-09 08:00:58,U01837,U01437,0,,0.0011,0
TX_0000060,2026-01-09 08:09:18,U00560,U00229,0,,1e-04,0
TX_0000061,2026-01-09 11:30:42,U00122,U01123,0,,0.0002,0
TX_0000062,2026-01-09 11:43:03,U00666,U00746,0,,0.0002,0
TX_0000063,2026-01-09 11:43:22,U00434,U01929,0,,0.0002,0
TX_0000064,2026-01-09 11:44:05,U00031,U00385,0,,0.0111,0
TX_0000065,2026-01-09 12:17:51,U01963,U01585,0,,0.0002,0
TX_0000066,2026-01-09 13:08:03,U00961,U01939,0,,0.0002,0
TX_0000067,2026-01-09 13:34:07,U00147,U00499,0,,0.0002,0
TX_0000068,2026-01-09 13:35:02,U00041,U01172,0,,0.0002,0
TX_0000069,2026-01-09 14:10:43,U00502,U00761,0,,0.0002,0
TX_0000070,2026-01-09 16:04:40,U01291,U01427,0,,1e-04,0
TX_0000071,2026-01-09 16:06:33,U00661,U01373,0,,0.0002,0
TX_0000072,2026-01-09 18:24:31,U00560,U01294,0,,1e-04,0
TX_0000073,2026-01-09 18:25:15,U00307,U01489,0,,1e-04,0
TX_0000074,2026-01-09 18:45:19,U00603,U01429,0,,1e-04,0
TX_0000075,2026-01-09 19:20:57,U01741,U01758,0,,0.0002,0
TX_0000076,2026-01-09 19:22:36,U01166,U01645,0,,0.0002,0
TX_0000077,2026-01-09 20:02:55,U01504,U01950,0,,0.0002,0
TX_0000078,2026-01-09 20:09:03,U01270,U00173,0,,0.0051,0
TX_0000079,2026-01-09 21:20:13,U00392,U00610,0,,1e-04,0
TX_0000080,2026-01-09 23:44:33,U00961,U01979,0,,1e-04,0
TX_0000081,2026-01-10 02:45:40,U01440,U00821,0,,1e-04,0
TX_0000082,2026-01-10 08:28:34,U01864,U00758,0,,0.0002,0
TX_0000083,2026-01-10 08:44:54,U01401,U01538,0,,0.0002,0
TX_0000084,2026-01-10 09:03:01,U00487,U00137,0,,0.0002,0
TX_0000085,2026-01-10 09:11:03,U00037,U00787,0,,1e-04,0
TX_0000086,2026-01-10 11:09:08,U00751,U00881,0,,0.0003,0
TX_0000087,2026-01-10 11:19:56,U00093,U00025,0,,0.0003,0
TX_0000088,2026-01-10 11:23:07,U00470,U00088,0,,0.0003,0
TX_0000089,2026-01-10 14:31:43,U01402,U00105,0,,0.0002,0
TX_0000090,2026-01-10 14:42:00,U00843,U01319,0,,0.0005,0
TX_0000091,2026-01-10 14:48:32,U00265,U00832,0,,0.0002,0
TX_0000092,2026-01-10 15:01:40,U00005,U01418,0,,0.0002,0
TX_0000093,2026-01-10 15:59:33,U00487,U01237,0,,1e-04,0
TX_0000094,2026-01-10 16:31:03,U00006,U00534,0,,0.0002,0
TX_0000095,2026-01-10 16:41:27,U00803,U01980,0,,0.0002,0
TX_0000096,2026-01-10 17:52:17,U01545,U01533,0,,0.0727,0
TX_0000097,2026-01-10 18:15:00,U01502,U01511,0,,1e-04,0
TX_0000098,2026-01-10 18:19:15,U00637,U00481,0,,0.0002,0
TX_0000099,2026-01-10 18:56:17,U00485,U01183,0,,0.0002,0
TX_0000100,2026-01-10 19:24:45,U00911,U00378,0,,0.0002,0
TX_0000101,2026-01-10 19:30:29,U00239,U00403,0,,0.0002,0
TX_0000102,2026-01-10 20:05:32,U01604,U01083,0,,0.0002,0
TX_0000103,2026-01-10 20:42:44,U00612,U00142,0,,1e-04,0
TX_0000104,2026-01-10 21:52:18,U01418,U01280,0,,0.0003,0
TX_0000105,2026-01-11 00:58:40,U01769,U00351,0,,1e-04,0
TX_0000106,2026-01-11 08:05:31,U01630,U01721,0,,0.0002,0
TX_0000107,2026-01-11 10:03:38,U01959,U00459,0,,0.0002,0
TX_0000108,2026-01-11 10:23:46,U01037,U01254,0,,0.0002,0
TX_0000109,2026-01-11 10:45:19,U00837,U00432,0,,1e-04,0
TX_0000110,2026-01-11 11:14:42,U01013,U01743,0,,0.0002,0
TX_0000111,2026-01-11 11:36:15,U01089,U01833,0,,0.0003,0
TX_0000112,2026-01-11 11:49:17,U01037,U00250,0,,0.0011,0
TX_0000113,2026-01-11 12:14:44,U00474,U01828,0,,0.0002,0
TX_0000114,2026-01-11 13:11:21,U01877,U01700,0,,0.0003,0
TX_0000115,2026-01-11 13:26:45,U00173,U01443,0,,0.0002,0
TX_0000116,2026-01-11 14:29:25,U00138,U00885,0,,0.0002,0
TX_0000117,2026-01-11 14:29:51,U01122,U01550,0,,0.0002,0
TX_0000118,2026-01-11 14:31:12,U01896,U00081,0,,0.0002,0
TX_0000119,2026-01-11 14:35:50,U01587,U00402,0,,0.0002,0
TX_0000120,2026-01-11 15:59:14,U00643,U00755,0,,0.0002,0
TX_0000121,2026-01-11 16:32:01,U01825,U00238,0,,1e-04,0
TX_0000122,2026-01-11 16:45:08,U01351,U00503,0,,0.0002,0
TX_0000123,2026-01-11 18:18:41,U01808,U00260,0,,0.0002,0
TX_0000124,2026-01-11 18:27:25,U01523,U01821,0,,0.0008,0
TX_0000125,2026-01-11 18:39:27,U00576,U01219,0,,0.0002,0
TX_0000126,2026-01-11 18:45:43,U00334,U00908,0,,0.0002,0
TX_0000127,2026-01-11 19:14:50,U00221,U00611,0,,0.0002,0
TX_0000128,2026-01-11 19:17:37,U01193,U01291,0,,1e-04,0
TX_0000129,2026-01-11 19:21:40,U00576,U00691,0,,1e-04,0
TX_0000130,2026-01-11 22:14:08,U01055,U01251,0,,1e-04,0
TX_0000131,2026-01-12 00:17:48,U01293,U00591,0,,0.0003,0
TX_0000132,2026-01-12 08:14:39,U01013,U01743,0,,0.0003,0
TX_0000133,2026-01-12 08:56:52,U01855,U01338,0,,0.0002,0
TX_0000134,2026-01-12 09:17:09,U01062,U01913,0,,0.0002,0
TX_0000135,2026-01-12 09:39:24,U00107,U01534,0,,0.0002,0
TX_0000136,2026-01-12 11:00:22,U00466,U00498,0,,0.0003,0
TX_0000137,2026-01-12 11:35:39,U00923,U00744,0,,0.0003,0
TX_0000138,2026-01-12 12:48:56,U00335,U01434,0,,0.0003,0
TX_0000139,2026-01-12 13:11:20,U00041,U01467,0,,0.0002,0
TX_0000140,2026-01-12 13:18:51,U01437,U00298,0,,0.0003,0
TX_0000141,2026-01-12 13:45:19,U00093,U01927,0,,0.0003,0
TX_0000142,2026-01-12 14:06:43,U01604,U00241,0,,0.0003,0
TX_0000143,2026-01-12 15:11:15,U01630,U01721,0,,0.0002,0
TX_0000144,2026-01-12 15:13:22,U01746,U00464,0,,0.0003,0
TX_0000145,2026-01-12 16:08:02,U01495,U01506,0,,0.0228,0
TX_0000146,2026-01-12 16:28:51,U01813,U01625,0,,0.0003,0
TX_0000147,2026-01-12 17:04:13,U00497,U00292,0,,0.0003,0
TX_0000148,2026-01-12 17:05:54,U01777,U00686,0,,0.0003,0
TX_0000149,2026-01-12 17:16:49,U00146,U01748,0,,0.0003,0
TX_0000150,2026-01-12 18:11:22,U00077,U00402,0,,0.0002,0
TX_0000151,2026-01-12 19:19:56,U01391,U00951,0,,0.0003,0
TX_0000152,2026-01-12 19:28:39,U01200,U01264,0,,0.0002,0
TX_0000153,2026-01-12 20:56:19,U00882,U01801,0,,0.0261,0
TX_0000154,2026-01-12 22:09:01,U01598,U00046,0,,0.0003,0
TX_0000155,2026-01-12 22:20:45,U00485,U01183,0,,0.0002,0
TX_0000156,2026-01-12 23:42:42,U00341,U00397,0,,0.0002,0
TX_0000157,2026-01-13 00:15:14,U01400,U00425,0,,1e-04,0
TX_0000158,2026-01-13 00:45:53,U00567,U00529,0,,1e-04,0
TX_0000159,2026-01-13 06:08:29,U00961,U00395,0,,1e-04,0
TX_0000160,2026-01-13 09:30:12,U01216,U01672,0,,1e-04,0
TX_0000161,2026-01-13 09:30:46,U00159,U00238,0,,1e-04,0
TX_0000162,2026-01-13 09:34:41,U00565,U01045,0,,1e-04,0
TX_0000163,2026-01-13 09:46:43,U01032,U01935,0,,1e-04,0
TX_0000164,2026-01-13 10:29:56,U00279,U00550,0,,1e-04,0
TX_0000165,2026-01-13 11:12:53,U00699,U00027,0,,0.0002,0
TX_0000166,2026-01-13 11:26:07,U01087,U01083,0,,0.0002,0
TX_0000167,2026-01-13 12:05:08,U01431,U00515,0,,0.0615,0
TX_0000168,2026-01-13 12:59:53,U01266,U00081,0,,0.0002,0
TX_0000169,2026-01-13 13:52:43,U00661,U01373,0,,1e-04,0
TX_0000170,2026-01-13 13:56:33,U00805,U00267,0,,0.0002,0
TX_0000171,2026-01-13 13:58:58,U00225,U00140,0,,0.0003,0
TX_0000172,2026-01-13 14:25:19,U00376,U01161,0,,1e-04,0
TX_0000173,2026-01-13 14:34:16,U00122,U01464,0,,1e-04,0
TX_0000174,2026-01-13 14:46:13,U00478,U00187,0,,0.0066,0
TX_0000175,2026-01-13 15:59:29,U01661,U01523,0,,0.0002,0
TX_0000176,2026-01-13 16:08:52,U00081,U01784,0,,0.0002,0
TX_0000177,2026-01-13 16:57:11,U01024,U01884,0,,0.0002,0
TX_0000178,2026-01-13 17:08:39,U00062,U01192,0,,0.0002,0
TX_0000179,2026-01-13 19:26:44,U00830,U00088,0,,0.0002,0
TX_0000180,2026-01-13 19:40:36,U00274,U00227,0,,1e-04,0
TX_0000181,2026-01-13 21:30:13,U01051,U00594,0,,1e-04,0
TX_0000182,2026-01-14 02:19:33,U01926,U00965,0,,1e-04,0
TX_0000183,2026-01-14 04:30:56,U00334,U00283,0,,1e-04,0
TX_0000184,2026-01-14 07:44:14,U01688,U01728,0,,1e-04,0
TX_0000185,2026-01-14 07:52:31,U01640,U01090,0,,1e-04,0
TX_0000186,2026-01-14 08:37:24,U01360,U01919,0,,1e-04,0
TX_0000187,2026-01-14 09:26:48,U00982,U00843,0,,1e-04,0
TX_0000188,2026-01-14 10:34:26,U01837,U01437,0,,0.0002,0
TX_0000189,2026-01-14 10:35:26,U01360,U01871,0,,1e-04,0
TX_0000190,2026-01-14 12:16:57,U01438,U01591,0,,0.0002,0
TX_0000191,2026-01-14 12:31:53,U00667,U00085,0,,0.0002,0
TX_0000192,2026-01-14 14:05:45,U00911,U01910,0,,1e-04,0
TX_0000193,2026-01-14 14:32:26,U01440,U00510,0,,1e-04,0
TX_0000194,2026-01-14 15:47:21,U01583,U01494,0,,0.0002,0
TX_0000195,2026-01-14 15:52:48,U01360,U01871,0,,1e-04,0
TX_0000196,2026-01-14 16:03:58,U00392,U00610,0,,1e-04,0
TX_0000197,2026-01-14 16:24:31,U00383,U00606,0,,0.0019,0
TX_0000198,2026-01-14 16:29:16,U01663,U00865,0,,0.0002,0
TX_0000199,2026-01-14 17:11:51,U01812,U00925,0,,0.0139,0
TX_0000200,2026-01-14 17:16:52,U00885,U00221,0,,0.001,0
TX_0000201,2026-01-14 18:15:51,U01180,U01915,0,,0.0002,0
TX_0000202,2026-01-14 18:55:36,U01947,U00771,0,,0.0022,0
TX_0000203,2026-01-14 19:31:39,U00153,U00546,0,,0.0002,0
TX_0000204,2026-01-14 19:33:50,U01636,U01744,0,,0.0002,0
TX_0000205,2026-01-14 20:19:51,U01045,U01581,0,,0.0002,0
TX_0000206,2026-01-14 20:21:13,U01007,U00508,0,,0.0002,0
TX_0000207,2026-01-14 20:22:12,U00928,U01614,0,,0.0002,0
TX_0000208,2026-01-14 20:49:13,U01855,U01338,0,,1e-04,0
TX_0000209,2026-01-14 21:24:00,U01842,U01549,0,,1e-04,0
TX_0000210,2026-01-14 22:03:19,U00272,U00708,0,,1e-04,0
TX_0000211,2026-01-14 22:06:41,U01100,U00482,0,,1e-04,0
TX_0000212,2026-01-14 22:41:46,U01418,U01280,0,,0.0002,0
TX_0000213,2026-01-14 23:31:24,U01619,U00974,0,,1e-04,0
TX_0000214,2026-01-15 00:19:20,U01670,U01291,0,,1e-04,0
TX_0000215,2026-01-15 00:36:14,U00378,U00543,0,,0.0003,0
TX_0000216,2026-01-15 00:49:26,U01662,U01867,0,,1e-04,0
TX_0000217,2026-01-15 07:27:18,U00931,U00832,0,,1e-04,0
TX_0000218,2026-01-15 07:43:40,U01130,U00580,0,,1e-04,0
TX_0000219,2026-01-15 08:15:23,U01400,U00425,0,,1e-04,0
TX_0000220,2026-01-15 08:40:59,U00378,U00543,0,,0.0002,0
TX_0000221,2026-01-15 08:42:42,U00274,U00937,0,,1e-04,0
TX_0000222,2026-01-15 10:12:23,U00369,U01277,0,,0.0002,0
TX_0000223,2026-01-15 10:16:18,U01832,U01816,0,,0.0002,0
TX_0000224,2026-01-15 10:58:54,U00138,U00885,0,,1e-04,0
TX_0000225,2026-01-15 11:17:54,U00774,U01653,0,,0.0002,0
TX_0000226,2026-01-15 11:38:17,U01626,U01816,0,,1e-04,0
TX_0000227,2026-01-15 11:57:35,U01864,U00758,0,,1e-04,0
TX_0000228,2026-01-15 12:03:52,U01901,U01154,0,,0.0002,0
TX_0000229,2026-01-15 12:33:39,U01623,U01548,0,,0.0002,0
TX_0000230,2026-01-15 12:34:40,U00274,U00272,0,,1e-04,0
TX_0000231,2026-01-15 12:45:33,U01973,U00467,0,,0.0264,0
TX_0000232,2026-01-15 13:06:36,U00725,U00724,0,,0.003,0
TX_0000233,2026-01-15 13:16:35,U00733,U01077,0,,0.0002,0
TX_0000234,2026-01-15 14:10:28,U01508,U01838,0,,0.0002,0
TX_0000235,2026-01-15 14:35:05,U01181,U01060,0,,0.0002,0
TX_0000236,2026-01-15 15:12:17,U00226,U01825,0,,0.0003,0
TX_0000237,2026-01-15 15:13:21,U00531,U01735,0,,0.0002,0
TX_0000238,2026-01-15 15:59:23,U01277,U01796,0,,0.0003,0
TX_0000239,2026-01-15 16:13:46,U01116,U00695,0,,0.0002,0
TX_0000240,2026-01-15 17:51:20,U01565,U01084,0,,1e-04,0
TX_0000241,2026-01-15 18:14:27,U00003,U01678,0,,0.0045,0
TX_0000242,2026-01-15 18:15:20,U01670,U01254,0,,1e-04,0
TX_0000243,2026-01-15 18:15:43,U01103,U01462,0,,0.0338,0
TX_0000244,2026-01-15 18:26:35,U00221,U00611,0,,0.0002,0
TX_0000245,2026-01-15 19:26:17,U01322,U01540,0,,0.0002,0
TX_0000246,2026-01-15 19:29:51,U00283,U00955,0,,0.0002,0
TX_0000247,2026-01-15 19:44:51,U00997,U00864,0,,0.0002,0
TX_0000248,2026-01-15 19:47:48,U00534,U01729,0,,0.0002,0
TX_0000249,2026-01-15 20:38:26,U01177,U01025,0,,0.0002,0
TX_0000250,2026-01-15 21:09:29,U00603,U01411,0,,1e-04,0
TX_0000251,2026-01-15 21:22:51,U01658,U00962,0,,1e-04,0
TX_0000252,2026-01-15 21:39:49,U01565,U01183,0,,1e-04,0
TX_0000253,2026-01-15 23:44:24,U01831,U01175,0,,1e-04,0
TX_0000254,2026-01-16 00:05:22,U01846,U01839,0,,1e-04,0
TX_0000255,2026-01-16 00:24:40,U00248,U00336,0,,0.0002,0
TX_0000256,2026-01-16 07:12:07,U01947,U00771,0,,0.0002,0
TX_0000257,2026-01-16 07:18:52,U01552,U00637,0,,0.0009,0
TX_0000258,2026-01-16 08:20:39,U00144,U01824,0,,0.0003,0
TX_0000259,2026-01-16 08:31:32,U00681,U01150,0,,0.0002,0
TX_0000260,2026-01-16 08:39:49,U01418,U01280,0,,0.0002,0
TX_0000261,2026-01-16 08:44:47,U00869,U01973,0,,0.0002,0
TX_0000262,2026-01-16 10:05:08,U00485,U00504,0,,1e-04,0
TX_0000263,2026-01-16 10:30:10,U01296,U01231,0,,0.0002,0
TX_0000264,2026-01-16 10:47:50,U00502,U00761,0,,1e-04,0
TX_0000265,2026-01-16 10:48:01,U00307,U01898,0,,0.0002,0
TX_0000266,2026-01-16 11:01:22,U01427,U01102,0,,0.0003,0
TX_0000267,2026-01-16 11:38:27,U01757,U00887,0,,0.0002,0
TX_0000268,2026-01-16 11:49:28,U00774,U01776,0,,0.0003,0
TX_0000269,2026-01-16 12:03:32,U00942,U00364,0,,0.0002,0
TX_0000270,2026-01-16 12:51:25,U00521,U00053,0,,0.0002,0
TX_0000271,2026-01-16 12:53:23,U00530,U00815,0,,1e-04,0
TX_0000272,2026-01-16 13:17:05,U00264,U00587,0,,0.0004,0
TX_0000273,2026-01-16 13:24:23,U00196,U01655,0,,0.0002,0
TX_0000274,2026-01-16 13:27:11,U01565,U01183,0,,1e-04,0
TX_0000275,2026-01-16 13:44:29,U01212,U01469,0,,0.0002,0
TX_0000276,2026-01-16 13:54:08,U01619,U00823,0,,0.0004,0
TX_0000277,2026-01-16 14:11:01,U00378,U01377,0,,0.0002,0
TX_0000278,2026-01-16 14:44:09,U01526,U00222,0,,0.0002,0
TX_0000279,2026-01-16 14:54:09,U01291,U00201,0,,0.0002,0
TX_0000280,2026-01-16 15:50:45,U01346,U01639,0,,0.0002,0
TX_0000281,2026-01-16 16:07:27,U00010,U01080,0,,0.0002,0
TX_0000282,2026-01-16 16:46:46,U01720,U00081,0,,1e-04,0
TX_0000283,2026-01-16 17:30:42,U01884,U00925,0,,0.0003,0
TX_0000284,2026-01-16 17:47:52,U00091,U00993,0,,0.0002,0
TX_0000285,2026-01-16 17:58:58,U01831,U01175,0,,1e-04,0
TX_0000286,2026-01-16 18:23:06,U00159,U00994,0,,1e-04,0
TX_0000287,2026-01-16 18:43:28,U00392,U00610,0,,1e-04,0
TX_0000288,2026-01-16 18:56:44,U00426,U00867,0,,0.0002,0
TX_0000289,2026-01-16 18:56:58,U01525,U01268,0,,0.0002,0
TX_0000290,2026-01-16 19:24:18,U00819,U01196,0,,0.0002,0
TX_0000291,2026-01-16 19:32:09,U00146,U00891,0,,0.0002,0
TX_0000292,2026-01-16 20:03:15,U01050,U00211,0,,0.0002,0
TX_0000293,2026-01-16 20:35:20,U01144,U01151,0,,0.0002,0
TX_0000294,2026-01-16 20:50:54,U01795,U01266,0,,1e-04,0
TX_0000295,2026-01-16 21:44:50,U00216,U00486,0,,1e-04,0
TX_0000296,2026-01-16 22:16:16,U00383,U01007,0,,1e-04,0
TX_0000297,2026-01-16 22:22:53,U01296,U00708,0,,1e-04,0
TX_0000298,2026-01-16 23:10:52,U01736,U00863,0,,1e-04,0
TX_0000299,2026-01-17 00:05:14,U00668,U01836,0,,0.0002,0
TX_0000300,2026-01-17 01:58:30,U00504,U00673,0,,0.0003,0
TX_0000301,2026-01-17 03:22:02,U00849,U00127,0,,0.0002,0
TX_0000302,2026-01-17 05:35:24,U01688,U00058,0,,0.0002,0
TX_0000303,2026-01-17 08:00:18,U01291,U00245,0,,0.0002,0
TX_0000304,2026-01-17 08:40:37,U00702,U01445,0,,0.0002,0
TX_0000305,2026-01-17 09:10:18,U01265,U00903,0,,0.0002,0
TX_0000306,2026-01-17 09:13:38,U00443,U00602,0,,0.0002,0
TX_0000307,2026-01-17 10:22:20,U00302,U00775,0,,0.0762,0
TX_0000308,2026-01-17 10:23:02,U01021,U00632,1,RING_001,0.9953,1
TX_0000309,2026-01-17 10:47:07,U00632,U01513,1,RING_001,0.9988,1
TX_0000310,2026-01-17 11:17:01,U01513,U00615,1,RING_001,0.9993,1
TX_0000311,2026-01-17 11:28:16,U00173,U01818,0,,0.0003,0
TX_0000312,2026-01-17 11:36:25,U00615,U01021,1,RING_001,0.9987,1
TX_0000313,2026-01-17 11:44:22,U01277,U00361,0,,0.0003,0
TX_0000314,2026-01-17 12:31:04,U01368,U01014,0,,0.0003,0
TX_0000315,2026-01-17 12:53:06,U01657,U00207,0,,0.0003,0
TX_0000316,2026-01-17 12:59:44,U00026,U00599,0,,0.0003,0
TX_0000317,2026-01-17 14:36:17,U00237,U00004,0,,0.0003,0
TX_0000318,2026-01-17 14:41:58,U01733,U01506,0,,0.0004,0
TX_0000319,2026-01-17 14:43:15,U01023,U00442,0,,0.0003,0
TX_0000320,2026-01-17 14:46:10,U01027,U00168,0,,0.0003,0
TX_0000321,2026-01-17 15:20:08,U00776,U01180,0,,0.6102,1
TX_0000322,2026-01-17 15:20:11,U01006,U01170,0,,0.0003,0
TX_0000323,2026-01-17 15:21:45,U01759,U01988,0,,0.0003,0
TX_0000324,2026-01-17 15:58:14,U00637,U01877,0,,0.0002,0
TX_0000325,2026-01-17 16:01:44,U01741,U00737,0,,1e-04,0
TX_0000326,2026-01-17 17:00:31,U00555,U00530,0,,1e-04,0
TX_0000327,2026-01-17 17:19:32,U00294,U01503,0,,0.0002,0
TX_0000328,2026-01-17 18:56:21,U01431,U01534,0,,1e-04,0
TX_0000329,2026-01-17 19:15:25,U01733,U01637,0,,1e-04,0
TX_0000330,2026-01-17 19:18:05,U00414,U01337,0,,0.0002,0
TX_0000331,2026-01-17 20:33:25,U00531,U01948,0,,1e-04,0
TX_0000332,2026-01-17 20:56:24,U01239,U01854,0,,0.0002,0
TX_0000333,2026-01-17 21:04:04,U01397,U01221,0,,0.0002,0
TX_0000334,2026-01-17 21:36:13,U00076,U00222,0,,1e-04,0
TX_0000335,2026-01-17 21:54:46,U01504,U00587,0,,1e-04,0
TX_0000336,2026-01-17 22:02:19,U01943,U01940,0,,0.0002,0
TX_0000337,2026-01-17 22:16:00,U00024,U00599,0,,0.0479,0
TX_0000338,2026-01-17 22:41:20,U01277,U00311,0,,0.0002,0
TX_0000339,2026-01-17 22:51:17,U01652,U00649,0,,0.0002,0
TX_0000340,2026-01-17 23:02:32,U00285,U01656,0,,0.0002,0
TX_0000341,2026-01-17 23:03:17,U01326,U00439,0,,0.0002,0
TX_0000342,2026-01-17 23:30:44,U01486,U00268,0,,0.0002,0
TX_0000343,2026-01-18 00:52:29,U00703,U01975,0,,0.0002,0
TX_0000344,2026-01-18 07:21:01,U01770,U01333,0,,0.0002,0
TX_0000345,2026-01-18 07:48:42,U01559,U01553,0,,0.0002,0
TX_0000346,2026-01-18 08:29:25,U00928,U01614,0,,1e-04,0
TX_0000347,2026-01-18 08:33:37,U00274,U00944,0,,0.0002,0
TX_0000348,2026-01-18 08:54:51,U01278,U00340,0,,0.0002,0
TX_0000349,2026-01-18 09:18:58,U00492,U01763,0,,0.0002,0
TX_0000350,2026-01-18 09:50:35,U00221,U00611,0,,0.0024,0
TX_0000351,2026-01-18 10:17:19,U01807,U01708,0,,0.0002,0
TX_0000352,2026-01-18 11:37:25,U00702,U01445,0,,0.0029,0
TX_0000353,2026-01-18 11:39:48,U01894,U00625,0,,0.0003,0
TX_0000354,2026-01-18 12:41:04,U00051,U00718,0,,0.0003,0
TX_0000355,2026-01-18 13:16:05,U00777,U00903,0,,0.0002,0
TX_0000356,2026-01-18 13:19:45,U01838,U00538,0,,0.0003,0
TX_0000357,2026-01-18 13:55:26,U01502,U00328,0,,1e-04,0
TX_0000358,2026-01-18 14:17:19,U01368,U01014,0,,1e-04,0
TX_0000359,2026-01-18 14:45:35,U01560,U00399,0,,0.0002,0
TX_0000360,2026-01-18 15:06:57,U00599,U00945,0,,0.0003,0
TX_0000361,2026-01-18 15:48:37,U00121,U01837,0,,1e-04,0
TX_0000362,2026-01-18 15:49:52,U00921,U01886,0,,0.0002,0
TX_0000363,2026-01-18 16:59:17,U00037,U00787,0,,0.0002,0
TX_0000364,2026-01-18 17:16:35,U01963,U00629,0,,1e-04,0
TX_0000365,2026-01-18 17:23:12,U01391,U00654,0,,1e-04,0
TX_0000366,2026-01-18 19:10:15,U00967,U00284,0,,0.0002,0
TX_0000367,2026-01-18 19:22:25,U01874,U00315,0,,1e-04,0
TX_0000368,2026-01-18 19:27:14,U00484,U00762,0,,0.0035,0
TX_0000369,2026-01-18 19:38:49,U00108,U01206,0,,0.0002,0
TX_0000370,2026-01-18 19:44:10,U00884,U00725,0,,0.0002,0
TX_0000371,2026-01-18 20:09:19,U01960,U00428,0,,0.0002,0
TX_0000372,2026-01-18 20:29:06,U00101,U00508,0,,0.0002,0
TX_0000373,2026-01-18 20:32:24,U00700,U00098,0,,1e-04,0
TX_0000374,2026-01-18 21:05:14,U01567,U00189,0,,0.007,0
TX_0000375,2026-01-18 21:16:11,U01117,U01330,0,,0.0004,0
TX_0000376,2026-01-18 21:37:26,U00941,U00394,0,,0.0002,0
TX_0000377,2026-01-18 22:09:35,U00957,U00659,0,,0.0002,0
TX_0000378,2026-01-18 22:41:03,U00565,U01045,0,,1e-04,0
TX_0000379,2026-01-18 22:52:08,U01746,U01738,0,,1e-04,0
TX_0000380,2026-01-18 23:54:11,U00473,U00651,0,,1e-04,0
TX_0000381,2026-01-18 23:56:45,U01177,U00420,0,,1e-04,0
TX_0000382,2026-01-19 00:44:39,U00387,U00066,0,,0.0002,0
TX_0000383,2026-01-19 00:50:30,U01212,U00408,0,,0.0003,0
TX_0000384,2026-01-19 05:00:44,U00066,U01892,0,,0.0004,0
TX_0000385,2026-01-19 06:32:15,U00091,U00993,0,,0.0002,0
TX_0000386,2026-01-19 07:10:54,U00810,U01735,0,,0.0002,0
TX_0000387,2026-01-19 07:31:00,U01729,U00477,0,,0.0005,0
TX_0000388,2026-01-19 07:48:48,U01502,U00608,0,,0.0003,0
TX_0000389,2026-01-19 08:13:49,U00706,U00109,0,,0.0003,0
TX_0000390,2026-01-19 08:32:08,U01565,U01183,0,,0.0002,0
TX_0000391,2026-01-19 10:32:55,U01579,U00593,0,,0.0004,0
TX_0000392,2026-01-19 10:48:03,U01898,U00796,0,,0.0004,0
TX_0000393,2026-01-19 10:55:00,U00364,U01268,0,,0.0004,0
TX_0000394,2026-01-19 11:34:35,U00326,U00390,0,,0.0004,0
TX_0000395,2026-01-19 11:51:44,U01658,U01790,0,,0.0003,0
TX_0000396,2026-01-19 11:54:30,U01293,U00591,0,,0.0003,0
TX_0000397,2026-01-19 12:42:30,U01148,U00118,0,,0.0016,0
TX_0000398,2026-01-19 12:53:21,U01188,U01877,0,,0.0003,0
TX_0000399,2026-01-19 12:55:35,U00193,U00152,0,,0.0003,0
TX_0000400,2026-01-19 13:20:27,U01549,U01068,0,,0.0003,0
TX_0000401,2026-01-19 13:20:45,U01751,U00228,0,,0.0004,0
TX_0000402,2026-01-19 14:02:53,U01974,U01834,0,,0.027,0
TX_0000403,2026-01-19 14:34:34,U01130,U01906,0,,0.0002,0
TX_0000404,2026-01-19 15:36:32,U00961,U01383,0,,0.0003,0
TX_0000405,2026-01-19 16:43:53,U01693,U00762,0,,0.0006,0
TX_0000406,2026-01-19 16:45:12,U00555,U01887,0,,0.0002,0
TX_0000407,2026-01-19 16:58:07,U00044,U01791,0,,0.0004,0
TX_0000408,2026-01-19 17:35:07,U01834,U01956,0,,0.0003,0
TX_0000409,2026-01-19 17:40:35,U00057,U01195,0,,0.0003,0
TX_0000410,2026-01-19 18:15:32,U00744,U00055,0,,0.0004,0
TX_0000411,2026-01-19 18:54:18,U01873,U01550,0,,0.0003,0
TX_0000412,2026-01-19 19:15:12,U00393,U00033,0,,0.0005,0
TX_0000413,2026-01-19 19:45:02,U00869,U01878,0,,0.0003,0
TX_0000414,2026-01-19 19:59:56,U01431,U00765,0,,0.0002,0
TX_0000415,2026-01-19 20:03:12,U01790,U01937,0,,0.0003,0
TX_0000416,2026-01-19 20:18:10,U00979,U01398,0,,0.0003,0
TX_0000417,2026-01-19 20:42:07,U01256,U01913,0,,0.0004,0
TX_0000418,2026-01-19 21:38:50,U01116,U00695,0,,0.0003,0
TX_0000419,2026-01-19 21:38:58,U00686,U01641,0,,0.0002,0
TX_0000420,2026-01-19 21:50:12,U01470,U01292,0,,0.0002,0
TX_0000421,2026-01-19 22:12:46,U00440,U00114,0,,0.0002,0
TX_0000422,2026-01-19 22:22:08,U01285,U01811,0,,0.0003,0
TX_0000423,2026-01-20 00:40:32,U01785,U00028,0,,1e-04,0
TX_0000424,2026-01-20 00:58:37,U00454,U01616,0,,1e-04,0
TX_0000425,2026-01-20 01:23:21,U00439,U00776,0,,0.0003,0
TX_0000426,2026-01-20 07:00:30,U00337,U01253,0,,0.0003,0
TX_0000427,2026-01-20 07:00:33,U01626,U00118,0,,0.0002,0
TX_0000428,2026-01-20 07:10:40,U00955,U00028,0,,0.0005,0
TX_0000429,2026-01-20 07:24:27,U00275,U00416,0,,1e-04,0
TX_0000430,2026-01-20 07:31:29,U00216,U00486,0,,1e-04,0
TX_0000431,2026-01-20 09:56:58,U01940,U00998,0,,0.0003,0
TX_0000432,2026-01-20 10:31:42,U01502,U00328,0,,1e-04,0
TX_0000433,2026-01-20 10:45:47,U00165,U00843,0,,0.0466,0
TX_0000434,2026-01-20 10:51:07,U00489,U00460,0,,0.0002,0
TX_0000435,2026-01-20 11:10:29,U01136,U00941,0,,0.0034,0
TX_0000436,2026-01-20 11:25:15,U01329,U01840,0,,0.0002,0
TX_0000437,2026-01-20 11:34:28,U01507,U00152,0,,0.0002,0
TX_0000438,2026-01-20 11:43:42,U00300,U01180,0,,0.0003,0
TX_0000439,2026-01-20 12:03:42,U01130,U00580,0,,0.0002,0
TX_0000440,2026-01-20 12:05:21,U00773,U00943,0,,0.0033,0
TX_0000441,2026-01-20 12:35:07,U00861,U01066,0,,1e-04,0
TX_0000442,2026-01-20 13:01:51,U01111,U01910,0,,0.0002,0
TX_0000443,2026-01-20 13:51:28,U00239,U00671,0,,1e-04,0
TX_0000444,2026-01-20 13:58:42,U00227,U00630,0,,0.0012,0
TX_0000445,2026-01-20 15:11:43,U01345,U00695,0,,0.0052,0
TX_0000446,2026-01-20 15:31:06,U00654,U01237,0,,0.0002,0
TX_0000447,2026-01-20 15:52:51,U00698,U01037,0,,0.0002,0
TX_0000448,2026-01-20 16:21:17,U00899,U01259,0,,0.0002,0
TX_0000449,2026-01-20 16:30:52,U00051,U00009,0,,1e-04,0
TX_0000450,2026-01-20 16:34:28,U01405,U01947,0,,1e-04,0
TX_0000451,2026-01-20 16:35:37,U00121,U01988,0,,1e-04,0
TX_0000452,2026-01-20 17:31:07,U01757,U00522,0,,1e-04,0
TX_0000453,2026-01-20 17:57:28,U00592,U00512,0,,0.0002,0
TX_0000454,2026-01-20 18:02:11,U00723,U00141,0,,0.0002,0
TX_0000455,2026-01-20 18:14:56,U00470,U01845,0,,1e-04,0
TX_0000456,2026-01-20 18:32:25,U00466,U00600,0,,1e-04,0
TX_0000457,2026-01-20 19:08:25,U00257,U00333,0,,0.0002,0
TX_0000458,2026-01-20 20:24:24,U00319,U01454,0,,0.0186,0
TX_0000459,2026-01-20 20:42:35,U01391,U01784,0,,1e-04,0
TX_0000460,2026-01-20 20:45:00,U01860,U01128,0,,0.0002,0
TX_0000461,2026-01-20 21:40:59,U01205,U01586,0,,1e-04,0
TX_0000462,2026-01-20 21:50:12,U01974,U00448,0,,1e-04,0
TX_0000463,2026-01-20 21:55:58,U01153,U01177,0,,1e-04,0
TX_0000464,2026-01-20 22:33:55,U00147,U00499,0,,1e-04,0
TX_0000465,2026-01-20 23:06:21,U00509,U01246,0,,1e-04,0
TX_0000466,2026-01-20 23:10:21,U01786,U00200,0,,1e-04,0
TX_0000467,2026-01-20 23:43:22,U00415,U00986,0,,1e-04,0
TX_0000468,2026-01-20 23:51:42,U00819,U01296,0,,1e-04,0
TX_0000469,2026-01-21 00:19:31,U00273,U01986,0,,0.0002,0
TX_0000470,2026-01-21 07:02:51,U01154,U01151,0,,0.0002,0
TX_0000471,2026-01-21 07:10:17,U01136,U00941,0,,1e-04,0
TX_0000472,2026-01-21 07:17:36,U01480,U01595,0,,0.0002,0
TX_0000473,2026-01-21 07:17:50,U01658,U00740,0,,1e-04,0
TX_0000474,2026-01-21 07:18:03,U01646,U01907,0,,1e-04,0
TX_0000475,2026-01-21 07:45:22,U00886,U01915,0,,1e-04,0
TX_0000476,2026-01-21 08:11:49,U00907,U01519,0,,0.0002,0
TX_0000477,2026-01-21 08:15:22,U00046,U01863,0,,0.0003,0
TX_0000478,2026-01-21 09:21:05,U01641,U01417,0,,0.0003,0
TX_0000479,2026-01-21 09:38:47,U01562,U00043,0,,1e-04,0
TX_0000480,2026-01-21 10:30:50,U00674,U01529,0,,0.0004,0
TX_0000481,2026-01-21 10:33:24,U00865,U01754,0,,0.0003,0
TX_0000482,2026-01-21 10:49:18,U00885,U00221,0,,0.0002,0
TX_0000483,2026-01-21 11:02:25,U00328,U01199,0,,0.0003,0
TX_0000484,2026-01-21 11:15:00,U01521,U01010,0,,0.0002,0
TX_0000485,2026-01-21 11:24:14,U00242,U00350,0,,0.0003,0
TX_0000486,2026-01-21 11:41:05,U00799,U00804,0,,0.0002,0
TX_0000487,2026-01-21 11:48:33,U00041,U00043,0,,0.0002,0
TX_0000488,2026-01-21 12:06:57,U01874,U01382,0,,1e-04,0
TX_0000489,2026-01-21 12:33:04,U01721,U00052,0,,0.0002,0
TX_0000490,2026-01-21 12:33:15,U00618,U00397,0,,0.0002,0
TX_0000491,2026-01-21 12:40:51,U01943,U01317,0,,1e-04,0
TX_0000492,2026-01-21 12:57:24,U01556,U01551,0,,0.0002,0
TX_0000493,2026-01-21 13:00:02,U01636,U01614,0,,0.0004,0
TX_0000494,2026-01-21 13:28:16,U01532,U01891,0,,0.0002,0
TX_0000495,2026-01-21 13:37:40,U00426,U01300,0,,1e-04,0
TX_0000496,2026-01-21 13:41:23,U00242,U00999,0,,1e-04,0
TX_0000497,2026-01-21 14:07:37,U00538,U01717,0,,0.0003,0
TX_0000498,2026-01-21 14:36:27,U01733,U01023,0,,0.0002,0
TX_0000499,2026-01-21 14:54:59,U01364,U00789,0,,0.0002,0
TX_0000500,2026-01-21 15:38:29,U00242,U01588,0,,1e-04,0
TX_0000501,2026-01-21 16:04:20,U01322,U01562,0,,1e-04,0
TX_0000502,2026-01-21 16:05:51,U01792,U01838,0,,0.0002,0
TX_0000503,2026-01-21 16:24:08,U01668,U00773,0,,0.0002,0
TX_0000504,2026-01-21 16:30:01,U01474,U01136,0,,1e-04,0
TX_0000505,2026-01-21 16:36:04,U01985,U00550,0,,0.0002,0
TX_0000506,2026-01-21 16:37:46,U00867,U01519,0,,0.0003,0
TX_0000507,2026-01-21 16:42:22,U01414,U00885,0,,0.0002,0
TX_0000508,2026-01-21 16:45:54,U00949,U01765,0,,0.0002,0
TX_0000509,2026-01-21 16:55:26,U01156,U00374,0,,0.0002,0
TX_0000510,2026-01-21 16:59:09,U01186,U00430,0,,0.0002,0
TX_0000511,2026-01-21 17:04:01,U00575,U01585,0,,0.0002,0
TX_0000512,2026-01-21 17:50:11,U01230,U00975,0,,0.0002,0
TX_0000513,2026-01-21 18:23:43,U01364,U00360,0,,1e-04,0
TX_0000514,2026-01-21 18:35:22,U00929,U01642,0,,0.0002,0
TX_0000515,2026-01-21 19:05:01,U01816,U00202,0,,0.0002,0
TX_0000516,2026-01-21 19:47:13,U00628,U01929,0,,0.0002,0
TX_0000517,2026-01-21 20:17:17,U01536,U01539,0,,0.0002,0
TX_0000518,2026-01-21 20:24:15,U00031,U00736,0,,1e-04,0
TX_0000519,2026-01-21 20:28:00,U01291,U00201,0,,0.0002,0
TX_0000520,2026-01-21 21:08:19,U01430,U01756,0,,1e-04,0
TX_0000521,2026-01-21 21:50:14,U00863,U00889,0,,0.0002,0
TX_0000522,2026-01-21 22:10:20,U00838,U01123,0,,1e-04,0
TX_0000523,2026-01-21 22:18:36,U01193,U01475,0,,1e-04,0
TX_0000524,2026-01-21 22:51:07,U01290,U00059,0,,0.0004,0
TX_0000525,2026-01-21 22:54:04,U00497,U01741,0,,1e-04,0
TX_0000526,2026-01-21 23:21:10,U01960,U00628,0,,1e-04,0
TX_0000527,2026-01-21 23:27:00,U00020,U01629,0,,0.0037,0
TX_0000528,2026-01-21 23:32:36,U00010,U00354,0,,0.0005,0
TX_0000529,2026-01-21 23:44:11,U01666,U00343,0,,0.0002,0
TX_0000530,2026-01-21 23:45:16,U01254,U00116,0,,0.0002,0
TX_0000531,2026-01-21 23:47:13,U00986,U01327,0,,0.0002,0
TX_0000532,2026-01-21 23:59:51,U01245,U01029,0,,1e-04,0
TX_0000533,2026-01-22 00:05:42,U01570,U01879,0,,0.0002,0
TX_0000534,2026-01-22 00:36:19,U01947,U00771,0,,0.0002,0
TX_0000535,2026-01-22 00:55:57,U00215,U00767,0,,1e-04,0
TX_0000536,2026-01-22 00:57:53,U00803,U01537,0,,0.0002,0
TX_0000537,2026-01-22 02:23:59,U00941,U00305,0,,0.0002,0
TX_0000538,2026-01-22 06:15:26,U00283,U00955,0,,0.0005,0
TX_0000539,2026-01-22 08:14:03,U00320,U00020,0,,0.0002,0
TX_0000540,2026-01-22 09:27:12,U01668,U00701,0,,0.0003,0
TX_0000541,2026-01-22 09:30:20,U00604,U00679,0,,1e-04,0
TX_0000542,2026-01-22 09:41:31,U00891,U01839,0,,0.0004,0
TX_0000543,2026-01-22 09:52:56,U00886,U01915,0,,1e-04,0
TX_0000544,2026-01-22 10:03:20,U01926,U00548,0,,0.0002,0
TX_0000545,2026-01-22 10:10:43,U00093,U00025,0,,1e-04,0
TX_0000546,2026-01-22 10:29:54,U01242,U00448,0,,0.0002,0
TX_0000547,2026-01-22 10:32:33,U00138,U00307,0,,0.0002,0
TX_0000548,2026-01-22 10:45:37,U01821,U01887,0,,0.0002,0
TX_0000549,2026-01-22 10:57:41,U00290,U00083,0,,0.0003,0
TX_0000550,2026-01-22 11:40:33,U00867,U01374,0,,0.0002,0
TX_0000551,2026-01-22 11:41:37,U00534,U01856,0,,0.0002,0
TX_0000552,2026-01-22 11:44:06,U01264,U00789,0,,0.0002,0
TX_0000553,2026-01-22 12:01:18,U00122,U01249,0,,1e-04,0
TX_0000554,2026-01-22 12:20:56,U00575,U00078,0,,1e-04,0
TX_0000555,2026-01-22 12:44:58,U00257,U01081,0,,1e-04,0
TX_0000556,2026-01-22 13:21:07,U00299,U01971,0,,0.0002,0
TX_0000557,2026-01-22 13:22:56,U00647,U00574,0,,0.0002,0
TX_0000558,2026-01-22 13:23:32,U01560,U01211,0,,1e-04,0
TX_0000559,2026-01-22 13:35:55,U01455,U01139,0,,0.0002,0
TX_0000560,2026-01-22 13:40:25,U01485,U01323,0,,0.0216,0
TX_0000561,2026-01-22 13:42:02,U00280,U00668,0,,0.0003,0
TX_0000562,2026-01-22 14:43:58,U00974,U00160,0,,0.0002,0
TX_0000563,2026-01-22 15:05:54,U00006,U00534,0,,1e-04,0
TX_0000564,2026-01-22 15:20:59,U01741,U01370,0,,0.0002,0
TX_0000565,2026-01-22 15:48:26,U01748,U00678,0,,0.0002,0
TX_0000566,2026-01-22 16:23:57,U00057,U00427,0,,1e-04,0
TX_0000567,2026-01-22 16:26:18,U01289,U01472,0,,0.0002,0
TX_0000568,2026-01-22 17:34:03,U01946,U01610,0,,0.0002,0
TX_0000569,2026-01-22 17:56:02,U00388,U00174,0,,0.0188,0
TX_0000570,2026-01-22 18:18:09,U00561,U01401,0,,0.0003,0
TX_0000571,2026-01-22 18:43:15,U00342,U00933,0,,0.0002,0
TX_0000572,2026-01-22 19:03:28,U01435,U00246,0,,0.0002,0
TX_0000573,2026-01-22 19:04:42,U00264,U00587,0,,0.0002,0
TX_0000574,2026-01-22 19:29:44,U00183,U01356,0,,0.0002,0
TX_0000575,2026-01-22 19:50:53,U01733,U00819,0,,1e-04,0
TX_0000576,2026-01-22 20:15:01,U00214,U01140,0,,0.0002,0
TX_0000577,2026-01-22 20:55:20,U00013,U00389,0,,0.0002,0
TX_0000578,2026-01-22 20:58:50,U01764,U01162,0,,0.0002,0
TX_0000579,2026-01-22 21:20:50,U01662,U00544,0,,1e-04,0
TX_0000580,2026-01-22 21:23:08,U00280,U00810,0,,1e-04,0
TX_0000581,2026-01-22 21:27:28,U00052,U01864,0,,0.0002,0
TX_0000582,2026-01-22 21:39:04,U01692,U01619,0,,0.0002,0
TX_0000583,2026-01-22 22:15:18,U01197,U01868,0,,0.0002,0
TX_0000584,2026-01-22 22:32:37,U01570,U01276,0,,1e-04,0
TX_0000585,2026-01-22 22:47:59,U00335,U01434,0,,1e-04,0
TX_0000586,2026-01-23 00:20:53,U00320,U00020,0,,0.0002,0
TX_0000587,2026-01-23 01:49:00,U00770,U00521,0,,1e-04,0
TX_0000588,2026-01-23 04:38:48,U00706,U00590,0,,1e-04,0
TX_0000589,2026-01-23 05:15:56,U01569,U00217,0,,1e-04,0
TX_0000590,2026-01-23 07:53:52,U00328,U01952,0,,0.0015,0
TX_0000591,2026-01-23 07:54:32,U00459,U00049,0,,0.0017,0
TX_0000592,2026-01-23 07:57:25,U01741,U00106,0,,0.0002,0
TX_0000593,2026-01-23 08:38:43,U00131,U01343,0,,0.0002,0
TX_0000594,2026-01-23 09:49:26,U00242,U01588,0,,1e-04,0
TX_0000595,2026-01-23 10:35:39,U00820,U01466,0,,0.0002,0
TX_0000596,2026-01-23 10:43:22,U01667,U01919,0,,0.0002,0
TX_0000597,2026-01-23 10:52:25,U00637,U01292,0,,0.0002,0
TX_0000598,2026-01-23 11:04:09,U01207,U00943,0,,0.0003,0
TX_0000599,2026-01-23 11:09:06,U00569,U00923,0,,0.1248,0
TX_0000600,2026-01-23 11:15:04,U00063,U00837,0,,0.0002,0
TX_0000601,2026-01-23 11:15:20,U00241,U00393,0,,0.0002,0
TX_0000602,2026-01-23 11:21:36,U00653,U00210,0,,0.0002,0
TX_0000603,2026-01-23 11:31:06,U01274,U01576,0,,0.0002,0
TX_0000604,2026-01-23 11:42:44,U01205,U01283,0,,0.0002,0
TX_0000605,2026-01-23 12:06:14,U00646,U01672,0,,0.0002,0
TX_0000606,2026-01-23 12:12:45,U00460,U00894,0,,0.0002,0
TX_0000607,2026-01-23 12:29:31,U00647,U01643,0,,1e-04,0
TX_0000608,2026-01-23 12:30:20,U00749,U00038,0,,0.0657,0
TX_0000609,2026-01-23 12:41:30,U01308,U01488,0,,0.0002,0
TX_0000610,2026-01-23 12:54:17,U01258,U01276,0,,0.0002,0
TX_0000611,2026-01-23 12:57:18,U01112,U01699,0,,0.0002,0
TX_0000612,2026-01-23 13:24:28,U01828,U00718,0,,0.0002,0
TX_0000613,2026-01-23 13:34:39,U01752,U00578,0,,0.0002,0
TX_0000614,2026-01-23 13:43:35,U00899,U01187,0,,1e-04,0
TX_0000615,2026-01-23 13:51:40,U00870,U00724,0,,0.0002,0
TX_0000616,2026-01-23 13:56:20,U01668,U00701,0,,0.0002,0
TX_0000617,2026-01-23 14:09:35,U01092,U00365,0,,0.0004,0
TX_0000618,2026-01-23 14:29:57,U00931,U00326,0,,1e-04,0
TX_0000619,2026-01-23 15:49:09,U01556,U00609,0,,1e-04,0
TX_0000620,2026-01-23 15:49:39,U01108,U00460,0,,0.0241,0
TX_0000621,2026-01-23 15:59:08,U01657,U01194,0,,1e-04,0
TX_0000622,2026-01-23 16:08:08,U01508,U01838,0,,1e-04,0
TX_0000623,2026-01-23 16:32:16,U00112,U01865,0,,0.0002,0
TX_0000624,2026-01-23 16:33:05,U01684,U01344,0,,0.0002,0
TX_0000625,2026-01-23 16:50:28,U00957,U00659,0,,1e-04,0
TX_0000626,2026-01-23 17:16:48,U01112,U00218,0,,1e-04,0
TX_0000627,2026-01-23 17:19:36,U00609,U01592,0,,0.0002,0
TX_0000628,2026-01-23 17:27:43,U00356,U01093,0,,0.0002,0
TX_0000629,2026-01-23 17:32:49,U00437,U01863,0,,0.0002,0
TX_0000630,2026-01-23 17:58:29,U01658,U00962,0,,0.0002,0
TX_0000631,2026-01-23 18:14:02,U01492,U00351,0,,0.0002,0
TX_0000632,2026-01-23 18:26:41,U00859,U01679,0,,0.0002,0
TX_0000633,2026-01-23 18:43:37,U01803,U00312,0,,0.0002,0
TX_0000634,2026-01-23 18:48:56,U00744,U01791,0,,0.0002,0
TX_0000635,2026-01-23 18:57:20,U01391,U01886,0,,1e-04,0
TX_0000636,2026-01-23 19:03:03,U00380,U00173,0,,0.0003,0
TX_0000637,2026-01-23 19:17:47,U01492,U00351,0,,1e-04,0
TX_0000638,2026-01-23 20:17:46,U00899,U01259,0,,1e-04,0
TX_0000639,2026-01-23 20:28:49,U00105,U01780,0,,0.0022,0
TX_0000640,2026-01-23 20:29:02,U01376,U00718,0,,0.0002,0
TX_0000641,2026-01-23 21:21:00,U01277,U01895,0,,0.0006,0
TX_0000642,2026-01-23 21:46:16,U00433,U01312,0,,0.0002,0
TX_0000643,2026-01-23 21:53:25,U00654,U01940,0,,0.0002,0
TX_0000644,2026-01-23 21:58:20,U00786,U01814,0,,1e-04,0
TX_0000645,2026-01-23 22:31:28,U00870,U01389,0,,1e-04,0
TX_0000646,2026-01-23 22:54:34,U01770,U01477,0,,1e-04,0
TX_0000647,2026-01-23 22:54:44,U00781,U01982,0,,1e-04,0
TX_0000648,2026-01-23 23:41:40,U00614,U00818,0,,1e-04,0
TX_0000649,2026-01-24 00:20:25,U00215,U00710,0,,1e-04,0
TX_0000650,2026-01-24 04:54:55,U01807,U01143,0,,1e-04,0
TX_0000651,2026-01-24 07:00:25,U01039,U00553,0,,0.0002,0
TX_0000652,2026-01-24 07:42:44,U00756,U00068,0,,0.0002,0
TX_0000653,2026-01-24 08:02:22,U00979,U01177,0,,1e-04,0
TX_0000654,2026-01-24 08:10:20,U00616,U01895,0,,0.0003,0
TX_0000655,2026-01-24 08:12:50,U01894,U01631,0,,1e-04,0
TX_0000656,2026-01-24 08:14:32,U01368,U00326,0,,1e-04,0
TX_0000657,2026-01-24 08:17:02,U00973,U01648,0,,0.1111,0
TX_0000658,2026-01-24 09:38:59,U01116,U00057,0,,1e-04,0
TX_0000659,2026-01-24 09:47:58,U01931,U01886,0,,0.0002,0
TX_0000660,2026-01-24 09:52:48,U00244,U01768,0,,0.0002,0
TX_0000661,2026-01-24 10:19:32,U01828,U00986,0,,0.0002,0
TX_0000662,2026-01-24 10:23:03,U00958,U01221,0,,0.0002,0
TX_0000663,2026-01-24 10:28:57,U01694,U01891,0,,0.0003,0
TX_0000664,2026-01-24 10:50:33,U00214,U00167,0,,0.0002,0
TX_0000665,2026-01-24 10:51:18,U00234,U00044,0,,0.0002,0
TX_0000666,2026-01-24 11:00:16,U00491,U01732,0,,0.0003,0
TX_0000667,2026-01-24 11:33:15,U00213,U00742,0,,0.0003,0
TX_0000668,2026-01-24 12:06:46,U01661,U01523,0,,1e-04,0
TX_0000669,2026-01-24 12:09:15,U00611,U01296,0,,0.0002,0
TX_0000670,2026-01-24 12:18:13,U01371,U00123,0,,0.0002,0
TX_0000671,2026-01-24 12:29:20,U00637,U00911,0,,0.0002,0
TX_0000672,2026-01-24 12:46:07,U00979,U00288,0,,1e-04,0
TX_0000673,2026-01-24 12:58:58,U00590,U01704,0,,0.0003,0
TX_0000674,2026-01-24 13:17:04,U01330,U01489,0,,0.0003,0
TX_0000675,2026-01-24 13:30:24,U01445,U00701,0,,0.0002,0
TX_0000676,2026-01-24 13:33:12,U01212,U00275,0,,1e-04,0
TX_0000677,2026-01-24 13:50:45,U01031,U00232,0,,0.1526,0
TX_0000678,2026-01-24 14:05:33,U00496,U00896,0,,0.0003,0
TX_0000679,2026-01-24 14:34:35,U00610,U01530,0,,0.0003,0
TX_0000680,2026-01-24 15:01:01,U01896,U01732,0,,1e-04,0
TX_0000681,2026-01-24 15:04:05,U01644,U01234,0,,0.0002,0
TX_0000682,2026-01-24 15:08:43,U01813,U01242,0,,0.0002,0
TX_0000683,2026-01-24 15:35:41,U01403,U00833,0,,0.0003,0
TX_0000684,2026-01-24 15:44:38,U01821,U01330,0,,0.0002,0
TX_0000685,2026-01-24 16:08:15,U01801,U00341,0,,0.0002,0
TX_0000686,2026-01-24 16:27:26,U01868,U00788,0,,0.0002,0
TX_0000687,2026-01-24 16:41:06,U00236,U00152,0,,0.0002,0
TX_0000688,2026-01-24 16:46:37,U00475,U01475,0,,0.0002,0
TX_0000689,2026-01-24 16:56:44,U00346,U00325,0,,0.0002,0
TX_0000690,2026-01-24 17:01:23,U00561,U00504,0,,1e-04,0
TX_0000691,2026-01-24 17:17:50,U00911,U01910,0,,0.0002,0
TX_0000692,2026-01-24 18:05:27,U01322,U00620,0,,1e-04,0
TX_0000693,2026-01-24 18:06:22,U00170,U01441,0,,0.0002,0
TX_0000694,2026-01-24 18:09:23,U00131,U00149,0,,1e-04,0
TX_0000695,2026-01-24 18:12:08,U00569,U01756,0,,1e-04,0
TX_0000696,2026-01-24 18:19:10,U00592,U00211,0,,0.0002,0
TX_0000697,2026-01-24 19:46:50,U00864,U00213,0,,0.0002,0
TX_0000698,2026-01-24 19:56:06,U01263,U01132,0,,0.0002,0
TX_0000699,2026-01-24 19:56:28,U01647,U01441,0,,0.0006,0
TX_0000700,2026-01-24 19:59:17,U00452,U00059,0,,0.0002,0
TX_0000701,2026-01-24 20:20:19,U01400,U00879,0,,1e-04,0
TX_0000702,2026-01-24 20:27:57,U01721,U00828,0,,0.0002,0
TX_0000703,2026-01-24 21:15:54,U00504,U00339,0,,0.0002,0
TX_0000704,2026-01-24 22:20:00,U01179,U01560,0,,1e-04,0
TX_0000705,2026-01-24 22:51:30,U01375,U01740,0,,0.0002,0
TX_0000706,2026-01-24 23:16:11,U01969,U01022,0,,0.03,0
TX_0000707,2026-01-24 23:41:46,U01449,U01860,0,,1e-04,0
TX_0000708,2026-01-25 00:06:16,U01581,U00280,0,,0.0003,0
TX_0000709,2026-01-25 00:10:32,U00199,U00768,0,,0.0002,0
TX_0000710,2026-01-25 00:22:51,U01483,U01609,0,,0.0004,0
TX_0000711,2026-01-25 00:31:41,U01885,U01877,0,,0.0003,0
TX_0000712,2026-01-25 00:51:09,U01532,U00070,0,,0.0002,0
TX_0000713,2026-01-25 01:46:08,U01027,U00303,0,,0.0002,0
TX_0000714,2026-01-25 03:19:17,U01611,U00798,0,,0.0002,0
TX_0000715,2026-01-25 05:11:22,U01031,U01151,0,,1e-04,0
TX_0000716,2026-01-25 07:02:08,U01394,U01054,0,,0.0494,0
TX_0000717,2026-01-25 07:02:37,U01623,U01548,0,,0.0002,0
TX_0000718,2026-01-25 07:06:37,U01970,U00815,0,,0.0002,0
TX_0000719,2026-01-25 07:10:24,U01604,U00638,0,,0.0002,0
TX_0000720,2026-01-25 07:30:26,U00654,U01581,0,,0.0006,0
TX_0000721,2026-01-25 07:45:05,U00413,U01276,0,,0.0002,0
TX_0000722,2026-01-25 08:01:38,U00787,U01975,0,,0.0032,0
TX_0000723,2026-01-25 08:21:58,U00080,U00713,0,,0.0337,0
TX_0000724,2026-01-25 08:40:06,U00865,U00690,0,,0.0002,0
TX_0000725,2026-01-25 09:01:11,U00749,U00612,0,,0.0002,0
TX_0000726,2026-01-25 09:01:51,U01850,U00113,0,,0.0016,0
TX_0000727,2026-01-25 09:08:36,U01154,U01961,0,,0.0002,0
TX_0000728,2026-01-25 09:34:00,U00178,U01239,0,,0.0002,0
TX_0000729,2026-01-25 09:41:42,U00287,U00420,0,,0.0002,0
TX_0000730,2026-01-25 10:16:35,U00468,U00482,0,,0.0004,0
TX_0000731,2026-01-25 10:52:30,U00465,U01950,0,,0.0002,0
TX_0000732,2026-01-25 11:00:58,U00756,U01044,0,,0.0063,0
TX_0000733,2026-01-25 11:32:21,U01863,U01923,0,,0.0003,0
TX_0000734,2026-01-25 12:11:10,U00280,U00668,0,,0.0002,0
TX_0000735,2026-01-25 12:39:31,U00126,U00229,0,,0.0002,0
TX_0000736,2026-01-25 12:45:24,U01498,U01939,0,,0.0002,0
TX_0000737,2026-01-25 13:33:58,U01451,U01029,0,,0.0003,0
TX_0000738,2026-01-25 13:37:18,U01351,U01788,0,,0.0002,0
TX_0000739,2026-01-25 13:46:55,U00292,U00992,0,,0.0003,0
TX_0000740,2026-01-25 14:09:02,U01389,U00621,0,,0.0003,0
TX_0000741,2026-01-25 14:17:09,U00153,U01171,0,,0.0002,0
TX_0000742,2026-01-25 14:18:54,U00527,U00136,0,,0.0003,0
TX_0000743,2026-01-25 14:25:43,U01885,U00659,0,,1e-04,0
TX_0000744,2026-01-25 14:34:30,U01403,U01449,0,,1e-04,0
TX_0000745,2026-01-25 14:36:45,U00423,U00773,0,,0.0002,0
TX_0000746,2026-01-25 15:00:50,U00167,U00250,0,,0.0003,0
TX_0000747,2026-01-25 15:12:09,U01894,U01702,0,,1e-04,0
TX_0000748,2026-01-25 15:28:07,U00044,U01622,0,,0.0002,0
TX_0000749,2026-01-25 15:47:41,U01270,U00173,0,,0.0002,0
TX_0000750,2026-01-25 15:52:45,U00805,U01974,0,,1e-04,0
TX_0000751,2026-01-25 16:01:37,U00575,U00895,0,,1e-04,0
TX_0000752,2026-01-25 16:34:35,U00840,U00146,0,,0.0002,0
TX_0000753,2026-01-25 16:43:24,U01103,U00852,0,,1e-04,0
TX_0000754,2026-01-25 16:53:06,U01077,U01199,0,,0.0002,0
TX_0000755,2026-01-25 17:21:23,U01941,U01774,0,,0.0004,0
TX_0000756,2026-01-25 17:33:16,U01238,U01036,0,,0.0002,0
TX_0000757,2026-01-25 17:54:42,U00928,U01614,0,,1e-04,0
TX_0000758,2026-01-25 17:58:54,U00666,U00746,0,,1e-04,0
TX_0000759,2026-01-25 18:02:36,U00434,U01955,0,,0.0002,0
TX_0000760,2026-01-25 18:08:32,U01661,U01523,0,,1e-04,0
TX_0000761,2026-01-25 18:14:35,U01459,U00614,0,,0.0002,0
TX_0000762,2026-01-25 18:22:16,U00626,U00396,0,,0.0006,0
TX_0000763,2026-01-25 18:25:19,U01061,U01934,0,,0.0002,0
TX_0000764,2026-01-25 19:06:57,U01236,U01227,0,,0.0002,0
TX_0000765,2026-01-25 19:07:06,U00640,U01717,0,,0.0261,0
TX_0000766,2026-01-25 19:17:05,U01414,U00587,0,,0.0002,0
TX_0000767,2026-01-25 19:53:02,U01183,U00269,0,,0.0002,0
TX_0000768,2026-01-25 19:54:51,U01493,U01883,0,,0.0002,0
TX_0000769,2026-01-25 20:14:32,U01985,U00277,0,,1e-04,0
TX_0000770,2026-01-25 20:16:52,U00506,U01002,0,,0.0002,0
TX_0000771,2026-01-25 20:28:16,U00951,U00269,0,,0.0004,0
TX_0000772,2026-01-25 21:13:29,U01059,U01941,0,,1e-04,0
TX_0000773,2026-01-25 21:16:47,U01405,U01143,0,,1e-04,0
TX_0000774,2026-01-25 21:19:49,U01939,U00087,0,,0.0004,0
TX_0000775,2026-01-25 21:21:14,U01396,U01060,0,,0.0002,0
TX_0000776,2026-01-25 21:34:19,U00667,U00259,0,,1e-04,0
TX_0000777,2026-01-25 21:51:16,U01864,U00758,0,,0.0002,0
TX_0000778,2026-01-25 22:24:55,U00899,U01259,0,,0.0004,0
TX_0000779,2026-01-25 22:26:58,U00268,U00868,0,,0.0002,0
TX_0000780,2026-01-25 22:41:12,U01905,U01974,0,,1e-04,0
TX_0000781,2026-01-25 22:53:35,U01394,U01054,0,,0.0002,0
TX_0000782,2026-01-25 23:28:34,U00097,U00307,0,,0.0003,0
TX_0000783,2026-01-25 23:37:46,U01552,U01779,0,,0.0002,0
TX_0000784,2026-01-25 23:57:58,U00021,U01919,0,,0.0002,0
TX_0000785,2026-01-26 00:17:07,U00550,U00878,0,,0.0004,0
TX_0000786,2026-01-26 00:40:50,U00986,U00291,0,,0.0003,0
TX_0000787,2026-01-26 00:57:05,U01904,U00559,0,,0.0004,0
TX_0000788,2026-01-26 01:37:48,U01509,U00113,0,,0.0003,0
TX_0000789,2026-01-26 03:14:03,U01506,U00008,0,,0.0004,0
TX_0000790,2026-01-26 04:42:14,U01436,U00395,0,,0.0002,0
TX_0000791,2026-01-26 07:23:09,U00141,U01713,0,,0.0004,0
TX_0000792,2026-01-26 07:24:56,U00736,U00675,0,,0.0023,0
TX_0000793,2026-01-26 07:38:26,U01144,U00620,0,,0.0003,0
TX_0000794,2026-01-26 07:50:14,U00671,U00932,0,,0.0004,0
TX_0000795,2026-01-26 08:14:10,U00264,U00587,0,,0.001,0
TX_0000796,2026-01-26 08:53:09,U00074,U00825,0,,0.0019,0
TX_0000797,2026-01-26 09:22:21,U00116,U01666,0,,0.0003,0
TX_0000798,2026-01-26 09:40:55,U01532,U01891,0,,0.0004,0
TX_0000799,2026-01-26 09:44:52,U00915,U00147,0,,0.0007,0
TX_0000800,2026-01-26 10:32:52,U01969,U01092,0,,0.0057,0
TX_0000801,2026-01-26 11:01:16,U01641,U00135,0,,0.0003,0
TX_0000802,2026-01-26 11:32:10,U00409,U01525,0,,0.001,0
TX_0000803,2026-01-26 12:06:49,U00975,U00281,0,,0.0004,0
TX_0000804,2026-01-26 12:18:58,U00426,U00757,0,,0.0007,0
TX_0000805,2026-01-26 12:29:27,U00891,U01863,0,,0.0002,0
TX_0000806,2026-01-26 12:32:27,U01240,U01053,0,,0.0005,0
TX_0000807,2026-01-26 12:40:07,U01968,U01738,0,,0.0124,0
TX_0000808,2026-01-26 12:50:38,U00513,U01082,0,,0.0003,0
TX_0000809,2026-01-26 13:09:19,U00215,U00904,0,,0.0002,0
TX_0000810,2026-01-26 13:40:55,U01927,U01355,0,,0.0005,0
TX_0000811,2026-01-26 13:41:41,U01501,U00081,0,,0.0007,0
TX_0000812,2026-01-26 14:02:59,U00677,U01998,0,,0.0004,0
TX_0000813,2026-01-26 14:12:54,U01498,U00464,0,,0.0002,0
TX_0000814,2026-01-26 14:20:17,U00313,U01293,0,,0.0002,0
TX_0000815,2026-01-26 14:30:33,U00334,U00445,0,,0.0003,0
TX_0000816,2026-01-26 14:42:41,U00020,U00149,0,,0.0014,0
TX_0000817,2026-01-26 15:29:19,U01190,U00336,0,,0.0003,0
TX_0000818,2026-01-26 15:41:51,U00864,U00848,0,,0.0003,0
TX_0000819,2026-01-26 15:45:26,U01391,U00731,0,,0.0002,0
TX_0000820,2026-01-26 16:21:59,U01106,U01900,0,,0.0005,0
TX_0000821,2026-01-26 16:33:02,U01636,U01838,0,,0.0002,0
TX_0000822,2026-01-26 17:09:08,U00465,U01950,0,,0.0002,0
TX_0000823,2026-01-26 17:09:57,U01592,U01323,0,,0.0003,0
TX_0000824,2026-01-26 17:44:19,U01249,U01864,0,,0.0002,0
TX_0000825,2026-01-26 17:47:24,U01121,U01307,0,,0.0003,0
TX_0000826,2026-01-26 17:54:53,U01165,U01921,0,,0.0016,0
TX_0000827,2026-01-26 18:11:35,U01565,U01122,0,,0.0015,0
TX_0000828,2026-01-26 18:15:44,U01261,U01312,0,,0.0006,0
TX_0000829,2026-01-26 18:26:01,U01092,U00691,0,,0.0002,0
TX_0000830,2026-01-26 18:36:39,U00307,U01983,0,,0.0003,0
TX_0000831,2026-01-26 18:38:07,U00967,U01536,0,,0.0003,0
TX_0000832,2026-01-26 18:46:53,U00958,U00053,0,,0.0002,0
TX_0000833,2026-01-26 18:57:08,U00669,U00980,0,,0.0003,0
TX_0000834,2026-01-26 18:58:32,U00819,U00984,0,,0.0002,0
TX_0000835,2026-01-26 19:24:17,U01838,U00538,0,,0.0006,0
TX_0000836,2026-01-26 19:39:54,U01830,U00746,0,,0.0004,0
TX_0000837,2026-01-26 19:47:34,U01809,U00257,0,,0.0233,0
TX_0000838,2026-01-26 20:12:35,U01975,U01165,0,,0.0002,0
TX_0000839,2026-01-26 20:15:35,U00376,U00648,0,,0.0005,0
TX_0000840,2026-01-26 20:45:14,U01527,U00599,0,,0.0006,0
TX_0000841,2026-01-26 20:53:02,U00994,U01330,0,,0.004,0
TX_0000842,2026-01-26 21:20:31,U01956,U00384,0,,0.0003,0
TX_0000843,2026-01-26 21:21:19,U00182,U01298,0,,0.0005,0
TX_0000844,2026-01-26 21:22:32,U00648,U00151,0,,0.0003,0
TX_0000845,2026-01-26 21:38:39,U00887,U00431,0,,0.0012,0
TX_0000846,2026-01-26 21:38:40,U00776,U01120,0,,0.0003,0
TX_0000847,2026-01-26 21:46:11,U01249,U01132,0,,0.0002,0
TX_0000848,2026-01-26 21:51:54,U01221,U00797,0,,0.0005,0
TX_0000849,2026-01-26 21:55:12,U00334,U01819,0,,0.0003,0
TX_0000850,2026-01-26 22:04:42,U01822,U00450,0,,0.0005,0
TX_0000851,2026-01-26 22:24:27,U00888,U01395,0,,0.0002,0
TX_0000852,2026-01-26 22:45:39,U01379,U01418,0,,0.0006,0
TX_0000853,2026-01-26 23:40:43,U01890,U00636,0,,0.0003,0
TX_0000854,2026-01-26 23:50:42,U00865,U00690,0,,0.0002,0
TX_0000855,2026-01-27 00:02:38,U01552,U01739,0,,0.0002,0
TX_0000856,2026-01-27 04:19:30,U01831,U01175,0,,1e-04,0
TX_0000857,2026-01-27 07:00:52,U01062,U01273,0,,0.0002,0
TX_0000858,2026-01-27 07:44:09,U01283,U01579,0,,0.0003,0
TX_0000859,2026-01-27 08:12:21,U01744,U01421,0,,0.0003,0
TX_0000860,2026-01-27 08:30:22,U00668,U00633,0,,0.0002,0
TX_0000861,2026-01-27 08:36:23,U00857,U01818,0,,0.0002,0
TX_0000862,2026-01-27 09:15:01,U01531,U01118,0,,1e-04,0
TX_0000863,2026-01-27 09:39:29,U00580,U00482,0,,0.0003,0
TX_0000864,2026-01-27 09:47:03,U00837,U00825,0,,0.0002,0
TX_0000865,2026-01-27 09:57:05,U00531,U00266,0,,0.0002,0
TX_0000866,2026-01-27 10:01:09,U00346,U01081,0,,1e-04,0
TX_0000867,2026-01-27 10:06:27,U00937,U01010,0,,0.0002,0
TX_0000868,2026-01-27 10:40:38,U00082,U01220,0,,0.0002,0
TX_0000869,2026-01-27 10:41:22,U01172,U01213,0,,0.0003,0
TX_0000870,2026-01-27 10:57:53,U00592,U00211,0,,0.0002,0
TX_0000871,2026-01-27 10:59:09,U01586,U01613,0,,0.0017,0
TX_0000872,2026-01-27 11:40:35,U01759,U01917,0,,0.0003,0
TX_0000873,2026-01-27 11:51:52,U01441,U00766,0,,0.0003,0
TX_0000874,2026-01-27 12:06:17,U00595,U00505,0,,0.0521,0
TX_0000875,2026-01-27 12:26:40,U00315,U00259,0,,0.0002,0
TX_0000876,2026-01-27 12:53:19,U01132,U01999,0,,0.0003,0
TX_0000877,2026-01-27 13:01:40,U01071,U00007,0,,0.0004,0
TX_0000878,2026-01-27 13:03:56,U00170,U00404,0,,1e-04,0
TX_0000879,2026-01-27 13:04:19,U00908,U00121,0,,0.0002,0
TX_0000880,2026-01-27 13:18:56,U01090,U01823,0,,0.0003,0
TX_0000881,2026-01-27 13:26:21,U00799,U00330,0,,1e-04,0
TX_0000882,2026-01-27 13:32:03,U00485,U01183,0,,1e-04,0
TX_0000883,2026-01-27 14:03:39,U00183,U00745,0,,1e-04,0
TX_0000884,2026-01-27 14:11:31,U01431,U00609,0,,1e-04,0
TX_0000885,2026-01-27 14:14:15,U00280,U00668,0,,0.0002,0
TX_0000886,2026-01-27 14:16:15,U00605,U01082,0,,0.0002,0
TX_0000887,2026-01-27 14:17:34,U00351,U01173,0,,0.0003,0
TX_0000888,2026-01-27 14:37:51,U00024,U00149,0,,0.0038,0
TX_0000889,2026-01-27 14:42:04,U00589,U00156,0,,0.0002,0
TX_0000890,2026-01-27 14:51:50,U00102,U00454,0,,0.0002,0
TX_0000891,2026-01-27 15:00:32,U00201,U00060,0,,0.0003,0
TX_0000892,2026-01-27 15:15:52,U01630,U01721,0,,1e-04,0
TX_0000893,2026-01-27 15:46:58,U01971,U00774,0,,0.0002,0
TX_0000894,2026-01-27 15:55:37,U01921,U01390,0,,0.0022,0
TX_0000895,2026-01-27 16:29:14,U00984,U00757,0,,0.0002,0
TX_0000896,2026-01-27 17:11:59,U00531,U00143,0,,1e-04,0
TX_0000897,2026-01-27 17:36:16,U01345,U00695,0,,1e-04,0
TX_0000898,2026-01-27 17:45:56,U01422,U01056,0,,0.0002,0
TX_0000899,2026-01-27 18:32:15,U01361,U01146,0,,0.0002,0
TX_0000900,2026-01-27 18:56:03,U01346,U01639,0,,1e-04,0
TX_0000901,2026-01-27 19:00:08,U01997,U01066,0,,0.0002,0
TX_0000902,2026-01-27 19:30:28,U00618,U00397,0,,1e-04,0
TX_0000903,2026-01-27 19:36:51,U00499,U01641,0,,0.0002,0
TX_0000904,2026-01-27 19:59:30,U01812,U00055,0,,1e-04,0
TX_0000905,2026-01-27 20:00:24,U01082,U01179,0,,0.0043,0
TX_0000906,2026-01-27 20:25:49,U01636,U01838,0,,1e-04,0
TX_0000907,2026-01-27 20:30:06,U01010,U00144,0,,0.0002,0
TX_0000908,2026-01-27 20:34:20,U01967,U00599,0,,0.0004,0
TX_0000909,2026-01-27 20:51:04,U01657,U00821,0,,1e-04,0
TX_0000910,2026-01-27 21:00:39,U00693,U01183,0,,0.0002,0
TX_0000911,2026-01-27 21:01:59,U00605,U01768,0,,1e-04,0
TX_0000912,2026-01-27 21:32:58,U00796,U01176,0,,0.0003,0
TX_0000913,2026-01-27 21:36:30,U01925,U00851,0,,1e-04,0
TX_0000914,2026-01-27 22:02:20,U00819,U00036,0,,0.0002,0
TX_0000915,2026-01-27 23:01:59,U00565,U01163,0,,1e-04,0
TX_0000916,2026-01-27 23:33:34,U01451,U00153,0,,0.0002,0
TX_0000917,2026-01-27 23:40:33,U01428,U00858,0,,1e-04,0
TX_0000918,2026-01-27 23:51:08,U00095,U00592,0,,1e-04,0
TX_0000919,2026-01-28 00:07:53,U00768,U00886,0,,0.0003,0
TX_0000920,2026-01-28 00:30:32,U00508,U00716,0,,0.0013,0
TX_0000921,2026-01-28 00:49:16,U00129,U01849,0,,0.0002,0
TX_0000922,2026-01-28 03:57:09,U00509,U01246,0,,0.0004,0
TX_0000923,2026-01-28 06:05:25,U01851,U01626,0,,0.0002,0
TX_0000924,2026-01-28 07:29:22,U01863,U01923,0,,0.0002,0
TX_0000925,2026-01-28 07:35:19,U01376,U00101,0,,0.0004,0
TX_0000926,2026-01-28 07:43:03,U00114,U00049,0,,0.0003,0
TX_0000927,2026-01-28 08:02:40,U00993,U01380,0,,0.0004,0
TX_0000928,2026-01-28 08:20:18,U00295,U00166,0,,0.0002,0
TX_0000929,2026-01-28 08:50:27,U01948,U01959,0,,0.0002,0
TX_0000930,2026-01-28 08:52:21,U00236,U00069,0,,1e-04,0
TX_0000931,2026-01-28 08:54:37,U00449,U01297,0,,1e-04,0
TX_0000932,2026-01-28 08:58:05,U00812,U00786,0,,0.0002,0
TX_0000933,2026-01-28 09:07:43,U00465,U01402,0,,0.0002,0
TX_0000934,2026-01-28 09:18:00,U01257,U01322,0,,0.0002,0
TX_0000935,2026-01-28 09:23:36,U01213,U01417,0,,0.0002,0
TX_0000936,2026-01-28 09:26:53,U01960,U00033,0,,0.0002,0
TX_0000937,2026-01-28 09:27:14,U01983,U00349,0,,0.0003,0
TX_0000938,2026-01-28 09:52:59,U01885,U00659,0,,0.0002,0
TX_0000939,2026-01-28 10:46:25,U00223,U01757,0,,1e-04,0
TX_0000940,2026-01-28 11:05:26,U01347,U01747,0,,0.0837,0
TX_0000941,2026-01-28 11:06:27,U01537,U00850,0,,0.0003,0
TX_0000942,2026-01-28 11:06:36,U00413,U01276,0,,1e-04,0
TX_0000943,2026-01-28 11:23:54,U00831,U00709,0,,0.0002,0
TX_0000944,2026-01-28 11:27:45,U00157,U00560,0,,0.0002,0
TX_0000945,2026-01-28 11:37:42,U00641,U00469,0,,0.0003,0
TX_0000946,2026-01-28 11:40:46,U00391,U01114,0,,0.0004,0
TX_0000947,2026-01-28 11:53:26,U00810,U00246,0,,0.0002,0
TX_0000948,2026-01-28 12:11:01,U00670,U00920,0,,0.0002,0
TX_0000949,2026-01-28 12:16:36,U00328,U01199,0,,0.0002,0
TX_0000950,2026-01-28 12:18:04,U01549,U00753,0,,0.0013,0
TX_0000951,2026-01-28 12:23:43,U01283,U01194,0,,0.0002,0
TX_0000952,2026-01-28 12:39:22,U01851,U01649,0,,1e-04,0
TX_0000953,2026-01-28 13:42:19,U00990,U01863,0,,1e-04,0
TX_0000954,2026-01-28 13:46:47,U00315,U00349,0,,0.0011,0
TX_0000955,2026-01-28 13:54:56,U00430,U01230,0,,0.0002,0
TX_0000956,2026-01-28 15:14:18,U01437,U00157,0,,0.0002,0
TX_0000957,2026-01-28 15:48:53,U00291,U00084,0,,0.0002,0
TX_0000958,2026-01-28 16:20:00,U01197,U01868,0,,1e-04,0
TX_0000959,2026-01-28 16:21:45,U01917,U00116,0,,0.0002,0
TX_0000960,2026-01-28 17:00:39,U01156,U01394,0,,1e-04,0
TX_0000961,2026-01-28 17:27:38,U00129,U00565,0,,0.0003,0
TX_0000962,2026-01-28 17:41:03,U01317,U00355,0,,0.0002,0
TX_0000963,2026-01-28 18:25:54,U01286,U01501,0,,1e-04,0
TX_0000964,2026-01-28 18:46:55,U01687,U01753,0,,0.0002,0
TX_0000965,2026-01-28 18:47:08,U00416,U00044,0,,0.0002,0
TX_0000966,2026-01-28 18:51:15,U01529,U00036,0,,0.0002,0
TX_0000967,2026-01-28 19:08:40,U01105,U00097,0,,0.0002,0
TX_0000968,2026-01-28 19:13:35,U00773,U01054,0,,0.0002,0
TX_0000969,2026-01-28 19:14:31,U00580,U01075,0,,0.0002,0
TX_0000970,2026-01-28 19:22:15,U01480,U00314,0,,1e-04,0
TX_0000971,2026-01-28 19:23:44,U01370,U01374,0,,0.0002,0
TX_0000972,2026-01-28 19:23:51,U01901,U00811,0,,1e-04,0
TX_0000973,2026-01-28 19:28:09,U01221,U00930,0,,0.0002,0
TX_0000974,2026-01-28 19:36:59,U01896,U01210,0,,1e-04,0
TX_0000975,2026-01-28 19:49:04,U01295,U01821,0,,0.0018,0
TX_0000976,2026-01-28 19:59:54,U00479,U00910,0,,0.0002,0
TX_0000977,2026-01-28 20:17:37,U01621,U00347,0,,0.0002,0
TX_0000978,2026-01-28 20:20:30,U00819,U01686,0,,0.0002,0
TX_0000979,2026-01-28 20:24:23,U00339,U01098,0,,0.0002,0
TX_0000980,2026-01-28 20:35:07,U00796,U01185,0,,0.0002,0
TX_0000981,2026-01-28 20:37:18,U00341,U01681,0,,0.0002,0
TX_0000982,2026-01-28 20:43:49,U01751,U01348,0,,1e-04,0
TX_0000983,2026-01-28 21:23:41,U00530,U00815,0,,0.0002,0
TX_0000984,2026-01-28 21:37:14,U00467,U00905,0,,0.0002,0
TX_0000985,2026-01-28 22:08:21,U01492,U01892,0,,1e-04,0
TX_0000986,2026-01-28 22:14:52,U00867,U01519,0,,0.0002,0
TX_0000987,2026-01-28 22:59:29,U01876,U01968,0,,1e-04,0
TX_0000988,2026-01-29 00:11:32,U00512,U00324,0,,0.0003,0
TX_0000989,2026-01-29 00:53:40,U01687,U01590,0,,0.001,0
TX_0000990,2026-01-29 03:59:51,U01977,U01052,0,,0.0135,0
TX_0000991,2026-01-29 04:42:26,U00196,U00577,0,,0.0003,0
TX_0000992,2026-01-29 05:05:27,U00458,U00633,0,,0.0002,0
TX_0000993,2026-01-29 05:28:17,U01252,U00664,0,,1e-04,0
TX_0000994,2026-01-29 05:50:44,U00151,U01551,0,,0.001,0
TX_0000995,2026-01-29 06:16:29,U01864,U00758,0,,0.0002,0
TX_0000996,2026-01-29 07:48:13,U01603,U00752,0,,1e-04,0
TX_0000997,2026-01-29 08:05:44,U00894,U01336,0,,0.0003,0
TX_0000998,2026-01-29 08:28:29,U00664,U01102,0,,0.0002,0
TX_0000999,2026-01-29 09:09:54,U01997,U01328,0,,0.0002,0
TX_0001000,2026-01-29 09:17:05,U00470,U00708,0,,1e-04,0
TX_0001001,2026-01-29 09:24:58,U01860,U00965,0,,0.0002,0
TX_0001002,2026-01-29 09:27:00,U00444,U01805,0,,0.0002,0
TX_0001003,2026-01-29 09:43:23,U01066,U00537,0,,0.0003,0
TX_0001004,2026-01-29 09:50:33,U01202,U01156,0,,1e-04,0
TX_0001005,2026-01-29 09:58:55,U00943,U01223,0,,0.0003,0
TX_0001006,2026-01-29 10:19:20,U01152,U01727,0,,0.0003,0
TX_0001007,2026-01-29 10:26:55,U01836,U01608,0,,0.0003,0
TX_0001008,2026-01-29 10:27:55,U00355,U01701,0,,0.0002,0
TX_0001009,2026-01-29 10:39:44,U00474,U00616,0,,0.0002,0
TX_0001010,2026-01-29 10:39:47,U00291,U00069,0,,0.0002,0
TX_0001011,2026-01-29 11:30:49,U01122,U00358,0,,0.0003,0
TX_0001012,2026-01-29 11:39:28,U00693,U00457,0,,0.0002,0
TX_0001013,2026-01-29 11:42:45,U01504,U00350,0,,0.0005,0
TX_0001014,2026-01-29 12:48:44,U00820,U01602,0,,0.0002,0
TX_0001015,2026-01-29 12:52:00,U01491,U01062,0,,0.0002,0
TX_0001016,2026-01-29 13:11:40,U00396,U00057,0,,0.0008,0
TX_0001017,2026-01-29 14:06:44,U01405,U00691,0,,1e-04,0
TX_0001018,2026-01-29 14:11:20,U01896,U01403,0,,0.0003,0
TX_0001019,2026-01-29 14:11:35,U01825,U00549,0,,0.0002,0
TX_0001020,2026-01-29 14:28:40,U01183,U00807,0,,0.0002,0
TX_0001021,2026-01-29 14:30:31,U00952,U01889,0,,0.0002,0
TX_0001022,2026-01-29 15:03:30,U00647,U01643,0,,1e-04,0
TX_0001023,2026-01-29 15:22:16,U00275,U01306,0,,0.0002,0
TX_0001024,2026-01-29 15:36:36,U01072,U01960,0,,0.0002,0
TX_0001025,2026-01-29 16:06:30,U01031,U00935,0,,0.0002,0
TX_0001026,2026-01-29 17:03:21,U00104,U00029,0,,0.0035,0
TX_0001027,2026-01-29 17:08:56,U01203,U00263,0,,0.0002,0
TX_0001028,2026-01-29 17:17:22,U00018,U01157,0,,0.0002,0
TX_0001029,2026-01-29 17:18:58,U01882,U01611,0,,1e-04,0
TX_0001030,2026-01-29 17:19:59,U01051,U01508,0,,1e-04,0
TX_0001031,2026-01-29 17:27:44,U01155,U00902,0,,0.0002,0
TX_0001032,2026-01-29 17:50:27,U00819,U01545,0,,0.0002,0
TX_0001033,2026-01-29 17:50:36,U01061,U01650,0,,1e-04,0
TX_0001034,2026-01-29 18:19:01,U00740,U00337,0,,0.0002,0
TX_0001035,2026-01-29 18:36:05,U01140,U01611,0,,0.0002,0
TX_0001036,2026-01-29 18:42:09,U00749,U01754,0,,1e-04,0
TX_0001037,2026-01-29 18:50:57,U01911,U00478,0,,0.0611,0
TX_0001038,2026-01-29 19:02:17,U01754,U01226,0,,0.0006,0
TX_0001039,2026-01-29 19:59:12,U00307,U01920,0,,0.0002,0
TX_0001040,2026-01-29 20:09:41,U01088,U00786,0,,0.0002,0
TX_0001041,2026-01-29 20:12:42,U00682,U00627,0,,0.0002,0
TX_0001042,2026-01-29 20:28:32,U00973,U01616,0,,1e-04,0
TX_0001043,2026-01-29 20:47:15,U00337,U00227,0,,0.0002,0
TX_0001044,2026-01-29 21:03:14,U01088,U01809,0,,1e-04,0
TX_0001045,2026-01-29 21:11:07,U00882,U01437,0,,0.0003,0
TX_0001046,2026-01-29 21:20:48,U01391,U00654,0,,1e-04,0
TX_0001047,2026-01-29 21:21:10,U01055,U00607,0,,0.0002,0
TX_0001048,2026-01-29 21:21:46,U00967,U00284,0,,1e-04,0
TX_0001049,2026-01-29 21:27:00,U00454,U00609,0,,1e-04,0
TX_0001050,2026-01-29 21:31:15,U00129,U00565,0,,0.0002,0
TX_0001051,2026-01-29 21:39:45,U01562,U00223,0,,0.0002,0
TX_0001052,2026-01-29 21:39:59,U01582,U00190,0,,0.0015,0
TX_0001053,2026-01-29 21:46:19,U00148,U00366,0,,1e-04,0
TX_0001054,2026-01-29 21:52:20,U00601,U00914,0,,0.0002,0
TX_0001055,2026-01-29 22:18:41,U00247,U01762,0,,1e-04,0
TX_0001056,2026-01-29 22:36:21,U00147,U00185,0,,0.0002,0
TX_0001057,2026-01-29 22:46:57,U01467,U00799,0,,0.0002,0
TX_0001058,2026-01-29 23:05:19,U00653,U01531,0,,1e-04,0
TX_0001059,2026-01-29 23:45:04,U01362,U01078,0,,1e-04,0
TX_0001060,2026-01-29 23:58:12,U01423,U01986,0,,1e-04,0
TX_0001061,2026-01-30 00:18:21,U00742,U01433,0,,0.002,0
TX_0001062,2026-01-30 00:44:36,U00326,U01164,0,,0.0005,0
TX_0001063,2026-01-30 00:59:33,U00207,U00949,0,,0.0002,0
TX_0001064,2026-01-30 01:52:43,U01744,U01225,0,,0.0008,0
TX_0001065,2026-01-30 05:01:47,U00356,U01873,0,,0.0005,0
TX_0001066,2026-01-30 07:11:36,U01815,U01535,0,,0.0002,0
TX_0001067,2026-01-30 07:34:58,U00506,U01837,0,,0.0002,0
TX_0001068,2026-01-30 08:02:18,U01287,U01882,0,,1e-04,0
TX_0001069,2026-01-30 08:07:09,U00264,U00587,0,,0.0002,0
TX_0001070,2026-01-30 08:15:24,U00575,U00026,0,,0.0002,0
TX_0001071,2026-01-30 08:40:31,U00815,U01774,0,,0.0028,0
TX_0001072,2026-01-30 08:46:14,U00820,U00488,0,,1e-04,0
TX_0001073,2026-01-30 08:50:58,U01405,U01531,0,,0.0002,0
TX_0001074,2026-01-30 08:52:51,U00152,U01200,0,,0.0002,0
TX_0001075,2026-01-30 08:58:56,U01305,U00410,0,,0.0002,0
TX_0001076,2026-01-30 08:59:31,U01070,U01808,0,,0.0002,0
TX_0001077,2026-01-30 09:05:44,U00569,U01756,0,,1e-04,0
TX_0001078,2026-01-30 09:14:53,U00786,U00036,0,,0.0002,0
TX_0001079,2026-01-30 09:16:27,U00775,U01178,0,,0.0007,0
TX_0001080,2026-01-30 09:28:47,U00159,U00961,0,,0.0002,0
TX_0001081,2026-01-30 09:29:32,U00550,U01547,0,,0.0002,0
TX_0001082,2026-01-30 10:34:24,U01424,U01092,0,,0.0005,0
TX_0001083,2026-01-30 10:45:35,U00474,U01829,0,,0.0002,0
TX_0001084,2026-01-30 10:55:10,U00538,U01717,0,,0.0002,0
TX_0001085,2026-01-30 11:37:38,U00911,U00193,0,,0.0002,0
TX_0001086,2026-01-30 11:47:38,U00715,U00327,0,,0.0003,0
TX_0001087,2026-01-30 12:21:48,U01674,U01889,0,,1e-04,0
TX_0001088,2026-01-30 13:00:55,U00287,U00528,0,,0.0002,0
TX_0001089,2026-01-30 13:07:42,U00603,U00925,0,,0.0002,0
TX_0001090,2026-01-30 13:16:29,U00275,U00416,0,,0.0002,0
TX_0001091,2026-01-30 13:17:07,U01451,U00153,0,,0.0002,0
TX_0001092,2026-01-30 13:39:13,U01257,U01551,0,,0.0004,0
TX_0001093,2026-01-30 13:41:04,U01596,U00769,0,,0.0002,0
TX_0001094,2026-01-30 14:03:14,U00378,U00543,0,,0.0002,0
TX_0001095,2026-01-30 14:18:17,U01370,U00462,0,,0.0002,0
TX_0001096,2026-01-30 14:18:31,U00677,U01660,0,,1e-04,0
TX_0001097,2026-01-30 14:21:19,U01584,U01572,0,,0.0007,0
TX_0001098,2026-01-30 14:24:11,U01881,U00435,0,,0.0708,0
TX_0001099,2026-01-30 14:36:18,U00884,U00725,0,,0.0002,0
TX_0001100,2026-01-30 14:39:28,U01525,U01063,0,,0.0002,0
TX_0001101,2026-01-30 14:49:10,U00915,U01739,0,,1e-04,0
TX_0001102,2026-01-30 14:52:29,U00102,U01295,0,,1e-04,0
TX_0001103,2026-01-30 14:55:01,U00163,U00177,0,,0.0003,0
TX_0001104,2026-01-30 15:03:22,U00971,U01971,0,,0.0002,0
TX_0001105,2026-01-30 15:08:51,U01984,U00507,0,,0.0002,0
TX_0001106,2026-01-30 15:26:20,U00775,U01757,0,,0.0002,0
TX_0001107,2026-01-30 15:35:22,U01057,U00913,0,,0.0002,0
TX_0001108,2026-01-30 15:40:15,U00725,U00685,0,,0.0002,0
TX_0001109,2026-01-30 15:49:10,U01088,U01686,0,,0.0004,0
TX_0001110,2026-01-30 16:06:54,U00906,U01874,0,,0.0002,0
TX_0001111,2026-01-30 16:09:49,U00271,U00358,0,,0.0015,0
TX_0001112,2026-01-30 16:17:57,U01785,U00122,0,,0.0002,0
TX_0001113,2026-01-30 16:22:59,U00686,U00317,0,,0.0005,0
TX_0001114,2026-01-30 16:27:20,U00232,U01944,0,,0.0002,0
TX_0001115,2026-01-30 17:24:00,U01809,U00978,0,,0.0002,0
TX_0001116,2026-01-30 17:27:21,U00837,U00867,0,,1e-04,0
TX_0001117,2026-01-30 17:29:59,U00668,U01836,0,,0.0002,0
TX_0001118,2026-01-30 17:35:52,U01202,U01016,0,,1e-04,0
TX_0001119,2026-01-30 17:39:11,U01532,U01905,0,,0.0002,0
TX_0001120,2026-01-30 17:51:28,U01391,U01516,0,,0.0002,0
TX_0001121,2026-01-30 17:52:47,U00734,U01520,0,,0.0002,0
TX_0001122,2026-01-30 18:24:34,U01640,U01090,0,,0.0002,0
TX_0001123,2026-01-30 18:28:32,U01799,U01295,0,,1e-04,0
TX_0001124,2026-01-30 18:28:59,U00477,U00845,0,,0.0032,0
TX_0001125,2026-01-30 18:29:10,U00919,U01943,0,,0.0002,0
TX_0001126,2026-01-30 18:29:43,U00137,U00426,0,,0.0002,0
TX_0001127,2026-01-30 18:33:05,U01610,U01184,0,,0.0002,0
TX_0001128,2026-01-30 18:38:11,U01238,U01036,0,,0.0002,0
TX_0001129,2026-01-30 18:43:22,U00450,U00733,0,,0.0002,0
TX_0001130,2026-01-30 18:56:56,U01569,U01286,0,,1e-04,0
TX_0001131,2026-01-30 19:01:41,U00043,U01341,0,,0.0003,0
TX_0001132,2026-01-30 19:21:28,U01547,U01801,0,,0.0003,0
TX_0001133,2026-01-30 19:27:36,U00851,U00284,0,,0.0002,0
TX_0001134,2026-01-30 19:43:02,U01972,U00937,0,,0.0002,0
TX_0001135,2026-01-30 19:43:48,U00543,U01799,0,,0.0002,0
TX_0001136,2026-01-30 19:48:41,U00335,U01434,0,,0.0002,0
TX_0001137,2026-01-30 19:56:41,U01399,U00999,0,,0.0002,0
TX_0001138,2026-01-30 19:57:42,U01938,U00894,0,,0.0002,0
TX_0001139,2026-01-30 20:13:05,U00681,U00305,0,,1e-04,0
TX_0001140,2026-01-30 20:15:18,U01394,U01054,0,,0.0006,0
TX_0001141,2026-01-30 20:19:33,U00941,U00231,0,,0.0004,0
TX_0001142,2026-01-30 20:31:23,U01636,U01838,0,,1e-04,0
TX_0001143,2026-01-30 20:33:00,U01378,U00899,0,,0.0002,0
TX_0001144,2026-01-30 20:34:50,U01227,U01519,0,,0.0002,0
TX_0001145,2026-01-30 20:46:48,U01252,U01101,0,,1e-04,0
TX_0001146,2026-01-30 20:59:43,U01424,U01696,0,,1e-04,0
TX_0001147,2026-01-30 21:59:16,U00162,U01203,0,,0.0002,0
TX_0001148,2026-01-30 22:08:57,U00993,U01234,0,,0.0002,0
TX_0001149,2026-01-30 22:16:24,U01350,U01873,0,,0.0002,0
TX_0001150,2026-01-30 22:45:44,U00681,U01846,0,,0.0002,0
TX_0001151,2026-01-30 23:30:31,U00794,U01463,0,,0.0002,0
TX_0001152,2026-01-30 23:30:50,U00441,U01782,0,,1e-04,0
TX_0001153,2026-01-30 23:41:12,U00006,U00534,0,,0.0002,0
TX_0001154,2026-01-30 23:45:36,U01674,U01889,0,,1e-04,0
TX_0001155,2026-01-31 00:45:51,U01485,U01575,0,,0.0002,0
TX_0001156,2026-01-31 01:02:17,U01783,U00104,0,,0.0006,0
TX_0001157,2026-01-31 01:16:41,U01121,U00160,0,,0.0002,0
TX_0001158,2026-01-31 01:28:12,U01028,U01462,0,,0.0006,0
TX_0001159,2026-01-31 01:33:32,U00913,U00521,0,,0.0003,0
TX_0001160,2026-01-31 01:51:15,U01721,U00052,0,,0.0002,0
TX_0001161,2026-01-31 02:53:26,U01132,U00085,0,,0.0002,0
TX_0001162,2026-01-31 03:09:48,U00076,U00291,0,,0.0002,0
TX_0001163,2026-01-31 04:08:26,U01721,U00052,0,,0.0002,0
TX_0001164,2026-01-31 04:59:30,U00220,U00284,0,,0.0003,0
TX_0001165,2026-01-31 05:45:06,U00693,U01183,0,,0.0002,0
TX_0001166,2026-01-31 06:16:50,U01343,U01463,0,,0.0023,0
TX_0001167,2026-01-31 07:14:12,U01363,U00082,0,,0.0003,0
TX_0001168,2026-01-31 07:16:51,U00860,U00152,0,,0.0005,0
TX_0001169,2026-01-31 07:19:06,U01225,U00004,0,,0.0022,0
TX_0001170,2026-01-31 07:19:29,U01771,U00759,0,,0.0004,0
TX_0001171,2026-01-31 07:20:42,U01477,U00530,0,,0.0002,0
TX_0001172,2026-01-31 07:22:31,U00147,U00359,0,,0.0003,0
TX_0001173,2026-01-31 07:36:54,U01517,U01090,0,,0.0003,0
TX_0001174,2026-01-31 07:57:31,U01447,U01330,0,,0.0006,0
TX_0001175,2026-01-31 07:58:04,U01117,U00178,0,,0.0002,0
TX_0001176,2026-01-31 08:01:47,U01579,U01630,0,,0.0002,0
TX_0001177,2026-01-31 08:30:32,U00804,U00811,0,,0.0003,0
TX_0001178,2026-01-31 08:43:01,U01419,U00782,0,,0.0003,0
TX_0001179,2026-01-31 08:46:54,U01507,U00588,0,,0.0104,0
TX_0001180,2026-01-31 08:58:47,U01401,U01530,0,,0.0002,0
TX_0001181,2026-01-31 09:13:44,U01761,U00437,0,,0.0072,0
TX_0001182,2026-01-31 09:35:49,U00336,U01572,0,,0.0003,0
TX_0001183,2026-01-31 09:39:16,U01674,U01889,0,,0.0002,0
TX_0001184,2026-01-31 09:57:15,U01211,U00670,0,,0.0018,0
TX_0001185,2026-01-31 10:14:13,U00201,U00060,0,,0.0003,0
TX_0001186,2026-01-31 10:19:27,U00341,U00780,0,,0.0003,0
TX_0001187,2026-01-31 10:22:12,U01799,U00766,0,,0.0002,0
TX_0001188,2026-01-31 10:24:38,U01474,U00822,0,,0.0002,0
TX_0001189,2026-01-31 10:26:27,U00403,U01204,0,,0.0004,0
TX_0001190,2026-01-31 10:30:41,U01859,U00025,0,,0.0007,0
TX_0001191,2026-01-31 11:00:12,U00146,U01748,0,,0.0002,0
TX_0001192,2026-01-31 11:14:59,U01297,U00038,0,,0.0069,0
TX_0001193,2026-01-31 11:16:50,U01259,U00409,0,,0.0078,0
TX_0001194,2026-01-31 11:42:46,U00455,U00378,0,,0.0003,0
TX_0001195,2026-01-31 11:56:48,U01073,U00507,0,,0.0004,0
TX_0001196,2026-01-31 12:00:00,U01458,U00379,1,RING_002,0.999,1
TX_0001197,2026-01-31 12:07:49,U00799,U01742,0,,0.0002,0
TX_0001198,2026-01-31 12:18:54,U00481,U00571,0,,0.0004,0
TX_0001199,2026-01-31 12:24:17,U01200,U00358,0,,0.0002,0
TX_0001200,2026-01-31 12:39:09,U00439,U00776,0,,0.0002,0
TX_0001201,2026-01-31 12:44:45,U01644,U00877,0,,0.0002,0
TX_0001202,2026-01-31 13:02:36,U01493,U00986,0,,0.0002,0
TX_0001203,2026-01-31 13:02:57,U00210,U01068,0,,0.0003,0
TX_0001204,2026-01-31 13:34:48,U00088,U00135,0,,0.0003,0
TX_0001205,2026-01-31 13:52:04,U00913,U01259,0,,0.0002,0
TX_0001206,2026-01-31 13:58:22,U00951,U01416,0,,0.0002,0
TX_0001207,2026-01-31 13:58:52,U00249,U01603,0,,0.0002,0
TX_0001208,2026-01-31 14:04:35,U01449,U01860,0,,0.0002,0
TX_0001209,2026-01-31 14:13:29,U00672,U00379,1,RING_002,0.9989,1
TX_0001210,2026-01-31 14:20:41,U00584,U00379,1,RING_002,0.9997,1
TX_0001211,2026-01-31 14:28:45,U00054,U00379,1,RING_002,0.9996,1
TX_0001212,2026-01-31 14:55:03,U00047,U00379,1,RING_002,0.9997,1
TX_0001213,2026-01-31 15:12:31,U00074,U01107,0,,0.0003,0
TX_0001214,2026-01-31 15:15:15,U00834,U00379,1,RING_002,0.9995,1
TX_0001215,2026-01-31 15:27:28,U00611,U00449,0,,0.0002,0
TX_0001216,2026-01-31 15:28:57,U01249,U01588,0,,0.0002,0
TX_0001217,2026-01-31 15:38:00,U01284,U01002,0,,0.0003,0
TX_0001218,2026-01-31 15:41:34,U00383,U00261,0,,0.0027,0
TX_0001219,2026-01-31 15:45:23,U00572,U01733,0,,0.0736,0
TX_0001220,2026-01-31 15:47:15,U00379,U00834,1,RING_002,0.9967,1
TX_0001221,2026-01-31 15:54:17,U00573,U01534,0,,0.0006,0
TX_0001222,2026-01-31 15:59:47,U01072,U00762,0,,0.0004,0
TX_0001223,2026-01-31 16:24:10,U01809,U00435,0,,0.0003,0
TX_0001224,2026-01-31 17:08:52,U00704,U00748,0,,0.0004,0
TX_0001225,2026-01-31 17:15:39,U00232,U01054,0,,0.0002,0
TX_0001226,2026-01-31 17:26:10,U01553,U01340,0,,0.0003,0
TX_0001227,2026-01-31 17:35:42,U00777,U00546,0,,0.0002,0
TX_0001228,2026-01-31 17:56:44,U00709,U00998,0,,0.0003,0
TX_0001229,2026-01-31 18:07:49,U01399,U01825,0,,0.0003,0
TX_0001230,2026-01-31 18:24:36,U00021,U00536,0,,0.0002,0
TX_0001231,2026-01-31 19:00:14,U00841,U01434,0,,0.0006,0
TX_0001232,2026-01-31 19:08:56,U00159,U01123,0,,0.0002,0
TX_0001233,2026-01-31 19:18:29,U00570,U01615,0,,0.0005,0
TX_0001234,2026-01-31 19:33:42,U00121,U00230,0,,0.0002,0
TX_0001235,2026-01-31 20:15:49,U00200,U00533,0,,0.0003,0
TX_0001236,2026-01-31 20:23:14,U00469,U01041,0,,0.0004,0
TX_0001237,2026-01-31 20:31:31,U01403,U01402,0,,0.0002,0
TX_0001238,2026-01-31 21:09:00,U00299,U01432,0,,0.0048,0
TX_0001239,2026-01-31 21:18:39,U01367,U00249,0,,0.0003,0
TX_0001240,2026-01-31 21:49:51,U01722,U00942,0,,0.0002,0
TX_0001241,2026-01-31 21:52:20,U00420,U00718,0,,0.0003,0
TX_0001242,2026-01-31 21:59:03,U01350,U00391,0,,0.0003,0
TX_0001243,2026-01-31 22:06:53,U01808,U01163,0,,0.0002,0
TX_0001244,2026-01-31 22:16:28,U00279,U00550,0,,0.0002,0
TX_0001245,2026-01-31 22:20:00,U00444,U00512,0,,0.0002,0
TX_0001246,2026-01-31 22:20:38,U01737,U01932,0,,0.0002,0
TX_0001247,2026-01-31 22:38:25,U00665,U01193,0,,0.0003,0
TX_0001248,2026-01-31 22:44:40,U00178,U01638,0,,0.0007,0
TX_0001249,2026-01-31 22:51:28,U01156,U00688,0,,0.0002,0
TX_0001250,2026-01-31 22:53:50,U01063,U00922,0,,0.0003,0
TX_0001251,2026-01-31 23:04:32,U01724,U00636,0,,0.0002,0
TX_0001252,2026-01-31 23:11:03,U00142,U00207,0,,0.0003,0
TX_0001253,2026-01-31 23:20:32,U01319,U01210,0,,0.0003,0
TX_0001254,2026-01-31 23:29:23,U01221,U00888,0,,0.0005,0
TX_0001255,2026-01-31 23:47:42,U01565,U01302,0,,0.0002,0
TX_0001256,2026-01-31 23:49:39,U01521,U00572,0,,0.0002,0
TX_0001257,2026-01-31 23:51:55,U01695,U01401,0,,0.0004,0
TX_0001258,2026-02-01 00:03:16,U01666,U01140,0,,0.0002,0
TX_0001259,2026-02-01 00:12:48,U01305,U01452,0,,0.0002,0
TX_0001260,2026-02-01 00:22:34,U01433,U01363,0,,0.0003,0
TX_0001261,2026-02-01 00:26:16,U00879,U00685,0,,0.0003,0
TX_0001262,2026-02-01 00:30:06,U00116,U00326,0,,0.0002,0
TX_0001263,2026-02-01 00:46:03,U01356,U01901,0,,0.0004,0
TX_0001264,2026-02-01 00:49:45,U00154,U00037,0,,0.0003,0
TX_0001265,2026-02-01 00:51:18,U01626,U00118,0,,0.0002,0
TX_0001266,2026-02-01 01:05:09,U00336,U01572,0,,0.0008,0
TX_0001267,2026-02-01 01:56:31,U01883,U01551,0,,0.0004,0
TX_0001268,2026-02-01 01:59:11,U01667,U00720,0,,0.0002,0
TX_0001269,2026-02-01 03:28:26,U01859,U00610,0,,0.0002,0
TX_0001270,2026-02-01 05:40:58,U00173,U01526,0,,0.0002,0
TX_0001271,2026-02-01 06:03:20,U00788,U01967,0,,0.0004,0
TX_0001272,2026-02-01 06:10:39,U00726,U01491,0,,0.0002,0
TX_0001273,2026-02-01 07:01:46,U01452,U01434,0,,0.0003,0
TX_0001274,2026-02-01 07:07:04,U00388,U00178,0,,1e-04,0
TX_0001275,2026-02-01 07:14:16,U00158,U00122,0,,0.0004,0
TX_0001276,2026-02-01 07:18:45,U00072,U01915,0,,0.0002,0
TX_0001277,2026-02-01 07:25:58,U00957,U01869,0,,0.0002,0
TX_0001278,2026-02-01 07:31:25,U00158,U01460,0,,0.0002,0
TX_0001279,2026-02-01 08:24:42,U00660,U00682,0,,0.0003,0
TX_0001280,2026-02-01 08:29:45,U01549,U00069,0,,0.0002,0
TX_0001281,2026-02-01 08:30:34,U00305,U01646,0,,0.0003,0
TX_0001282,2026-02-01 08:34:37,U00959,U01519,0,,0.0005,0
TX_0001283,2026-02-01 08:46:15,U00835,U00753,0,,0.0002,0
TX_0001284,2026-02-01 08:52:19,U01348,U01880,0,,0.0004,0
TX_0001285,2026-02-01 08:55:07,U00591,U01534,0,,0.0003,0
TX_0001286,2026-02-01 09:17:49,U01190,U00541,0,,0.0002,0
TX_0001287,2026-02-01 09:24:21,U01354,U00984,0,,0.0006,0
TX_0001288,2026-02-01 09:29:30,U01794,U01860,0,,0.0002,0
TX_0001289,2026-02-01 10:06:31,U00416,U01147,0,,0.0003,0
TX_0001290,2026-02-01 10:11:45,U00558,U00984,0,,0.0004,0
TX_0001291,2026-02-01 10:20:09,U00383,U01506,0,,0.0003,0
TX_0001292,2026-02-01 10:20:51,U00324,U00419,0,,0.0004,0
TX_0001293,2026-02-01 10:21:38,U01179,U01560,0,,0.0002,0
TX_0001294,2026-02-01 10:45:04,U01252,U01657,0,,0.0003,0
TX_0001295,2026-02-01 10:59:36,U01297,U01824,0,,0.0011,0
TX_0001296,2026-02-01 11:02:45,U01161,U00949,0,,0.0003,0
TX_0001297,2026-02-01 11:08:19,U00633,U01150,0,,0.0003,0
TX_0001298,2026-02-01 11:58:56,U01094,U01559,0,,0.0005,0
TX_0001299,2026-02-01 12:05:48,U00851,U00710,0,,0.0002,0
TX_0001300,2026-02-01 12:09:13,U00440,U00721,0,,0.0002,0
TX_0001301,2026-02-01 12:17:57,U01873,U01167,0,,0.0003,0
TX_0001302,2026-02-01 12:27:27,U00746,U00101,0,,0.0003,0
TX_0001303,2026-02-01 12:40:48,U00520,U01197,0,,0.0003,0
TX_0001304,2026-02-01 12:58:09,U00266,U01911,0,,0.0003,0
TX_0001305,2026-02-01 13:02:48,U00184,U01768,0,,0.0003,0
TX_0001306,2026-02-01 13:21:21,U00103,U00901,0,,0.0003,0
TX_0001307,2026-02-01 13:31:45,U01386,U01794,0,,0.0045,0
TX_0001308,2026-02-01 13:49:39,U00546,U00539,0,,0.0004,0
TX_0001309,2026-02-01 14:05:54,U01044,U00038,0,,0.0003,0
TX_0001310,2026-02-01 14:16:28,U01132,U00085,0,,0.0002,0
TX_0001311,2026-02-01 14:16:47,U00781,U00438,0,,0.0002,0
TX_0001312,2026-02-01 14:22:48,U00922,U00622,0,,0.0003,0
TX_0001313,2026-02-01 14:43:07,U00726,U01128,0,,1e-04,0
TX_0001314,2026-02-01 14:48:27,U00575,U01086,0,,0.0002,0
TX_0001315,2026-02-01 14:50:22,U01117,U01126,0,,0.0002,0
TX_0001316,2026-02-01 14:57:20,U01722,U00425,0,,0.0002,0
TX_0001317,2026-02-01 15:08:46,U01876,U01434,0,,0.0002,0
TX_0001318,2026-02-01 15:08:57,U01759,U01042,0,,0.0002,0
TX_0001319,2026-02-01 15:10:52,U01026,U00633,0,,0.007,0
TX_0001320,2026-02-01 15:21:34,U01655,U00573,0,,0.0003,0
TX_0001321,2026-02-01 16:27:32,U01291,U00201,0,,0.0003,0
TX_0001322,2026-02-01 16:34:57,U01537,U01065,0,,0.0003,0
TX_0001323,2026-02-01 16:37:50,U00444,U01024,0,,0.0002,0
TX_0001324,2026-02-01 16:51:02,U00590,U00250,0,,0.0003,0
TX_0001325,2026-02-01 16:52:00,U01162,U01771,0,,0.0003,0
TX_0001326,2026-02-01 17:05:36,U01232,U01456,0,,0.0002,0
TX_0001327,2026-02-01 17:16:35,U00860,U00787,0,,0.0002,0
TX_0001328,2026-02-01 17:18:10,U01568,U00043,0,,0.0031,0
TX_0001329,2026-02-01 18:31:36,U00244,U01140,0,,1e-04,0
TX_0001330,2026-02-01 18:32:54,U01939,U00570,0,,0.0002,0
TX_0001331,2026-02-01 18:55:44,U01803,U00312,0,,1e-04,0
TX_0001332,2026-02-01 19:19:04,U01144,U00620,0,,0.0002,0
TX_0001333,2026-02-01 19:26:13,U00646,U01229,0,,0.0002,0
TX_0001334,2026-02-01 19:27:31,U00946,U01437,0,,0.0111,0
TX_0001335,2026-02-01 19:31:44,U00226,U01040,0,,0.0002,0
TX_0001336,2026-02-01 19:43:02,U01362,U00117,0,,0.0002,0
TX_0001337,2026-02-01 19:55:30,U00016,U00528,0,,0.0002,0
TX_0001338,2026-02-01 20:20:00,U01270,U00173,0,,0.0004,0
TX_0001339,2026-02-01 20:20:02,U01184,U01195,0,,0.0002,0
TX_0001340,2026-02-01 20:21:33,U01083,U00372,0,,0.0003,0
TX_0001341,2026-02-01 20:22:45,U01517,U01090,0,,0.0002,0
TX_0001342,2026-02-01 20:34:48,U00734,U01520,0,,0.0002,0
TX_0001343,2026-02-01 20:40:22,U00028,U00578,0,,0.0002,0
TX_0001344,2026-02-01 20:49:43,U00908,U00491,0,,0.0002,0
TX_0001345,2026-02-01 20:51:30,U00227,U00630,0,,0.0003,0
TX_0001346,2026-02-01 20:59:03,U01977,U00487,0,,0.0002,0
TX_0001347,2026-02-01 21:10:00,U01941,U01800,0,,0.0002,0
TX_0001348,2026-02-01 22:13:54,U01894,U01253,0,,0.0002,0
TX_0001349,2026-02-01 22:22:06,U00477,U00172,0,,0.0003,0
TX_0001350,2026-02-01 22:35:17,U00699,U00689,0,,0.0002,0
TX_0001351,2026-02-01 22:43:38,U01553,U01334,0,,0.0002,0
TX_0001352,2026-02-01 22:46:28,U00746,U01298,0,,0.0002,0
TX_0001353,2026-02-01 23:11:44,U00691,U00315,0,,0.0002,0
TX_0001354,2026-02-01 23:17:40,U01042,U00768,0,,0.0002,0
TX_0001355,2026-02-01 23:30:00,U00487,U00896,0,,0.0002,0
TX_0001356,2026-02-01 23:36:49,U00886,U01915,0,,0.0002,0
TX_0001357,2026-02-01 23:39:02,U01889,U00193,0,,0.0002,0
TX_0001358,2026-02-01 23:40:18,U00320,U00704,0,,0.0002,0
TX_0001359,2026-02-01 23:43:22,U01934,U01241,0,,0.0003,0
TX_0001360,2026-02-01 23:53:31,U00147,U00499,0,,0.0002,0
TX_0001361,2026-02-01 23:57:29,U01188,U00875,0,,0.0002,0
TX_0001362,2026-02-02 00:06:52,U00045,U00013,0,,0.0004,0
TX_0001363,2026-02-02 00:07:26,U00305,U01077,0,,0.0006,0
TX_0001364,2026-02-02 00:12:14,U00840,U00208,0,,0.0004,0
TX_0001365,2026-02-02 00:32:04,U00095,U01501,0,,0.0003,0
TX_0001366,2026-02-02 00:47:00,U00388,U01084,0,,0.0003,0
TX_0001367,2026-02-02 00:52:36,U01051,U00107,0,,0.0006,0
TX_0001368,2026-02-02 02:57:10,U00018,U00293,0,,0.0007,0
TX_0001369,2026-02-02 04:05:59,U00978,U00528,0,,0.0004,0
TX_0001370,2026-02-02 07:16:19,U00564,U01838,0,,0.0002,0
TX_0001371,2026-02-02 07:19:54,U00076,U00631,0,,0.0004,0
TX_0001372,2026-02-02 07:20:45,U01950,U01990,0,,0.0005,0
TX_0001373,2026-02-02 07:37:53,U01742,U01639,0,,0.0003,0
TX_0001374,2026-02-02 07:44:50,U00923,U00473,0,,0.0003,0
TX_0001375,2026-02-02 07:57:00,U01197,U01868,0,,0.0002,0
TX_0001376,2026-02-02 08:00:58,U00791,U01157,0,,0.001,0
TX_0001377,2026-02-02 08:32:39,U00485,U01183,0,,0.0003,0
TX_0001378,2026-02-02 08:44:05,U01129,U00653,0,,0.0004,0
TX_0001379,2026-02-02 09:04:51,U01078,U01949,0,,0.0014,0
TX_0001380,2026-02-02 09:37:05,U00908,U01243,0,,0.0004,0
TX_0001381,2026-02-02 09:40:17,U01073,U00507,0,,0.0003,0
TX_0001382,2026-02-02 10:19:13,U00628,U01417,0,,0.0003,0
TX_0001383,2026-02-02 10:46:00,U00830,U00088,0,,0.0003,0
TX_0001384,2026-02-02 11:01:33,U01942,U00591,0,,0.0005,0
TX_0001385,2026-02-02 11:03:19,U01830,U00746,0,,0.0003,0
TX_0001386,2026-02-02 11:28:13,U00748,U00537,0,,0.0004,0
TX_0001387,2026-02-02 11:29:45,U00602,U00326,0,,0.0003,0
TX_0001388,2026-02-02 11:30:17,U01764,U00151,0,,0.0003,0
TX_0001389,2026-02-02 11:44:55,U01755,U00140,0,,0.247,1
TX_0001390,2026-02-02 11:57:28,U01122,U01155,0,,0.0003,0
TX_0001391,2026-02-02 11:58:19,U00985,U01099,0,,0.0005,0
TX_0001392,2026-02-02 12:08:54,U00674,U00158,0,,0.0005,0
TX_0001393,2026-02-02 12:16:06,U01950,U00100,0,,0.0004,0
TX_0001394,2026-02-02 12:28:37,U01236,U00098,0,,0.0003,0
TX_0001395,2026-02-02 12:37:05,U00826,U00598,0,,0.0005,0
TX_0001396,2026-02-02 12:37:32,U01826,U01624,0,,0.0023,0
TX_0001397,2026-02-02 12:38:37,U00731,U01688,0,,0.0005,0
TX_0001398,2026-02-02 12:42:57,U01831,U01899,0,,0.0004,0
TX_0001399,2026-02-02 12:53:59,U00348,U01260,0,,0.0004,0
TX_0001400,2026-02-02 12:56:18,U00231,U00814,0,,0.0032,0
TX_0001401,2026-02-02 12:56:31,U01440,U00951,0,,0.0004,0
TX_0001402,2026-02-02 13:11:59,U01218,U00607,0,,0.0007,0
TX_0001403,2026-02-02 13:18:51,U00916,U00811,0,,0.0006,0
TX_0001404,2026-02-02 13:22:32,U00674,U01151,0,,0.0015,0
TX_0001405,2026-02-02 13:23:53,U01366,U00642,0,,0.0007,0
TX_0001406,2026-02-02 13:24:06,U01361,U01146,0,,0.0003,0
TX_0001407,2026-02-02 13:41:34,U00307,U01983,0,,0.0002,0
TX_0001408,2026-02-02 13:57:13,U01915,U01322,0,,0.0003,0
TX_0001409,2026-02-02 14:15:24,U00329,U01475,0,,0.0004,0
TX_0001410,2026-02-02 14:23:16,U00084,U00324,0,,0.002,0
TX_0001411,2026-02-02 14:37:54,U00686,U00317,0,,0.0003,0
TX_0001412,2026-02-02 15:49:06,U01772,U01911,0,,0.0003,0
TX_0001413,2026-02-02 15:54:31,U00698,U01094,0,,0.0003,0
TX_0001414,2026-02-02 16:06:44,U01835,U00358,0,,0.0005,0
TX_0001415,2026-02-02 16:14:00,U00959,U01430,0,,0.0003,0
TX_0001416,2026-02-02 16:16:57,U01653,U00414,0,,0.0003,0
TX_0001417,2026-02-02 16:54:54,U01073,U00084,0,,0.0002,0
TX_0001418,2026-02-02 16:56:12,U01055,U01238,0,,0.0024,0
TX_0001419,2026-02-02 16:56:36,U01553,U01334,0,,0.0003,0
TX_0001420,2026-02-02 16:58:27,U01349,U01067,0,,0.0004,0
TX_0001421,2026-02-02 17:01:50,U01619,U00823,0,,0.0003,0
TX_0001422,2026-02-02 17:17:54,U00142,U00427,0,,0.001,0
TX_0001423,2026-02-02 17:21:43,U00061,U01537,0,,0.0002,0
TX_0001424,2026-02-02 17:38:18,U00121,U00136,0,,0.0003,0
TX_0001425,2026-02-02 17:46:21,U00868,U01460,0,,0.0026,0
TX_0001426,2026-02-02 17:54:24,U01103,U00852,0,,0.0003,0
TX_0001427,2026-02-02 17:54:41,U00935,U01934,0,,0.0003,0
TX_0001428,2026-02-02 17:55:03,U01674,U00891,0,,0.0003,0
TX_0001429,2026-02-02 18:10:59,U01521,U00572,0,,0.0002,0
TX_0001430,2026-02-02 18:31:00,U00586,U00731,0,,0.0005,0
TX_0001431,2026-02-02 18:52:35,U00573,U01534,0,,0.0003,0
TX_0001432,2026-02-02 18:57:21,U00770,U00521,0,,0.0003,0
TX_0001433,2026-02-02 19:28:33,U00272,U00680,0,,0.0004,0
TX_0001434,2026-02-02 19:39:30,U01824,U00076,0,,0.0018,0
TX_0001435,2026-02-02 19:51:34,U00446,U01188,0,,0.0006,0
TX_0001436,2026-02-02 20:16:02,U01996,U00266,0,,0.0038,0
TX_0001437,2026-02-02 20:17:18,U00658,U01529,0,,0.0004,0
TX_0001438,2026-02-02 20:18:12,U00113,U01210,0,,0.0004,0
TX_0001439,2026-02-02 20:25:07,U00771,U00837,0,,0.0003,0
TX_0001440,2026-02-02 20:26:30,U01517,U01838,0,,0.0003,0
TX_0001441,2026-02-02 20:41:26,U01467,U01575,0,,0.0003,0
TX_0001442,2026-02-02 20:53:33,U00609,U01272,0,,0.0004,0
TX_0001443,2026-02-02 20:59:07,U00964,U01220,0,,0.0004,0
TX_0001444,2026-02-02 21:03:04,U00771,U00837,0,,0.0004,0
TX_0001445,2026-02-02 21:21:04,U01363,U00082,0,,0.0002,0
TX_0001446,2026-02-02 21:22:38,U00898,U01273,0,,0.0256,0
TX_0001447,2026-02-02 21:46:16,U01291,U00201,0,,0.0002,0
TX_0001448,2026-02-02 22:13:29,U01055,U00689,0,,0.0004,0
TX_0001449,2026-02-02 22:19:43,U01264,U01816,0,,0.0002,0
TX_0001450,2026-02-02 22:20:20,U00350,U00435,0,,0.0005,0
TX_0001451,2026-02-02 22:23:24,U01261,U01312,0,,0.0004,0
TX_0001452,2026-02-02 22:44:49,U00283,U01472,0,,0.0003,0
TX_0001453,2026-02-02 22:53:14,U01096,U01707,0,,0.0302,0
TX_0001454,2026-02-02 23:03:42,U00532,U01264,0,,0.0006,0
TX_0001455,2026-02-02 23:11:14,U00487,U00514,0,,0.0021,0
TX_0001456,2026-02-02 23:43:04,U01753,U01634,0,,0.0004,0
TX_0001457,2026-02-03 00:00:41,U01537,U01835,0,,0.0002,0
TX_0001458,2026-02-03 00:05:25,U01803,U01681,0,,0.0003,0
TX_0001459,2026-02-03 00:15:49,U01097,U01636,0,,0.0003,0
TX_0001460,2026-02-03 00:23:58,U00167,U01990,0,,0.001,0
TX_0001461,2026-02-03 00:59:48,U01370,U00462,0,,0.0002,0
TX_0001462,2026-02-03 04:15:24,U01497,U00289,0,,0.0002,0
TX_0001463,2026-02-03 04:23:56,U01974,U01495,0,,0.0002,0
TX_0001464,2026-02-03 04:37:25,U00098,U00964,0,,0.0002,0
TX_0001465,2026-02-03 06:54:31,U00937,U01010,0,,0.0002,0
TX_0001466,2026-02-03 07:15:11,U00728,U01679,0,,1e-04,0
TX_0001467,2026-02-03 08:14:06,U01013,U01743,0,,0.0002,0
TX_0001468,2026-02-03 08:15:24,U01430,U01518,0,,0.0005,0
TX_0001469,2026-02-03 08:46:37,U01639,U00340,0,,0.0004,0
TX_0001470,2026-02-03 08:50:14,U00270,U00034,0,,1e-04,0
TX_0001471,2026-02-03 08:50:19,U00487,U01237,0,,0.0002,0
TX_0001472,2026-02-03 08:53:06,U00686,U00405,0,,0.0002,0
TX_0001473,2026-02-03 09:12:05,U00926,U00761,0,,1e-04,0
TX_0001474,2026-02-03 09:14:43,U00597,U00058,0,,1e-04,0
TX_0001475,2026-02-03 09:34:41,U01020,U01962,0,,1e-04,0
TX_0001476,2026-02-03 09:55:13,U01279,U00434,0,,0.0008,0
TX_0001477,2026-02-03 10:04:54,U01657,U00805,0,,0.0002,0
TX_0001478,2026-02-03 10:09:16,U01944,U01425,0,,0.0002,0
TX_0001479,2026-02-03 10:40:58,U01521,U00874,0,,0.0002,0
TX_0001480,2026-02-03 10:41:06,U00319,U01218,0,,0.0002,0
TX_0001481,2026-02-03 11:27:36,U00034,U01950,0,,0.0002,0
TX_0001482,2026-02-03 11:42:52,U01186,U01945,0,,0.0003,0
TX_0001483,2026-02-03 11:48:10,U01474,U00423,0,,0.0002,0
TX_0001484,2026-02-03 11:49:25,U00592,U00441,0,,0.0002,0
TX_0001485,2026-02-03 11:50:04,U00648,U00958,0,,0.0002,0
TX_0001486,2026-02-03 12:12:50,U00736,U00882,0,,0.0002,0
TX_0001487,2026-02-03 12:13:26,U00076,U00822,0,,0.0002,0
TX_0001488,2026-02-03 12:34:48,U01130,U00580,0,,0.0002,0
TX_0001489,2026-02-03 12:36:39,U00787,U00741,0,,0.0002,0
TX_0001490,2026-02-03 12:36:49,U00156,U00189,0,,0.0005,0
TX_0001491,2026-02-03 12:45:26,U00607,U00268,0,,0.0002,0
TX_0001492,2026-02-03 12:47:31,U01156,U00688,0,,0.0002,0
TX_0001493,2026-02-03 12:54:30,U00399,U00380,0,,0.0003,0
TX_0001494,2026-02-03 12:54:35,U00181,U01722,0,,0.0004,0
TX_0001495,2026-02-03 12:56:38,U00496,U00824,0,,0.0007,0
TX_0001496,2026-02-03 12:57:28,U01048,U01568,0,,0.0002,0
TX_0001497,2026-02-03 13:08:43,U01447,U01296,0,,0.0002,0
TX_0001498,2026-02-03 13:09:21,U00731,U01947,0,,1e-04,0
TX_0001499,2026-02-03 13:26:28,U00610,U00171,0,,0.0002,0
TX_0001500,2026-02-03 13:45:00,U01846,U00905,0,,0.0002,0
TX_0001501,2026-02-03 13:49:46,U00114,U01348,0,,0.0002,0
TX_0001502,2026-02-03 14:15:58,U01287,U01732,0,,1e-04,0
TX_0001503,2026-02-03 14:20:56,U00860,U00523,0,,0.0003,0
TX_0001504,2026-02-03 14:21:11,U00390,U00585,0,,0.0002,0
TX_0001505,2026-02-03 14:34:46,U01658,U00887,0,,0.0002,0
TX_0001506,2026-02-03 14:36:13,U00107,U01001,0,,0.0002,0
TX_0001507,2026-02-03 14:45:52,U00077,U00402,0,,1e-04,0
TX_0001508,2026-02-03 14:49:44,U00160,U00226,0,,0.0002,0
TX_0001509,2026-02-03 14:59:21,U00770,U00422,0,,1e-04,0
TX_0001510,2026-02-03 15:27:30,U00946,U01693,0,,0.0002,0
TX_0001511,2026-02-03 15:29:24,U01596,U01795,0,,0.0002,0
TX_0001512,2026-02-03 15:30:30,U00801,U00320,0,,0.0208,0
TX_0001513,2026-02-03 15:41:17,U01560,U00257,0,,0.0002,0
TX_0001514,2026-02-03 15:41:24,U01552,U00637,0,,0.0003,0
TX_0001515,2026-02-03 15:52:39,U00296,U01556,0,,0.0003,0
TX_0001516,2026-02-03 16:08:38,U01484,U00614,0,,0.0002,0
TX_0001517,2026-02-03 16:24:17,U01537,U00163,0,,0.0002,0
TX_0001518,2026-02-03 16:49:47,U01966,U01481,0,,0.0002,0
TX_0001519,2026-02-03 17:26:26,U00847,U01500,0,,0.0002,0
TX_0001520,2026-02-03 17:30:28,U00475,U01204,0,,0.0002,0
TX_0001521,2026-02-03 17:30:45,U00745,U00534,0,,0.0009,0
TX_0001522,2026-02-03 17:35:13,U01397,U00405,0,,1e-04,0
TX_0001523,2026-02-03 17:39:36,U01365,U01096,0,,0.0003,0
TX_0001524,2026-02-03 17:41:25,U00306,U01045,0,,0.0002,0
TX_0001525,2026-02-03 18:02:32,U00849,U01882,0,,1e-04,0
TX_0001526,2026-02-03 18:09:58,U00494,U01000,0,,0.0002,0
TX_0001527,2026-02-03 18:35:45,U00899,U00693,0,,0.0002,0
TX_0001528,2026-02-03 18:36:05,U01904,U00034,0,,1e-04,0
TX_0001529,2026-02-03 18:51:15,U01468,U01352,0,,0.0002,0
TX_0001530,2026-02-03 19:10:13,U00259,U00135,0,,0.0002,0
TX_0001531,2026-02-03 19:14:06,U00583,U01756,0,,0.0002,0
TX_0001532,2026-02-03 19:20:04,U00396,U00772,0,,0.0002,0
TX_0001533,2026-02-03 19:25:28,U01905,U01974,0,,0.0002,0
TX_0001534,2026-02-03 19:26:48,U01357,U00767,0,,0.0002,0
TX_0001535,2026-02-03 19:35:14,U00888,U01417,0,,0.0002,0
TX_0001536,2026-02-03 19:36:24,U01364,U00360,0,,1e-04,0
TX_0001537,2026-02-03 19:37:11,U01626,U00163,0,,1e-04,0
TX_0001538,2026-02-03 19:50:02,U01646,U01161,0,,1e-04,0
TX_0001539,2026-02-03 20:22:20,U00520,U00680,0,,1e-04,0
TX_0001540,2026-02-03 20:22:39,U01028,U01648,0,,0.0003,0
TX_0001541,2026-02-03 20:25:00,U01110,U01967,0,,0.0004,0
TX_0001542,2026-02-03 20:28:47,U00662,U00220,0,,0.0002,0
TX_0001543,2026-02-03 20:52:18,U00471,U00217,0,,0.0002,0
TX_0001544,2026-02-03 21:01:59,U00960,U00601,0,,0.0002,0
TX_0001545,2026-02-03 21:10:34,U00551,U00959,0,,1e-04,0
TX_0001546,2026-02-03 22:09:11,U01083,U01765,0,,0.0002,0
TX_0001547,2026-02-03 22:23:44,U01052,U00827,0,,0.0002,0
TX_0001548,2026-02-03 22:25:01,U01151,U00729,0,,0.0002,0
TX_0001549,2026-02-03 22:40:09,U01644,U01234,0,,1e-04,0
TX_0001550,2026-02-03 23:06:48,U01957,U00264,0,,0.0003,0
TX_0001551,2026-02-03 23:07:43,U01557,U01149,0,,1e-04,0
TX_0001552,2026-02-03 23:39:57,U01772,U00213,0,,1e-04,0
TX_0001553,2026-02-03 23:48:43,U00673,U00911,0,,0.0002,0
TX_0001554,2026-02-04 00:06:50,U00866,U00962,0,,0.0002,0
TX_0001555,2026-02-04 00:11:40,U00885,U00204,0,,0.0006,0
TX_0001556,2026-02-04 00:49:22,U00042,U01399,0,,0.0004,0
TX_0001557,2026-02-04 00:53:30,U01028,U00408,0,,1e-04,0
TX_0001558,2026-02-04 01:11:49,U01362,U01372,0,,0.0002,0
TX_0001559,2026-02-04 02:51:27,U01530,U00112,0,,0.0002,0
TX_0001560,2026-02-04 03:22:46,U00200,U01368,0,,0.0002,0
TX_0001561,2026-02-04 06:19:06,U00378,U00543,0,,0.0002,0
TX_0001562,2026-02-04 07:28:08,U01963,U01585,0,,1e-04,0
TX_0001563,2026-02-04 07:45:20,U00820,U01466,0,,1e-04,0
TX_0001564,2026-02-04 08:07:29,U00345,U01524,0,,0.0002,0
TX_0001565,2026-02-04 08:21:06,U00683,U00585,0,,0.0002,0
TX_0001566,2026-02-04 08:25:44,U01994,U01471,0,,0.0005,0
TX_0001567,2026-02-04 08:27:45,U01419,U00806,0,,0.0012,0
TX_0001568,2026-02-04 08:47:41,U00271,U00919,0,,1e-04,0
TX_0001569,2026-02-04 09:14:25,U01456,U00560,0,,0.0004,0
TX_0001570,2026-02-04 09:16:08,U01204,U01484,0,,0.0003,0
TX_0001571,2026-02-04 09:26:28,U01691,U00422,0,,1e-04,0
TX_0001572,2026-02-04 09:55:17,U01930,U00158,0,,0.0003,0
TX_0001573,2026-02-04 09:55:33,U00604,U01265,0,,0.0002,0
TX_0001574,2026-02-04 10:24:22,U00248,U01789,0,,0.0002,0
TX_0001575,2026-02-04 10:25:17,U00086,U01728,0,,0.0002,0
TX_0001576,2026-02-04 10:32:23,U00273,U01725,0,,0.0002,0
TX_0001577,2026-02-04 10:33:03,U01212,U00275,0,,0.0003,0
TX_0001578,2026-02-04 10:33:40,U01140,U00593,0,,0.0002,0
TX_0001579,2026-02-04 10:36:03,U00955,U01713,0,,0.0009,0
TX_0001580,2026-02-04 10:55:49,U00352,U00639,0,,0.0288,0
TX_0001581,2026-02-04 11:10:45,U00199,U01247,0,,0.0002,0
TX_0001582,2026-02-04 11:13:29,U01651,U01239,0,,0.0002,0
TX_0001583,2026-02-04 11:22:23,U01094,U01559,0,,0.0002,0
TX_0001584,2026-02-04 11:25:21,U01316,U01385,0,,0.0002,0
TX_0001585,2026-02-04 11:45:50,U00495,U01663,0,,0.0003,0
TX_0001586,2026-02-04 11:55:36,U00921,U00460,0,,0.0002,0
TX_0001587,2026-02-04 12:14:01,U00947,U00280,0,,1e-04,0
TX_0001588,2026-02-04 12:19:26,U00854,U01895,0,,0.0002,0
TX_0001589,2026-02-04 12:19:44,U01830,U00909,0,,0.0002,0
TX_0001590,2026-02-04 12:25:04,U00425,U00376,0,,0.0002,0
TX_0001591,2026-02-04 12:27:40,U01291,U00591,0,,0.0002,0
TX_0001592,2026-02-04 12:30:26,U01973,U00641,0,,0.0002,0
TX_0001593,2026-02-04 12:30:31,U01295,U00032,0,,0.0002,0
TX_0001594,2026-02-04 13:01:17,U00136,U00060,0,,0.0003,0
TX_0001595,2026-02-04 13:03:29,U00441,U01782,0,,0.0003,0
TX_0001596,2026-02-04 13:07:09,U01210,U00001,0,,0.0008,0
TX_0001597,2026-02-04 13:10:17,U00815,U01893,0,,0.0002,0
TX_0001598,2026-02-04 13:19:43,U01970,U01403,0,,1e-04,0
TX_0001599,2026-02-04 13:22:50,U01802,U01373,0,,0.0002,0
TX_0001600,2026-02-04 13:56:05,U00425,U01184,0,,0.0002,0
TX_0001601,2026-02-04 13:56:46,U00786,U01712,0,,0.0002,0
TX_0001602,2026-02-04 13:59:19,U00876,U00929,0,,0.0002,0
TX_0001603,2026-02-04 14:24:49,U00891,U01839,0,,0.0002,0
TX_0001604,2026-02-04 14:35:12,U01584,U01862,0,,1e-04,0
TX_0001605,2026-02-04 14:41:21,U00301,U01916,0,,0.0002,0
TX_0001606,2026-02-04 14:44:16,U02000,U00718,0,,0.0006,0
TX_0001607,2026-02-04 14:53:03,U01831,U00565,0,,0.0002,0
TX_0001608,2026-02-04 14:53:59,U01767,U00720,0,,0.0002,0
TX_0001609,2026-02-04 15:13:18,U01102,U00090,0,,0.0002,0
TX_0001610,2026-02-04 15:17:10,U00352,U00639,0,,0.0002,0
TX_0001611,2026-02-04 15:19:58,U01737,U01794,0,,1e-04,0
TX_0001612,2026-02-04 15:46:25,U00390,U01651,0,,0.0002,0
TX_0001613,2026-02-04 15:48:17,U01263,U00177,0,,1e-04,0
TX_0001614,2026-02-04 15:48:50,U00002,U00188,0,,0.0002,0
TX_0001615,2026-02-04 16:06:26,U00842,U00806,0,,0.0003,0
TX_0001616,2026-02-04 16:32:01,U01517,U00443,0,,0.0002,0
TX_0001617,2026-02-04 16:32:12,U00196,U00825,0,,1e-04,0
TX_0001618,2026-02-04 16:39:06,U01415,U00818,0,,0.0002,0
TX_0001619,2026-02-04 16:46:27,U01519,U01836,0,,0.0002,0
TX_0001620,2026-02-04 16:53:50,U01777,U01288,0,,1e-04,0
TX_0001621,2026-02-04 17:07:06,U00401,U01733,0,,0.0004,0
TX_0001622,2026-02-04 17:09:05,U01872,U01204,0,,0.0002,0
TX_0001623,2026-02-04 17:48:57,U01430,U01756,0,,0.0002,0
TX_0001624,2026-02-04 18:02:52,U01588,U00205,0,,0.0002,0
TX_0001625,2026-02-04 18:19:56,U01072,U01664,0,,1e-04,0
TX_0001626,2026-02-04 18:26:54,U01336,U01457,0,,0.0022,0
TX_0001627,2026-02-04 18:30:51,U00014,U00872,0,,0.0002,0
TX_0001628,2026-02-04 18:32:44,U01825,U00238,0,,0.0003,0
TX_0001629,2026-02-04 18:44:58,U01327,U00112,0,,0.0002,0
TX_0001630,2026-02-04 19:15:50,U00097,U00307,0,,0.0002,0
TX_0001631,2026-02-04 19:16:50,U01592,U00408,0,,0.0002,0
TX_0001632,2026-02-04 19:28:18,U01193,U01996,0,,0.0002,0
TX_0001633,2026-02-04 19:36:37,U00958,U00408,0,,0.0003,0
TX_0001634,2026-02-04 19:42:19,U01320,U01946,0,,0.0002,0
TX_0001635,2026-02-04 20:03:19,U00622,U01446,0,,0.0002,0
TX_0001636,2026-02-04 20:10:10,U00982,U00925,0,,0.0002,0
TX_0001637,2026-02-04 20:14:12,U01164,U01403,0,,0.0002,0
TX_0001638,2026-02-04 20:47:56,U00318,U00466,0,,0.0003,0
TX_0001639,2026-02-04 20:50:29,U00494,U01244,0,,1e-04,0
TX_0001640,2026-02-04 20:52:05,U00884,U00704,0,,0.0002,0
TX_0001641,2026-02-04 20:52:33,U01549,U01580,0,,0.0002,0
TX_0001642,2026-02-04 20:55:38,U01123,U01187,0,,0.0002,0
TX_0001643,2026-02-04 21:09:22,U00342,U00044,0,,0.0002,0
TX_0001644,2026-02-04 21:19:39,U00429,U01326,0,,0.0002,0
TX_0001645,2026-02-04 21:24:14,U00602,U01329,0,,0.0002,0
TX_0001646,2026-02-04 21:28:46,U01878,U01605,0,,0.0002,0
TX_0001647,2026-02-04 21:31:25,U00168,U01010,0,,0.0002,0
TX_0001648,2026-02-04 21:32:11,U01158,U01079,0,,0.0002,0
TX_0001649,2026-02-04 21:36:19,U01547,U01801,0,,0.0002,0
TX_0001650,2026-02-04 22:23:51,U00181,U01041,0,,0.0003,0
TX_0001651,2026-02-04 22:37:24,U01770,U01477,0,,1e-04,0
TX_0001652,2026-02-04 22:41:06,U00277,U00245,0,,0.0002,0
TX_0001653,2026-02-04 22:53:27,U00129,U00668,0,,0.0002,0
TX_0001654,2026-02-04 23:06:35,U01336,U01541,0,,0.0002,0
TX_0001655,2026-02-04 23:20:13,U01591,U01457,0,,0.0003,0
TX_0001656,2026-02-04 23:31:39,U00113,U00828,0,,0.0003,0
TX_0001657,2026-02-04 23:42:59,U01653,U00833,0,,0.0002,0
TX_0001658,2026-02-04 23:56:14,U01561,U01888,0,,1e-04,0
TX_0001659,2026-02-04 23:59:44,U01111,U01383,0,,1e-04,0
TX_0001660,2026-02-05 00:21:17,U01557,U01149,0,,1e-04,0
TX_0001661,2026-02-05 00:29:30,U00173,U01903,0,,0.0002,0
TX_0001662,2026-02-05 00:41:04,U00537,U00777,0,,0.0002,0
TX_0001663,2026-02-05 01:23:25,U01328,U00448,0,,0.0005,0
TX_0001664,2026-02-05 02:16:38,U01621,U01765,0,,1e-04,0
TX_0001665,2026-02-05 05:04:02,U01126,U00653,0,,0.0002,0
TX_0001666,2026-02-05 06:09:47,U01035,U01289,0,,0.0003,0
TX_0001667,2026-02-05 07:14:23,U00223,U00300,0,,0.0002,0
TX_0001668,2026-02-05 07:35:21,U00468,U01774,0,,0.0002,0
TX_0001669,2026-02-05 08:06:41,U00501,U01070,0,,1e-04,0
TX_0001670,2026-02-05 08:14:51,U01879,U00767,0,,0.0002,0
TX_0001671,2026-02-05 08:23:15,U01577,U00723,0,,0.0002,0
TX_0001672,2026-02-05 08:44:36,U00229,U01038,0,,0.0003,0
TX_0001673,2026-02-05 09:00:31,U00506,U00021,0,,1e-04,0
TX_0001674,2026-02-05 09:36:00,U01255,U01176,0,,1e-04,0
TX_0001675,2026-02-05 09:47:47,U01938,U01319,0,,1e-04,0
TX_0001676,2026-02-05 09:49:24,U01857,U00241,0,,0.0003,0
TX_0001677,2026-02-05 09:49:39,U00372,U00966,0,,0.0002,0
TX_0001678,2026-02-05 09:55:05,U00001,U00769,0,,0.0002,0
TX_0001679,2026-02-05 09:57:35,U00296,U01556,0,,0.0002,0
TX_0001680,2026-02-05 10:01:01,U00060,U01371,0,,0.0003,0
TX_0001681,2026-02-05 10:01:56,U01893,U01481,0,,0.0002,0
TX_0001682,2026-02-05 10:16:34,U01457,U00259,0,,0.0002,0
TX_0001683,2026-02-05 10:18:53,U01308,U00907,0,,0.0002,0
TX_0001684,2026-02-05 10:22:23,U00669,U01189,0,,0.0002,0
TX_0001685,2026-02-05 10:47:03,U01039,U01373,0,,0.0009,0
TX_0001686,2026-02-05 10:51:32,U00781,U00438,0,,1e-04,0
TX_0001687,2026-02-05 11:01:01,U01030,U00316,0,,0.0002,0
TX_0001688,2026-02-05 11:08:34,U00806,U00349,0,,0.0003,0
TX_0001689,2026-02-05 11:18:04,U00097,U00307,0,,0.0002,0
TX_0001690,2026-02-05 11:21:34,U00362,U00870,0,,0.0004,0
TX_0001691,2026-02-05 11:23:55,U00768,U01418,0,,0.0002,0
TX_0001692,2026-02-05 11:26:31,U01766,U00678,0,,0.0002,0
TX_0001693,2026-02-05 11:37:58,U00426,U00867,0,,0.0002,0
TX_0001694,2026-02-05 11:43:26,U00541,U00501,0,,0.0003,0
TX_0001695,2026-02-05 11:47:37,U00339,U01250,0,,0.0002,0
TX_0001696,2026-02-05 11:53:09,U00329,U01501,0,,0.0002,0
TX_0001697,2026-02-05 12:07:08,U00689,U01324,0,,0.0002,0
TX_0001698,2026-02-05 12:16:37,U01175,U01457,0,,0.0003,0
TX_0001699,2026-02-05 12:17:09,U00835,U00706,0,,0.0002,0
TX_0001700,2026-02-05 12:24:30,U00589,U00552,0,,0.0005,0
TX_0001701,2026-02-05 12:37:59,U00941,U00492,0,,0.0002,0
TX_0001702,2026-02-05 12:44:28,U01584,U00214,0,,0.0002,0
TX_0001703,2026-02-05 12:46:42,U01444,U00848,0,,0.0002,0
TX_0001704,2026-02-05 13:01:25,U01536,U00532,0,,0.0002,0
TX_0001705,2026-02-05 13:05:14,U01078,U00101,0,,0.0002,0
TX_0001706,2026-02-05 13:12:33,U00511,U01405,0,,0.0002,0
TX_0001707,2026-02-05 13:13:30,U00213,U00673,0,,0.0002,0
TX_0001708,2026-02-05 13:17:11,U00306,U00501,0,,1e-04,0
TX_0001709,2026-02-05 13:18:57,U01601,U00456,0,,0.0002,0
TX_0001710,2026-02-05 13:21:01,U00429,U00250,0,,1e-04,0
TX_0001711,2026-02-05 13:25:08,U00107,U01839,0,,0.0008,0
TX_0001712,2026-02-05 13:35:05,U00330,U00932,0,,0.0002,0
TX_0001713,2026-02-05 13:54:18,U00406,U00550,0,,1e-04,0
TX_0001714,2026-02-05 13:57:09,U01755,U00144,0,,0.0002,0
TX_0001715,2026-02-05 14:01:52,U01172,U01213,0,,1e-04,0
TX_0001716,2026-02-05 14:03:31,U01426,U00705,0,,1e-04,0
TX_0001717,2026-02-05 14:05:48,U01927,U01037,0,,1e-04,0
TX_0001718,2026-02-05 14:07:21,U00830,U00088,0,,1e-04,0
TX_0001719,2026-02-05 14:21:33,U01970,U01546,0,,0.0002,0
TX_0001720,2026-02-05 14:24:35,U00990,U01316,0,,1e-04,0
TX_0001721,2026-02-05 14:24:39,U00537,U00919,0,,0.0002,0
TX_0001722,2026-02-05 14:30:43,U00398,U01688,0,,0.0002,0
TX_0001723,2026-02-05 14:34:06,U00592,U01193,0,,1e-04,0
TX_0001724,2026-02-05 14:57:47,U01134,U01862,0,,0.0002,0
TX_0001725,2026-02-05 15:07:56,U01833,U00667,0,,0.0002,0
TX_0001726,2026-02-05 15:23:22,U01146,U01740,0,,0.0002,0
TX_0001727,2026-02-05 15:25:18,U00018,U01157,0,,0.0024,0
TX_0001728,2026-02-05 15:28:29,U00399,U00810,0,,1e-04,0
TX_0001729,2026-02-05 15:36:06,U00886,U01915,0,,0.0002,0
TX_0001730,2026-02-05 15:39:15,U01587,U00830,0,,0.0002,0
TX_0001731,2026-02-05 15:52:34,U01702,U01980,0,,0.0002,0
TX_0001732,2026-02-05 16:08:48,U01547,U00530,0,,0.0002,0
TX_0001733,2026-02-05 16:24:53,U00333,U00255,0,,0.0002,0
TX_0001734,2026-02-05 16:26:05,U01007,U01054,0,,0.0002,0
TX_0001735,2026-02-05 16:44:24,U01767,U00146,0,,0.0002,0
TX_0001736,2026-02-05 17:06:05,U02000,U00978,0,,0.0002,0
TX_0001737,2026-02-05 17:06:16,U01630,U01721,0,,1e-04,0
TX_0001738,2026-02-05 17:10:41,U00447,U01977,0,,0.0017,0
TX_0001739,2026-02-05 17:23:22,U01110,U01537,0,,1e-04,0
TX_0001740,2026-02-05 17:48:35,U01834,U01238,0,,0.0002,0
TX_0001741,2026-02-05 17:50:59,U00869,U01521,0,,0.0002,0
TX_0001742,2026-02-05 17:51:34,U00104,U01390,0,,0.0002,0
TX_0001743,2026-02-05 17:54:56,U01900,U01999,0,,0.0002,0
TX_0001744,2026-02-05 18:02:49,U00998,U00029,0,,0.0003,0
TX_0001745,2026-02-05 18:03:12,U01035,U00819,0,,0.0002,0
TX_0001746,2026-02-05 18:05:27,U00310,U00435,0,,0.0003,0
TX_0001747,2026-02-05 18:06:14,U00627,U00683,0,,0.0002,0
TX_0001748,2026-02-05 18:32:38,U00260,U01765,0,,0.0002,0
TX_0001749,2026-02-05 18:40:11,U00489,U00425,0,,0.0002,0
TX_0001750,2026-02-05 18:40:44,U01586,U01634,0,,0.0002,0
TX_0001751,2026-02-05 18:43:28,U01255,U00123,0,,1e-04,0
TX_0001752,2026-02-05 18:46:53,U00808,U01743,0,,0.0003,0
TX_0001753,2026-02-05 18:52:05,U00249,U00532,0,,0.0002,0
TX_0001754,2026-02-05 18:53:46,U00917,U01927,0,,0.0003,0
TX_0001755,2026-02-05 19:02:06,U00230,U01210,0,,0.0002,0
TX_0001756,2026-02-05 19:13:09,U00908,U00417,0,,0.0002,0
TX_0001757,2026-02-05 19:15:59,U01407,U01522,0,,1e-04,0
TX_0001758,2026-02-05 19:20:41,U00747,U01448,0,,0.0002,0
TX_0001759,2026-02-05 19:30:35,U00667,U00389,0,,0.0002,0
TX_0001760,2026-02-05 19:50:12,U01181,U01798,0,,1e-04,0
TX_0001761,2026-02-05 19:51:03,U01907,U00517,0,,0.0002,0
TX_0001762,2026-02-05 19:55:08,U00875,U00176,0,,0.0002,0
TX_0001763,2026-02-05 19:56:11,U01865,U00737,0,,0.0002,0
TX_0001764,2026-02-05 20:07:16,U00013,U01654,0,,0.0002,0
TX_0001765,2026-02-05 20:11:54,U01048,U01568,0,,1e-04,0
TX_0001766,2026-02-05 20:25:15,U00410,U01637,0,,0.0007,0
TX_0001767,2026-02-05 20:33:04,U01562,U00223,0,,0.0002,0
TX_0001768,2026-02-05 20:33:31,U00472,U01381,0,,0.0002,0
TX_0001769,2026-02-05 20:45:19,U00689,U01074,0,,0.0002,0
TX_0001770,2026-02-05 21:03:49,U01539,U00800,0,,0.0006,0
TX_0001771,2026-02-05 21:06:16,U01484,U00126,0,,0.0002,0
TX_0001772,2026-02-05 21:33:36,U00075,U00412,0,,1e-04,0
TX_0001773,2026-02-05 21:40:53,U00457,U00801,0,,0.0002,0
TX_0001774,2026-02-05 21:46:40,U00331,U00020,0,,1e-04,0
TX_0001775,2026-02-05 21:48:35,U01465,U01554,0,,1e-04,0
TX_0001776,2026-02-05 21:53:27,U01710,U00464,0,,1e-04,0
TX_0001777,2026-02-05 22:39:18,U01193,U01293,0,,1e-04,0
TX_0001778,2026-02-05 22:47:51,U00729,U01140,0,,0.0002,0
TX_0001779,2026-02-05 22:52:32,U01446,U00982,0,,0.0002,0
TX_0001780,2026-02-05 23:22:41,U01740,U01560,0,,0.0005,0
TX_0001781,2026-02-05 23:23:39,U00230,U01210,0,,0.0002,0
TX_0001782,2026-02-05 23:46:50,U01891,U00411,0,,0.0002,0
TX_0001783,2026-02-05 23:59:31,U00426,U01667,0,,0.0002,0
TX_0001784,2026-02-06 00:00:46,U00155,U01897,0,,1e-04,0
TX_0001785,2026-02-06 00:02:44,U00607,U01602,0,,0.0003,0
TX_0001786,2026-02-06 00:10:12,U01374,U01863,0,,0.0009,0
TX_0001787,2026-02-06 00:12:50,U00580,U00790,0,,0.0002,0
TX_0001788,2026-02-06 00:20:15,U00116,U00326,0,,0.0002,0
TX_0001789,2026-02-06 00:37:37,U01697,U01215,0,,1e-04,0
TX_0001790,2026-02-06 00:42:45,U00174,U01341,0,,0.0004,0
TX_0001791,2026-02-06 00:43:41,U01288,U01585,0,,0.0003,0
TX_0001792,2026-02-06 00:53:39,U00643,U01246,0,,0.0002,0
TX_0001793,2026-02-06 01:45:04,U01964,U00914,0,,1e-04,0
TX_0001794,2026-02-06 02:00:51,U00289,U01270,0,,0.0002,0
TX_0001795,2026-02-06 02:32:22,U01743,U01788,0,,0.0002,0
TX_0001796,2026-02-06 03:54:53,U01111,U00721,0,,0.0002,0
TX_0001797,2026-02-06 05:53:35,U01652,U00649,0,,0.0002,0
TX_0001798,2026-02-06 07:04:18,U01218,U01530,0,,0.0002,0
TX_0001799,2026-02-06 07:05:55,U00935,U00937,0,,0.0002,0
TX_0001800,2026-02-06 07:15:59,U01872,U01204,0,,0.0002,0
TX_0001801,2026-02-06 07:16:52,U01353,U01917,0,,0.0002,0
TX_0001802,2026-02-06 07:22:49,U00806,U00349,0,,0.0002,0
TX_0001803,2026-02-06 07:45:51,U00084,U01429,0,,0.0002,0
TX_0001804,2026-02-06 08:02:14,U00808,U01103,0,,0.0002,0
TX_0001805,2026-02-06 08:12:48,U00437,U00263,0,,0.0002,0
TX_0001806,2026-02-06 08:53:33,U00811,U01178,0,,0.0002,0
TX_0001807,2026-02-06 09:03:08,U00377,U01190,0,,1e-04,0
TX_0001808,2026-02-06 09:03:52,U01766,U01619,0,,0.0002,0
TX_0001809,2026-02-06 09:07:45,U00434,U01757,0,,0.0002,0
TX_0001810,2026-02-06 09:12:20,U00232,U01403,0,,0.0002,0
TX_0001811,2026-02-06 09:32:37,U00437,U01863,0,,0.0002,0
TX_0001812,2026-02-06 09:38:57,U01177,U01789,0,,0.0002,0
TX_0001813,2026-02-06 09:39:10,U00276,U01390,0,,1e-04,0
TX_0001814,2026-02-06 09:39:23,U01299,U01096,0,,0.0002,0
TX_0001815,2026-02-06 10:05:47,U01240,U00245,0,,0.0002,0
TX_0001816,2026-02-06 10:05:59,U01273,U01441,0,,0.0002,0
TX_0001817,2026-02-06 10:14:38,U01860,U00965,0,,0.0002,0
TX_0001818,2026-02-06 10:20:41,U01098,U00328,0,,0.0002,0
TX_0001819,2026-02-06 10:22:24,U00420,U01205,0,,0.0002,0
TX_0001820,2026-02-06 10:24:14,U01161,U01605,0,,0.0002,0
TX_0001821,2026-02-06 10:48:19,U01194,U01960,0,,0.0002,0
TX_0001822,2026-02-06 10:54:47,U00977,U00042,0,,0.0002,0
TX_0001823,2026-02-06 10:55:44,U01024,U01272,0,,0.0002,0
TX_0001824,2026-02-06 10:57:57,U01604,U00638,0,,0.0002,0
TX_0001825,2026-02-06 11:04:39,U01456,U00893,0,,0.0003,0
TX_0001826,2026-02-06 11:07:44,U01388,U01034,0,,0.0002,0
TX_0001827,2026-02-06 11:13:33,U00390,U01651,0,,0.0002,0
TX_0001828,2026-02-06 11:14:35,U01294,U00146,0,,0.0002,0
TX_0001829,2026-02-06 11:14:49,U01399,U00999,0,,0.0002,0
TX_0001830,2026-02-06 11:17:42,U00158,U00721,0,,0.0002,0
TX_0001831,2026-02-06 11:20:31,U01977,U01310,0,,0.0002,0
TX_0001832,2026-02-06 11:23:39,U00946,U01693,0,,0.0002,0
TX_0001833,2026-02-06 11:24:49,U00021,U01824,0,,0.0002,0
TX_0001834,2026-02-06 11:28:10,U00019,U01853,0,,0.0002,0
TX_0001835,2026-02-06 11:30:22,U00060,U00742,0,,0.0002,0
TX_0001836,2026-02-06 11:45:19,U01095,U00876,0,,0.0002,0
TX_0001837,2026-02-06 11:49:19,U01388,U01132,0,,0.0002,0
TX_0001838,2026-02-06 12:07:12,U01701,U01590,0,,0.0003,0
TX_0001839,2026-02-06 12:07:18,U00811,U01201,0,,0.0002,0
TX_0001840,2026-02-06 12:16:41,U01912,U01010,0,,1e-04,0
TX_0001841,2026-02-06 12:30:46,U00406,U00586,0,,0.0003,0
TX_0001842,2026-02-06 12:35:17,U01821,U01887,0,,0.0002,0
TX_0001843,2026-02-06 13:33:42,U01244,U00865,0,,0.0002,0
TX_0001844,2026-02-06 13:35:31,U01850,U00967,0,,0.0002,0
TX_0001845,2026-02-06 13:38:35,U01452,U01434,0,,0.0002,0
TX_0001846,2026-02-06 13:53:36,U01651,U01239,0,,0.0002,0
TX_0001847,2026-02-06 14:26:06,U01106,U01045,0,,0.0002,0
TX_0001848,2026-02-06 14:26:19,U01556,U01551,0,,0.0002,0
TX_0001849,2026-02-06 14:27:32,U01773,U00824,0,,0.0005,0
TX_0001850,2026-02-06 14:28:47,U00758,U00143,0,,0.0002,0
TX_0001851,2026-02-06 14:39:22,U00315,U00259,0,,0.0002,0
TX_0001852,2026-02-06 15:10:02,U01165,U01229,0,,0.0002,0
TX_0001853,2026-02-06 15:12:32,U00305,U01077,0,,0.0002,0
TX_0001854,2026-02-06 15:43:18,U01613,U01056,0,,0.0002,0
TX_0001855,2026-02-06 15:44:04,U01147,U01110,0,,0.0002,0
TX_0001856,2026-02-06 15:55:38,U01861,U01399,0,,0.0003,0
TX_0001857,2026-02-06 16:34:13,U01108,U00582,0,,0.0004,0
TX_0001858,2026-02-06 16:43:44,U01356,U01020,0,,0.0002,0
TX_0001859,2026-02-06 16:45:52,U01889,U00951,0,,1e-04,0
TX_0001860,2026-02-06 16:56:12,U00517,U00222,0,,0.0002,0
TX_0001861,2026-02-06 16:57:05,U00609,U01272,0,,0.0004,0
TX_0001862,2026-02-06 17:08:35,U00536,U01010,0,,0.0008,0
TX_0001863,2026-02-06 17:34:06,U01449,U00023,0,,0.0002,0
TX_0001864,2026-02-06 17:53:18,U00105,U00076,0,,0.0002,0
TX_0001865,2026-02-06 17:56:26,U01418,U01280,0,,0.0002,0
TX_0001866,2026-02-06 18:25:11,U01262,U00979,0,,0.0002,0
TX_0001867,2026-02-06 18:57:27,U01078,U00647,0,,0.0003,0
TX_0001868,2026-02-06 19:12:54,U00147,U00185,0,,0.0002,0
TX_0001869,2026-02-06 19:16:22,U01154,U01151,0,,0.0002,0
TX_0001870,2026-02-06 19:17:00,U01393,U00659,0,,0.0002,0
TX_0001871,2026-02-06 19:17:36,U00604,U01834,0,,0.0002,0
TX_0001872,2026-02-06 19:26:05,U01096,U01707,0,,0.0002,0
TX_0001873,2026-02-06 19:50:31,U01516,U01932,0,,0.0002,0
TX_0001874,2026-02-06 20:22:59,U01108,U01333,0,,1e-04,0
TX_0001875,2026-02-06 20:51:02,U01220,U00971,0,,0.0002,0
TX_0001876,2026-02-06 20:58:19,U01122,U01525,0,,1e-04,0
TX_0001877,2026-02-06 21:03:55,U01215,U00305,0,,0.0002,0
TX_0001878,2026-02-06 21:05:13,U01718,U00229,0,,1e-04,0
TX_0001879,2026-02-06 21:05:57,U00766,U00691,0,,0.0002,0
TX_0001880,2026-02-06 21:09:29,U01229,U00146,0,,0.0002,0
TX_0001881,2026-02-06 21:16:11,U00184,U01768,0,,1e-04,0
TX_0001882,2026-02-06 21:23:41,U00163,U01467,0,,1e-04,0
TX_0001883,2026-02-06 21:27:09,U00878,U01321,0,,0.0002,0
TX_0001884,2026-02-06 21:31:36,U01901,U00811,0,,0.0002,0
TX_0001885,2026-02-06 21:31:43,U01784,U01621,0,,0.0002,0
TX_0001886,2026-02-06 21:44:38,U01022,U00617,0,,0.0002,0
TX_0001887,2026-02-06 21:45:38,U00847,U01968,0,,1e-04,0
TX_0001888,2026-02-06 22:23:40,U01384,U00313,0,,0.0523,0
TX_0001889,2026-02-06 22:31:52,U01299,U01096,0,,0.0002,0
TX_0001890,2026-02-06 22:57:31,U00860,U00724,0,,1e-04,0
TX_0001891,2026-02-06 23:20:26,U00631,U01886,0,,0.0002,0
TX_0001892,2026-02-06 23:24:57,U00095,U00082,0,,1e-04,0
TX_0001893,2026-02-06 23:38:56,U01757,U01747,0,,0.0002,0
TX_0001894,2026-02-06 23:54:31,U01549,U01580,0,,0.0002,0
TX_0001895,2026-02-06 23:55:07,U01061,U00198,0,,1e-04,0
TX_0001896,2026-02-06 23:57:42,U01327,U01260,0,,0.0002,0
TX_0001897,2026-02-07 00:15:28,U00689,U01074,0,,0.0002,0
TX_0001898,2026-02-07 00:23:52,U00491,U00879,0,,0.0002,0
TX_0001899,2026-02-07 00:35:57,U01598,U00046,0,,0.0002,0
TX_0001900,2026-02-07 00:53:29,U01897,U01802,0,,0.0002,0
TX_0001901,2026-02-07 00:56:08,U00210,U01508,0,,0.0002,0
TX_0001902,2026-02-07 01:06:49,U01224,U01519,0,,0.0046,0
TX_0001903,2026-02-07 04:01:35,U01552,U00159,0,,0.0002,0
TX_0001904,2026-02-07 04:57:23,U01977,U00487,0,,0.0002,0
TX_0001905,2026-02-07 06:15:45,U00740,U01174,0,,0.0002,0
TX_0001906,2026-02-07 07:02:44,U01229,U00635,0,,0.0002,0
TX_0001907,2026-02-07 07:02:48,U00357,U00592,0,,0.0002,0
TX_0001908,2026-02-07 07:05:15,U01815,U01535,0,,0.0002,0
TX_0001909,2026-02-07 07:27:45,U00343,U00501,0,,0.0002,0
TX_0001910,2026-02-07 08:07:14,U01565,U01302,0,,0.0002,0
TX_0001911,2026-02-07 08:57:11,U00088,U00328,0,,0.0002,0
TX_0001912,2026-02-07 09:08:54,U00641,U01333,0,,0.0002,0
TX_0001913,2026-02-07 09:10:47,U01761,U01000,0,,1e-04,0
TX_0001914,2026-02-07 09:14:13,U01673,U01963,0,,0.0002,0
TX_0001915,2026-02-07 09:16:10,U01865,U00490,0,,0.0002,0
TX_0001916,2026-02-07 09:17:22,U00117,U00224,0,,0.0003,0
TX_0001917,2026-02-07 09:23:25,U00738,U01853,0,,0.0031,0
TX_0001918,2026-02-07 09:36:52,U01211,U01048,0,,0.0002,0
TX_0001919,2026-02-07 09:51:11,U00964,U01999,0,,0.0002,0
TX_0001920,2026-02-07 10:01:18,U01675,U00121,0,,0.0002,0
TX_0001921,2026-02-07 10:11:31,U00453,U01036,0,,0.1796,0
TX_0001922,2026-02-07 10:12:31,U00273,U01023,0,,0.0002,0
TX_0001923,2026-02-07 10:21:19,U00920,U00625,0,,0.0002,0
TX_0001924,2026-02-07 10:30:29,U01647,U01441,0,,0.0002,0
TX_0001925,2026-02-07 10:33:14,U01344,U01588,0,,0.0002,0
TX_0001926,2026-02-07 10:37:13,U00050,U01580,0,,0.0002,0
TX_0001927,2026-02-07 10:52:10,U00166,U00971,0,,0.0002,0
TX_0001928,2026-02-07 10:52:21,U00345,U01958,0,,0.001,0
TX_0001929,2026-02-07 10:58:58,U00467,U01652,0,,0.0002,0
TX_0001930,2026-02-07 11:01:28,U00631,U00310,0,,0.0002,0
TX_0001931,2026-02-07 11:01:55,U00722,U00863,0,,0.0003,0
TX_0001932,2026-02-07 11:04:00,U01576,U01253,0,,0.0002,0
TX_0001933,2026-02-07 11:05:50,U01609,U00946,0,,0.0003,0
TX_0001934,2026-02-07 11:14:56,U00599,U00945,0,,0.0002,0
TX_0001935,2026-02-07 11:21:05,U01353,U00363,0,,0.0002,0
TX_0001936,2026-02-07 11:22:50,U00259,U00135,0,,0.0002,0
TX_0001937,2026-02-07 11:29:23,U01630,U01721,0,,0.0006,0
TX_0001938,2026-02-07 11:43:44,U00537,U00919,0,,0.0002,0
TX_0001939,2026-02-07 11:51:38,U01904,U00559,0,,0.0002,0
TX_0001940,2026-02-07 12:02:45,U00679,U00373,0,,0.0003,0
TX_0001941,2026-02-07 12:11:12,U00950,U01987,0,,0.0002,0
TX_0001942,2026-02-07 12:14:34,U01537,U01083,0,,0.0002,0
TX_0001943,2026-02-07 12:23:20,U00118,U01355,0,,0.0002,0
TX_0001944,2026-02-07 12:26:48,U01675,U00121,0,,0.0002,0
TX_0001945,2026-02-07 12:29:09,U00578,U01572,0,,0.0002,0
TX_0001946,2026-02-07 12:30:41,U00221,U00611,0,,0.0002,0
TX_0001947,2026-02-07 12:41:21,U01546,U00606,0,,0.0003,0
TX_0001948,2026-02-07 12:49:19,U00489,U00904,0,,1e-04,0
TX_0001949,2026-02-07 12:54:02,U01485,U00222,0,,1e-04,0
TX_0001950,2026-02-07 12:55:06,U00876,U00929,0,,1e-04,0
TX_0001951,2026-02-07 13:06:25,U00690,U01319,0,,0.0002,0
TX_0001952,2026-02-07 13:10:07,U01269,U00568,0,,0.0004,0
TX_0001953,2026-02-07 13:26:42,U00001,U01267,0,,0.0002,0
TX_0001954,2026-02-07 13:31:25,U00544,U01368,0,,0.0002,0
TX_0001955,2026-02-07 13:59:33,U00600,U01656,0,,0.0002,0
TX_0001956,2026-02-07 14:08:11,U01565,U01302,0,,0.0002,0
TX_0001957,2026-02-07 14:23:39,U00377,U00997,0,,0.001,0
TX_0001958,2026-02-07 14:24:41,U00499,U01221,0,,0.0002,0
TX_0001959,2026-02-07 14:36:23,U01897,U01206,0,,0.0002,0
TX_0001960,2026-02-07 14:41:45,U01978,U00029,0,,0.0035,0
TX_0001961,2026-02-07 14:42:28,U00006,U00609,0,,0.0002,0
TX_0001962,2026-02-07 14:44:38,U01501,U00317,0,,0.0002,0
TX_0001963,2026-02-07 15:01:50,U00639,U00881,0,,0.0002,0
TX_0001964,2026-02-07 15:04:27,U01492,U00368,0,,0.0014,0
TX_0001965,2026-02-07 15:06:02,U01271,U00492,0,,0.0002,0
TX_0001966,2026-02-07 15:25:06,U01095,U01118,0,,0.0002,0
TX_0001967,2026-02-07 15:29:46,U01274,U01334,0,,1e-04,0
TX_0001968,2026-02-07 15:50:13,U01843,U00132,0,,0.0003,0
TX_0001969,2026-02-07 15:55:20,U01857,U01358,0,,1e-04,0
TX_0001970,2026-02-07 16:07:13,U00627,U00786,0,,0.0002,0
TX_0001971,2026-02-07 16:25:04,U00543,U01373,0,,0.0002,0
TX_0001972,2026-02-07 16:37:25,U01016,U00948,0,,0.0002,0
TX_0001973,2026-02-07 16:41:56,U01806,U00360,0,,0.0002,0
TX_0001974,2026-02-07 17:17:09,U01746,U00464,0,,1e-04,0
TX_0001975,2026-02-07 17:21:04,U01899,U01624,0,,0.0002,0
TX_0001976,2026-02-07 17:27:36,U00767,U01710,0,,0.0002,0
TX_0001977,2026-02-07 17:30:45,U01699,U01442,0,,0.0003,0
TX_0001978,2026-02-07 17:38:17,U01462,U00794,0,,0.0002,0
TX_0001979,2026-02-07 17:50:28,U00055,U01718,0,,0.0043,0
TX_0001980,2026-02-07 17:53:02,U00280,U00668,0,,1e-04,0
TX_0001981,2026-02-07 17:56:31,U00622,U01446,0,,0.0002,0
TX_0001982,2026-02-07 18:02:20,U01790,U00226,0,,1e-04,0
TX_0001983,2026-02-07 18:03:08,U00108,U01610,0,,1e-04,0
TX_0001984,2026-02-07 18:05:02,U01849,U00118,0,,0.0002,0
TX_0001985,2026-02-07 18:09:32,U00192,U00604,0,,0.0003,0
TX_0001986,2026-02-07 18:10:52,U01297,U01824,0,,0.0002,0
TX_0001987,2026-02-07 18:14:01,U00090,U00435,0,,0.0009,0
TX_0001988,2026-02-07 18:20:30,U01500,U01547,0,,0.0005,0
TX_0001989,2026-02-07 18:23:09,U00113,U01084,0,,0.0002,0
TX_0001990,2026-02-07 18:23:31,U01533,U00662,0,,0.0002,0
TX_0001991,2026-02-07 18:52:35,U01973,U00265,0,,0.0002,0
TX_0001992,2026-02-07 19:00:54,U01415,U01468,0,,1e-04,0
TX_0001993,2026-02-07 19:08:26,U00330,U00435,0,,0.0003,0
TX_0001994,2026-02-07 19:10:26,U01631,U01597,0,,0.0002,0
TX_0001995,2026-02-07 19:10:52,U00416,U00863,0,,0.0008,0
TX_0001996,2026-02-07 19:14:12,U01721,U00052,0,,1e-04,0
TX_0001997,2026-02-07 19:27:20,U00601,U00277,0,,0.0002,0
TX_0001998,2026-02-07 19:36:26,U01299,U01096,0,,0.0002,0
TX_0001999,2026-02-07 19:38:02,U00777,U00546,0,,0.0002,0
TX_0002000,2026-02-07 19:45:22,U00189,U01048,0,,0.0002,0
TX_0002001,2026-02-07 19:58:39,U00426,U01667,0,,1e-04,0
TX_0002002,2026-02-07 20:03:29,U00687,U00768,0,,0.0002,0
TX_0002003,2026-02-07 20:22:54,U01602,U01182,0,,0.0002,0
TX_0002004,2026-02-07 20:33:13,U00001,U01315,0,,0.0003,0
TX_0002005,2026-02-07 20:46:52,U01070,U00004,0,,0.0002,0
TX_0002006,2026-02-07 20:51:30,U00880,U01807,0,,0.0003,0
TX_0002007,2026-02-07 20:58:26,U01813,U01625,0,,1e-04,0
TX_0002008,2026-02-07 21:00:05,U01195,U00182,0,,0.0002,0
TX_0002009,2026-02-07 21:02:11,U01780,U01463,0,,0.0006,0
TX_0002010,2026-02-07 21:08:13,U01364,U00789,0,,1e-04,0
TX_0002011,2026-02-07 21:19:35,U00761,U01732,0,,0.0002,0
TX_0002012,2026-02-07 21:20:22,U00893,U00491,0,,0.0002,0
TX_0002013,2026-02-07 21:36:42,U00161,U00875,0,,0.0005,0
TX_0002014,2026-02-07 21:43:26,U00125,U00107,0,,0.0002,0
TX_0002015,2026-02-07 21:47:13,U01102,U00830,0,,1e-04,0
TX_0002016,2026-02-07 21:48:54,U00321,U00405,0,,1e-04,0
TX_0002017,2026-02-07 21:54:40,U00836,U00595,0,,0.0002,0
TX_0002018,2026-02-07 21:58:15,U00641,U01520,0,,0.0002,0
TX_0002019,2026-02-07 22:23:53,U00812,U01989,0,,1e-04,0
TX_0002020,2026-02-07 22:30:31,U01647,U01441,0,,0.0002,0
TX_0002021,2026-02-07 22:32:43,U00674,U01915,0,,1e-04,0
TX_0002022,2026-02-07 22:37:34,U00566,U01600,0,,1e-04,0
TX_0002023,2026-02-07 22:46:06,U01531,U01118,0,,0.0002,0
TX_0002024,2026-02-07 22:54:38,U00808,U00357,0,,1e-04,0
TX_0002025,2026-02-07 23:10:27,U01118,U01956,0,,0.0004,0
TX_0002026,2026-02-08 00:13:28,U01100,U00995,0,,0.0012,0
TX_0002027,2026-02-08 00:23:47,U01888,U00217,0,,0.0002,0
TX_0002028,2026-02-08 00:26:33,U01030,U00006,0,,0.0002,0
TX_0002029,2026-02-08 00:47:32,U00958,U01921,0,,0.0003,0
TX_0002030,2026-02-08 02:18:46,U01597,U01470,0,,0.0002,0
TX_0002031,2026-02-08 02:32:53,U00147,U00633,0,,0.0002,0
TX_0002032,2026-02-08 04:03:10,U01964,U00236,0,,0.0007,0
TX_0002033,2026-02-08 05:33:21,U01341,U00057,0,,0.0002,0
TX_0002034,2026-02-08 06:17:33,U00993,U01087,0,,0.0002,0
TX_0002035,2026-02-08 07:07:34,U01269,U00568,0,,0.0002,0
TX_0002036,2026-02-08 07:09:10,U01755,U01449,0,,1e-04,0
TX_0002037,2026-02-08 07:10:51,U00904,U00435,0,,0.0002,0
TX_0002038,2026-02-08 07:24:52,U01977,U01771,0,,0.0002,0
TX_0002039,2026-02-08 07:30:53,U01200,U01988,0,,0.0002,0
TX_0002040,2026-02-08 07:42:08,U01655,U01934,0,,0.0002,0
TX_0002041,2026-02-08 07:48:07,U01418,U01993,0,,0.0002,0
TX_0002042,2026-02-08 07:50:01,U00146,U00891,0,,0.0002,0
TX_0002043,2026-02-08 07:54:53,U01127,U01102,0,,1e-04,0
TX_0002044,2026-02-08 07:57:22,U01020,U01684,0,,0.0002,0
TX_0002045,2026-02-08 07:59:30,U00170,U01758,0,,1e-04,0
TX_0002046,2026-02-08 08:09:44,U01501,U01198,0,,0.0002,0
TX_0002047,2026-02-08 08:17:16,U00975,U01155,0,,0.0002,0
TX_0002048,2026-02-08 08:31:18,U01168,U01185,0,,0.0002,0
TX_0002049,2026-02-08 08:32:15,U00755,U00521,0,,0.0002,0
TX_0002050,2026-02-08 08:37:57,U01773,U01065,0,,1e-04,0
TX_0002051,2026-02-08 08:43:14,U00679,U00017,0,,0.0002,0
TX_0002052,2026-02-08 08:47:00,U01344,U00383,0,,0.0002,0
TX_0002053,2026-02-08 08:47:34,U00352,U00639,0,,0.0006,0
TX_0002054,2026-02-08 09:04:00,U01429,U00621,0,,0.0002,0
TX_0002055,2026-02-08 09:17:15,U00378,U00543,0,,0.0004,0
TX_0002056,2026-02-08 09:20:03,U00795,U01626,0,,0.0002,0
TX_0002057,2026-02-08 09:20:11,U00934,U01915,0,,0.0002,0
TX_0002058,2026-02-08 09:21:18,U01621,U01876,0,,0.0002,0
TX_0002059,2026-02-08 09:22:31,U01746,U00464,0,,0.0002,0
TX_0002060,2026-02-08 09:27:15,U00845,U00493,0,,0.0003,0
TX_0002061,2026-02-08 09:27:29,U01043,U01276,0,,0.0004,0
TX_0002062,2026-02-08 09:27:31,U00483,U01613,0,,0.0002,0
TX_0002063,2026-02-08 09:30:46,U00296,U01569,0,,0.0005,0
TX_0002064,2026-02-08 09:48:22,U00235,U00792,0,,0.0002,0
TX_0002065,2026-02-08 10:04:26,U01566,U00012,0,,0.0629,0
TX_0002066,2026-02-08 10:06:18,U00365,U00995,0,,0.0002,0
TX_0002067,2026-02-08 10:17:18,U01743,U01479,0,,0.0002,0
TX_0002068,2026-02-08 10:17:25,U00056,U01243,0,,0.0002,0
TX_0002069,2026-02-08 10:23:26,U01655,U01916,0,,0.0002,0
TX_0002070,2026-02-08 10:27:08,U00998,U00909,0,,0.0002,0
TX_0002071,2026-02-08 10:54:03,U00781,U00989,0,,0.0003,0
TX_0002072,2026-02-08 10:56:32,U01815,U00549,0,,1e-04,0
TX_0002073,2026-02-08 10:58:51,U00006,U00347,0,,0.0002,0
TX_0002074,2026-02-08 11:04:08,U01838,U00164,0,,0.0002,0
TX_0002075,2026-02-08 11:04:31,U00508,U01520,0,,0.0002,0
TX_0002076,2026-02-08 11:08:38,U01698,U00208,0,,0.0002,0
TX_0002077,2026-02-08 11:12:06,U00831,U01426,0,,0.0002,0
TX_0002078,2026-02-08 11:20:47,U01368,U00916,0,,0.0002,0
TX_0002079,2026-02-08 11:32:32,U01140,U00171,0,,0.0002,0
TX_0002080,2026-02-08 11:41:11,U00972,U01433,0,,0.0004,0
TX_0002081,2026-02-08 11:50:45,U01216,U01471,0,,0.0002,0
TX_0002082,2026-02-08 12:11:15,U00578,U00072,0,,0.0002,0
TX_0002083,2026-02-08 12:19:27,U01624,U01002,0,,0.0002,0
TX_0002084,2026-02-08 12:20:00,U01916,U01696,0,,0.0002,0
TX_0002085,2026-02-08 12:23:35,U01002,U00254,0,,0.0002,0
TX_0002086,2026-02-08 12:35:10,U00110,U00407,0,,0.0002,0
TX_0002087,2026-02-08 13:02:25,U01834,U01778,0,,0.0002,0
TX_0002088,2026-02-08 13:08:15,U01166,U01796,0,,0.0002,0
TX_0002089,2026-02-08 13:19:49,U01042,U00053,0,,0.0002,0
TX_0002090,2026-02-08 13:44:21,U00058,U01620,0,,0.0002,0
TX_0002091,2026-02-08 13:46:11,U01229,U01393,0,,0.0002,0
TX_0002092,2026-02-08 13:53:58,U01862,U01763,0,,0.0002,0
TX_0002093,2026-02-08 14:16:18,U00392,U01359,0,,1e-04,0
TX_0002094,2026-02-08 14:22:03,U01391,U01516,0,,1e-04,0
TX_0002095,2026-02-08 14:24:13,U01953,U00572,0,,0.0002,0
TX_0002096,2026-02-08 14:30:34,U00108,U01610,0,,1e-04,0
TX_0002097,2026-02-08 14:39:21,U00889,U01284,0,,0.0002,0
TX_0002098,2026-02-08 15:19:17,U01568,U01352,0,,0.0002,0
TX_0002099,2026-02-08 15:23:01,U01116,U00128,0,,1e-04,0
TX_0002100,2026-02-08 15:30:48,U01521,U01431,0,,0.0002,0
TX_0002101,2026-02-08 15:47:06,U00307,U01898,0,,1e-04,0
TX_0002102,2026-02-08 15:53:55,U01056,U00601,0,,0.0002,0
TX_0002103,2026-02-08 16:02:47,U01125,U01994,0,,0.0002,0
TX_0002104,2026-02-08 16:14:37,U00559,U00778,0,,0.0002,0
TX_0002105,2026-02-08 16:25:40,U01229,U01423,0,,0.0002,0
TX_0002106,2026-02-08 16:35:12,U01648,U00155,0,,0.0009,0
TX_0002107,2026-02-08 16:46:46,U00027,U01881,0,,0.0002,0
TX_0002108,2026-02-08 16:54:41,U00288,U01394,0,,0.0005,0
TX_0002109,2026-02-08 17:04:37,U00376,U01161,0,,1e-04,0
TX_0002110,2026-02-08 17:17:24,U01095,U00876,0,,0.0002,0
TX_0002111,2026-02-08 17:31:24,U00644,U00288,0,,0.0002,0
TX_0002112,2026-02-08 17:32:08,U01982,U00756,0,,0.0002,0
TX_0002113,2026-02-08 17:35:03,U01731,U01774,0,,0.0291,0
TX_0002114,2026-02-08 17:38:56,U01146,U01740,0,,0.0002,0
TX_0002115,2026-02-08 17:55:40,U00400,U00465,0,,0.0003,0
TX_0002116,2026-02-08 18:05:51,U00063,U01565,0,,0.0002,0
TX_0002117,2026-02-08 18:18:37,U00863,U00933,0,,0.0002,0
TX_0002118,2026-02-08 18:32:27,U01265,U01691,0,,0.0002,0
TX_0002119,2026-02-08 18:47:03,U01599,U00308,0,,0.0002,0
TX_0002120,2026-02-08 19:05:07,U00983,U01204,0,,0.0002,0
TX_0002121,2026-02-08 19:08:54,U01050,U01500,0,,1e-04,0
TX_0002122,2026-02-08 19:15:11,U00842,U00308,0,,0.0002,0
TX_0002123,2026-02-08 19:16:00,U00431,U00185,0,,0.0002,0
TX_0002124,2026-02-08 19:26:09,U00175,U00326,0,,0.0002,0
TX_0002125,2026-02-08 19:26:53,U01721,U00052,0,,1e-04,0
TX_0002126,2026-02-08 19:30:59,U00094,U00969,0,,0.0002,0
TX_0002127,2026-02-08 19:35:00,U01662,U01519,0,,0.0002,0
TX_0002128,2026-02-08 19:39:45,U01478,U00295,0,,1e-04,0
TX_0002129,2026-02-08 20:01:41,U00957,U00719,0,,1e-04,0
TX_0002130,2026-02-08 20:02:26,U01271,U01769,0,,0.0002,0
TX_0002131,2026-02-08 20:05:53,U00386,U01945,0,,0.0005,0
TX_0002132,2026-02-08 20:19:11,U01555,U01783,0,,0.0018,0
TX_0002133,2026-02-08 20:20:55,U00420,U01005,0,,0.0002,0
TX_0002134,2026-02-08 20:22:40,U01557,U01149,0,,1e-04,0
TX_0002135,2026-02-08 20:24:13,U00607,U01778,0,,0.0002,0
TX_0002136,2026-02-08 20:26:14,U01673,U00937,0,,1e-04,0
TX_0002137,2026-02-08 20:30:37,U01181,U00708,0,,0.0002,0
TX_0002138,2026-02-08 20:37:05,U00536,U01010,0,,0.0002,0
TX_0002139,2026-02-08 20:38:26,U01350,U00248,0,,0.0002,0
TX_0002140,2026-02-08 20:59:36,U01267,U00124,0,,0.0002,0
TX_0002141,2026-02-08 21:00:57,U00357,U00833,0,,0.0002,0
TX_0002142,2026-02-08 21:08:07,U00755,U01852,0,,0.0002,0
TX_0002143,2026-02-08 21:18:53,U01296,U01961,0,,0.0002,0
TX_0002144,2026-02-08 21:27:33,U01123,U00544,0,,0.0002,0
TX_0002145,2026-02-08 21:32:24,U01036,U01569,0,,0.0002,0
TX_0002146,2026-02-08 21:55:07,U00390,U00585,0,,0.0002,0
TX_0002147,2026-02-08 21:55:14,U00431,U00967,0,,1e-04,0
TX_0002148,2026-02-08 22:30:24,U00970,U00253,0,,1e-04,0
TX_0002149,2026-02-08 22:35:33,U01850,U01139,0,,1e-04,0
TX_0002150,2026-02-08 22:49:08,U01496,U00340,0,,0.0002,0
TX_0002151,2026-02-08 23:02:04,U01293,U01666,0,,1e-04,0
TX_0002152,2026-02-08 23:13:06,U01947,U00146,0,,1e-04,0
TX_0002153,2026-02-08 23:16:17,U00634,U01751,0,,0.0002,0
TX_0002154,2026-02-08 23:18:59,U00491,U00916,0,,1e-04,0
TX_0002155,2026-02-08 23:24:37,U00108,U01610,0,,1e-04,0
TX_0002156,2026-02-08 23:42:59,U01966,U00364,0,,0.0002,0
TX_0002157,2026-02-08 23:44:08,U01290,U01699,0,,0.0002,0
TX_0002158,2026-02-09 00:02:56,U01909,U01661,0,,0.0003,0
TX_0002159,2026-02-09 00:03:47,U00224,U01831,0,,0.0004,0
TX_0002160,2026-02-09 00:05:24,U00637,U01292,0,,0.0003,0
TX_0002161,2026-02-09 00:06:06,U01371,U00438,0,,0.0003,0
TX_0002162,2026-02-09 00:10:26,U01926,U01677,0,,0.0003,0
TX_0002163,2026-02-09 00:40:33,U00281,U01714,0,,0.0005,0
TX_0002164,2026-02-09 00:55:31,U00325,U00593,0,,0.0003,0
TX_0002165,2026-02-09 00:56:33,U00167,U00864,0,,0.0002,0
TX_0002166,2026-02-09 02:41:15,U00555,U01887,0,,0.0003,0
TX_0002167,2026-02-09 03:22:38,U01420,U01953,0,,0.0003,0
TX_0002168,2026-02-09 03:41:24,U01206,U01151,0,,0.0002,0
TX_0002169,2026-02-09 04:36:14,U00763,U01941,0,,0.0003,0
TX_0002170,2026-02-09 07:00:44,U00644,U00247,0,,0.0002,0
TX_0002171,2026-02-09 07:15:59,U01838,U01613,0,,0.0002,0
TX_0002172,2026-02-09 07:19:21,U00097,U00307,0,,0.0002,0
TX_0002173,2026-02-09 07:20:53,U00803,U00269,0,,0.0018,0
TX_0002174,2026-02-09 07:31:40,U01019,U01540,0,,0.0003,0
TX_0002175,2026-02-09 08:13:06,U01979,U00784,0,,0.0003,0
TX_0002176,2026-02-09 08:19:25,U00492,U00650,0,,0.0003,0
TX_0002177,2026-02-09 08:30:39,U00477,U00061,0,,0.0002,0
TX_0002178,2026-02-09 08:33:47,U00583,U00526,0,,0.0003,0
TX_0002179,2026-02-09 08:57:27,U01155,U01085,0,,0.0003,0
TX_0002180,2026-02-09 09:08:07,U01993,U01214,0,,0.0006,0
TX_0002181,2026-02-09 09:30:27,U00979,U01398,0,,0.0002,0
TX_0002182,2026-02-09 09:35:04,U00447,U01728,0,,0.0003,0
TX_0002183,2026-02-09 09:44:57,U01286,U01747,0,,0.0003,0
TX_0002184,2026-02-09 10:03:32,U01744,U01421,0,,0.0003,0
TX_0002185,2026-02-09 10:04:37,U00906,U01692,0,,0.0004,0
TX_0002186,2026-02-09 10:08:37,U01896,U00146,0,,0.0004,0
TX_0002187,2026-02-09 10:22:21,U00345,U00137,0,,0.0003,0
TX_0002188,2026-02-09 10:24:07,U01613,U01232,0,,0.0002,0
TX_0002189,2026-02-09 10:28:26,U01981,U00838,0,,0.0004,0
TX_0002190,2026-02-09 10:30:00,U00467,U01030,0,,0.0002,0
TX_0002191,2026-02-09 10:34:09,U01329,U01840,0,,0.0003,0
TX_0002192,2026-02-09 10:43:13,U00871,U01953,0,,0.0315,0
TX_0002193,2026-02-09 10:51:51,U01594,U01651,0,,0.0003,0
TX_0002194,2026-02-09 11:02:28,U00240,U01412,0,,0.0009,0
TX_0002195,2026-02-09 11:08:10,U00372,U00686,0,,0.0002,0
TX_0002196,2026-02-09 11:20:48,U00961,U01456,0,,0.0002,0
TX_0002197,2026-02-09 11:24:31,U00324,U00866,0,,0.0002,0
TX_0002198,2026-02-09 11:36:36,U00692,U00131,0,,0.0007,0
TX_0002199,2026-02-09 11:47:22,U01968,U00998,0,,0.0002,0
TX_0002200,2026-02-09 11:58:19,U00786,U00590,0,,0.0002,0
TX_0002201,2026-02-09 12:02:04,U00982,U01971,0,,0.0002,0
TX_0002202,2026-02-09 12:07:59,U00960,U00701,0,,0.0004,0
TX_0002203,2026-02-09 12:17:07,U00305,U01077,0,,0.0002,0
TX_0002204,2026-02-09 12:40:35,U00243,U01312,0,,0.0004,0
TX_0002205,2026-02-09 12:42:59,U01061,U01719,0,,0.0003,0
TX_0002206,2026-02-09 12:56:51,U00939,U00205,0,,0.0006,0
TX_0002207,2026-02-09 13:01:42,U01356,U01925,0,,0.0002,0
TX_0002208,2026-02-09 13:05:05,U00696,U00243,0,,0.0002,0
TX_0002209,2026-02-09 13:05:19,U00735,U00767,0,,0.0002,0
TX_0002210,2026-02-09 13:06:45,U01422,U01056,0,,0.0002,0
TX_0002211,2026-02-09 13:08:38,U00745,U01499,0,,0.0003,0
TX_0002212,2026-02-09 13:29:41,U01378,U00071,0,,0.0003,0
TX_0002213,2026-02-09 13:30:40,U00886,U00290,0,,0.0002,0
TX_0002214,2026-02-09 13:36:06,U01663,U01913,0,,0.0003,0
TX_0002215,2026-02-09 14:05:22,U00224,U00111,0,,0.0003,0
TX_0002216,2026-02-09 14:11:37,U01969,U00225,0,,0.0004,0
TX_0002217,2026-02-09 14:12:38,U00386,U00464,0,,0.0003,0
TX_0002218,2026-02-09 14:19:27,U01935,U01844,0,,0.0003,0
TX_0002219,2026-02-09 14:23:00,U00401,U01601,0,,0.0002,0
TX_0002220,2026-02-09 14:23:27,U00059,U00016,0,,0.0028,0
TX_0002221,2026-02-09 14:34:34,U01358,U01561,0,,0.0002,0
TX_0002222,2026-02-09 14:47:04,U01177,U01586,0,,0.0002,0
TX_0002223,2026-02-09 14:48:10,U00804,U01373,0,,0.0002,0
TX_0002224,2026-02-09 14:56:29,U00125,U00413,0,,0.0003,0
TX_0002225,2026-02-09 15:05:50,U01169,U00170,0,,0.0003,0
TX_0002226,2026-02-09 15:07:12,U01327,U00112,0,,0.0002,0
TX_0002227,2026-02-09 15:07:36,U01676,U01198,0,,0.0004,0
TX_0002228,2026-02-09 15:07:54,U00976,U00577,0,,0.0006,0
TX_0002229,2026-02-09 15:17:46,U01201,U00774,0,,0.0024,0
TX_0002230,2026-02-09 15:19:10,U00749,U00758,0,,0.0002,0
TX_0002231,2026-02-09 15:32:49,U01935,U01905,0,,0.0002,0
TX_0002232,2026-02-09 15:39:49,U01937,U00564,0,,0.0003,0
TX_0002233,2026-02-09 16:15:22,U01839,U01667,0,,0.0032,0
TX_0002234,2026-02-09 16:27:59,U00866,U00189,0,,0.0002,0
TX_0002235,2026-02-09 16:32:41,U00262,U00781,0,,0.0003,0
TX_0002236,2026-02-09 16:38:40,U00596,U01576,0,,0.0003,0
TX_0002237,2026-02-09 16:49:21,U01357,U01818,0,,0.0002,0
TX_0002238,2026-02-09 16:57:53,U01432,U00179,0,,0.0003,0
TX_0002239,2026-02-09 17:14:47,U01914,U01236,0,,0.0003,0
TX_0002240,2026-02-09 17:17:27,U01653,U00162,0,,0.0003,0
TX_0002241,2026-02-09 17:25:00,U01017,U01508,0,,0.0005,0
TX_0002242,2026-02-09 17:27:26,U01024,U00627,0,,0.0002,0
TX_0002243,2026-02-09 17:36:36,U00735,U01619,0,,0.0003,0
TX_0002244,2026-02-09 17:40:24,U00180,U00386,0,,0.0004,0
TX_0002245,2026-02-09 17:46:36,U01532,U01891,0,,0.0003,0
TX_0002246,2026-02-09 17:55:08,U01014,U00416,0,,0.0002,0
TX_0002247,2026-02-09 18:16:36,U01343,U01681,0,,0.0002,0
TX_0002248,2026-02-09 18:55:49,U00310,U01643,0,,0.0005,0
TX_0002249,2026-02-09 18:57:14,U00509,U01162,0,,0.0002,0
TX_0002250,2026-02-09 19:12:16,U00382,U00347,0,,0.0004,0
TX_0002251,2026-02-09 19:33:27,U01707,U00965,0,,0.0003,0
TX_0002252,2026-02-09 19:44:44,U00716,U01095,0,,0.0002,0
TX_0002253,2026-02-09 19:47:39,U00865,U00690,0,,0.0002,0
TX_0002254,2026-02-09 19:58:14,U01947,U00771,0,,0.0005,0
TX_0002255,2026-02-09 20:08:40,U00947,U00280,0,,0.0003,0
TX_0002256,2026-02-09 20:14:09,U01310,U00853,0,,0.0002,0
TX_0002257,2026-02-09 20:36:46,U01523,U00585,0,,0.0003,0
TX_0002258,2026-02-09 20:48:24,U00166,U00030,0,,0.0003,0
TX_0002259,2026-02-09 20:53:10,U00200,U00533,0,,0.0002,0
TX_0002260,2026-02-09 20:58:34,U00520,U00597,0,,0.0002,0
TX_0002261,2026-02-09 20:59:21,U00095,U01501,0,,0.0003,0
TX_0002262,2026-02-09 21:10:44,U00722,U00334,0,,0.0003,0
TX_0002263,2026-02-09 21:17:56,U01656,U00681,0,,0.0002,0
TX_0002264,2026-02-09 21:26:40,U00232,U00153,0,,0.0002,0
TX_0002265,2026-02-09 21:32:51,U00571,U01941,0,,0.0002,0
TX_0002266,2026-02-09 21:35:00,U01744,U01683,0,,0.0012,0
TX_0002267,2026-02-09 21:44:06,U01883,U00906,0,,0.0002,0
TX_0002268,2026-02-09 22:02:43,U00929,U01227,0,,0.0002,0
TX_0002269,2026-02-09 22:04:06,U01671,U01307,0,,0.0002,0
TX_0002270,2026-02-09 22:23:40,U01559,U00837,0,,0.0002,0
TX_0002271,2026-02-09 22:36:35,U01727,U00832,0,,0.0003,0
TX_0002272,2026-02-09 22:43:40,U01678,U01873,0,,0.0003,0
TX_0002273,2026-02-09 22:54:38,U01440,U00951,0,,0.0003,0
TX_0002274,2026-02-09 22:55:57,U00169,U01651,0,,0.0002,0
TX_0002275,2026-02-09 23:11:08,U01212,U00627,0,,0.0018,0
TX_0002276,2026-02-09 23:14:47,U01484,U00614,0,,0.0002,0
TX_0002277,2026-02-09 23:15:33,U01865,U00490,0,,0.0002,0
TX_0002278,2026-02-09 23:31:08,U00952,U01118,0,,0.0003,0
TX_0002279,2026-02-09 23:31:46,U00629,U01604,0,,0.0003,0
TX_0002280,2026-02-09 23:43:03,U01158,U01303,0,,0.0003,0
TX_0002281,2026-02-10 00:11:46,U00636,U00747,0,,0.0002,0
TX_0002282,2026-02-10 00:38:08,U01665,U00548,0,,1e-04,0
TX_0002283,2026-02-10 00:44:51,U00976,U01771,0,,0.0002,0
TX_0002284,2026-02-10 00:45:42,U00246,U01999,0,,0.0002,0
TX_0002285,2026-02-10 00:51:13,U01155,U00902,0,,0.0002,0
TX_0002286,2026-02-10 01:25:54,U01117,U01020,0,,0.0002,0
TX_0002287,2026-02-10 02:28:13,U00759,U01506,0,,0.0002,0
TX_0002288,2026-02-10 02:37:56,U00977,U01546,0,,0.0004,0
TX_0002289,2026-02-10 04:06:01,U01637,U00049,0,,0.0003,0
TX_0002290,2026-02-10 05:07:34,U01536,U00982,0,,0.0002,0
TX_0002291,2026-02-10 07:11:47,U01500,U00566,0,,0.0002,0
TX_0002292,2026-02-10 07:12:14,U01801,U00600,0,,0.0002,0
TX_0002293,2026-02-10 07:37:58,U01300,U01741,0,,0.0002,0
TX_0002294,2026-02-10 07:54:39,U00859,U01679,0,,1e-04,0
TX_0002295,2026-02-10 08:16:31,U01012,U01145,0,,0.0017,0
TX_0002296,2026-02-10 08:25:55,U00454,U01936,0,,0.0002,0
TX_0002297,2026-02-10 08:28:27,U00544,U01220,0,,0.0002,0
TX_0002298,2026-02-10 08:29:13,U01190,U01474,0,,0.0002,0
TX_0002299,2026-02-10 08:32:17,U01727,U01829,0,,0.0002,0
TX_0002300,2026-02-10 08:53:17,U01848,U01068,0,,0.0002,0
TX_0002301,2026-02-10 08:58:54,U00034,U01166,0,,0.0002,0
TX_0002302,2026-02-10 09:05:45,U00377,U01369,0,,1e-04,0
TX_0002303,2026-02-10 09:10:03,U01500,U00654,0,,0.0005,0
TX_0002304,2026-02-10 09:19:46,U01404,U00170,0,,0.0003,0
TX_0002305,2026-02-10 09:29:55,U01478,U00008,0,,1e-04,0
TX_0002306,2026-02-10 09:38:51,U00289,U00370,0,,0.0002,0
TX_0002307,2026-02-10 09:38:56,U00579,U00911,0,,0.0002,0
TX_0002308,2026-02-10 09:41:46,U00091,U00993,0,,0.0002,0
TX_0002309,2026-02-10 09:55:16,U01898,U00103,0,,0.0002,0
TX_0002310,2026-02-10 10:00:05,U00144,U00849,0,,0.0002,0
TX_0002311,2026-02-10 10:10:39,U00012,U00858,0,,0.0002,0
TX_0002312,2026-02-10 10:12:52,U00757,U01766,0,,0.0002,0
TX_0002313,2026-02-10 10:31:49,U00899,U01012,0,,0.0002,0
TX_0002314,2026-02-10 10:35:59,U00757,U00098,0,,0.0002,0
TX_0002315,2026-02-10 10:41:06,U01255,U00827,0,,1e-04,0
TX_0002316,2026-02-10 11:11:27,U00631,U01269,0,,0.0002,0
TX_0002317,2026-02-10 11:21:04,U00602,U01329,0,,0.0002,0
TX_0002318,2026-02-10 11:29:49,U01283,U01585,0,,0.0004,0
TX_0002319,2026-02-10 11:32:44,U01204,U01156,0,,0.0002,0
TX_0002320,2026-02-10 11:40:14,U00307,U01983,0,,0.0002,0
TX_0002321,2026-02-10 11:42:10,U01330,U00505,0,,0.0003,0
TX_0002322,2026-02-10 11:55:35,U00214,U00380,0,,0.0002,0
TX_0002323,2026-02-10 11:59:12,U00609,U01272,0,,0.0002,0
TX_0002324,2026-02-10 12:10:32,U01239,U01687,0,,0.0002,0
TX_0002325,2026-02-10 12:16:32,U00160,U00501,0,,0.0002,0
TX_0002326,2026-02-10 12:17:21,U00958,U01765,0,,0.0002,0
TX_0002327,2026-02-10 12:28:43,U01098,U01721,0,,1e-04,0
TX_0002328,2026-02-10 12:32:05,U01044,U01485,0,,0.0002,0
TX_0002329,2026-02-10 12:55:51,U00446,U00198,0,,1e-04,0
TX_0002330,2026-02-10 12:56:25,U00063,U01245,0,,0.0002,0
TX_0002331,2026-02-10 13:03:51,U00626,U00500,0,,1e-04,0
TX_0002332,2026-02-10 13:11:52,U00634,U01751,0,,0.0002,0
TX_0002333,2026-02-10 13:18:31,U01294,U00959,0,,0.0002,0
TX_0002334,2026-02-10 13:19:49,U01328,U01990,0,,0.0002,0
TX_0002335,2026-02-10 13:28:51,U01957,U00264,0,,0.0002,0
TX_0002336,2026-02-10 13:34:30,U00712,U01258,0,,0.0003,0
TX_0002337,2026-02-10 13:38:10,U01122,U01550,0,,0.0002,0
TX_0002338,2026-02-10 13:43:32,U01767,U00454,0,,0.0002,0
TX_0002339,2026-02-10 13:49:23,U00194,U00321,0,,0.0002,0
TX_0002340,2026-02-10 14:09:36,U01672,U00475,0,,0.0003,0
TX_0002341,2026-02-10 14:15:05,U00568,U00338,0,,0.0002,0
TX_0002342,2026-02-10 14:26:32,U00505,U00210,0,,0.0002,0
TX_0002343,2026-02-10 14:27:33,U00431,U01986,0,,0.0002,0
TX_0002344,2026-02-10 14:33:09,U00785,U00756,0,,0.0002,0
TX_0002345,2026-02-10 14:44:46,U01349,U00747,0,,1e-04,0
TX_0002346,2026-02-10 14:48:15,U00466,U00824,0,,0.0003,0
TX_0002347,2026-02-10 14:55:30,U00571,U00747,0,,0.0003,0
TX_0002348,2026-02-10 14:59:22,U00146,U01748,0,,0.0002,0
TX_0002349,2026-02-10 15:01:59,U00177,U00721,0,,0.0002,0
TX_0002350,2026-02-10 15:12:47,U01403,U00844,0,,0.0007,0
TX_0002351,2026-02-10 15:40:00,U00875,U00176,0,,0.0002,0
TX_0002352,2026-02-10 15:57:00,U00177,U00924,0,,0.0002,0
TX_0002353,2026-02-10 16:01:52,U00299,U01432,0,,0.0002,0
TX_0002354,2026-02-10 16:03:44,U01467,U01887,0,,0.0002,0
TX_0002355,2026-02-10 16:12:27,U01263,U00177,0,,0.0002,0
TX_0002356,2026-02-10 16:20:27,U00839,U00022,0,,0.0002,0
TX_0002357,2026-02-10 16:23:03,U00865,U00690,0,,0.0003,0
TX_0002358,2026-02-10 16:34:46,U00503,U00183,0,,0.0002,0
TX_0002359,2026-02-10 17:07:14,U00223,U01352,0,,0.0002,0
TX_0002360,2026-02-10 17:43:59,U00078,U01892,0,,0.0002,0
TX_0002361,2026-02-10 18:21:40,U01433,U00531,0,,0.0002,0
TX_0002362,2026-02-10 18:31:45,U00208,U01559,0,,0.0002,0
TX_0002363,2026-02-10 18:32:54,U01643,U01879,0,,0.0002,0
TX_0002364,2026-02-10 18:33:25,U01047,U00624,0,,0.0002,0
TX_0002365,2026-02-10 18:42:11,U00667,U01068,0,,0.0002,0
TX_0002366,2026-02-10 18:44:37,U00982,U00849,0,,1e-04,0
TX_0002367,2026-02-10 18:53:42,U01127,U01102,0,,1e-04,0
TX_0002368,2026-02-10 19:06:23,U01839,U01452,0,,0.0002,0
TX_0002369,2026-02-10 19:16:09,U01792,U01164,0,,0.0005,0
TX_0002370,2026-02-10 19:20:56,U00180,U01315,0,,1e-04,0
TX_0002371,2026-02-10 19:44:17,U00077,U00402,0,,1e-04,0
TX_0002372,2026-02-10 19:44:37,U01364,U01482,0,,0.0002,0
TX_0002373,2026-02-10 19:57:58,U00875,U01038,0,,0.0002,0
TX_0002374,2026-02-10 20:07:26,U00035,U00453,0,,0.0002,0
TX_0002375,2026-02-10 20:09:16,U00266,U01544,0,,0.0002,0
TX_0002376,2026-02-10 20:11:34,U01416,U00988,0,,0.0002,0
TX_0002377,2026-02-10 20:17:10,U00382,U01877,0,,0.0002,0
TX_0002378,2026-02-10 20:18:40,U01835,U01768,0,,0.0002,0
TX_0002379,2026-02-10 20:26:52,U00340,U01333,0,,0.0002,0
TX_0002380,2026-02-10 20:37:42,U01402,U01568,0,,0.0002,0
TX_0002381,2026-02-10 20:40:57,U01015,U01778,0,,0.0002,0
TX_0002382,2026-02-10 20:51:41,U00472,U00622,0,,0.0002,0
TX_0002383,2026-02-10 20:53:31,U00331,U00020,0,,0.0002,0
TX_0002384,2026-02-10 21:01:28,U00995,U00549,0,,0.0003,0
TX_0002385,2026-02-10 21:11:32,U01642,U01917,0,,0.0002,0
TX_0002386,2026-02-10 21:11:57,U00529,U00875,0,,0.0002,0
TX_0002387,2026-02-10 21:21:21,U00656,U01995,0,,0.0002,0
TX_0002388,2026-02-10 21:34:29,U01854,U01381,0,,0.0002,0
TX_0002389,2026-02-10 21:38:18,U01973,U01560,0,,1e-04,0
TX_0002390,2026-02-10 21:40:46,U00230,U01210,0,,0.0002,0
TX_0002391,2026-02-10 21:42:47,U00479,U01047,0,,1e-04,0
TX_0002392,2026-02-10 21:46:49,U00415,U00986,0,,0.0003,0
TX_0002393,2026-02-10 21:49:22,U01930,U00643,0,,0.0002,0
TX_0002394,2026-02-10 21:59:32,U01946,U00552,0,,0.0002,0
TX_0002395,2026-02-10 22:04:29,U01532,U01891,0,,0.0002,0
TX_0002396,2026-02-10 22:07:25,U01110,U00373,0,,0.0002,0
TX_0002397,2026-02-10 22:16:30,U01925,U00164,0,,0.0002,0
TX_0002398,2026-02-10 22:16:30,U00382,U01782,0,,1e-04,0
TX_0002399,2026-02-10 22:21:35,U01757,U01221,0,,0.0002,0
TX_0002400,2026-02-10 22:21:40,U01486,U00349,0,,1e-04,0
TX_0002401,2026-02-10 23:08:16,U01194,U00049,0,,0.0002,0
TX_0002402,2026-02-10 23:11:35,U00106,U00267,0,,0.0002,0
TX_0002403,2026-02-10 23:15:47,U00009,U01641,0,,0.0002,0
TX_0002404,2026-02-10 23:18:20,U01890,U01984,0,,0.0002,0
TX_0002405,2026-02-10 23:21:04,U00273,U01496,0,,1e-04,0
TX_0002406,2026-02-10 23:34:53,U00067,U00831,0,,1e-04,0
TX_0002407,2026-02-10 23:50:46,U00889,U01761,0,,0.0008,0
TX_0002408,2026-02-11 00:05:57,U01825,U00033,0,,0.0002,0
TX_0002409,2026-02-11 00:08:08,U00071,U00313,0,,0.0003,0
TX_0002410,2026-02-11 00:14:57,U01571,U00276,0,,1e-04,0
TX_0002411,2026-02-11 00:29:59,U00833,U01613,0,,0.0002,0
TX_0002412,2026-02-11 00:43:30,U01718,U01206,0,,0.0002,0
TX_0002413,2026-02-11 00:46:19,U00698,U00676,0,,0.0002,0
TX_0002414,2026-02-11 00:50:58,U01928,U01813,0,,0.0002,0
TX_0002415,2026-02-11 00:56:32,U01807,U00303,0,,0.0002,0
TX_0002416,2026-02-11 01:19:47,U00471,U00381,0,,1e-04,0
TX_0002417,2026-02-11 04:04:43,U00458,U00662,0,,1e-04,0
TX_0002418,2026-02-11 05:15:46,U01682,U00687,0,,1e-04,0
TX_0002419,2026-02-11 06:33:02,U00695,U01977,0,,0.0003,0
TX_0002420,2026-02-11 07:03:50,U01420,U01645,0,,1e-04,0
TX_0002421,2026-02-11 07:06:53,U00621,U01874,0,,0.0008,0
TX_0002422,2026-02-11 07:18:02,U01648,U00155,0,,0.0002,0
TX_0002423,2026-02-11 07:29:27,U01033,U01714,0,,1e-04,0
TX_0002424,2026-02-11 07:43:39,U01064,U01427,0,,0.0003,0
TX_0002425,2026-02-11 07:48:49,U00522,U00713,0,,0.0003,0
TX_0002426,2026-02-11 08:14:02,U00312,U00165,0,,0.0003,0
TX_0002427,2026-02-11 08:23:23,U01618,U00942,0,,0.0002,0
TX_0002428,2026-02-11 08:26:31,U00172,U01098,0,,0.0003,0
TX_0002429,2026-02-11 08:37:23,U01132,U00701,0,,0.0002,0
TX_0002430,2026-02-11 09:02:27,U00237,U00950,0,,1e-04,0
TX_0002431,2026-02-11 09:12:24,U00544,U01463,0,,0.0003,0
TX_0002432,2026-02-11 09:22:31,U01001,U01534,0,,0.001,0
TX_0002433,2026-02-11 09:26:56,U00229,U01038,0,,0.0002,0
TX_0002434,2026-02-11 09:32:09,U01218,U01998,0,,0.0002,0
TX_0002435,2026-02-11 09:37:17,U00248,U01107,0,,0.0002,0
TX_0002436,2026-02-11 09:38:42,U00479,U01280,0,,1e-04,0
TX_0002437,2026-02-11 09:38:46,U00985,U00424,0,,0.0002,0
TX_0002438,2026-02-11 09:40:25,U00021,U01180,0,,0.0002,0
TX_0002439,2026-02-11 09:51:07,U01684,U00021,0,,0.0002,0
TX_0002440,2026-02-11 09:54:36,U00157,U01859,0,,0.0009,0
TX_0002441,2026-02-11 10:01:15,U00583,U01061,0,,0.0002,0
TX_0002442,2026-02-11 10:14:53,U00495,U01394,0,,0.0004,0
TX_0002443,2026-02-11 10:15:01,U01945,U00770,0,,0.0003,0
TX_0002444,2026-02-11 10:17:35,U00479,U01280,0,,0.0002,0
TX_0002445,2026-02-11 10:23:45,U00365,U00550,0,,0.0002,0
TX_0002446,2026-02-11 10:40:34,U00252,U01825,0,,0.0006,0
TX_0002447,2026-02-11 10:59:09,U01006,U01798,0,,1e-04,0
TX_0002448,2026-02-11 11:13:21,U00482,U01471,0,,0.0002,0
TX_0002449,2026-02-11 11:14:33,U01244,U01286,0,,0.0002,0
TX_0002450,2026-02-11 11:17:40,U00610,U00327,0,,0.0004,0
TX_0002451,2026-02-11 11:21:43,U00559,U01480,0,,0.0002,0
TX_0002452,2026-02-11 11:28:52,U00811,U01101,0,,0.0002,0
TX_0002453,2026-02-11 11:34:04,U00953,U00489,0,,0.0002,0
TX_0002454,2026-02-11 11:39:53,U00263,U01645,0,,0.0002,0
TX_0002455,2026-02-11 11:44:33,U00253,U01106,0,,0.0003,0
TX_0002456,2026-02-11 11:48:28,U01096,U00171,0,,0.0002,0
TX_0002457,2026-02-11 11:49:52,U00727,U00041,0,,0.0004,0
TX_0002458,2026-02-11 11:53:01,U01107,U01698,0,,0.0003,0
TX_0002459,2026-02-11 11:54:37,U00049,U02000,0,,0.0002,0
TX_0002460,2026-02-11 12:23:19,U01084,U01170,0,,0.0002,0
TX_0002461,2026-02-11 12:24:33,U01223,U01888,0,,0.0002,0
TX_0002462,2026-02-11 12:45:28,U00685,U00593,0,,0.0002,0
TX_0002463,2026-02-11 13:04:43,U00554,U01957,0,,0.0002,0
TX_0002464,2026-02-11 13:07:24,U00310,U00911,0,,1e-04,0
TX_0002465,2026-02-11 13:23:03,U00497,U00064,0,,0.0003,0
TX_0002466,2026-02-11 13:25:46,U00791,U00691,0,,1e-04,0
TX_0002467,2026-02-11 13:46:54,U01105,U00200,0,,1e-04,0
TX_0002468,2026-02-11 13:56:21,U01868,U00454,0,,1e-04,0
TX_0002469,2026-02-11 13:56:21,U00356,U01531,0,,1e-04,0
TX_0002470,2026-02-11 13:56:47,U01136,U00941,0,,1e-04,0
TX_0002471,2026-02-11 14:00:05,U00053,U00513,0,,0.0003,0
TX_0002472,2026-02-11 14:01:22,U00877,U00493,0,,0.0002,0
TX_0002473,2026-02-11 14:09:18,U00462,U00087,0,,0.0002,0
TX_0002474,2026-02-11 14:10:11,U00649,U01222,0,,0.0002,0
TX_0002475,2026-02-11 14:19:26,U01599,U00308,0,,1e-04,0
TX_0002476,2026-02-11 14:35:53,U00262,U00847,0,,1e-04,0
TX_0002477,2026-02-11 14:54:39,U01939,U01265,0,,1e-04,0
TX_0002478,2026-02-11 14:57:00,U01273,U01220,0,,0.0002,0
TX_0002479,2026-02-11 15:07:40,U00523,U01066,0,,0.0002,0
TX_0002480,2026-02-11 15:21:36,U01278,U00826,0,,1e-04,0
TX_0002481,2026-02-11 15:26:20,U01301,U00510,0,,0.0002,0
TX_0002482,2026-02-11 15:31:24,U00813,U00847,0,,0.0002,0
TX_0002483,2026-02-11 15:39:11,U01817,U01319,0,,1e-04,0
TX_0002484,2026-02-11 15:40:24,U01501,U00025,0,,0.0002,0
TX_0002485,2026-02-11 15:44:23,U00748,U00537,0,,1e-04,0
TX_0002486,2026-02-11 15:46:40,U00371,U00668,0,,0.0002,0
TX_0002487,2026-02-11 15:54:44,U01811,U00593,0,,0.0013,0
TX_0002488,2026-02-11 15:55:04,U01928,U01878,0,,0.0002,0
TX_0002489,2026-02-11 15:55:06,U00951,U01416,0,,1e-04,0
TX_0002490,2026-02-11 15:56:38,U00008,U01677,0,,0.0007,0
TX_0002491,2026-02-11 15:57:05,U00324,U00974,0,,1e-04,0
TX_0002492,2026-02-11 16:03:01,U00988,U01429,0,,0.0002,0
TX_0002493,2026-02-11 16:08:34,U00678,U01797,0,,0.0002,0
TX_0002494,2026-02-11 16:23:51,U01872,U00878,0,,0.0002,0
TX_0002495,2026-02-11 16:26:14,U01744,U01624,0,,1e-04,0
TX_0002496,2026-02-11 16:38:13,U01172,U00875,0,,0.0002,0
TX_0002497,2026-02-11 16:42:06,U01869,U00791,0,,0.0002,0
TX_0002498,2026-02-11 16:42:34,U00527,U00382,0,,0.0002,0
TX_0002499,2026-02-11 17:07:52,U01938,U00296,0,,0.0002,0
TX_0002500,2026-02-11 17:10:25,U01222,U01829,0,,0.0002,0
TX_0002501,2026-02-11 17:11:04,U00391,U01672,0,,1e-04,0
TX_0002502,2026-02-11 17:18:23,U01831,U00565,0,,1e-04,0
TX_0002503,2026-02-11 17:19:50,U00920,U00968,0,,0.0002,0
TX_0002504,2026-02-11 17:28:12,U01827,U01446,0,,0.0002,0
TX_0002505,2026-02-11 17:30:25,U00674,U01511,0,,0.0002,0
TX_0002506,2026-02-11 17:32:50,U00521,U00053,0,,1e-04,0
TX_0002507,2026-02-11 17:33:43,U00175,U01706,0,,1e-04,0
TX_0002508,2026-02-11 17:33:52,U00574,U00609,0,,0.0002,0
TX_0002509,2026-02-11 17:42:11,U00051,U01649,0,,0.0002,0
TX_0002510,2026-02-11 17:47:51,U01667,U00720,0,,0.0002,0
TX_0002511,2026-02-11 17:53:23,U00976,U01517,0,,0.0002,0
TX_0002512,2026-02-11 17:56:14,U00925,U00427,0,,0.0003,0
TX_0002513,2026-02-11 18:02:07,U01368,U00617,0,,0.0002,0
TX_0002514,2026-02-11 18:06:22,U01671,U01166,0,,0.0002,0
TX_0002515,2026-02-11 18:07:05,U00205,U00506,0,,0.0002,0
TX_0002516,2026-02-11 18:16:12,U00875,U00176,0,,0.0002,0
TX_0002517,2026-02-11 18:24:21,U00619,U00114,0,,0.0002,0
TX_0002518,2026-02-11 18:30:38,U00621,U00954,0,,0.0002,0
TX_0002519,2026-02-11 18:30:58,U00451,U00624,0,,0.0003,0
TX_0002520,2026-02-11 18:32:08,U00512,U00210,0,,1e-04,0
TX_0002521,2026-02-11 18:34:50,U01862,U01764,0,,0.0002,0
TX_0002522,2026-02-11 18:37:50,U00803,U01537,0,,1e-04,0
TX_0002523,2026-02-11 18:43:34,U00565,U01045,0,,1e-04,0
TX_0002524,2026-02-11 18:43:47,U00617,U01879,0,,0.0002,0
TX_0002525,2026-02-11 18:50:58,U01595,U00945,0,,0.0002,0
TX_0002526,2026-02-11 18:51:00,U01201,U00774,0,,1e-04,0
TX_0002527,2026-02-11 19:00:00,U00981,U01110,0,,0.0003,0
TX_0002528,2026-02-11 19:01:40,U00558,U00563,0,,1e-04,0
TX_0002529,2026-02-11 19:02:41,U00226,U01040,0,,0.0003,0
TX_0002530,2026-02-11 19:04:26,U00830,U01243,0,,0.0002,0
TX_0002531,2026-02-11 19:04:57,U00371,U01015,0,,1e-04,0
TX_0002532,2026-02-11 19:05:43,U01434,U01686,0,,0.0002,0
TX_0002533,2026-02-11 19:08:34,U01331,U01364,0,,0.0002,0
TX_0002534,2026-02-11 19:16:28,U00583,U01756,0,,1e-04,0
TX_0002535,2026-02-11 19:28:20,U00166,U00344,0,,0.0002,0
TX_0002536,2026-02-11 19:33:42,U00506,U01981,0,,0.0002,0
TX_0002537,2026-02-11 19:38:07,U01930,U00643,0,,0.0002,0
TX_0002538,2026-02-11 19:39:28,U00366,U01238,0,,0.0002,0
TX_0002539,2026-02-11 19:43:35,U01441,U00758,0,,0.0002,0
TX_0002540,2026-02-11 19:53:15,U00151,U01074,0,,0.0002,0
TX_0002541,2026-02-11 19:57:16,U01818,U00240,0,,0.0008,0
TX_0002542,2026-02-11 19:57:44,U01744,U00109,0,,0.0002,0
TX_0002543,2026-02-11 20:10:49,U01807,U01708,0,,0.0002,0
TX_0002544,2026-02-11 20:24:02,U00325,U00593,0,,0.0004,0
TX_0002545,2026-02-11 20:24:51,U01102,U01231,0,,0.0002,0
TX_0002546,2026-02-11 20:25:01,U00794,U00212,0,,0.0002,0
TX_0002547,2026-02-11 20:29:22,U01801,U00167,0,,1e-04,0
TX_0002548,2026-02-11 20:36:21,U00243,U01491,0,,0.0002,0
TX_0002549,2026-02-11 21:00:33,U00670,U00315,0,,0.0002,0
TX_0002550,2026-02-11 21:13:05,U01383,U00194,0,,0.0002,0
TX_0002551,2026-02-11 21:19:03,U00728,U00709,0,,1e-04,0
TX_0002552,2026-02-11 21:21:42,U00015,U00706,0,,0.0003,0
TX_0002553,2026-02-11 21:35:43,U01239,U00838,0,,1e-04,0
TX_0002554,2026-02-11 21:37:45,U01343,U00285,0,,0.0002,0
TX_0002555,2026-02-11 21:49:49,U01641,U00313,0,,0.0002,0
TX_0002556,2026-02-11 21:51:44,U01805,U01620,0,,0.0002,0
TX_0002557,2026-02-11 21:53:05,U01452,U01434,0,,0.0002,0
TX_0002558,2026-02-11 21:53:06,U01826,U01624,0,,0.0002,0
TX_0002559,2026-02-11 21:58:05,U00260,U01765,0,,0.0002,0
TX_0002560,2026-02-11 21:58:44,U01680,U01294,0,,1e-04,0
TX_0002561,2026-02-11 22:02:32,U00761,U01469,0,,0.0002,0
TX_0002562,2026-02-11 22:41:31,U01383,U01280,0,,0.0002,0
TX_0002563,2026-02-11 23:37:18,U00359,U01301,0,,0.0002,0
TX_0002564,2026-02-11 23:46:04,U00851,U00710,0,,0.0002,0
TX_0002565,2026-02-11 23:55:01,U01364,U00453,0,,1e-04,0
TX_0002566,2026-02-11 23:59:46,U01952,U01631,0,,0.0002,0
TX_0002567,2026-02-12 00:26:51,U01325,U01461,0,,0.0002,0
TX_0002568,2026-02-12 00:26:56,U00687,U01398,0,,0.0002,0
TX_0002569,2026-02-12 00:47:18,U00155,U00817,0,,0.0002,0
TX_0002570,2026-02-12 00:47:59,U01026,U01616,0,,0.0002,0
TX_0002571,2026-02-12 01:20:17,U00084,U00904,0,,0.0002,0
TX_0002572,2026-02-12 03:15:10,U01116,U00695,0,,0.0002,0
TX_0002573,2026-02-12 03:25:15,U01288,U01585,0,,0.0002,0
TX_0002574,2026-02-12 04:36:57,U01062,U00909,0,,0.0002,0
TX_0002575,2026-02-12 04:45:42,U00964,U01984,0,,0.0002,0
TX_0002576,2026-02-12 06:58:42,U00360,U01993,0,,0.0002,0
TX_0002577,2026-02-12 07:16:01,U00837,U00320,0,,0.0002,0
TX_0002578,2026-02-12 07:17:34,U01464,U01957,0,,0.0002,0
TX_0002579,2026-02-12 07:23:44,U00607,U00320,0,,0.0002,0
TX_0002580,2026-02-12 07:25:26,U01101,U01033,0,,0.0002,0
TX_0002581,2026-02-12 07:41:10,U00273,U00679,0,,1e-04,0
TX_0002582,2026-02-12 07:43:33,U01813,U00666,0,,0.0002,0
TX_0002583,2026-02-12 07:50:20,U00813,U01046,0,,1e-04,0
TX_0002584,2026-02-12 07:51:41,U01013,U01743,0,,0.0002,0
TX_0002585,2026-02-12 07:53:25,U00916,U00881,0,,0.0002,0
TX_0002586,2026-02-12 07:56:53,U01802,U01219,0,,0.0002,0
TX_0002587,2026-02-12 08:29:22,U01748,U01408,0,,0.0002,0
TX_0002588,2026-02-12 08:36:41,U01869,U01903,0,,0.0008,0
TX_0002589,2026-02-12 08:41:01,U00725,U01690,0,,0.0002,0
TX_0002590,2026-02-12 08:45:47,U01885,U00659,0,,0.0014,0
TX_0002591,2026-02-12 08:54:15,U01229,U01423,0,,0.0002,0
TX_0002592,2026-02-12 09:04:51,U01844,U00538,0,,0.0002,0
TX_0002593,2026-02-12 09:05:32,U01965,U01671,0,,1e-04,0
TX_0002594,2026-02-12 09:13:48,U00154,U00304,0,,0.0003,0
TX_0002595,2026-02-12 09:17:12,U01383,U00360,0,,0.0002,0
TX_0002596,2026-02-12 09:18:59,U01935,U01204,0,,0.0002,0
TX_0002597,2026-02-12 09:26:09,U00167,U00375,0,,0.0002,0
TX_0002598,2026-02-12 09:28:26,U00934,U00076,0,,0.0003,0
TX_0002599,2026-02-12 09:29:33,U00802,U01038,0,,0.0003,0
TX_0002600,2026-02-12 09:34:44,U01006,U01170,0,,0.0002,0
TX_0002601,2026-02-12 10:01:08,U00605,U00081,0,,0.0002,0
TX_0002602,2026-02-12 10:01:59,U00700,U01398,0,,0.0002,0
TX_0002603,2026-02-12 10:03:40,U00918,U00629,0,,0.0004,0
TX_0002604,2026-02-12 10:09:34,U00690,U00046,0,,0.0002,0
TX_0002605,2026-02-12 10:16:54,U01456,U00549,0,,0.0004,0
TX_0002606,2026-02-12 10:28:24,U00944,U01572,0,,0.0012,0
TX_0002607,2026-02-12 10:54:54,U00582,U00182,0,,0.0002,0
TX_0002608,2026-02-12 10:57:41,U00609,U01272,0,,0.0009,0
TX_0002609,2026-02-12 10:58:06,U00140,U00138,0,,0.0003,0
TX_0002610,2026-02-12 11:00:40,U00657,U00345,0,,0.0002,0
TX_0002611,2026-02-12 11:04:11,U00755,U01593,0,,0.0005,0
TX_0002612,2026-02-12 11:10:29,U01657,U01924,0,,0.0003,0
TX_0002613,2026-02-12 11:19:45,U00735,U00767,0,,0.0002,0
TX_0002614,2026-02-12 11:24:42,U01532,U01729,0,,0.0002,0
TX_0002615,2026-02-12 11:49:29,U00586,U00386,0,,0.0002,0
TX_0002616,2026-02-12 11:56:50,U00784,U00019,0,,0.0002,0
TX_0002617,2026-02-12 12:04:42,U00053,U01821,0,,0.0002,0
TX_0002618,2026-02-12 12:10:02,U00733,U00663,0,,0.0012,0
TX_0002619,2026-02-12 12:15:22,U00478,U00733,0,,0.0002,0
TX_0002620,2026-02-12 12:15:48,U01103,U01462,0,,0.0002,0
TX_0002621,2026-02-12 12:22:09,U01519,U01180,0,,0.0002,0
TX_0002622,2026-02-12 12:22:40,U00836,U01557,0,,1e-04,0
TX_0002623,2026-02-12 12:29:51,U00079,U01153,0,,0.0002,0
TX_0002624,2026-02-12 12:34:26,U01140,U00695,0,,0.0003,0
TX_0002625,2026-02-12 12:38:15,U00325,U00936,0,,0.0002,0
TX_0002626,2026-02-12 12:43:17,U01404,U01068,0,,0.0002,0
TX_0002627,2026-02-12 13:08:23,U01073,U00062,0,,0.0002,0
TX_0002628,2026-02-12 13:21:38,U00091,U00993,0,,0.0002,0
TX_0002629,2026-02-12 13:32:43,U01213,U00455,0,,0.0002,0
TX_0002630,2026-02-12 13:33:52,U00076,U00631,0,,0.0002,0
TX_0002631,2026-02-12 13:35:06,U01910,U01291,0,,0.0002,0
TX_0002632,2026-02-12 13:42:37,U00338,U00842,0,,0.0002,0
TX_0002633,2026-02-12 13:49:31,U00095,U00461,0,,0.0002,0
TX_0002634,2026-02-12 13:54:21,U01335,U00568,0,,0.0003,0
TX_0002635,2026-02-12 14:08:22,U00486,U01850,0,,0.0002,0
TX_0002636,2026-02-12 14:19:42,U01038,U00448,0,,0.0003,0
TX_0002637,2026-02-12 14:23:52,U00682,U01864,0,,1e-04,0
TX_0002638,2026-02-12 14:38:56,U01975,U00219,0,,0.0002,0
TX_0002639,2026-02-12 14:54:41,U01841,U00503,0,,0.0002,0
TX_0002640,2026-02-12 15:05:35,U00519,U01857,0,,0.0002,0
TX_0002641,2026-02-12 15:09:45,U01137,U01624,0,,0.0345,0
TX_0002642,2026-02-12 15:10:41,U01784,U01766,0,,0.0002,0
TX_0002643,2026-02-12 15:21:40,U00901,U01348,0,,0.0002,0
TX_0002644,2026-02-12 15:25:36,U01310,U00853,0,,0.0002,0
TX_0002645,2026-02-12 15:34:48,U01473,U00653,0,,0.0003,0
TX_0002646,2026-02-12 15:38:11,U00648,U01038,0,,0.0002,0
TX_0002647,2026-02-12 16:01:47,U00972,U00440,0,,0.0002,0
TX_0002648,2026-02-12 16:09:49,U00410,U01507,0,,0.0002,0
TX_0002649,2026-02-12 16:16:07,U00441,U00638,0,,0.0003,0
TX_0002650,2026-02-12 16:18:11,U00182,U01008,0,,0.0002,0
TX_0002651,2026-02-12 16:23:00,U01314,U00209,0,,0.0002,0
TX_0002652,2026-02-12 16:26:41,U01089,U00083,0,,0.0003,0
TX_0002653,2026-02-12 16:34:31,U01487,U00399,0,,0.0002,0
TX_0002654,2026-02-12 16:36:44,U00793,U00804,0,,0.0003,0
TX_0002655,2026-02-12 16:49:07,U00694,U01427,0,,0.0003,0
TX_0002656,2026-02-12 16:54:41,U01971,U00563,0,,0.0002,0
TX_0002657,2026-02-12 17:01:07,U01850,U00163,0,,1e-04,0
TX_0002658,2026-02-12 17:06:20,U01291,U00811,0,,0.0002,0
TX_0002659,2026-02-12 17:13:11,U00729,U01136,0,,1e-04,0
TX_0002660,2026-02-12 17:21:12,U00858,U01349,0,,0.0002,0
TX_0002661,2026-02-12 17:31:35,U00149,U00030,0,,0.0002,0
TX_0002662,2026-02-12 17:38:07,U00634,U01195,0,,0.0002,0
TX_0002663,2026-02-12 17:48:18,U00543,U00261,0,,0.0002,0
TX_0002664,2026-02-12 17:49:05,U01687,U01753,0,,0.0002,0
TX_0002665,2026-02-12 17:49:06,U01261,U01312,0,,1e-04,0
TX_0002666,2026-02-12 17:54:22,U00457,U00396,0,,1e-04,0
TX_0002667,2026-02-12 18:29:18,U00100,U01296,0,,0.0005,0
TX_0002668,2026-02-12 18:35:06,U00076,U01543,0,,0.0002,0
TX_0002669,2026-02-12 18:47:33,U01225,U00004,0,,0.0002,0
TX_0002670,2026-02-12 18:48:55,U01048,U01927,0,,1e-04,0
TX_0002671,2026-02-12 18:53:22,U01088,U00768,0,,0.0002,0
TX_0002672,2026-02-12 18:54:17,U00714,U00768,0,,0.0005,0
TX_0002673,2026-02-12 18:57:17,U01535,U01648,0,,0.0003,0
TX_0002674,2026-02-12 19:00:38,U01842,U01830,0,,0.0002,0
TX_0002675,2026-02-12 19:01:50,U00858,U01349,0,,0.0002,0
TX_0002676,2026-02-12 19:08:21,U00429,U01001,0,,1e-04,0
TX_0002677,2026-02-12 19:10:47,U01906,U00739,0,,0.0003,0
TX_0002678,2026-02-12 19:14:53,U00700,U01639,0,,0.0002,0
TX_0002679,2026-02-12 19:19:13,U00406,U01784,0,,0.0004,0
TX_0002680,2026-02-12 19:20:46,U00805,U01974,0,,1e-04,0
TX_0002681,2026-02-12 19:26:16,U00770,U01091,0,,0.0002,0
TX_0002682,2026-02-12 19:30:43,U01137,U01424,0,,0.0002,0
TX_0002683,2026-02-12 19:35:19,U00925,U00445,0,,0.0002,0
TX_0002684,2026-02-12 19:37:42,U00001,U00769,0,,0.0002,0
TX_0002685,2026-02-12 19:41:21,U01145,U00123,0,,0.0002,0
TX_0002686,2026-02-12 19:41:50,U00285,U01371,0,,1e-04,0
TX_0002687,2026-02-12 19:42:29,U01688,U00987,0,,0.0002,0
TX_0002688,2026-02-12 19:46:21,U00113,U01210,0,,1e-04,0
TX_0002689,2026-02-12 20:10:13,U01674,U01889,0,,0.0003,0
TX_0002690,2026-02-12 20:17:02,U01261,U01750,0,,0.0002,0
TX_0002691,2026-02-12 20:23:29,U00263,U01942,0,,0.0002,0
TX_0002692,2026-02-12 20:29:26,U01657,U01568,0,,0.0002,0
TX_0002693,2026-02-12 20:31:13,U01503,U01539,0,,0.0002,0
TX_0002694,2026-02-12 20:39:06,U00673,U00082,0,,1e-04,0
TX_0002695,2026-02-12 20:42:20,U01783,U00337,0,,1e-04,0
TX_0002696,2026-02-12 20:48:24,U00037,U01611,0,,1e-04,0
TX_0002697,2026-02-12 20:56:20,U00350,U01069,0,,0.0002,0
TX_0002698,2026-02-12 21:03:15,U00518,U00598,0,,0.0002,0
TX_0002699,2026-02-12 21:11:58,U00503,U00183,0,,0.0002,0
TX_0002700,2026-02-12 21:18:02,U01914,U01826,0,,0.0002,0
TX_0002701,2026-02-12 21:32:45,U01992,U00237,0,,0.0002,0
TX_0002702,2026-02-12 21:32:50,U00205,U01227,0,,0.0002,0
TX_0002703,2026-02-12 21:46:14,U00497,U00718,0,,0.0002,0
TX_0002704,2026-02-12 21:47:36,U01662,U01430,0,,0.0004,0
TX_0002705,2026-02-12 21:50:06,U00041,U01172,0,,1e-04,0
TX_0002706,2026-02-12 21:50:31,U01774,U00718,0,,0.0004,0
TX_0002707,2026-02-12 21:58:49,U00651,U01405,0,,0.0002,0
TX_0002708,2026-02-12 21:58:58,U00876,U00929,0,,1e-04,0
TX_0002709,2026-02-12 22:06:48,U00920,U00625,0,,0.0002,0
TX_0002710,2026-02-12 22:08:28,U00744,U00055,0,,0.0003,0
TX_0002711,2026-02-12 22:20:16,U00909,U01606,0,,0.0002,0
TX_0002712,2026-02-12 22:42:26,U00368,U00698,0,,0.0002,0
TX_0002713,2026-02-12 22:43:45,U00220,U01842,0,,0.0002,0
TX_0002714,2026-02-12 22:55:58,U01881,U00375,0,,0.0004,0
TX_0002715,2026-02-12 23:06:05,U00291,U01615,0,,0.0002,0
TX_0002716,2026-02-12 23:20:45,U00776,U00910,0,,0.0002,0
TX_0002717,2026-02-12 23:38:35,U00073,U01917,0,,1e-04,0
TX_0002718,2026-02-12 23:41:18,U01046,U00893,0,,0.0002,0
TX_0002719,2026-02-12 23:54:48,U01643,U01411,0,,0.0002,0
TX_0002720,2026-02-12 23:58:02,U01690,U00364,0,,0.0002,0
TX_0002721,2026-02-12 23:59:20,U01375,U01740,0,,0.0002,0
TX_0002722,2026-02-13 00:27:38,U00052,U01864,0,,0.0002,0
TX_0002723,2026-02-13 00:29:14,U01374,U01185,0,,0.0002,0
TX_0002724,2026-02-13 00:42:59,U00387,U01972,0,,0.0002,0
TX_0002725,2026-02-13 00:45:24,U01164,U01014,0,,0.0002,0
TX_0002726,2026-02-13 00:51:04,U01617,U00775,0,,1e-04,0
TX_0002727,2026-02-13 00:59:23,U01522,U00504,0,,0.0002,0
TX_0002728,2026-02-13 01:57:25,U00801,U00539,0,,0.0005,0
TX_0002729,2026-02-13 04:12:49,U01455,U00958,0,,0.0002,0
TX_0002730,2026-02-13 05:32:39,U01173,U01071,0,,0.0003,0
TX_0002731,2026-02-13 07:05:19,U00876,U00929,0,,0.0002,0
TX_0002732,2026-02-13 07:14:39,U00448,U00796,0,,0.0002,0
TX_0002733,2026-02-13 07:20:31,U00048,U01784,0,,0.0002,0
TX_0002734,2026-02-13 07:21:39,U00145,U01120,0,,0.0008,0
TX_0002735,2026-02-13 07:28:42,U01157,U00694,0,,0.0003,0
TX_0002736,2026-02-13 07:37:39,U01891,U00179,0,,0.0002,0
TX_0002737,2026-02-13 07:41:10,U00378,U01064,0,,0.0002,0
TX_0002738,2026-02-13 07:50:09,U00802,U01469,0,,0.0002,0
TX_0002739,2026-02-13 07:54:55,U00748,U00537,0,,0.0002,0
TX_0002740,2026-02-13 08:10:52,U01325,U01461,0,,0.0002,0
TX_0002741,2026-02-13 08:14:18,U00853,U01525,0,,0.0003,0
TX_0002742,2026-02-13 08:26:17,U00982,U01500,0,,0.0003,0
TX_0002743,2026-02-13 08:42:27,U01742,U01073,0,,0.0002,0
TX_0002744,2026-02-13 08:49:00,U01125,U01609,0,,1e-04,0
TX_0002745,2026-02-13 08:52:28,U00175,U01706,0,,1e-04,0
TX_0002746,2026-02-13 09:04:38,U00355,U00079,0,,0.0002,0
TX_0002747,2026-02-13 09:12:08,U00367,U00168,0,,0.0003,0
TX_0002748,2026-02-13 09:13:08,U00791,U00309,0,,0.0002,0
TX_0002749,2026-02-13 09:22:56,U01254,U00659,0,,0.0009,0
TX_0002750,2026-02-13 09:36:48,U00686,U01636,0,,0.0002,0
TX_0002751,2026-02-13 10:00:25,U00777,U00385,0,,0.0003,0
TX_0002752,2026-02-13 10:03:39,U01170,U00032,0,,0.0009,0
TX_0002753,2026-02-13 10:12:12,U00247,U00473,0,,0.0002,0
TX_0002754,2026-02-13 10:13:09,U01984,U00507,0,,0.0002,0
TX_0002755,2026-02-13 10:17:48,U00704,U00748,0,,0.0002,0
TX_0002756,2026-02-13 10:18:36,U01574,U00390,0,,1e-04,0
TX_0002757,2026-02-13 10:33:06,U00352,U01508,0,,0.0002,0
TX_0002758,2026-02-13 10:40:28,U01048,U01927,0,,0.0002,0
TX_0002759,2026-02-13 10:42:59,U00543,U00991,0,,0.0002,0
TX_0002760,2026-02-13 11:00:31,U01883,U01382,0,,0.0002,0
TX_0002761,2026-02-13 11:02:20,U00208,U01896,0,,0.0002,0
TX_0002762,2026-02-13 11:06:14,U00309,U01884,0,,0.0002,0
TX_0002763,2026-02-13 11:12:31,U01700,U00466,0,,0.0002,0
TX_0002764,2026-02-13 11:20:03,U01532,U00619,0,,0.0002,0
TX_0002765,2026-02-13 11:24:13,U01728,U00805,0,,0.0002,0
TX_0002766,2026-02-13 11:41:41,U01168,U01185,0,,0.0002,0
TX_0002767,2026-02-13 12:19:20,U00661,U00085,0,,1e-04,0
TX_0002768,2026-02-13 12:22:56,U01200,U00358,0,,0.0002,0
TX_0002769,2026-02-13 12:39:02,U01936,U00261,0,,0.0002,0
TX_0002770,2026-02-13 12:43:45,U01044,U01402,0,,1e-04,0
TX_0002771,2026-02-13 12:47:42,U00857,U01818,0,,1e-04,0
TX_0002772,2026-02-13 12:50:06,U01609,U00248,0,,0.0002,0
TX_0002773,2026-02-13 12:53:43,U00263,U01645,0,,0.0005,0
TX_0002774,2026-02-13 12:55:28,U01814,U00679,0,,0.0002,0
TX_0002775,2026-02-13 12:57:15,U00494,U01244,0,,1e-04,0
TX_0002776,2026-02-13 13:02:18,U00976,U00110,0,,1e-04,0
TX_0002777,2026-02-13 13:06:43,U01581,U01798,0,,0.0004,0
TX_0002778,2026-02-13 13:21:59,U00187,U00678,0,,0.0002,0
TX_0002779,2026-02-13 13:22:21,U00605,U00704,0,,0.0005,0
TX_0002780,2026-02-13 13:30:30,U00915,U00160,0,,1e-04,0
TX_0002781,2026-02-13 13:31:48,U00792,U01413,0,,0.0002,0
TX_0002782,2026-02-13 13:34:58,U01240,U00245,0,,1e-04,0
TX_0002783,2026-02-13 13:42:49,U01300,U00859,0,,0.0002,0
TX_0002784,2026-02-13 13:47:28,U00215,U01691,0,,1e-04,0
TX_0002785,2026-02-13 13:48:15,U00651,U01704,0,,0.0002,0
TX_0002786,2026-02-13 13:57:21,U01591,U00374,0,,0.0002,0
TX_0002787,2026-02-13 14:06:44,U00387,U00372,0,,0.0002,0
TX_0002788,2026-02-13 14:09:16,U00427,U00608,0,,0.0002,0
TX_0002789,2026-02-13 14:17:40,U00356,U01093,0,,1e-04,0
TX_0002790,2026-02-13 14:19:15,U00310,U00188,0,,0.0002,0
TX_0002791,2026-02-13 14:21:38,U00354,U00285,0,,0.0002,0
TX_0002792,2026-02-13 14:27:16,U01858,U00137,0,,1e-04,0
TX_0002793,2026-02-13 14:28:05,U00255,U01302,0,,0.0006,0
TX_0002794,2026-02-13 14:30:36,U00805,U01669,0,,0.0002,0
TX_0002795,2026-02-13 14:35:36,U00536,U01221,0,,0.0003,0
TX_0002796,2026-02-13 14:43:11,U00817,U00876,0,,0.0002,0
TX_0002797,2026-02-13 15:00:16,U00428,U01871,0,,0.0002,0
TX_0002798,2026-02-13 15:02:05,U01784,U01621,0,,1e-04,0
TX_0002799,2026-02-13 15:06:10,U01847,U00676,0,,0.0002,0
TX_0002800,2026-02-13 15:07:42,U00914,U01329,0,,0.0002,0
TX_0002801,2026-02-13 15:40:29,U00209,U00469,0,,0.0002,0
TX_0002802,2026-02-13 15:41:09,U00749,U00612,0,,0.0002,0
TX_0002803,2026-02-13 15:45:17,U00193,U00412,0,,0.0002,0
TX_0002804,2026-02-13 15:46:38,U01283,U01579,0,,1e-04,0
TX_0002805,2026-02-13 15:47:30,U01180,U00850,0,,0.0002,0
TX_0002806,2026-02-13 15:57:26,U00442,U01172,0,,0.0002,0
TX_0002807,2026-02-13 16:07:37,U01617,U00890,0,,0.0041,0
TX_0002808,2026-02-13 16:11:22,U01885,U00659,0,,0.0003,0
TX_0002809,2026-02-13 16:13:11,U00208,U01559,0,,1e-04,0
TX_0002810,2026-02-13 16:33:52,U00670,U00376,0,,0.0002,0
TX_0002811,2026-02-13 16:36:20,U01422,U01056,0,,1e-04,0
TX_0002812,2026-02-13 16:48:43,U01617,U00368,0,,0.0002,0
TX_0002813,2026-02-13 17:10:39,U00596,U01576,0,,0.0002,0
TX_0002814,2026-02-13 17:15:00,U01101,U01033,0,,0.0002,0
TX_0002815,2026-02-13 17:15:10,U01956,U00384,0,,0.0005,0
TX_0002816,2026-02-13 17:26:35,U00207,U00988,0,,0.0002,0
TX_0002817,2026-02-13 17:32:57,U01190,U01648,0,,0.0006,0
TX_0002818,2026-02-13 17:42:21,U01614,U00690,0,,0.0002,0
TX_0002819,2026-02-13 17:42:23,U01768,U01959,0,,0.0002,0
TX_0002820,2026-02-13 17:52:15,U00086,U01826,0,,0.0002,0
TX_0002821,2026-02-13 17:56:57,U00865,U00690,0,,0.0002,0
TX_0002822,2026-02-13 18:06:23,U01990,U01251,0,,0.0005,0
TX_0002823,2026-02-13 18:12:05,U01084,U01565,0,,1e-04,0
TX_0002824,2026-02-13 18:27:30,U00719,U00791,0,,0.0002,0
TX_0002825,2026-02-13 18:32:35,U01329,U01840,0,,0.0002,0
TX_0002826,2026-02-13 18:48:07,U00171,U01178,0,,0.0002,0
TX_0002827,2026-02-13 18:54:55,U00882,U00012,0,,0.0002,0
TX_0002828,2026-02-13 18:58:06,U00564,U00888,0,,1e-04,0
TX_0002829,2026-02-13 18:59:10,U00224,U01831,0,,1e-04,0
TX_0002830,2026-02-13 19:00:44,U01946,U01986,0,,0.0002,0
TX_0002831,2026-02-13 19:10:22,U01154,U00547,0,,0.0002,0
TX_0002832,2026-02-13 19:14:56,U00229,U01038,0,,0.0002,0
TX_0002833,2026-02-13 19:26:09,U01726,U00171,0,,0.0002,0
TX_0002834,2026-02-13 19:34:54,U00159,U00961,0,,1e-04,0
TX_0002835,2026-02-13 19:57:11,U00842,U00308,0,,0.0002,0
TX_0002836,2026-02-13 20:04:00,U01608,U01033,0,,0.0002,0
TX_0002837,2026-02-13 20:08:34,U00398,U01688,0,,0.0002,0
TX_0002838,2026-02-13 20:26:42,U00467,U01489,0,,0.0002,0
TX_0002839,2026-02-13 20:38:34,U00250,U00995,0,,0.0003,0
TX_0002840,2026-02-13 20:39:16,U00237,U00950,0,,0.0002,0
TX_0002841,2026-02-13 20:39:42,U00802,U01469,0,,0.0002,0
TX_0002842,2026-02-13 20:42:49,U00248,U01942,0,,1e-04,0
TX_0002843,2026-02-13 20:43:09,U00991,U01091,0,,0.0002,0
TX_0002844,2026-02-13 20:55:44,U00198,U01524,0,,0.0002,0
TX_0002845,2026-02-13 20:56:56,U01287,U00044,0,,0.0002,0
TX_0002846,2026-02-13 20:58:52,U01320,U01000,0,,1e-04,0
TX_0002847,2026-02-13 20:59:57,U01029,U00427,0,,0.0002,0
TX_0002848,2026-02-13 21:03:10,U01678,U01742,0,,0.0002,0
TX_0002849,2026-02-13 21:11:45,U00118,U00130,0,,0.0002,0
TX_0002850,2026-02-13 21:15:20,U01085,U01993,0,,0.0002,0
TX_0002851,2026-02-13 21:15:33,U01496,U01100,0,,0.0002,0
TX_0002852,2026-02-13 21:23:52,U00582,U01201,0,,1e-04,0
TX_0002853,2026-02-13 21:26:04,U01315,U00734,0,,0.001,0
TX_0002854,2026-02-13 21:41:32,U01974,U00448,0,,0.0004,0
TX_0002855,2026-02-13 21:59:07,U01034,U01943,0,,0.0004,0
TX_0002856,2026-02-13 22:00:14,U00594,U01492,0,,0.0002,0
TX_0002857,2026-02-13 22:19:07,U00792,U01413,0,,0.0002,0
TX_0002858,2026-02-13 22:33:20,U01640,U00942,0,,0.0002,0
TX_0002859,2026-02-13 22:41:14,U00629,U00049,0,,0.0002,0
TX_0002860,2026-02-13 23:01:30,U00593,U00890,0,,0.0003,0
TX_0002861,2026-02-13 23:05:56,U01711,U01300,0,,1e-04,0
TX_0002862,2026-02-13 23:07:28,U00052,U01864,0,,1e-04,0
TX_0002863,2026-02-13 23:08:49,U00322,U00872,0,,0.0003,0
TX_0002864,2026-02-13 23:16:54,U00380,U00913,0,,0.0002,0
TX_0002865,2026-02-13 23:24:07,U01961,U00989,0,,0.0002,0
TX_0002866,2026-02-13 23:28:09,U01003,U01496,0,,1e-04,0
TX_0002867,2026-02-13 23:31:35,U00763,U00384,0,,0.0002,0
TX_0002868,2026-02-13 23:33:05,U01760,U01053,0,,0.0002,0
TX_0002869,2026-02-13 23:37:47,U01701,U01623,0,,0.0002,0
TX_0002870,2026-02-14 00:02:54,U01136,U00941,0,,0.0002,0
TX_0002871,2026-02-14 00:02:55,U00410,U00920,0,,0.0002,0
TX_0002872,2026-02-14 00:15:50,U00249,U00532,0,,0.0003,0
TX_0002873,2026-02-14 00:24:06,U01384,U00659,0,,0.0003,0
TX_0002874,2026-02-14 00:26:08,U00879,U01421,0,,0.0002,0
TX_0002875,2026-02-14 00:29:34,U01707,U01516,0,,0.0002,0
TX_0002876,2026-02-14 00:39:31,U00188,U01315,0,,0.0002,0
TX_0002877,2026-02-14 00:52:56,U01034,U00007,0,,0.0002,0
TX_0002878,2026-02-14 00:59:53,U01809,U01446,0,,0.0002,0
TX_0002879,2026-02-14 01:56:58,U01670,U01291,0,,0.0003,0
TX_0002880,2026-02-14 02:02:13,U01824,U01763,0,,0.0002,0
TX_0002881,2026-02-14 02:21:49,U00433,U01312,0,,1e-04,0
TX_0002882,2026-02-14 03:26:04,U01298,U01075,0,,0.0003,0
TX_0002883,2026-02-14 03:39:35,U01159,U00588,0,,0.0007,0
TX_0002884,2026-02-14 03:59:24,U01297,U01188,0,,0.0002,0
TX_0002885,2026-02-14 04:23:17,U00220,U01165,0,,0.0002,0
TX_0002886,2026-02-14 06:49:35,U00746,U01394,0,,0.0002,0
TX_0002887,2026-02-14 07:00:39,U00559,U00698,0,,0.0002,0
TX_0002888,2026-02-14 07:11:27,U00225,U01702,0,,0.0002,0
TX_0002889,2026-02-14 07:15:24,U01775,U00443,0,,0.0002,0
TX_0002890,2026-02-14 07:29:53,U00153,U01171,0,,0.0002,0
TX_0002891,2026-02-14 07:47:04,U01025,U00238,0,,0.0002,0
TX_0002892,2026-02-14 07:50:53,U01244,U01874,0,,0.0002,0
TX_0002893,2026-02-14 07:52:10,U00201,U00060,0,,0.0002,0
TX_0002894,2026-02-14 08:11:05,U00464,U00281,0,,0.0002,0
TX_0002895,2026-02-14 08:23:11,U01675,U00464,0,,1e-04,0
TX_0002896,2026-02-14 08:30:45,U01048,U01275,0,,0.0002,0
TX_0002897,2026-02-14 08:48:37,U01794,U01262,0,,0.0002,0
TX_0002898,2026-02-14 09:04:04,U00252,U00645,0,,0.0002,0
TX_0002899,2026-02-14 09:15:51,U01545,U00641,0,,0.0002,0
TX_0002900,2026-02-14 09:44:18,U00641,U00751,0,,0.0004,0
TX_0002901,2026-02-14 09:46:26,U01683,U01928,0,,0.0019,0
TX_0002902,2026-02-14 10:04:07,U01544,U01000,0,,0.003,0
TX_0002903,2026-02-14 10:04:51,U00182,U01956,0,,0.0002,0
TX_0002904,2026-02-14 10:12:44,U01411,U01661,0,,0.0002,0
TX_0002905,2026-02-14 10:19:37,U00131,U01875,0,,0.0002,0
TX_0002906,2026-02-14 10:36:38,U01713,U01229,0,,0.0007,0
TX_0002907,2026-02-14 10:39:15,U01691,U00053,0,,0.0002,0
TX_0002908,2026-02-14 10:43:27,U01771,U01420,0,,0.0002,0
TX_0002909,2026-02-14 10:48:13,U01319,U00100,0,,0.0002,0
TX_0002910,2026-02-14 10:48:36,U00125,U01311,0,,0.0003,0
TX_0002911,2026-02-14 11:07:22,U00374,U01493,0,,0.0003,0
TX_0002912,2026-02-14 11:09:43,U00648,U00115,0,,0.0002,0
TX_0002913,2026-02-14 11:10:13,U01259,U00323,0,,0.0002,0
TX_0002914,2026-02-14 11:17:41,U01943,U01317,0,,0.0002,0
TX_0002915,2026-02-14 11:18:57,U00427,U00387,0,,0.0004,0
TX_0002916,2026-02-14 11:23:14,U00281,U00063,0,,0.0002,0
TX_0002917,2026-02-14 11:36:10,U00576,U01256,0,,0.0003,0
TX_0002918,2026-02-14 11:37:45,U01783,U00104,0,,0.0002,0
TX_0002919,2026-02-14 11:48:23,U00607,U00268,0,,0.0002,0
TX_0002920,2026-02-14 11:58:30,U00840,U00208,0,,0.0004,0
TX_0002921,2026-02-14 11:58:32,U00848,U01167,0,,0.0003,0
TX_0002922,2026-02-14 12:02:37,U01680,U00180,0,,0.0002,0
TX_0002923,2026-02-14 12:04:03,U00638,U01404,0,,0.0003,0
TX_0002924,2026-02-14 12:07:25,U01239,U00500,0,,0.0002,0
TX_0002925,2026-02-14 12:21:01,U01540,U01593,0,,0.0027,0
TX_0002926,2026-02-14 12:24:18,U00430,U01352,0,,0.0002,0
TX_0002927,2026-02-14 12:26:37,U00533,U00310,0,,0.0003,0
TX_0002928,2026-02-14 12:52:00,U01422,U01056,0,,1e-04,0
TX_0002929,2026-02-14 12:59:35,U00228,U01339,0,,0.0002,0
TX_0002930,2026-02-14 13:09:39,U01718,U00946,0,,0.0002,0
TX_0002931,2026-02-14 13:10:21,U01225,U01391,0,,0.0002,0
TX_0002932,2026-02-14 13:18:02,U00030,U00302,0,,0.0003,0
TX_0002933,2026-02-14 13:23:01,U00530,U00815,0,,0.0002,0
TX_0002934,2026-02-14 13:39:52,U00947,U00596,0,,0.0002,0
TX_0002935,2026-02-14 13:43:02,U01881,U01407,0,,0.0002,0
TX_0002936,2026-02-14 13:47:24,U01805,U01133,0,,0.0002,0
TX_0002937,2026-02-14 13:47:31,U01810,U00650,0,,0.0002,0
TX_0002938,2026-02-14 13:47:47,U01560,U01211,0,,0.0005,0
TX_0002939,2026-02-14 13:47:51,U01456,U01024,0,,1e-04,0
TX_0002940,2026-02-14 13:51:29,U00643,U01900,0,,0.0002,0
TX_0002941,2026-02-14 13:51:34,U00470,U01845,0,,0.0015,0
TX_0002942,2026-02-14 13:54:00,U00583,U01677,0,,1e-04,0
TX_0002943,2026-02-14 14:21:58,U01014,U00660,0,,0.0002,0
TX_0002944,2026-02-14 14:44:02,U01702,U01117,0,,0.0002,0
TX_0002945,2026-02-14 14:53:34,U00154,U01187,0,,1e-04,0
TX_0002946,2026-02-14 14:56:31,U00130,U01625,0,,0.0002,0
TX_0002947,2026-02-14 15:03:44,U01528,U00317,0,,0.0878,0
TX_0002948,2026-02-14 15:15:06,U00619,U01454,0,,0.0002,0
TX_0002949,2026-02-14 15:25:34,U01426,U00227,0,,0.0002,0
TX_0002950,2026-02-14 15:28:59,U01046,U00437,0,,0.0002,0
TX_0002951,2026-02-14 15:33:10,U01285,U01546,0,,0.0002,0
TX_0002952,2026-02-14 15:40:18,U01506,U01856,0,,0.0002,0
TX_0002953,2026-02-14 15:46:57,U00576,U00617,0,,0.0002,0
TX_0002954,2026-02-14 16:08:57,U01664,U00026,0,,0.0002,0
TX_0002955,2026-02-14 16:09:32,U01854,U01300,0,,0.0002,0
TX_0002956,2026-02-14 16:11:00,U01578,U01369,0,,0.1076,0
TX_0002957,2026-02-14 16:14:06,U01174,U01381,0,,0.0002,0
TX_0002958,2026-02-14 16:20:54,U01146,U01740,0,,0.0002,0
TX_0002959,2026-02-14 16:27:30,U01571,U01666,0,,0.0002,0
TX_0002960,2026-02-14 16:36:55,U00549,U01534,0,,0.0002,0
TX_0002961,2026-02-14 16:46:57,U01436,U00268,0,,0.0002,0
TX_0002962,2026-02-14 16:52:03,U01496,U01804,0,,0.0009,0
TX_0002963,2026-02-14 16:53:13,U00685,U01124,0,,0.0002,0
TX_0002964,2026-02-14 17:05:01,U01124,U01150,0,,0.2424,1
TX_0002965,2026-02-14 17:06:43,U00388,U01084,0,,1e-04,0
TX_0002966,2026-02-14 17:08:10,U00954,U01448,0,,0.0002,0
TX_0002967,2026-02-14 17:09:36,U00283,U01452,0,,0.0002,0
TX_0002968,2026-02-14 17:12:45,U01343,U01832,0,,0.0002,0
TX_0002969,2026-02-14 17:27:40,U00593,U01506,0,,1e-04,0
TX_0002970,2026-02-14 17:30:49,U01304,U00865,0,,0.0002,0
TX_0002971,2026-02-14 17:50:20,U00901,U01348,0,,1e-04,0
TX_0002972,2026-02-14 17:59:22,U01678,U01107,0,,1e-04,0
TX_0002973,2026-02-14 18:01:59,U00812,U00786,0,,0.0002,0
TX_0002974,2026-02-14 18:28:25,U00289,U01758,0,,0.0002,0
TX_0002975,2026-02-14 18:42:55,U00176,U00454,0,,0.0002,0
TX_0002976,2026-02-14 18:43:29,U00821,U00229,0,,0.0002,0
TX_0002977,2026-02-14 18:48:02,U01196,U00199,0,,0.0002,0
TX_0002978,2026-02-14 18:48:08,U00527,U01600,0,,1e-04,0
TX_0002979,2026-02-14 18:56:43,U01280,U00926,0,,0.0002,0
TX_0002980,2026-02-14 18:56:56,U00348,U01329,0,,0.0002,0
TX_0002981,2026-02-14 18:58:36,U01166,U01715,0,,0.0002,0
TX_0002982,2026-02-14 19:14:02,U01864,U01127,0,,0.0002,0
TX_0002983,2026-02-14 19:26:50,U01633,U00647,0,,0.0003,0
TX_0002984,2026-02-14 19:27:45,U00770,U00521,0,,1e-04,0
TX_0002985,2026-02-14 19:32:30,U01586,U00198,0,,1e-04,0
TX_0002986,2026-02-14 19:52:56,U01885,U00659,0,,0.0003,0
TX_0002987,2026-02-14 19:55:53,U00365,U00449,0,,0.0002,0
TX_0002988,2026-02-14 19:56:01,U00927,U00092,0,,0.1747,0
TX_0002989,2026-02-14 19:57:08,U01035,U01397,0,,0.0003,0
TX_0002990,2026-02-14 20:02:58,U01829,U01651,0,,0.0002,0
TX_0002991,2026-02-14 20:06:59,U00381,U00784,0,,0.0002,0
TX_0002992,2026-02-14 20:16:45,U00771,U01716,0,,0.0002,0
TX_0002993,2026-02-14 20:23:58,U00724,U01936,0,,0.0002,0
TX_0002994,2026-02-14 20:27:17,U00189,U01333,0,,0.0002,0
TX_0002995,2026-02-14 20:29:31,U01789,U01889,0,,0.0002,0
TX_0002996,2026-02-14 20:29:51,U01646,U00598,0,,0.0002,0
TX_0002997,2026-02-14 20:30:31,U00582,U00063,0,,0.0003,0
TX_0002998,2026-02-14 20:40:14,U00129,U01849,0,,1e-04,0
TX_0002999,2026-02-14 20:43:52,U01390,U00104,0,,0.0002,0
TX_0003000,2026-02-14 20:53:44,U00065,U00891,0,,0.0002,0
TX_0003001,2026-02-14 20:55:46,U00901,U00344,0,,0.0002,0
TX_0003002,2026-02-14 20:56:58,U00646,U01672,0,,0.0002,0
TX_0003003,2026-02-14 21:10:32,U01278,U00539,0,,0.0003,0
TX_0003004,2026-02-14 21:12:21,U01615,U01765,0,,0.0002,0
TX_0003005,2026-02-14 21:21:06,U00593,U00831,0,,1e-04,0
TX_0003006,2026-02-14 21:39:22,U00793,U00804,0,,1e-04,0
TX_0003007,2026-02-14 21:57:43,U00172,U01098,0,,1e-04,0
TX_0003008,2026-02-14 22:01:14,U01953,U00572,0,,1e-04,0
TX_0003009,2026-02-14 22:01:43,U01994,U01559,0,,1e-04,0
TX_0003010,2026-02-14 22:20:11,U00513,U01087,0,,0.0003,0
TX_0003011,2026-02-14 22:29:34,U00045,U00354,0,,0.0002,0
TX_0003012,2026-02-14 22:37:55,U00241,U00393,0,,1e-04,0
TX_0003013,2026-02-14 22:49:12,U01208,U01150,0,,1e-04,0
TX_0003014,2026-02-14 23:02:45,U00783,U00717,0,,1e-04,0
TX_0003015,2026-02-14 23:04:46,U00111,U01108,0,,0.0002,0
TX_0003016,2026-02-14 23:06:33,U01340,U00727,0,,0.0002,0
TX_0003017,2026-02-14 23:09:01,U00811,U01178,0,,0.0002,0
TX_0003018,2026-02-14 23:39:31,U01972,U00937,0,,1e-04,0
TX_0003019,2026-02-14 23:45:59,U01712,U01368,0,,0.0002,0
TX_0003020,2026-02-14 23:47:44,U01494,U00903,0,,0.0002,0
TX_0003021,2026-02-14 23:49:26,U00464,U01427,0,,0.0002,0
TX_0003022,2026-02-15 00:02:52,U00222,U01231,0,,0.0002,0
TX_0003023,2026-02-15 00:44:30,U01440,U00951,0,,0.0002,0
TX_0003024,2026-02-15 00:50:31,U01115,U00675,0,,0.0002,0
TX_0003025,2026-02-15 00:56:18,U01763,U01211,0,,0.0002,0
TX_0003026,2026-02-15 00:59:49,U00377,U00997,0,,0.0004,0
TX_0003027,2026-02-15 01:42:30,U01342,U01965,0,,0.0002,0
TX_0003028,2026-02-15 01:59:44,U00416,U00404,0,,0.0002,0
TX_0003029,2026-02-15 03:25:18,U00941,U00601,0,,0.0002,0
TX_0003030,2026-02-15 05:29:03,U01724,U01094,0,,0.0002,0
TX_0003031,2026-02-15 06:37:20,U00370,U00338,0,,0.0002,0
TX_0003032,2026-02-15 07:07:47,U01029,U00708,0,,0.0002,0
TX_0003033,2026-02-15 07:15:07,U01726,U01580,0,,1e-04,0
TX_0003034,2026-02-15 07:25:17,U00120,U00795,0,,0.0002,0
TX_0003035,2026-02-15 07:26:44,U00590,U00076,0,,0.0002,0
TX_0003036,2026-02-15 07:32:27,U01571,U00742,0,,0.0003,0
TX_0003037,2026-02-15 07:42:24,U01190,U00541,0,,0.0002,0
TX_0003038,2026-02-15 07:44:29,U01298,U00253,0,,0.0002,0
TX_0003039,2026-02-15 07:50:14,U00168,U01295,0,,0.0002,0
TX_0003040,2026-02-15 07:57:05,U00941,U01084,0,,0.0002,0
TX_0003041,2026-02-15 08:02:03,U00281,U01714,0,,0.0002,0
TX_0003042,2026-02-15 08:11:50,U01570,U01862,0,,0.0002,0
TX_0003043,2026-02-15 08:31:14,U00482,U00660,0,,0.0002,0
TX_0003044,2026-02-15 08:47:43,U01451,U00583,0,,0.0002,0
TX_0003045,2026-02-15 08:50:16,U00316,U01938,0,,0.0002,0
TX_0003046,2026-02-15 09:01:30,U01636,U01348,0,,0.0002,0
TX_0003047,2026-02-15 09:05:19,U01506,U00158,0,,0.0005,0
TX_0003048,2026-02-15 09:05:27,U00669,U01189,0,,1e-04,0
TX_0003049,2026-02-15 09:08:56,U01307,U01769,0,,0.0003,0
TX_0003050,2026-02-15 09:09:11,U00171,U01178,0,,0.0002,0
TX_0003051,2026-02-15 09:13:05,U01887,U01171,0,,0.0002,0
TX_0003052,2026-02-15 09:16:27,U00092,U01126,0,,0.0002,0
TX_0003053,2026-02-15 09:24:26,U01275,U00478,0,,0.0003,0
TX_0003054,2026-02-15 09:38:31,U00252,U00803,0,,0.0006,0
TX_0003055,2026-02-15 09:45:39,U00793,U00655,0,,0.0059,0
TX_0003056,2026-02-15 09:48:54,U00263,U00689,0,,0.0002,0
TX_0003057,2026-02-15 09:55:47,U01631,U00398,0,,0.0002,0
TX_0003058,2026-02-15 10:10:06,U01966,U00331,0,,0.0011,0
TX_0003059,2026-02-15 10:10:42,U01390,U01246,0,,0.0002,0
TX_0003060,2026-02-15 10:11:37,U01873,U00030,0,,0.0003,0
TX_0003061,2026-02-15 10:17:08,U01432,U01212,0,,0.0002,0
TX_0003062,2026-02-15 10:18:10,U00814,U00364,0,,0.0007,0
TX_0003063,2026-02-15 10:18:49,U00249,U00532,0,,0.0003,0
TX_0003064,2026-02-15 10:20:05,U01309,U00877,0,,0.0002,0
TX_0003065,2026-02-15 10:22:44,U01761,U01599,0,,0.0002,0
TX_0003066,2026-02-15 10:23:13,U01664,U01505,0,,0.0006,0
TX_0003067,2026-02-15 10:39:22,U01415,U00818,0,,0.0002,0
TX_0003068,2026-02-15 10:40:38,U01070,U01811,0,,0.0006,0
TX_0003069,2026-02-15 10:48:42,U00369,U01277,0,,0.0002,0
TX_0003070,2026-02-15 10:52:38,U01339,U01099,0,,0.0002,0
TX_0003071,2026-02-15 10:54:02,U00991,U01227,0,,0.0002,0
TX_0003072,2026-02-15 11:00:44,U01134,U01862,0,,1e-04,0
TX_0003073,2026-02-15 11:27:41,U01311,U00610,0,,0.0002,0
TX_0003074,2026-02-15 11:41:33,U01843,U00132,0,,0.0003,0
TX_0003075,2026-02-15 11:43:29,U00058,U00433,0,,0.0002,0
TX_0003076,2026-02-15 11:58:43,U00274,U01062,0,,0.0003,0
TX_0003077,2026-02-15 12:03:11,U00712,U01970,0,,0.0015,0
TX_0003078,2026-02-15 12:08:29,U01120,U01188,0,,0.0002,0
TX_0003079,2026-02-15 12:14:02,U01840,U01253,0,,0.0002,0
TX_0003080,2026-02-15 12:15:23,U01896,U00561,0,,0.0002,0
TX_0003081,2026-02-15 12:19:06,U00270,U00034,0,,0.0002,0
TX_0003082,2026-02-15 12:21:38,U00900,U00329,0,,1e-04,0
TX_0003083,2026-02-15 12:39:57,U01640,U01090,0,,0.0002,0
TX_0003084,2026-02-15 12:49:37,U00789,U00568,0,,0.0002,0
TX_0003085,2026-02-15 12:49:59,U01004,U01484,0,,0.0002,0
TX_0003086,2026-02-15 12:56:14,U00284,U00098,0,,0.0002,0
TX_0003087,2026-02-15 13:00:13,U00264,U01467,0,,1e-04,0
TX_0003088,2026-02-15 13:02:13,U00749,U01997,0,,0.0002,0
TX_0003089,2026-02-15 13:07:42,U01909,U00981,0,,0.0009,0
TX_0003090,2026-02-15 13:16:51,U00328,U01345,0,,0.0002,0
TX_0003091,2026-02-15 13:39:00,U01660,U01131,0,,0.0033,0
TX_0003092,2026-02-15 13:42:23,U00403,U00642,0,,0.0002,0
TX_0003093,2026-02-15 13:50:17,U01675,U00121,0,,0.0006,0
TX_0003094,2026-02-15 14:04:44,U01351,U01884,0,,0.0002,0
TX_0003095,2026-02-15 14:05:19,U00952,U00773,0,,0.0002,0
TX_0003096,2026-02-15 14:12:57,U00651,U01405,0,,0.0002,0
TX_0003097,2026-02-15 14:15:38,U01641,U01530,0,,0.0006,0
TX_0003098,2026-02-15 14:17:12,U01767,U00357,0,,0.0002,0
TX_0003099,2026-02-15 14:26:28,U00027,U01881,0,,1e-04,0
TX_0003100,2026-02-15 14:39:09,U01911,U01851,0,,0.001,0
TX_0003101,2026-02-15 14:42:33,U00719,U00111,0,,0.0002,0
TX_0003102,2026-02-15 14:59:45,U01113,U01065,0,,0.0002,0
TX_0003103,2026-02-15 15:02:34,U01234,U01295,0,,0.0002,0
TX_0003104,2026-02-15 15:06:06,U01548,U01972,0,,0.0002,0
TX_0003105,2026-02-15 15:06:10,U00371,U01112,0,,0.0002,0
TX_0003106,2026-02-15 15:10:07,U00209,U00648,0,,1e-04,0
TX_0003107,2026-02-15 15:30:40,U00701,U01506,0,,0.0003,0
TX_0003108,2026-02-15 15:32:20,U01306,U01792,0,,0.0006,0
TX_0003109,2026-02-15 15:34:54,U01382,U00250,0,,0.0011,0
TX_0003110,2026-02-15 15:54:28,U00514,U01277,0,,0.0002,0
TX_0003111,2026-02-15 15:57:55,U01566,U01127,0,,1e-04,0
TX_0003112,2026-02-15 16:22:18,U00845,U00493,0,,0.0002,0
TX_0003113,2026-02-15 16:49:20,U01232,U00264,0,,1e-04,0
TX_0003114,2026-02-15 16:58:28,U00919,U00135,0,,0.0002,0
TX_0003115,2026-02-15 16:58:29,U01195,U01860,0,,1e-04,0
TX_0003116,2026-02-15 17:05:30,U00977,U01546,0,,0.0002,0
TX_0003117,2026-02-15 17:13:48,U00852,U00258,0,,0.0008,0
TX_0003118,2026-02-15 17:32:20,U00894,U00614,0,,1e-04,0
TX_0003119,2026-02-15 17:33:02,U00344,U00738,0,,0.0002,0
TX_0003120,2026-02-15 17:33:51,U00297,U01440,0,,0.0002,0
TX_0003121,2026-02-15 17:38:59,U00197,U01250,0,,0.0003,0
TX_0003122,2026-02-15 17:46:22,U01437,U00157,0,,1e-04,0
TX_0003123,2026-02-15 17:53:30,U00149,U01587,0,,0.0002,0
TX_0003124,2026-02-15 18:13:36,U01141,U01015,0,,0.0002,0
TX_0003125,2026-02-15 18:23:25,U00614,U00818,0,,0.0002,0
TX_0003126,2026-02-15 18:24:33,U01456,U01223,0,,1e-04,0
TX_0003127,2026-02-15 18:26:07,U00198,U00308,0,,0.0002,0
TX_0003128,2026-02-15 18:31:43,U01358,U01752,0,,0.0002,0
TX_0003129,2026-02-15 18:34:19,U00103,U00901,0,,0.0002,0
TX_0003130,2026-02-15 18:35:03,U01677,U00806,0,,0.0002,0
TX_0003131,2026-02-15 18:38:35,U01283,U00802,0,,0.0011,0
TX_0003132,2026-02-15 18:41:32,U01598,U00046,0,,0.0002,0
TX_0003133,2026-02-15 18:57:26,U01797,U00425,0,,0.0002,0
TX_0003134,2026-02-15 19:09:10,U01558,U01454,0,,0.0002,0
TX_0003135,2026-02-15 19:20:51,U00334,U00383,0,,0.0002,0
TX_0003136,2026-02-15 19:24:07,U00914,U01309,0,,0.0002,0
TX_0003137,2026-02-15 19:33:11,U00185,U00626,0,,0.0002,0
TX_0003138,2026-02-15 19:45:29,U00218,U00007,0,,0.0002,0
TX_0003139,2026-02-15 19:46:08,U00274,U00227,0,,0.0002,0
TX_0003140,2026-02-15 19:52:19,U00623,U00290,0,,0.0002,0
TX_0003141,2026-02-15 19:52:57,U00670,U00315,0,,0.0002,0
TX_0003142,2026-02-15 19:57:59,U01120,U00118,0,,0.0002,0
TX_0003143,2026-02-15 20:01:43,U01630,U01721,0,,0.0002,0
TX_0003144,2026-02-15 20:12:58,U00485,U01183,0,,0.0002,0
TX_0003145,2026-02-15 20:17:24,U01625,U00409,0,,0.0002,0
TX_0003146,2026-02-15 20:17:28,U01539,U01210,0,,1e-04,0
TX_0003147,2026-02-15 20:35:07,U00664,U01729,0,,1e-04,0
TX_0003148,2026-02-15 20:53:07,U01865,U00529,0,,1e-04,0
TX_0003149,2026-02-15 21:03:04,U01727,U00384,0,,0.0007,0
TX_0003150,2026-02-15 21:08:06,U01562,U01641,0,,1e-04,0
TX_0003151,2026-02-15 21:10:35,U00089,U00921,0,,0.0003,0
TX_0003152,2026-02-15 21:16:25,U01388,U00062,0,,0.0002,0
TX_0003153,2026-02-15 21:19:43,U00310,U00374,0,,0.0002,0
TX_0003154,2026-02-15 21:28:11,U00055,U01686,0,,0.0002,0
TX_0003155,2026-02-15 21:32:28,U00139,U00698,0,,0.0002,0
TX_0003156,2026-02-15 21:32:35,U01686,U01497,0,,0.0003,0
TX_0003157,2026-02-15 21:40:48,U00223,U00300,0,,1e-04,0
TX_0003158,2026-02-15 21:46:41,U00555,U01269,0,,1e-04,0
TX_0003159,2026-02-15 21:47:24,U01282,U00052,0,,0.0003,0
TX_0003160,2026-02-15 21:50:50,U01948,U00288,0,,0.0002,0
TX_0003161,2026-02-15 21:53:35,U01266,U01729,0,,0.0002,0
TX_0003162,2026-02-15 21:55:10,U00951,U00247,0,,1e-04,0
TX_0003163,2026-02-15 22:08:34,U01032,U00568,0,,0.0004,0
TX_0003164,2026-02-15 22:09:08,U01719,U00169,0,,0.0002,0
TX_0003165,2026-02-15 22:37:37,U01824,U01389,0,,1e-04,0
TX_0003166,2026-02-15 22:57:31,U00338,U00842,0,,1e-04,0
TX_0003167,2026-02-15 23:24:49,U00320,U00987,0,,0.0002,0
TX_0003168,2026-02-15 23:32:09,U00442,U00270,0,,0.0011,0
TX_0003169,2026-02-15 23:53:19,U01612,U01471,0,,0.0002,0
TX_0003170,2026-02-15 23:56:41,U01989,U01832,0,,0.0002,0
TX_0003171,2026-02-16 00:14:33,U01034,U01943,0,,0.0002,0
TX_0003172,2026-02-16 00:16:59,U01114,U01243,0,,0.0014,0
TX_0003173,2026-02-16 00:23:25,U01936,U01749,0,,0.0003,0
TX_0003174,2026-02-16 00:24:08,U01741,U00106,0,,0.0014,0
TX_0003175,2026-02-16 00:24:08,U00275,U01306,0,,0.0002,0
TX_0003176,2026-02-16 00:25:06,U01362,U00860,0,,0.0002,0
TX_0003177,2026-02-16 00:30:43,U00201,U00060,0,,0.0013,0
TX_0003178,2026-02-16 00:58:47,U00824,U01204,0,,0.0003,0
TX_0003179,2026-02-16 01:28:45,U00305,U01646,0,,0.0002,0
TX_0003180,2026-02-16 01:39:31,U00882,U01257,0,,0.0003,0
TX_0003181,2026-02-16 02:44:57,U01202,U01079,0,,0.0005,0
TX_0003182,2026-02-16 03:27:43,U01288,U01585,0,,0.0003,0
TX_0003183,2026-02-16 05:16:20,U01059,U00157,0,,0.0004,0
TX_0003184,2026-02-16 05:39:37,U01702,U01110,0,,0.0002,0
TX_0003185,2026-02-16 07:05:55,U01529,U01599,0,,0.0002,0
TX_0003186,2026-02-16 07:16:38,U01855,U00294,0,,0.0023,0
TX_0003187,2026-02-16 07:17:07,U00487,U00634,0,,0.0002,0
TX_0003188,2026-02-16 07:19:36,U01050,U00862,0,,0.0006,0
TX_0003189,2026-02-16 07:26:08,U00976,U01771,0,,0.0003,0
TX_0003190,2026-02-16 07:33:41,U01532,U01297,0,,0.0004,0
TX_0003191,2026-02-16 07:35:26,U00945,U00062,0,,0.0002,0
TX_0003192,2026-02-16 07:35:44,U01762,U01538,0,,0.0003,0
TX_0003193,2026-02-16 07:51:47,U00938,U01509,0,,0.0004,0
TX_0003194,2026-02-16 07:51:50,U00962,U00181,0,,0.0005,0
TX_0003195,2026-02-16 08:05:58,U01741,U01370,0,,0.0002,0
TX_0003196,2026-02-16 08:09:17,U01100,U00867,0,,0.0002,0
TX_0003197,2026-02-16 08:15:23,U01133,U01793,0,,0.0004,0
TX_0003198,2026-02-16 08:16:27,U01202,U00536,0,,0.0004,0
TX_0003199,2026-02-16 08:35:16,U00677,U01660,0,,0.0002,0
TX_0003200,2026-02-16 08:48:18,U00798,U00863,0,,0.0003,0
TX_0003201,2026-02-16 09:11:57,U00259,U00135,0,,0.0002,0
TX_0003202,2026-02-16 09:16:54,U00344,U00479,0,,0.0002,0
TX_0003203,2026-02-16 09:17:25,U00164,U01803,0,,0.0004,0
TX_0003204,2026-02-16 09:21:49,U01730,U00895,0,,0.0002,0
TX_0003205,2026-02-16 09:30:20,U00422,U01771,0,,0.0002,0
TX_0003206,2026-02-16 09:54:00,U01906,U01961,0,,0.0013,0
TX_0003207,2026-02-16 09:55:40,U01116,U00695,0,,0.0004,0
TX_0003208,2026-02-16 10:04:14,U01947,U00771,0,,0.0002,0
TX_0003209,2026-02-16 10:09:52,U01169,U00823,0,,0.0004,0
TX_0003210,2026-02-16 10:14:33,U01902,U00885,0,,0.0003,0
TX_0003211,2026-02-16 10:17:04,U01600,U01661,0,,0.0002,0
TX_0003212,2026-02-16 10:26:17,U00637,U00213,0,,0.0005,0
TX_0003213,2026-02-16 10:27:03,U00008,U00797,0,,0.0002,0
TX_0003214,2026-02-16 10:37:41,U01771,U00759,0,,0.0002,0
TX_0003215,2026-02-16 10:39:22,U00881,U01187,0,,0.0031,0
TX_0003216,2026-02-16 10:50:36,U00880,U01871,0,,0.0005,0
TX_0003217,2026-02-16 11:04:27,U00449,U00131,0,,0.0002,0
TX_0003218,2026-02-16 11:26:16,U00817,U00664,0,,0.0002,0
TX_0003219,2026-02-16 11:30:46,U00935,U00608,0,,0.0003,0
TX_0003220,2026-02-16 11:36:44,U00513,U01628,0,,0.0004,0
TX_0003221,2026-02-16 11:44:30,U00772,U00485,0,,0.0004,0
TX_0003222,2026-02-16 11:48:56,U00628,U00143,0,,0.0008,0
TX_0003223,2026-02-16 11:56:32,U01473,U00256,0,,0.0004,0
TX_0003224,2026-02-16 11:58:17,U00251,U01840,0,,0.0003,0
TX_0003225,2026-02-16 11:59:30,U01868,U00144,0,,0.0002,0
TX_0003226,2026-02-16 12:13:05,U00135,U01692,0,,0.0002,0
TX_0003227,2026-02-16 12:13:37,U00009,U01007,0,,0.0002,0
TX_0003228,2026-02-16 12:15:02,U00709,U01606,0,,0.0003,0
TX_0003229,2026-02-16 12:54:56,U00419,U01381,0,,0.0005,0
TX_0003230,2026-02-16 13:00:30,U01869,U00376,0,,0.0002,0
TX_0003231,2026-02-16 13:00:40,U00011,U00345,0,,0.0002,0
TX_0003232,2026-02-16 13:03:41,U01194,U00821,0,,0.0002,0
TX_0003233,2026-02-16 13:03:50,U00360,U00280,0,,0.0002,0
TX_0003234,2026-02-16 13:05:40,U01460,U00151,0,,0.0002,0
TX_0003235,2026-02-16 13:30:43,U01717,U01030,0,,0.0002,0
TX_0003236,2026-02-16 13:46:58,U00243,U01312,0,,0.0002,0
TX_0003237,2026-02-16 13:54:00,U00931,U01456,0,,0.0003,0
TX_0003238,2026-02-16 13:55:18,U01937,U00564,0,,0.0002,0
TX_0003239,2026-02-16 14:00:21,U01515,U01591,0,,0.0002,0
TX_0003240,2026-02-16 14:03:10,U01574,U00390,0,,0.0003,0
TX_0003241,2026-02-16 14:06:06,U00186,U00634,0,,0.0002,0
TX_0003242,2026-02-16 14:06:08,U01916,U00718,0,,0.0024,0
TX_0003243,2026-02-16 14:22:10,U00600,U01955,0,,0.0009,0
TX_0003244,2026-02-16 14:34:45,U01521,U01010,0,,0.0002,0
TX_0003245,2026-02-16 14:42:21,U01981,U00057,0,,0.0002,0
TX_0003246,2026-02-16 14:45:57,U01945,U00079,0,,0.0002,0
TX_0003247,2026-02-16 14:48:37,U01233,U01935,0,,0.0002,0
TX_0003248,2026-02-16 14:49:44,U00025,U00631,0,,0.0003,0
TX_0003249,2026-02-16 14:49:47,U01853,U00555,0,,0.0004,0
TX_0003250,2026-02-16 14:50:09,U01297,U00890,0,,0.0004,0
TX_0003251,2026-02-16 15:01:20,U01868,U01467,0,,0.0005,0
TX_0003252,2026-02-16 15:11:12,U01321,U01299,0,,0.0014,0
TX_0003253,2026-02-16 15:16:21,U01737,U01794,0,,0.0003,0
TX_0003254,2026-02-16 15:22:13,U01105,U00495,0,,0.0005,0
TX_0003255,2026-02-16 15:31:36,U01640,U01265,0,,0.0004,0
TX_0003256,2026-02-16 15:34:20,U01178,U01276,0,,0.0005,0
TX_0003257,2026-02-16 15:43:40,U00575,U00078,0,,0.0002,0
TX_0003258,2026-02-16 15:49:19,U01520,U01817,0,,0.0003,0
TX_0003259,2026-02-16 15:51:46,U01738,U01052,0,,0.0002,0
TX_0003260,2026-02-16 15:55:35,U00946,U00535,0,,0.0003,0
TX_0003261,2026-02-16 16:01:19,U01367,U00954,0,,0.0002,0
TX_0003262,2026-02-16 16:06:11,U01632,U01029,0,,0.0006,0
TX_0003263,2026-02-16 16:07:34,U01797,U00390,0,,0.0002,0
TX_0003264,2026-02-16 16:25:27,U01161,U00101,0,,0.0017,0
TX_0003265,2026-02-16 16:28:38,U00156,U01253,0,,0.0002,0
TX_0003266,2026-02-16 16:33:48,U00065,U01379,0,,0.0003,0
TX_0003267,2026-02-16 16:56:47,U01482,U00731,0,,0.0002,0
TX_0003268,2026-02-16 17:06:50,U01439,U01913,0,,0.0007,0
TX_0003269,2026-02-16 17:15:33,U01478,U00837,0,,0.0003,0
TX_0003270,2026-02-16 17:22:45,U01697,U01215,0,,0.0003,0
TX_0003271,2026-02-16 17:27:18,U01325,U01019,0,,0.0003,0
TX_0003272,2026-02-16 17:42:31,U01125,U01609,0,,0.0002,0
TX_0003273,2026-02-16 17:54:46,U01139,U01394,0,,0.0038,0
TX_0003274,2026-02-16 17:57:04,U00747,U01730,0,,0.0017,0
TX_0003275,2026-02-16 18:14:21,U01213,U01813,0,,0.0002,0
TX_0003276,2026-02-16 18:15:54,U00432,U00049,0,,0.0002,0
TX_0003277,2026-02-16 18:29:59,U00603,U01978,0,,0.0017,0
TX_0003278,2026-02-16 18:35:24,U00966,U00310,0,,0.0002,0
TX_0003279,2026-02-16 18:37:50,U00125,U00413,0,,0.0003,0
TX_0003280,2026-02-16 18:38:54,U01061,U00607,0,,0.0014,0
TX_0003281,2026-02-16 18:39:26,U01528,U01687,0,,0.0003,0
TX_0003282,2026-02-16 18:44:47,U01253,U00616,0,,0.0048,0
TX_0003283,2026-02-16 18:45:34,U00134,U01917,0,,0.0004,0
TX_0003284,2026-02-16 18:45:39,U01596,U00440,0,,0.0005,0
TX_0003285,2026-02-16 18:51:10,U01462,U00521,0,,0.0033,0
TX_0003286,2026-02-16 18:52:04,U01556,U01551,0,,0.0009,0
TX_0003287,2026-02-16 18:54:16,U01414,U01480,0,,0.0002,0
TX_0003288,2026-02-16 18:59:05,U00881,U01187,0,,0.0002,0
TX_0003289,2026-02-16 19:11:55,U00456,U00222,0,,0.0002,0
TX_0003290,2026-02-16 19:13:26,U01900,U01109,0,,0.0003,0
TX_0003291,2026-02-16 19:13:32,U00661,U01113,0,,0.0003,0
TX_0003292,2026-02-16 19:16:17,U00922,U01586,0,,0.0002,0
TX_0003293,2026-02-16 19:23:59,U00191,U01781,1,RING_003,0.9979,1
TX_0003294,2026-02-16 19:28:32,U01519,U01836,0,,0.0002,0
TX_0003295,2026-02-16 19:31:46,U01415,U01018,0,,0.0005,0
TX_0003296,2026-02-16 19:35:46,U00074,U01134,0,,0.0004,0
TX_0003297,2026-02-16 19:40:39,U00451,U01343,0,,0.0003,0
TX_0003298,2026-02-16 19:45:52,U01781,U00282,1,RING_003,0.9995,1
TX_0003299,2026-02-16 19:50:05,U00602,U01329,0,,0.0002,0
TX_0003300,2026-02-16 19:54:00,U00076,U01543,0,,0.0002,0
TX_0003301,2026-02-16 19:56:02,U00707,U00004,0,,0.0004,0
TX_0003302,2026-02-16 20:02:59,U00700,U01398,0,,0.0003,0
TX_0003303,2026-02-16 20:14:52,U00388,U01084,0,,0.0002,0
TX_0003304,2026-02-16 20:16:03,U00282,U01908,1,RING_003,0.9995,1
TX_0003305,2026-02-16 20:18:47,U01517,U01510,0,,0.0003,0
TX_0003306,2026-02-16 20:22:57,U00886,U01915,0,,0.0005,0
TX_0003307,2026-02-16 20:24:46,U00763,U00384,0,,0.0005,0
TX_0003308,2026-02-16 20:39:43,U01841,U01939,0,,0.0003,0
TX_0003309,2026-02-16 20:39:50,U01908,U01076,1,RING_003,0.9997,1
TX_0003310,2026-02-16 21:05:39,U01717,U01254,0,,0.0002,0
TX_0003311,2026-02-16 21:10:43,U00734,U01972,0,,0.0002,0
TX_0003312,2026-02-16 21:30:29,U00359,U01541,0,,0.0003,0
TX_0003313,2026-02-16 21:55:48,U01424,U01460,0,,0.0002,0
TX_0003314,2026-02-16 22:23:45,U01218,U01562,0,,0.0002,0
TX_0003315,2026-02-16 22:30:43,U00999,U00705,0,,0.0003,0
TX_0003316,2026-02-16 22:32:40,U00499,U00190,0,,0.0004,0
TX_0003317,2026-02-16 22:33:29,U01448,U00393,0,,0.0003,0
TX_0003318,2026-02-16 22:39:05,U01196,U01415,0,,0.0016,0
TX_0003319,2026-02-16 22:43:43,U00974,U01896,0,,0.0002,0
TX_0003320,2026-02-16 22:48:20,U01011,U01271,0,,0.0008,0
TX_0003321,2026-02-16 22:58:43,U00848,U01167,0,,0.0003,0
TX_0003322,2026-02-16 23:15:59,U01874,U00551,0,,0.0002,0
TX_0003323,2026-02-16 23:18:33,U01561,U01888,0,,0.0002,0
TX_0003324,2026-02-16 23:21:38,U00051,U01801,0,,0.0004,0
TX_0003325,2026-02-16 23:23:15,U01338,U01778,0,,0.0003,0
TX_0003326,2026-02-16 23:35:15,U01738,U01828,0,,0.0002,0
TX_0003327,2026-02-16 23:38:10,U00677,U00981,0,,0.0005,0
TX_0003328,2026-02-16 23:38:19,U01311,U01200,0,,0.0002,0
TX_0003329,2026-02-16 23:51:43,U01848,U01068,0,,0.0004,0
TX_0003330,2026-02-16 23:55:18,U01621,U01372,0,,0.0002,0
TX_0003331,2026-02-16 23:55:46,U00781,U00438,0,,0.0002,0
TX_0003332,2026-02-17 00:04:51,U01890,U00840,0,,0.0003,0
TX_0003333,2026-02-17 00:43:22,U01649,U01548,0,,0.0002,0
TX_0003334,2026-02-17 00:49:15,U01761,U00289,0,,0.0002,0
TX_0003335,2026-02-17 00:57:11,U00769,U01460,0,,0.0002,0
TX_0003336,2026-02-17 00:57:50,U00910,U01131,0,,0.0002,0
TX_0003337,2026-02-17 02:10:20,U00645,U01949,0,,0.0004,0
TX_0003338,2026-02-17 03:59:38,U00977,U00030,0,,0.0002,0
TX_0003339,2026-02-17 04:09:19,U01366,U00819,0,,0.0002,0
TX_0003340,2026-02-17 04:09:52,U00139,U01676,0,,0.0002,0
TX_0003341,2026-02-17 04:16:42,U00152,U01194,0,,0.0002,0
TX_0003342,2026-02-17 04:18:49,U00572,U00883,0,,0.0002,0
TX_0003343,2026-02-17 05:04:25,U01204,U01181,0,,0.0005,0
TX_0003344,2026-02-17 05:22:01,U00749,U01997,0,,0.0002,0
TX_0003345,2026-02-17 05:24:31,U01069,U00431,0,,0.0003,0
TX_0003346,2026-02-17 06:26:23,U01955,U01188,0,,0.0002,0
TX_0003347,2026-02-17 06:56:20,U00732,U00290,0,,0.0003,0
TX_0003348,2026-02-17 07:11:49,U00324,U01831,0,,0.0003,0
TX_0003349,2026-02-17 07:25:54,U00946,U01568,0,,0.0002,0
TX_0003350,2026-02-17 07:31:33,U01249,U01816,0,,0.0002,0
TX_0003351,2026-02-17 07:44:24,U00167,U01144,0,,0.0002,0
TX_0003352,2026-02-17 07:46:46,U01665,U01605,0,,1e-04,0
TX_0003353,2026-02-17 07:47:50,U00364,U00713,0,,0.0003,0
TX_0003354,2026-02-17 08:10:45,U00655,U00974,0,,0.0002,0
TX_0003355,2026-02-17 08:28:34,U01919,U01754,0,,0.0002,0
TX_0003356,2026-02-17 08:30:33,U01367,U01208,0,,0.0002,0
TX_0003357,2026-02-17 08:34:35,U00898,U01273,0,,0.0002,0
TX_0003358,2026-02-17 08:45:49,U00482,U00527,0,,0.0002,0
TX_0003359,2026-02-17 09:09:53,U01628,U01776,0,,0.0002,0
TX_0003360,2026-02-17 09:13:59,U00620,U01737,0,,0.0003,0
TX_0003361,2026-02-17 09:30:55,U00922,U01586,0,,0.0002,0
TX_0003362,2026-02-17 09:53:04,U00381,U01391,0,,0.0002,0
TX_0003363,2026-02-17 09:58:12,U00148,U00366,0,,1e-04,0
TX_0003364,2026-02-17 10:08:37,U00589,U01815,0,,0.0002,0
TX_0003365,2026-02-17 10:16:42,U00860,U00081,0,,0.0002,0
TX_0003366,2026-02-17 10:34:51,U01786,U01840,0,,0.0002,0
TX_0003367,2026-02-17 10:37:58,U01804,U00392,0,,0.0003,0
TX_0003368,2026-02-17 10:52:14,U01902,U01793,0,,1e-04,0
TX_0003369,2026-02-17 10:57:41,U01313,U01730,0,,0.0002,0
TX_0003370,2026-02-17 11:00:12,U00270,U00598,0,,0.0002,0
TX_0003371,2026-02-17 11:03:04,U01630,U01721,0,,0.0002,0
TX_0003372,2026-02-17 11:13:21,U01358,U00378,0,,0.0002,0
TX_0003373,2026-02-17 11:25:03,U01698,U00606,0,,0.0002,0
TX_0003374,2026-02-17 11:30:23,U01262,U01144,0,,0.0002,0
TX_0003375,2026-02-17 11:37:43,U00936,U01821,0,,0.0003,0
TX_0003376,2026-02-17 11:58:23,U00505,U01144,0,,0.0003,0
TX_0003377,2026-02-17 11:59:12,U00339,U00971,0,,0.0002,0
TX_0003378,2026-02-17 12:09:05,U01408,U01301,0,,0.0002,0
TX_0003379,2026-02-17 12:11:03,U00013,U01330,0,,0.0002,0
TX_0003380,2026-02-17 12:32:26,U00788,U00285,0,,0.0008,0
TX_0003381,2026-02-17 12:33:36,U00836,U00595,0,,0.0002,0
TX_0003382,2026-02-17 12:38:25,U00793,U00804,0,,0.0002,0
TX_0003383,2026-02-17 12:39:16,U01323,U01940,0,,0.0002,0
TX_0003384,2026-02-17 12:42:26,U00934,U01863,0,,0.0004,0
TX_0003385,2026-02-17 12:52:29,U00811,U01178,0,,1e-04,0
TX_0003386,2026-02-17 13:02:05,U00104,U00846,0,,0.0002,0
TX_0003387,2026-02-17 13:06:32,U01822,U01931,0,,0.0002,0
TX_0003388,2026-02-17 13:22:52,U00330,U00387,0,,0.0002,0
TX_0003389,2026-02-17 13:28:08,U01879,U00135,0,,0.0002,0
TX_0003390,2026-02-17 13:30:43,U00846,U01028,0,,0.0208,0
TX_0003391,2026-02-17 13:31:10,U01829,U00580,0,,0.0002,0
TX_0003392,2026-02-17 13:42:23,U00952,U00452,0,,0.0002,0
TX_0003393,2026-02-17 13:42:52,U01223,U01083,0,,0.0002,0
TX_0003394,2026-02-17 13:55:15,U00635,U01525,0,,0.0002,0
TX_0003395,2026-02-17 14:12:03,U00369,U01277,0,,0.0002,0
TX_0003396,2026-02-17 14:17:56,U01487,U00507,0,,1e-04,0
TX_0003397,2026-02-17 14:19:25,U01187,U01836,0,,0.0002,0
TX_0003398,2026-02-17 14:23:16,U01775,U01758,0,,1e-04,0
TX_0003399,2026-02-17 14:27:01,U00398,U00268,0,,1e-04,0
TX_0003400,2026-02-17 14:29:12,U00078,U01007,0,,0.0002,0
TX_0003401,2026-02-17 14:31:59,U00755,U01560,0,,1e-04,0
TX_0003402,2026-02-17 14:38:47,U01882,U00393,0,,1e-04,0
TX_0003403,2026-02-17 15:05:52,U00525,U00886,0,,0.0003,0
TX_0003404,2026-02-17 15:11:56,U01932,U01421,0,,0.0002,0
TX_0003405,2026-02-17 15:17:45,U01798,U00457,0,,0.0002,0
TX_0003406,2026-02-17 15:19:01,U01058,U01655,0,,0.0031,0
TX_0003407,2026-02-17 15:23:47,U00138,U00885,0,,1e-04,0
TX_0003408,2026-02-17 15:28:30,U00729,U01140,0,,1e-04,0
TX_0003409,2026-02-17 15:34:35,U00732,U01585,0,,0.0106,0
TX_0003410,2026-02-17 15:36:42,U00237,U00004,0,,0.0002,0
TX_0003411,2026-02-17 15:45:59,U00159,U00232,0,,0.0003,0
TX_0003412,2026-02-17 16:06:55,U01249,U01747,0,,0.0005,0
TX_0003413,2026-02-17 16:10:40,U00515,U01396,0,,0.0003,0
TX_0003414,2026-02-17 16:15:33,U01489,U01921,0,,0.0002,0
TX_0003415,2026-02-17 16:19:07,U01377,U01179,0,,0.0003,0
TX_0003416,2026-02-17 16:20:45,U01079,U01246,0,,0.0008,0
TX_0003417,2026-02-17 16:23:14,U00663,U00365,0,,0.0002,0
TX_0003418,2026-02-17 16:28:01,U00544,U01893,0,,0.0002,0
TX_0003419,2026-02-17 16:29:35,U00361,U01763,0,,0.0002,0
TX_0003420,2026-02-17 16:48:46,U01120,U00118,0,,0.0002,0
TX_0003421,2026-02-17 16:48:54,U00804,U00227,0,,0.0004,0
TX_0003422,2026-02-17 16:52:40,U01216,U00861,0,,0.0003,0
TX_0003423,2026-02-17 16:53:24,U01595,U01170,0,,0.0011,0
TX_0003424,2026-02-17 17:00:19,U01883,U01390,0,,1e-04,0
TX_0003425,2026-02-17 17:07:17,U00570,U01775,0,,0.0002,0
TX_0003426,2026-02-17 17:08:50,U01815,U01535,0,,0.0002,0
TX_0003427,2026-02-17 17:09:14,U00819,U00854,0,,0.0002,0
TX_0003428,2026-02-17 17:10:12,U01315,U00680,0,,0.0002,0
TX_0003429,2026-02-17 17:16:05,U01999,U00490,0,,0.0002,0
TX_0003430,2026-02-17 17:22:39,U01187,U01482,0,,1e-04,0
TX_0003431,2026-02-17 17:34:18,U01240,U00245,0,,0.0002,0
TX_0003432,2026-02-17 17:36:37,U01243,U01552,0,,0.0021,0
TX_0003433,2026-02-17 17:50:14,U01928,U00426,0,,1e-04,0
TX_0003434,2026-02-17 18:00:38,U00880,U01008,0,,0.0002,0
TX_0003435,2026-02-17 18:09:34,U00794,U01492,0,,0.0002,0
TX_0003436,2026-02-17 18:19:20,U01114,U01243,0,,0.0006,0
TX_0003437,2026-02-17 18:37:54,U00878,U00593,0,,0.0002,0
TX_0003438,2026-02-17 18:48:18,U01659,U01398,0,,0.0002,0
TX_0003439,2026-02-17 18:49:27,U01920,U00895,0,,0.0002,0
TX_0003440,2026-02-17 18:58:31,U01534,U00307,0,,0.0002,0
TX_0003441,2026-02-17 19:07:08,U00900,U00329,0,,1e-04,0
TX_0003442,2026-02-17 19:11:38,U01822,U00300,0,,0.0002,0
TX_0003443,2026-02-17 19:12:30,U01065,U01245,0,,0.0002,0
TX_0003444,2026-02-17 19:13:26,U00635,U01815,0,,1e-04,0
TX_0003445,2026-02-17 19:32:22,U00878,U01101,0,,1e-04,0
TX_0003446,2026-02-17 19:40:00,U00729,U01140,0,,1e-04,0
TX_0003447,2026-02-17 19:48:44,U01624,U01931,0,,0.0002,0
TX_0003448,2026-02-17 19:58:28,U01411,U01661,0,,1e-04,0
TX_0003449,2026-02-17 20:11:59,U01737,U01794,0,,0.0002,0
TX_0003450,2026-02-17 20:16:07,U00032,U01005,0,,0.0002,0
TX_0003451,2026-02-17 20:17:01,U00503,U01444,0,,0.0002,0
TX_0003452,2026-02-17 20:18:48,U00390,U01766,0,,1e-04,0
TX_0003453,2026-02-17 20:20:17,U00679,U00457,0,,1e-04,0
TX_0003454,2026-02-17 20:20:39,U00313,U01801,0,,1e-04,0
TX_0003455,2026-02-17 20:21:08,U01968,U00998,0,,1e-04,0
TX_0003456,2026-02-17 20:24:57,U01449,U00509,0,,0.0002,0
TX_0003457,2026-02-17 20:31:33,U00352,U00639,0,,0.0002,0
TX_0003458,2026-02-17 20:44:26,U01553,U00582,0,,0.0002,0
TX_0003459,2026-02-17 20:44:53,U01788,U00428,0,,0.0002,0
TX_0003460,2026-02-17 20:48:59,U01473,U00755,0,,1e-04,0
TX_0003461,2026-02-17 21:01:51,U00019,U00052,0,,1e-04,0
TX_0003462,2026-02-17 21:06:12,U01713,U00919,0,,1e-04,0
TX_0003463,2026-02-17 21:24:10,U00891,U01839,0,,1e-04,0
TX_0003464,2026-02-17 21:25:48,U01034,U00222,0,,0.0002,0
TX_0003465,2026-02-17 21:28:07,U01470,U01292,0,,0.0002,0
TX_0003466,2026-02-17 21:30:21,U00410,U01637,0,,0.0002,0
TX_0003467,2026-02-17 21:32:43,U00294,U00597,0,,0.0002,0
TX_0003468,2026-02-17 21:46:35,U01069,U01939,0,,1e-04,0
TX_0003469,2026-02-17 21:46:56,U01338,U01592,0,,1e-04,0
TX_0003470,2026-02-17 21:49:17,U01852,U01109,0,,0.0002,0
TX_0003471,2026-02-17 21:50:58,U00686,U00317,0,,0.0002,0
TX_0003472,2026-02-17 21:51:12,U00024,U00149,0,,0.0003,0
TX_0003473,2026-02-17 21:52:52,U01240,U01664,0,,0.0002,0
TX_0003474,2026-02-17 21:57:34,U00117,U01380,0,,0.0002,0
TX_0003475,2026-02-17 21:59:28,U01798,U00272,0,,1e-04,0
TX_0003476,2026-02-17 22:43:24,U01798,U01475,0,,0.0002,0
TX_0003477,2026-02-17 22:49:27,U01154,U00275,0,,1e-04,0
TX_0003478,2026-02-17 22:51:42,U00582,U00493,0,,0.0002,0
TX_0003479,2026-02-17 23:21:41,U01063,U00718,0,,0.0002,0
TX_0003480,2026-02-17 23:23:43,U01375,U01740,0,,0.0002,0
TX_0003481,2026-02-17 23:25:08,U00308,U00078,0,,0.0002,0
TX_0003482,2026-02-17 23:43:03,U01649,U00853,0,,1e-04,0
TX_0003483,2026-02-18 00:06:35,U00908,U00491,0,,0.0005,0
TX_0003484,2026-02-18 00:14:08,U00617,U01487,0,,0.0002,0
TX_0003485,2026-02-18 00:17:14,U01459,U00243,0,,0.0003,0
TX_0003486,2026-02-18 00:18:59,U01429,U01240,0,,0.0002,0
TX_0003487,2026-02-18 00:51:42,U00953,U01653,0,,0.0002,0
TX_0003488,2026-02-18 00:55:36,U01531,U01828,0,,0.0002,0
TX_0003489,2026-02-18 02:22:36,U01907,U01236,0,,0.0002,0
TX_0003490,2026-02-18 04:06:14,U01410,U01997,0,,0.0002,0
TX_0003491,2026-02-18 04:11:29,U01548,U00749,0,,0.0004,0
TX_0003492,2026-02-18 04:16:09,U00605,U00953,0,,1e-04,0
TX_0003493,2026-02-18 05:13:07,U01294,U00959,0,,0.0002,0
TX_0003494,2026-02-18 06:13:57,U01643,U01732,0,,0.0002,0
TX_0003495,2026-02-18 06:33:10,U01403,U00844,0,,0.0002,0
TX_0003496,2026-02-18 06:36:36,U01174,U00393,0,,0.0002,0
TX_0003497,2026-02-18 07:22:42,U01818,U00240,0,,0.0005,0
TX_0003498,2026-02-18 07:36:46,U01719,U00169,0,,0.0002,0
TX_0003499,2026-02-18 07:46:02,U01979,U00784,0,,0.0002,0
TX_0003500,2026-02-18 08:11:30,U01554,U01988,0,,0.0002,0
TX_0003501,2026-02-18 08:32:20,U00594,U00709,0,,0.0002,0
TX_0003502,2026-02-18 08:32:24,U01878,U00833,0,,0.0002,0
TX_0003503,2026-02-18 08:53:53,U00184,U01130,0,,0.0002,0
TX_0003504,2026-02-18 08:54:15,U00312,U00165,0,,0.0002,0
TX_0003505,2026-02-18 08:58:53,U00036,U00471,0,,0.0003,0
TX_0003506,2026-02-18 09:02:51,U00129,U01092,0,,0.0003,0
TX_0003507,2026-02-18 09:03:40,U01789,U00824,0,,0.0005,0
TX_0003508,2026-02-18 09:10:06,U01274,U01339,0,,1e-04,0
TX_0003509,2026-02-18 09:12:04,U01524,U01651,0,,0.0002,0
TX_0003510,2026-02-18 09:32:26,U01417,U01183,0,,0.0002,0
TX_0003511,2026-02-18 09:34:44,U00602,U00289,0,,0.0002,0
TX_0003512,2026-02-18 09:43:11,U01606,U00019,0,,0.0002,0
TX_0003513,2026-02-18 09:43:29,U01409,U00907,0,,0.0002,0
TX_0003514,2026-02-18 09:44:50,U01199,U00948,0,,0.0003,0
TX_0003515,2026-02-18 09:57:05,U01249,U01816,0,,0.0002,0
TX_0003516,2026-02-18 10:00:28,U00267,U00323,0,,0.0002,0
TX_0003517,2026-02-18 10:02:26,U01770,U00354,0,,0.0002,0
TX_0003518,2026-02-18 10:06:54,U00484,U00762,0,,0.0004,0
TX_0003519,2026-02-18 10:06:54,U01936,U01749,0,,0.0002,0
TX_0003520,2026-02-18 10:14:25,U00305,U01077,0,,0.0002,0
TX_0003521,2026-02-18 10:15:51,U01663,U01055,0,,0.0002,0
TX_0003522,2026-02-18 10:19:45,U01007,U01949,0,,0.0002,0
TX_0003523,2026-02-18 10:22:55,U01123,U00728,0,,0.0002,0
TX_0003524,2026-02-18 10:27:03,U01754,U01947,0,,0.0002,0
TX_0003525,2026-02-18 10:41:40,U01103,U00852,0,,0.0002,0
TX_0003526,2026-02-18 11:12:30,U01246,U00903,0,,0.0002,0
TX_0003527,2026-02-18 11:12:59,U00950,U01554,0,,0.0002,0
TX_0003528,2026-02-18 11:16:51,U00708,U01465,0,,0.0003,0
TX_0003529,2026-02-18 11:19:38,U01269,U01724,0,,0.0002,0
TX_0003530,2026-02-18 11:28:11,U01974,U00448,0,,0.0002,0
TX_0003531,2026-02-18 11:30:44,U01999,U00490,0,,0.0002,0
TX_0003532,2026-02-18 11:40:09,U00361,U00612,0,,0.0002,0
TX_0003533,2026-02-18 11:40:39,U00616,U01586,0,,0.0002,0
TX_0003534,2026-02-18 11:44:00,U01935,U01471,0,,0.0002,0
TX_0003535,2026-02-18 11:47:17,U00695,U00635,0,,0.0002,0
TX_0003536,2026-02-18 11:50:53,U00688,U00659,0,,0.0003,0
TX_0003537,2026-02-18 12:16:40,U00270,U00034,0,,1e-04,0
TX_0003538,2026-02-18 12:17:35,U01956,U00384,0,,0.0002,0
TX_0003539,2026-02-18 12:34:15,U01367,U01639,0,,0.0002,0
TX_0003540,2026-02-18 12:40:44,U01729,U00350,0,,0.0002,0
TX_0003541,2026-02-18 12:48:56,U00856,U00493,0,,0.0003,0
TX_0003542,2026-02-18 12:49:46,U01507,U00588,0,,0.0003,0
TX_0003543,2026-02-18 13:06:21,U01847,U01330,0,,0.0002,0
TX_0003544,2026-02-18 13:08:36,U01063,U00718,0,,0.0002,0
TX_0003545,2026-02-18 13:16:53,U00313,U00180,0,,0.0003,0
TX_0003546,2026-02-18 13:51:52,U00805,U00267,0,,0.0002,0
TX_0003547,2026-02-18 14:06:05,U01140,U01829,0,,0.0002,0
TX_0003548,2026-02-18 14:18:51,U00242,U00045,0,,0.0003,0
TX_0003549,2026-02-18 14:27:51,U00886,U01915,0,,0.0004,0
TX_0003550,2026-02-18 14:28:30,U00322,U00355,0,,0.0002,0
TX_0003551,2026-02-18 14:29:56,U01118,U01956,0,,1e-04,0
TX_0003552,2026-02-18 14:35:18,U01353,U00573,0,,0.0002,0
TX_0003553,2026-02-18 14:50:20,U01986,U00566,0,,0.0002,0
TX_0003554,2026-02-18 14:59:47,U00766,U00952,0,,0.0002,0
TX_0003555,2026-02-18 15:02:07,U01839,U01667,0,,1e-04,0
TX_0003556,2026-02-18 15:08:06,U00760,U01525,0,,0.0006,0
TX_0003557,2026-02-18 15:15:30,U00340,U00860,0,,1e-04,0
TX_0003558,2026-02-18 15:20:37,U00967,U00284,0,,0.0002,0
TX_0003559,2026-02-18 15:22:50,U01520,U01817,0,,0.0002,0
TX_0003560,2026-02-18 15:57:15,U01409,U00081,0,,0.0002,0
TX_0003561,2026-02-18 16:03:41,U01411,U01390,0,,1e-04,0
TX_0003562,2026-02-18 16:13:28,U01865,U00490,0,,0.0002,0
TX_0003563,2026-02-18 16:23:53,U01358,U01297,0,,1e-04,0
TX_0003564,2026-02-18 16:31:12,U01541,U00861,0,,0.0002,0
TX_0003565,2026-02-18 16:34:24,U00005,U01025,0,,0.0002,0
TX_0003566,2026-02-18 16:35:33,U01974,U00448,0,,1e-04,0
TX_0003567,2026-02-18 16:46:39,U01670,U01291,0,,0.0002,0
TX_0003568,2026-02-18 17:02:47,U00602,U01329,0,,1e-04,0
TX_0003569,2026-02-18 17:17:05,U01101,U01162,0,,1e-04,0
TX_0003570,2026-02-18 17:23:47,U01141,U00586,0,,0.0002,0
TX_0003571,2026-02-18 17:26:54,U00622,U01446,0,,0.0004,0
TX_0003572,2026-02-18 17:27:57,U00204,U01945,0,,0.0002,0
TX_0003573,2026-02-18 17:28:37,U01879,U01271,0,,1e-04,0
TX_0003574,2026-02-18 17:35:36,U00120,U00399,0,,0.0002,0
TX_0003575,2026-02-18 17:46:25,U00617,U01487,0,,1e-04,0
TX_0003576,2026-02-18 17:46:35,U00031,U00067,0,,0.0002,0
TX_0003577,2026-02-18 17:46:37,U00330,U00770,0,,1e-04,0
TX_0003578,2026-02-18 17:47:13,U00954,U01168,0,,1e-04,0
TX_0003579,2026-02-18 17:47:17,U01886,U01051,0,,0.0002,0
TX_0003580,2026-02-18 17:50:52,U00404,U01509,0,,0.0002,0
TX_0003581,2026-02-18 17:57:13,U01828,U01815,0,,0.0002,0
TX_0003582,2026-02-18 18:01:25,U00504,U01495,0,,0.0002,0
TX_0003583,2026-02-18 18:04:16,U01996,U00120,0,,0.0002,0
TX_0003584,2026-02-18 18:19:28,U01543,U00832,0,,0.0002,0
TX_0003585,2026-02-18 18:27:10,U00966,U01190,0,,0.0002,0
TX_0003586,2026-02-18 18:34:27,U00049,U01145,0,,0.0002,0
TX_0003587,2026-02-18 18:42:27,U01656,U00681,0,,0.0002,0
TX_0003588,2026-02-18 18:47:11,U01068,U01273,0,,0.0003,0
TX_0003589,2026-02-18 18:48:10,U00476,U01653,0,,1e-04,0
TX_0003590,2026-02-18 18:50:20,U01097,U01399,0,,0.0002,0
TX_0003591,2026-02-18 18:51:15,U00440,U00114,0,,0.0003,0
TX_0003592,2026-02-18 18:51:28,U00212,U01603,0,,0.0002,0
TX_0003593,2026-02-18 18:52:15,U01865,U00089,0,,0.0002,0
TX_0003594,2026-02-18 18:52:22,U00800,U00596,0,,0.0002,0
TX_0003595,2026-02-18 18:58:34,U00830,U00689,0,,1e-04,0
TX_0003596,2026-02-18 19:04:02,U00507,U00039,0,,0.0002,0
TX_0003597,2026-02-18 19:12:27,U01606,U00019,0,,1e-04,0
TX_0003598,2026-02-18 19:42:46,U01013,U01642,0,,0.0002,0
TX_0003599,2026-02-18 19:44:19,U00451,U00951,0,,0.0002,0
TX_0003600,2026-02-18 19:45:19,U01555,U00515,0,,0.0002,0
TX_0003601,2026-02-18 19:49:12,U00961,U01383,0,,0.0002,0
TX_0003602,2026-02-18 19:54:46,U00476,U00502,0,,0.0002,0
TX_0003603,2026-02-18 19:58:10,U00779,U00554,0,,1e-04,0
TX_0003604,2026-02-18 20:02:43,U01656,U01471,0,,0.0002,0
TX_0003605,2026-02-18 20:06:51,U00038,U00090,0,,0.0002,0
TX_0003606,2026-02-18 20:09:49,U00008,U00543,0,,1e-04,0
TX_0003607,2026-02-18 20:27:03,U00105,U00354,0,,1e-04,0
TX_0003608,2026-02-18 20:36:53,U01003,U01496,0,,1e-04,0
TX_0003609,2026-02-18 20:37:31,U01730,U00177,0,,1e-04,0
TX_0003610,2026-02-18 20:39:02,U01323,U00644,0,,0.0002,0
TX_0003611,2026-02-18 20:42:02,U01762,U00019,0,,1e-04,0
TX_0003612,2026-02-18 20:55:35,U00961,U01939,0,,0.0004,0
TX_0003613,2026-02-18 21:01:16,U01692,U01443,0,,0.0002,0
TX_0003614,2026-02-18 21:03:30,U01725,U01206,0,,0.0002,0
TX_0003615,2026-02-18 21:04:15,U00361,U00612,0,,1e-04,0
TX_0003616,2026-02-18 21:08:29,U01478,U01386,0,,0.0002,0
TX_0003617,2026-02-18 21:13:35,U01888,U00123,0,,0.0002,0
TX_0003618,2026-02-18 21:30:46,U00991,U01219,0,,0.0002,0
TX_0003619,2026-02-18 22:10:57,U01018,U01857,0,,0.0002,0
TX_0003620,2026-02-18 22:20:45,U00131,U00374,0,,0.0002,0
TX_0003621,2026-02-18 22:29:16,U01317,U01186,0,,0.0002,0
TX_0003622,2026-02-18 22:32:46,U00898,U01273,0,,0.0002,0
TX_0003623,2026-02-18 22:45:18,U00408,U00405,0,,0.0002,0
TX_0003624,2026-02-18 22:55:05,U01876,U01968,0,,1e-04,0
TX_0003625,2026-02-18 22:59:37,U00825,U01835,0,,0.0002,0
TX_0003626,2026-02-18 23:01:09,U00698,U00676,0,,0.0002,0
TX_0003627,2026-02-18 23:29:43,U01737,U01794,0,,1e-04,0
TX_0003628,2026-02-18 23:32:13,U01685,U00505,0,,1e-04,0
TX_0003629,2026-02-19 00:02:02,U01605,U00854,0,,0.0002,0
TX_0003630,2026-02-19 00:15:47,U01211,U01119,0,,0.0002,0
TX_0003631,2026-02-19 00:32:39,U01622,U01016,0,,0.0002,0
TX_0003632,2026-02-19 00:34:35,U01217,U00521,0,,0.0002,0
TX_0003633,2026-02-19 00:35:12,U01880,U01074,0,,0.0002,0
TX_0003634,2026-02-19 00:35:42,U00214,U01433,0,,0.0002,0
TX_0003635,2026-02-19 00:45:01,U00687,U00571,0,,0.0002,0
TX_0003636,2026-02-19 02:25:00,U00573,U01925,0,,0.0002,0
TX_0003637,2026-02-19 02:47:50,U00051,U00403,0,,0.0003,0
TX_0003638,2026-02-19 02:53:27,U00468,U01774,0,,0.0002,0
TX_0003639,2026-02-19 03:03:59,U00470,U01845,0,,0.0003,0
TX_0003640,2026-02-19 03:16:04,U00465,U01402,0,,0.0002,0
TX_0003641,2026-02-19 03:43:30,U01806,U00360,0,,1e-04,0
TX_0003642,2026-02-19 05:07:04,U01156,U01394,0,,0.0002,0
TX_0003643,2026-02-19 07:03:56,U00877,U00988,0,,0.0002,0
TX_0003644,2026-02-19 07:18:41,U01514,U01868,0,,0.0003,0
TX_0003645,2026-02-19 07:40:16,U00744,U01701,0,,0.0002,0
TX_0003646,2026-02-19 08:05:43,U00412,U01932,0,,0.0002,0
TX_0003647,2026-02-19 08:17:22,U00966,U01985,0,,0.0002,0
TX_0003648,2026-02-19 08:18:56,U00552,U00625,0,,0.0003,0
TX_0003649,2026-02-19 09:02:20,U01979,U00784,0,,0.0002,0
TX_0003650,2026-02-19 09:11:50,U01630,U01721,0,,0.0002,0
TX_0003651,2026-02-19 09:16:14,U01202,U01868,0,,0.0002,0
TX_0003652,2026-02-19 09:25:51,U00847,U01215,0,,0.0002,0
TX_0003653,2026-02-19 09:27:50,U01417,U00702,0,,0.0002,0
TX_0003654,2026-02-19 09:34:28,U01581,U01798,0,,0.0002,0
TX_0003655,2026-02-19 09:34:33,U01793,U00630,0,,0.0003,0
TX_0003656,2026-02-19 09:40:39,U01746,U00464,0,,0.0002,0
TX_0003657,2026-02-19 09:43:46,U00860,U00152,0,,0.0002,0
TX_0003658,2026-02-19 09:49:36,U01002,U00254,0,,0.0002,0
TX_0003659,2026-02-19 10:01:48,U01636,U01971,0,,0.0002,0
TX_0003660,2026-02-19 10:15:35,U01360,U01919,0,,0.0004,0
TX_0003661,2026-02-19 10:20:25,U00271,U00358,0,,1e-04,0
TX_0003662,2026-02-19 10:25:38,U01670,U01488,0,,0.0002,0
TX_0003663,2026-02-19 10:30:14,U00476,U01302,0,,1e-04,0
TX_0003664,2026-02-19 10:42:26,U00095,U00481,0,,0.0013,0
TX_0003665,2026-02-19 10:50:24,U01257,U01984,0,,0.0002,0
TX_0003666,2026-02-19 10:53:17,U01395,U00526,0,,0.0002,0
TX_0003667,2026-02-19 10:56:36,U00973,U01616,0,,0.0003,0
TX_0003668,2026-02-19 10:59:52,U01209,U00862,0,,0.0003,0
TX_0003669,2026-02-19 11:01:17,U01889,U00620,0,,0.0007,0
TX_0003670,2026-02-19 11:04:23,U01119,U01674,0,,0.0019,0
TX_0003671,2026-02-19 11:05:26,U00663,U00365,0,,0.0003,0
TX_0003672,2026-02-19 11:51:58,U01411,U01231,0,,0.0002,0
TX_0003673,2026-02-19 11:52:39,U01104,U01509,0,,0.0002,0
TX_0003674,2026-02-19 11:56:30,U01202,U01939,0,,0.0002,0
TX_0003675,2026-02-19 12:31:32,U01803,U01223,0,,1e-04,0
TX_0003676,2026-02-19 12:33:28,U00316,U01008,0,,0.0002,0
TX_0003677,2026-02-19 12:46:36,U00361,U00612,0,,0.0002,0
TX_0003678,2026-02-19 12:47:16,U01912,U00813,0,,0.0003,0
TX_0003679,2026-02-19 13:08:53,U01704,U01088,0,,0.0003,0
TX_0003680,2026-02-19 13:18:36,U00889,U01761,0,,0.0004,0
TX_0003681,2026-02-19 13:19:20,U00399,U00567,0,,0.0002,0
TX_0003682,2026-02-19 13:31:07,U00405,U01031,0,,0.0002,0
TX_0003683,2026-02-19 13:36:45,U00263,U00169,0,,0.0002,0
TX_0003684,2026-02-19 13:38:37,U01205,U01196,0,,0.0002,0
TX_0003685,2026-02-19 13:46:46,U01036,U01569,0,,1e-04,0
TX_0003686,2026-02-19 13:49:04,U01927,U01164,0,,0.0002,0
TX_0003687,2026-02-19 13:49:24,U00061,U00389,0,,0.0002,0
TX_0003688,2026-02-19 13:53:47,U00708,U01465,0,,1e-04,0
TX_0003689,2026-02-19 13:55:19,U01252,U00681,0,,0.0002,0
TX_0003690,2026-02-19 13:59:12,U00806,U00424,0,,0.0002,0
TX_0003691,2026-02-19 14:26:21,U01591,U01977,0,,0.0002,0
TX_0003692,2026-02-19 14:28:34,U00588,U01586,0,,1e-04,0
TX_0003693,2026-02-19 14:31:38,U00784,U01411,0,,0.0004,0
TX_0003694,2026-02-19 14:41:22,U01468,U01352,0,,0.0002,0
TX_0003695,2026-02-19 14:45:39,U01681,U01492,0,,0.0002,0
TX_0003696,2026-02-19 14:49:42,U01758,U01202,0,,0.0002,0
TX_0003697,2026-02-19 14:56:05,U01099,U01116,0,,0.001,0
TX_0003698,2026-02-19 15:01:51,U01050,U00414,0,,0.0002,0
TX_0003699,2026-02-19 15:06:37,U00048,U00811,0,,1e-04,0
TX_0003700,2026-02-19 15:09:51,U01703,U00578,0,,0.0003,0
TX_0003701,2026-02-19 15:11:00,U00587,U00404,0,,0.0002,0
TX_0003702,2026-02-19 15:36:28,U01218,U00676,0,,0.0002,0
TX_0003703,2026-02-19 15:55:38,U01958,U00232,0,,0.0002,0
TX_0003704,2026-02-19 15:59:06,U00105,U00076,0,,0.0007,0
TX_0003705,2026-02-19 16:15:38,U01316,U00487,0,,0.0003,0
TX_0003706,2026-02-19 16:17:03,U01971,U00563,0,,0.0002,0
TX_0003707,2026-02-19 16:20:09,U01636,U00006,0,,0.0002,0
TX_0003708,2026-02-19 16:22:37,U00133,U00082,0,,0.0002,0
TX_0003709,2026-02-19 16:33:36,U01255,U00088,0,,0.0002,0
TX_0003710,2026-02-19 16:59:49,U00809,U00948,0,,0.0003,0
TX_0003711,2026-02-19 17:08:51,U01567,U00616,0,,0.0003,0
TX_0003712,2026-02-19 17:15:43,U01325,U00148,0,,0.0002,0
TX_0003713,2026-02-19 17:20:57,U00909,U00204,0,,0.0004,0
TX_0003714,2026-02-19 17:24:04,U01580,U00224,0,,0.0002,0
TX_0003715,2026-02-19 17:47:25,U01122,U01558,0,,0.0002,0
TX_0003716,2026-02-19 17:55:16,U00314,U00204,0,,0.0005,0
TX_0003717,2026-02-19 18:05:44,U01227,U01375,0,,0.0002,0
TX_0003718,2026-02-19 18:08:36,U01525,U00548,0,,0.0002,0
TX_0003719,2026-02-19 18:20:17,U00721,U01300,0,,0.0002,0
TX_0003720,2026-02-19 18:34:35,U01448,U00121,0,,1e-04,0
TX_0003721,2026-02-19 18:35:20,U00082,U01662,0,,0.0003,0
TX_0003722,2026-02-19 18:38:15,U00657,U01737,0,,0.0002,0
TX_0003723,2026-02-19 18:41:06,U00779,U01386,0,,0.0002,0
TX_0003724,2026-02-19 18:46:14,U01958,U00859,0,,1e-04,0
TX_0003725,2026-02-19 18:46:45,U01269,U00568,0,,1e-04,0
TX_0003726,2026-02-19 18:46:54,U00703,U01904,0,,0.0002,0
TX_0003727,2026-02-19 18:48:37,U01723,U01440,0,,0.0006,0
TX_0003728,2026-02-19 18:55:14,U01415,U00909,0,,0.0002,0
TX_0003729,2026-02-19 18:55:16,U00884,U01656,0,,1e-04,0
TX_0003730,2026-02-19 18:59:31,U00808,U00357,0,,0.0002,0
TX_0003731,2026-02-19 19:01:48,U01845,U00935,0,,0.0002,0
TX_0003732,2026-02-19 19:19:19,U01475,U01464,0,,0.0002,0
TX_0003733,2026-02-19 19:35:51,U01623,U00950,0,,0.0002,0
TX_0003734,2026-02-19 19:43:12,U01550,U01603,0,,0.0002,0
TX_0003735,2026-02-19 20:05:17,U00211,U01856,0,,0.0003,0
TX_0003736,2026-02-19 20:10:03,U00664,U01898,0,,0.0002,0
TX_0003737,2026-02-19 20:13:30,U01233,U00932,0,,1e-04,0
TX_0003738,2026-02-19 20:21:25,U01840,U01253,0,,0.0002,0
TX_0003739,2026-02-19 20:29:45,U00247,U01505,0,,0.0002,0
TX_0003740,2026-02-19 20:30:59,U01525,U01865,0,,0.0002,0
TX_0003741,2026-02-19 20:34:34,U01222,U00727,0,,1e-04,0
TX_0003742,2026-02-19 20:34:48,U00371,U00747,0,,0.0002,0
TX_0003743,2026-02-19 20:37:35,U00077,U01482,0,,0.0002,0
TX_0003744,2026-02-19 20:40:03,U00724,U01936,0,,0.0002,0
TX_0003745,2026-02-19 20:55:35,U00293,U01536,0,,0.0002,0
TX_0003746,2026-02-19 20:56:15,U01540,U01609,0,,0.0002,0
TX_0003747,2026-02-19 21:03:06,U01020,U00526,0,,0.0002,0
TX_0003748,2026-02-19 21:10:36,U01158,U01062,0,,1e-04,0
TX_0003749,2026-02-19 21:12:26,U01611,U01710,0,,1e-04,0
TX_0003750,2026-02-19 21:19:29,U01904,U00559,0,,0.0002,0
TX_0003751,2026-02-19 21:27:35,U00074,U01895,0,,0.0003,0
TX_0003752,2026-02-19 21:28:12,U00944,U01572,0,,0.0004,0
TX_0003753,2026-02-19 21:55:03,U00914,U01525,0,,1e-04,0
TX_0003754,2026-02-19 21:58:01,U00785,U01589,0,,0.0018,0
TX_0003755,2026-02-19 22:09:40,U00332,U00411,0,,1e-04,0
TX_0003756,2026-02-19 22:12:11,U01359,U01798,0,,0.0002,0
TX_0003757,2026-02-19 22:18:31,U00550,U00878,0,,1e-04,0
TX_0003758,2026-02-19 22:24:22,U00463,U01204,0,,0.0002,0
TX_0003759,2026-02-19 22:38:04,U01941,U01063,0,,1e-04,0
TX_0003760,2026-02-19 22:45:13,U01028,U00533,0,,1e-04,0
TX_0003761,2026-02-19 22:49:11,U00323,U01508,0,,0.0002,0
TX_0003762,2026-02-19 22:54:28,U01484,U01410,0,,0.0002,0
TX_0003763,2026-02-19 23:04:58,U00467,U01682,0,,0.0002,0
TX_0003764,2026-02-19 23:11:11,U00675,U01108,0,,0.0003,0
TX_0003765,2026-02-19 23:27:43,U00343,U00501,0,,1e-04,0
TX_0003766,2026-02-19 23:28:12,U00451,U00257,0,,0.0002,0
TX_0003767,2026-02-19 23:32:49,U01897,U01391,0,,0.0004,0
TX_0003768,2026-02-19 23:34:04,U01485,U00856,0,,0.0002,0
TX_0003769,2026-02-19 23:42:07,U00850,U00786,0,,0.0002,0
TX_0003770,2026-02-19 23:44:45,U01651,U01239,0,,1e-04,0
TX_0003771,2026-02-19 23:47:56,U01801,U01480,0,,0.0004,0
TX_0003772,2026-02-19 23:49:54,U01558,U01454,0,,0.0002,0
TX_0003773,2026-02-19 23:53:16,U00260,U00900,0,,0.0002,0
TX_0003774,2026-02-19 23:57:07,U01150,U01490,0,,0.0002,0
TX_0003775,2026-02-20 00:01:11,U00660,U00885,0,,0.0002,0
TX_0003776,2026-02-20 00:16:11,U00728,U00709,0,,0.0002,0
TX_0003777,2026-02-20 00:16:23,U00296,U01895,0,,0.0008,0
TX_0003778,2026-02-20 00:25:30,U00356,U00977,0,,0.0002,0
TX_0003779,2026-02-20 00:33:49,U00213,U00611,0,,0.0004,0
TX_0003780,2026-02-20 01:13:00,U01148,U00085,0,,0.0002,0
TX_0003781,2026-02-20 01:31:26,U01003,U01496,0,,0.0002,0
TX_0003782,2026-02-20 01:35:04,U00024,U00599,0,,0.0003,0
TX_0003783,2026-02-20 02:11:40,U01011,U01895,0,,0.0003,0
TX_0003784,2026-02-20 03:35:55,U01856,U01448,0,,0.0002,0
TX_0003785,2026-02-20 04:16:08,U00483,U01333,0,,0.0003,0
TX_0003786,2026-02-20 04:23:45,U00034,U00876,0,,0.0008,0
TX_0003787,2026-02-20 07:03:21,U00161,U00899,0,,0.0002,0
TX_0003788,2026-02-20 07:05:18,U01275,U01649,0,,0.0002,0
TX_0003789,2026-02-20 07:14:46,U00648,U00151,0,,0.0002,0
TX_0003790,2026-02-20 07:14:50,U00243,U00687,0,,0.0002,0
TX_0003791,2026-02-20 07:22:00,U00852,U00792,0,,0.0002,0
TX_0003792,2026-02-20 07:26:18,U00935,U00608,0,,0.0002,0
TX_0003793,2026-02-20 07:34:20,U00853,U00985,0,,0.0002,0
TX_0003794,2026-02-20 07:44:54,U01879,U01988,0,,0.0002,0
TX_0003795,2026-02-20 07:48:02,U01382,U00289,0,,0.0002,0
TX_0003796,2026-02-20 07:58:14,U01464,U00535,0,,0.0002,0
TX_0003797,2026-02-20 08:05:17,U00115,U00877,0,,0.0002,0
TX_0003798,2026-02-20 08:07:21,U01976,U01121,0,,0.0002,0
TX_0003799,2026-02-20 08:27:10,U01118,U00581,0,,0.0002,0
TX_0003800,2026-02-20 08:31:18,U01161,U01605,0,,0.0002,0
TX_0003801,2026-02-20 08:33:42,U01637,U00950,0,,0.0002,0
TX_0003802,2026-02-20 08:51:12,U01868,U00194,0,,0.0002,0
TX_0003803,2026-02-20 08:54:01,U00052,U01864,0,,0.0002,0
TX_0003804,2026-02-20 09:01:13,U01786,U00813,0,,0.0002,0
TX_0003805,2026-02-20 09:05:32,U00289,U00735,0,,0.0002,0
TX_0003806,2026-02-20 09:05:42,U01159,U00588,0,,0.0002,0
TX_0003807,2026-02-20 09:19:20,U01353,U00173,0,,0.0002,0
TX_0003808,2026-02-20 09:27:25,U01539,U01735,0,,0.0002,0
TX_0003809,2026-02-20 09:41:16,U01357,U00767,0,,0.0002,0
TX_0003810,2026-02-20 09:41:39,U01777,U01534,0,,0.0003,0
TX_0003811,2026-02-20 09:47:24,U00670,U00315,0,,0.0002,0
TX_0003812,2026-02-20 09:47:44,U01418,U01280,0,,0.0002,0
TX_0003813,2026-02-20 10:01:54,U00951,U00176,0,,0.0002,0
TX_0003814,2026-02-20 10:07:43,U00082,U01662,0,,0.0002,0
TX_0003815,2026-02-20 10:13:34,U01219,U00780,0,,0.0002,0
TX_0003816,2026-02-20 10:15:29,U00014,U01527,0,,0.0002,0
TX_0003817,2026-02-20 10:25:44,U01582,U00023,0,,0.0003,0
TX_0003818,2026-02-20 10:31:20,U01457,U00259,0,,0.0002,0
TX_0003819,2026-02-20 10:51:43,U01435,U01005,0,,0.0003,0
TX_0003820,2026-02-20 10:58:26,U00571,U00747,0,,0.0002,0
TX_0003821,2026-02-20 10:59:13,U00760,U01525,0,,0.0002,0
TX_0003822,2026-02-20 11:02:02,U01002,U00254,0,,0.0002,0
TX_0003823,2026-02-20 11:10:46,U01915,U01322,0,,0.0002,0
TX_0003824,2026-02-20 11:12:00,U00795,U00694,0,,0.0002,0
TX_0003825,2026-02-20 11:12:11,U00332,U00094,0,,0.0002,0
TX_0003826,2026-02-20 11:17:26,U01316,U00634,0,,0.0002,0
TX_0003827,2026-02-20 11:28:39,U01645,U01676,0,,0.0002,0
TX_0003828,2026-02-20 11:53:15,U01568,U00761,0,,0.0002,0
TX_0003829,2026-02-20 12:11:17,U01886,U01051,0,,1e-04,0
TX_0003830,2026-02-20 12:23:16,U01785,U00028,0,,0.0002,0
TX_0003831,2026-02-20 12:24:39,U00223,U00300,0,,1e-04,0
TX_0003832,2026-02-20 12:25:00,U00883,U00988,0,,0.0002,0
TX_0003833,2026-02-20 12:25:21,U01788,U01241,0,,0.0002,0
TX_0003834,2026-02-20 12:36:07,U00162,U00088,0,,0.0002,0
TX_0003835,2026-02-20 12:41:08,U01453,U00913,0,,0.0003,0
TX_0003836,2026-02-20 12:42:45,U00039,U00862,0,,0.0002,0
TX_0003837,2026-02-20 12:47:16,U01293,U00591,0,,0.0002,0
TX_0003838,2026-02-20 12:52:58,U01072,U01370,0,,0.0002,0
TX_0003839,2026-02-20 12:53:28,U00308,U00338,0,,0.0002,0
TX_0003840,2026-02-20 13:25:16,U01380,U01951,0,,0.0004,0
TX_0003841,2026-02-20 13:28:58,U01079,U00990,0,,0.0002,0
TX_0003842,2026-02-20 13:30:43,U01233,U00971,0,,0.0002,0
TX_0003843,2026-02-20 13:33:25,U00815,U01572,0,,0.0002,0
TX_0003844,2026-02-20 13:40:12,U00163,U00616,0,,0.0004,0
TX_0003845,2026-02-20 13:46:50,U01882,U00393,0,,1e-04,0
TX_0003846,2026-02-20 13:54:55,U00359,U00695,0,,1e-04,0
TX_0003847,2026-02-20 14:01:26,U00408,U00405,0,,0.0002,0
TX_0003848,2026-02-20 14:02:26,U00665,U00485,0,,0.0004,0
TX_0003849,2026-02-20 14:04:25,U00478,U01877,0,,1e-04,0
TX_0003850,2026-02-20 14:16:10,U00908,U00792,0,,0.0002,0
TX_0003851,2026-02-20 14:20:50,U01408,U01301,0,,0.0002,0
TX_0003852,2026-02-20 14:27:48,U01384,U00663,0,,0.0003,0
TX_0003853,2026-02-20 14:28:29,U01056,U01723,0,,0.0002,0
TX_0003854,2026-02-20 14:41:25,U01001,U01030,0,,0.0002,0
TX_0003855,2026-02-20 14:42:51,U00479,U01936,0,,0.0002,0
TX_0003856,2026-02-20 14:43:25,U01358,U01297,0,,0.0003,0
TX_0003857,2026-02-20 14:52:41,U01733,U00633,0,,1e-04,0
TX_0003858,2026-02-20 14:53:43,U01955,U01526,0,,0.0002,0
TX_0003859,2026-02-20 14:54:08,U00679,U01556,0,,1e-04,0
TX_0003860,2026-02-20 15:07:09,U01007,U00831,0,,0.0002,0
TX_0003861,2026-02-20 15:08:10,U00298,U00949,0,,0.0002,0
TX_0003862,2026-02-20 15:16:24,U00638,U01163,0,,0.0002,0
TX_0003863,2026-02-20 15:28:19,U00431,U01986,0,,1e-04,0
TX_0003864,2026-02-20 15:30:00,U01437,U01672,0,,0.0002,0
TX_0003865,2026-02-20 15:41:02,U00636,U01180,0,,0.0002,0
TX_0003866,2026-02-20 15:42:43,U00606,U00480,0,,0.0177,0
TX_0003867,2026-02-20 15:49:11,U01711,U00841,0,,0.0002,0
TX_0003868,2026-02-20 15:56:34,U00236,U00704,0,,0.0002,0
TX_0003869,2026-02-20 15:58:30,U01665,U01299,0,,0.0003,0
TX_0003870,2026-02-20 16:01:09,U00075,U00412,0,,0.0002,0
TX_0003871,2026-02-20 16:11:52,U00900,U00329,0,,1e-04,0
TX_0003872,2026-02-20 16:25:01,U00563,U00986,0,,0.0002,0
TX_0003873,2026-02-20 16:26:22,U01713,U01415,0,,0.0002,0
TX_0003874,2026-02-20 16:44:21,U00517,U01064,0,,1e-04,0
TX_0003875,2026-02-20 17:06:21,U01222,U00094,0,,1e-04,0
TX_0003876,2026-02-20 17:07:48,U01887,U00190,0,,0.0002,0
TX_0003877,2026-02-20 17:09:31,U01220,U01285,0,,0.0002,0
TX_0003878,2026-02-20 17:11:41,U01737,U01794,0,,1e-04,0
TX_0003879,2026-02-20 17:18:29,U00774,U00839,0,,0.0002,0
TX_0003880,2026-02-20 17:24:40,U01339,U01094,0,,1e-04,0
TX_0003881,2026-02-20 17:27:10,U01610,U01958,0,,0.0002,0
TX_0003882,2026-02-20 17:32:01,U01952,U00056,0,,0.0006,0
TX_0003883,2026-02-20 17:35:51,U00997,U01868,0,,1e-04,0
TX_0003884,2026-02-20 17:36:29,U01397,U00405,0,,0.0002,0
TX_0003885,2026-02-20 17:40:19,U01703,U00495,0,,0.0002,0
TX_0003886,2026-02-20 17:41:57,U00640,U01717,0,,1e-04,0
TX_0003887,2026-02-20 17:54:43,U00140,U01879,0,,1e-04,0
TX_0003888,2026-02-20 17:59:37,U01555,U01783,0,,0.0002,0
TX_0003889,2026-02-20 18:06:47,U00475,U01204,0,,1e-04,0
TX_0003890,2026-02-20 18:23:29,U00157,U01927,0,,1e-04,0
TX_0003891,2026-02-20 18:27:32,U01600,U00203,0,,0.0002,0
TX_0003892,2026-02-20 18:29:23,U00245,U00118,0,,0.0002,0
TX_0003893,2026-02-20 18:59:45,U00942,U00454,0,,1e-04,0
TX_0003894,2026-02-20 19:10:04,U01515,U01411,0,,1e-04,0
TX_0003895,2026-02-20 19:12:10,U00486,U01182,0,,0.0002,0
TX_0003896,2026-02-20 19:21:26,U01694,U01020,0,,0.0002,0
TX_0003897,2026-02-20 19:35:30,U00575,U01962,0,,0.0002,0
TX_0003898,2026-02-20 19:52:04,U01631,U01074,0,,0.0002,0
TX_0003899,2026-02-20 19:54:52,U00362,U00992,0,,0.0002,0
TX_0003900,2026-02-20 19:55:12,U01887,U00382,0,,0.0002,0
TX_0003901,2026-02-20 19:58:49,U00456,U00840,0,,1e-04,0
TX_0003902,2026-02-20 20:02:18,U01718,U00108,0,,0.0002,0
TX_0003903,2026-02-20 20:07:34,U00650,U01417,0,,0.0002,0
TX_0003904,2026-02-20 20:07:45,U00068,U00295,0,,1e-04,0
TX_0003905,2026-02-20 20:11:37,U01880,U00295,0,,0.0002,0
TX_0003906,2026-02-20 20:17:04,U00370,U00074,0,,0.0002,0
TX_0003907,2026-02-20 20:21:55,U00608,U01813,0,,0.0002,0
TX_0003908,2026-02-20 20:31:21,U00833,U01613,0,,1e-04,0
TX_0003909,2026-02-20 20:31:47,U01737,U01794,0,,1e-04,0
TX_0003910,2026-02-20 20:33:21,U00344,U00835,0,,0.0002,0
TX_0003911,2026-02-20 20:40:01,U01189,U00551,0,,0.0002,0
TX_0003912,2026-02-20 20:42:16,U01794,U01860,0,,0.0002,0
TX_0003913,2026-02-20 20:48:06,U00042,U00733,0,,1e-04,0
TX_0003914,2026-02-20 20:57:36,U01774,U00926,0,,0.0002,0
TX_0003915,2026-02-20 21:06:35,U00840,U01015,0,,0.0002,0
TX_0003916,2026-02-20 21:27:27,U00541,U01452,0,,1e-04,0
TX_0003917,2026-02-20 21:31:20,U00957,U00320,0,,0.0002,0
TX_0003918,2026-02-20 21:31:31,U00667,U01987,0,,0.0002,0
TX_0003919,2026-02-20 21:47:13,U01833,U00779,0,,0.0002,0
TX_0003920,2026-02-20 21:51:30,U01832,U00359,0,,0.0002,0
TX_0003921,2026-02-20 21:56:09,U00689,U00389,0,,0.0002,0
TX_0003922,2026-02-20 21:57:39,U01686,U01497,0,,1e-04,0
TX_0003923,2026-02-20 22:13:36,U00533,U01478,0,,0.0006,0
TX_0003924,2026-02-20 22:15:43,U01341,U00019,0,,1e-04,0
TX_0003925,2026-02-20 22:19:19,U00936,U01821,0,,0.0002,0
TX_0003926,2026-02-20 23:12:14,U01772,U01205,0,,0.0002,0
TX_0003927,2026-02-20 23:15:18,U01676,U01921,0,,1e-04,0
TX_0003928,2026-02-20 23:28:02,U00144,U00849,0,,0.0002,0
TX_0003929,2026-02-20 23:29:31,U00378,U01377,0,,0.0002,0
TX_0003930,2026-02-20 23:35:35,U01444,U01055,0,,1e-04,0
TX_0003931,2026-02-20 23:37:27,U00463,U00884,0,,0.0002,0
TX_0003932,2026-02-20 23:40:29,U00043,U01157,0,,1e-04,0
TX_0003933,2026-02-20 23:40:30,U00240,U00960,0,,0.0002,0
TX_0003934,2026-02-20 23:46:57,U00561,U00504,0,,0.0002,0
TX_0003935,2026-02-20 23:48:05,U01016,U00224,0,,0.0003,0
TX_0003936,2026-02-21 00:01:06,U00222,U01743,0,,0.0002,0
TX_0003937,2026-02-21 00:17:55,U01179,U00230,0,,0.0002,0
TX_0003938,2026-02-21 00:20:22,U01321,U01299,0,,0.0002,0
TX_0003939,2026-02-21 00:33:57,U00680,U00321,0,,0.001,0
TX_0003940,2026-02-21 00:49:45,U01921,U01390,0,,0.0002,0
TX_0003941,2026-02-21 00:51:26,U00303,U00412,0,,0.0002,0
TX_0003942,2026-02-21 00:58:06,U01100,U00258,0,,0.0002,0
TX_0003943,2026-02-21 04:10:43,U01554,U01808,0,,0.0002,0
TX_0003944,2026-02-21 05:30:04,U01768,U00098,0,,0.0002,0
TX_0003945,2026-02-21 05:38:39,U01541,U00861,0,,0.0002,0
TX_0003946,2026-02-21 06:16:53,U01176,U00200,0,,0.0002,0
TX_0003947,2026-02-21 06:38:25,U00133,U01324,0,,0.0002,0
TX_0003948,2026-02-21 07:31:28,U00359,U00706,0,,0.0002,0
TX_0003949,2026-02-21 08:04:02,U00218,U01383,0,,0.0002,0
TX_0003950,2026-02-21 08:04:52,U01919,U01969,0,,0.0002,0
TX_0003951,2026-02-21 08:45:11,U01892,U01742,0,,0.0002,0
TX_0003952,2026-02-21 08:49:59,U00187,U00234,0,,0.0002,0
TX_0003953,2026-02-21 09:03:30,U00279,U00550,0,,0.0009,0
TX_0003954,2026-02-21 09:13:51,U00535,U00901,0,,0.0002,0
TX_0003955,2026-02-21 09:15:18,U00610,U00718,0,,0.0002,0
TX_0003956,2026-02-21 09:27:17,U01534,U01574,0,,0.0006,0
TX_0003957,2026-02-21 09:31:15,U00185,U00671,0,,0.0002,0
TX_0003958,2026-02-21 09:34:38,U00731,U00987,0,,0.0002,0
TX_0003959,2026-02-21 09:39:53,U01412,U00471,0,,0.0003,0
TX_0003960,2026-02-21 09:43:03,U01656,U00654,0,,0.0002,0
TX_0003961,2026-02-21 09:47:45,U00173,U01872,0,,0.0006,0
TX_0003962,2026-02-21 09:58:07,U01793,U00630,0,,0.0002,0
TX_0003963,2026-02-21 10:14:02,U01961,U01057,0,,0.0002,0
TX_0003964,2026-02-21 10:19:38,U00084,U00324,0,,0.0002,0
TX_0003965,2026-02-21 10:22:19,U00001,U01976,0,,0.0002,0
TX_0003966,2026-02-21 10:23:14,U00448,U00082,0,,0.0016,0
TX_0003967,2026-02-21 10:29:59,U00391,U00147,0,,0.0002,0
TX_0003968,2026-02-21 10:34:40,U01846,U01839,0,,0.0002,0
TX_0003969,2026-02-21 10:42:05,U01133,U01428,0,,0.0002,0
TX_0003970,2026-02-21 10:43:07,U01696,U01274,0,,0.0018,0
TX_0003971,2026-02-21 10:59:50,U00208,U01559,0,,0.0002,0
TX_0003972,2026-02-21 11:00:47,U01877,U00780,0,,0.0002,0
TX_0003973,2026-02-21 11:12:19,U00749,U01399,0,,0.0002,0
TX_0003974,2026-02-21 11:27:46,U01971,U00563,0,,0.0002,0
TX_0003975,2026-02-21 11:34:01,U00442,U01857,0,,0.0002,0
TX_0003976,2026-02-21 11:34:48,U00165,U00451,0,,0.0007,0
TX_0003977,2026-02-21 11:35:47,U00229,U01038,0,,0.0002,0
TX_0003978,2026-02-21 11:36:01,U01960,U00417,0,,0.0002,0
TX_0003979,2026-02-21 11:38:49,U01595,U01689,0,,0.0003,0
TX_0003980,2026-02-21 11:54:57,U00832,U01387,0,,0.0003,0
TX_0003981,2026-02-21 11:55:12,U00811,U01208,0,,0.0002,0
TX_0003982,2026-02-21 11:56:41,U01237,U01673,0,,0.0003,0
TX_0003983,2026-02-21 11:59:20,U01700,U00466,0,,0.0002,0
TX_0003984,2026-02-21 12:06:07,U00022,U01936,0,,0.0002,0
TX_0003985,2026-02-21 12:11:38,U01335,U00670,0,,0.0002,0
TX_0003986,2026-02-21 12:14:53,U01643,U01732,0,,0.0002,0
TX_0003987,2026-02-21 12:22:39,U01420,U00570,0,,0.0002,0
TX_0003988,2026-02-21 12:27:27,U00164,U00088,0,,1e-04,0
TX_0003989,2026-02-21 12:28:50,U00853,U00310,0,,0.0002,0
TX_0003990,2026-02-21 12:36:09,U01558,U01640,0,,0.0002,0
TX_0003991,2026-02-21 12:40:52,U00526,U01841,0,,0.0002,0
TX_0003992,2026-02-21 12:41:11,U00294,U00597,0,,1e-04,0
TX_0003993,2026-02-21 12:45:22,U01677,U01166,0,,1e-04,0
TX_0003994,2026-02-21 13:00:23,U00125,U00413,0,,0.0022,0
TX_0003995,2026-02-21 13:04:15,U01779,U01363,0,,0.0002,0
TX_0003996,2026-02-21 13:10:29,U00741,U01204,0,,0.0002,0
TX_0003997,2026-02-21 13:18:16,U01419,U00806,0,,0.0009,0
TX_0003998,2026-02-21 13:26:00,U01223,U01888,0,,0.0002,0
TX_0003999,2026-02-21 13:39:03,U00045,U01988,0,,0.0002,0
TX_0004000,2026-02-21 13:41:34,U00072,U00075,0,,0.0002,0
TX_0004001,2026-02-21 13:46:21,U00975,U00239,0,,0.0004,0
TX_0004002,2026-02-21 13:50:36,U01247,U00449,0,,0.0002,0
TX_0004003,2026-02-21 14:00:27,U01301,U01062,0,,1e-04,0
TX_0004004,2026-02-21 14:04:14,U01094,U01559,0,,1e-04,0
TX_0004005,2026-02-21 14:06:39,U00068,U00295,0,,0.0002,0
TX_0004006,2026-02-21 14:12:14,U00696,U01316,0,,0.0002,0
TX_0004007,2026-02-21 14:18:12,U00429,U00250,0,,1e-04,0
TX_0004008,2026-02-21 14:26:57,U00098,U00437,0,,0.0002,0
TX_0004009,2026-02-21 14:37:45,U01928,U00426,0,,0.0003,0
TX_0004010,2026-02-21 14:41:22,U01522,U00941,0,,1e-04,0
TX_0004011,2026-02-21 14:46:53,U00024,U00376,0,,0.0002,0
TX_0004012,2026-02-21 14:56:44,U00594,U00029,0,,0.0018,0
TX_0004013,2026-02-21 15:15:56,U01019,U01439,0,,0.0002,0
TX_0004014,2026-02-21 15:17:15,U00327,U01939,0,,0.0002,0
TX_0004015,2026-02-21 15:21:43,U00432,U01685,0,,0.0002,0
TX_0004016,2026-02-21 15:23:36,U01768,U00511,0,,0.0002,0
TX_0004017,2026-02-21 15:25:08,U01719,U00060,0,,1e-04,0
TX_0004018,2026-02-21 15:31:06,U00755,U00521,0,,0.0002,0
TX_0004019,2026-02-21 15:31:51,U00287,U01976,0,,0.0002,0
TX_0004020,2026-02-21 15:42:55,U00087,U00969,0,,0.0002,0
TX_0004021,2026-02-21 15:48:19,U01503,U00451,0,,0.0002,0
TX_0004022,2026-02-21 16:02:43,U01305,U00410,0,,0.0002,0
TX_0004023,2026-02-21 16:27:05,U01543,U00943,0,,1e-04,0
TX_0004024,2026-02-21 16:35:21,U00942,U00263,0,,0.0009,0
TX_0004025,2026-02-21 16:45:35,U00001,U00782,0,,0.0002,0
TX_0004026,2026-02-21 16:47:06,U01024,U00815,0,,0.0002,0
TX_0004027,2026-02-21 16:53:59,U00950,U01998,0,,0.0002,0
TX_0004028,2026-02-21 17:07:05,U01029,U00427,0,,0.0002,0
TX_0004029,2026-02-21 17:13:02,U01751,U00228,0,,1e-04,0
TX_0004030,2026-02-21 17:24:00,U00851,U00284,0,,0.0002,0
TX_0004031,2026-02-21 17:37:25,U00130,U01065,0,,0.0005,0
TX_0004032,2026-02-21 17:40:12,U01236,U01069,0,,0.0002,0
TX_0004033,2026-02-21 17:45:30,U00407,U01212,0,,0.0002,0
TX_0004034,2026-02-21 17:49:19,U00524,U00558,0,,0.0004,0
TX_0004035,2026-02-21 17:59:56,U01978,U01368,0,,1e-04,0
TX_0004036,2026-02-21 18:04:23,U00719,U01412,0,,1e-04,0
TX_0004037,2026-02-21 18:08:01,U00891,U01839,0,,1e-04,0
TX_0004038,2026-02-21 18:27:56,U00854,U01895,0,,0.0002,0
TX_0004039,2026-02-21 18:32:43,U00671,U01474,0,,1e-04,0
TX_0004040,2026-02-21 18:47:56,U00829,U00572,0,,0.0003,0
TX_0004041,2026-02-21 19:14:10,U00375,U01930,0,,0.0002,0
TX_0004042,2026-02-21 19:17:44,U01723,U00442,0,,1e-04,0
TX_0004043,2026-02-21 19:17:55,U01406,U00630,0,,0.0004,0
TX_0004044,2026-02-21 19:20:40,U00138,U00307,0,,0.0002,0
TX_0004045,2026-02-21 19:25:52,U01883,U01382,0,,1e-04,0
TX_0004046,2026-02-21 19:36:24,U01253,U00616,0,,0.0002,0
TX_0004047,2026-02-21 19:56:44,U00036,U01580,0,,1e-04,0
TX_0004048,2026-02-21 19:57:13,U01560,U01211,0,,1e-04,0
TX_0004049,2026-02-21 19:58:23,U00765,U01418,0,,0.0002,0
TX_0004050,2026-02-21 20:15:04,U01100,U00516,0,,0.0002,0
TX_0004051,2026-02-21 20:17:22,U01455,U00888,0,,0.0002,0
TX_0004052,2026-02-21 20:27:54,U01126,U00653,0,,0.0003,0
TX_0004053,2026-02-21 20:38:01,U00811,U01208,0,,1e-04,0
TX_0004054,2026-02-21 20:46:14,U00477,U01856,0,,1e-04,0
TX_0004055,2026-02-21 20:47:14,U00190,U00941,0,,0.0002,0
TX_0004056,2026-02-21 20:50:20,U00655,U00808,0,,0.0002,0
TX_0004057,2026-02-21 21:04:16,U01410,U00960,0,,1e-04,0
TX_0004058,2026-02-21 21:12:09,U01201,U00774,0,,1e-04,0
TX_0004059,2026-02-21 21:19:04,U01613,U00290,0,,1e-04,0
TX_0004060,2026-02-21 21:22:05,U01380,U00978,0,,0.0002,0
TX_0004061,2026-02-21 21:31:03,U00897,U00403,0,,0.0003,0
TX_0004062,2026-02-21 21:31:03,U01742,U00384,0,,0.0002,0
TX_0004063,2026-02-21 21:31:53,U00994,U01711,0,,0.0002,0
TX_0004064,2026-02-21 21:49:02,U01456,U00893,0,,1e-04,0
TX_0004065,2026-02-21 21:55:51,U00947,U00697,0,,0.004,0
TX_0004066,2026-02-21 22:09:26,U01966,U01672,0,,0.0002,0
TX_0004067,2026-02-21 22:37:10,U00637,U00481,0,,0.0003,0
TX_0004068,2026-02-21 22:44:00,U01424,U00607,0,,0.0002,0
TX_0004069,2026-02-21 23:02:42,U01775,U01758,0,,0.0002,0
TX_0004070,2026-02-21 23:02:48,U01709,U00334,0,,0.0002,0
TX_0004071,2026-02-21 23:03:30,U01696,U01274,0,,0.0002,0
TX_0004072,2026-02-21 23:08:41,U00145,U01120,0,,0.0002,0
TX_0004073,2026-02-21 23:14:59,U00728,U00709,0,,1e-04,0
TX_0004074,2026-02-21 23:44:26,U01110,U01851,0,,0.0002,0
TX_0004075,2026-02-21 23:51:03,U01495,U01725,0,,0.0002,0
TX_0004076,2026-02-21 23:52:51,U00681,U01150,0,,0.0002,0
TX_0004077,2026-02-22 00:03:57,U01012,U01145,0,,0.0002,0
TX_0004078,2026-02-22 00:37:04,U00071,U01542,0,,0.0002,0
TX_0004079,2026-02-22 00:53:06,U00844,U01900,0,,0.0002,0
TX_0004080,2026-02-22 02:54:59,U01688,U01807,0,,0.0002,0
TX_0004081,2026-02-22 04:21:32,U01421,U01741,0,,0.0002,0
TX_0004082,2026-02-22 04:23:51,U01737,U01794,0,,0.0002,0
TX_0004083,2026-02-22 04:40:59,U00778,U01756,0,,0.0003,0
TX_0004084,2026-02-22 05:19:33,U01888,U00334,0,,0.0002,0
TX_0004085,2026-02-22 05:43:54,U01307,U00420,0,,0.0002,0
TX_0004086,2026-02-22 07:16:37,U01824,U01763,0,,0.0002,0
TX_0004087,2026-02-22 07:24:31,U01329,U01840,0,,0.0002,0
TX_0004088,2026-02-22 07:32:07,U01173,U00385,0,,0.0002,0
TX_0004089,2026-02-22 07:47:40,U00591,U01248,0,,0.0002,0
TX_0004090,2026-02-22 08:04:19,U00726,U01299,0,,0.0002,0
TX_0004091,2026-02-22 08:06:49,U00644,U00433,0,,0.0002,0
TX_0004092,2026-02-22 08:13:41,U00529,U00875,0,,0.0002,0
TX_0004093,2026-02-22 08:14:18,U00366,U01567,0,,0.0002,0
TX_0004094,2026-02-22 08:26:02,U01037,U00250,0,,0.0002,0
TX_0004095,2026-02-22 08:38:44,U01292,U01523,0,,0.0002,0
TX_0004096,2026-02-22 08:42:15,U01724,U00093,0,,0.0002,0
TX_0004097,2026-02-22 08:55:20,U00779,U00805,0,,0.0002,0
TX_0004098,2026-02-22 08:59:27,U00995,U01090,0,,0.0002,0
TX_0004099,2026-02-22 09:11:46,U01357,U01818,0,,1e-04,0
TX_0004100,2026-02-22 09:13:50,U01664,U00844,0,,0.0002,0
TX_0004101,2026-02-22 09:14:02,U00660,U01984,0,,0.0003,0
TX_0004102,2026-02-22 09:14:28,U00598,U01552,0,,0.0003,0
TX_0004103,2026-02-22 09:23:51,U01593,U01873,0,,0.0002,0
TX_0004104,2026-02-22 09:28:23,U00563,U01331,0,,0.0002,0
TX_0004105,2026-02-22 09:37:27,U01704,U00447,0,,0.0002,0
TX_0004106,2026-02-22 10:01:06,U00992,U00565,0,,0.0002,0
TX_0004107,2026-02-22 10:04:05,U01805,U00204,0,,0.0002,0
TX_0004108,2026-02-22 10:04:07,U00218,U01230,0,,0.0003,0
TX_0004109,2026-02-22 10:07:58,U00663,U01917,0,,0.0002,0
TX_0004110,2026-02-22 10:09:43,U00126,U01077,0,,0.0002,0
TX_0004111,2026-02-22 10:10:27,U01686,U01497,0,,0.0002,0
TX_0004112,2026-02-22 10:16:41,U01499,U01757,0,,0.0003,0
TX_0004113,2026-02-22 10:32:39,U00833,U01335,0,,0.0002,0
TX_0004114,2026-02-22 10:45:14,U00661,U00085,0,,0.001,0
TX_0004115,2026-02-22 10:55:40,U00916,U01088,0,,0.0002,0
TX_0004116,2026-02-22 10:57:42,U00260,U01765,0,,0.0002,0
TX_0004117,2026-02-22 11:02:38,U00611,U01226,0,,0.001,0
TX_0004118,2026-02-22 11:08:21,U01587,U00402,0,,0.0002,0
TX_0004119,2026-02-22 11:10:25,U00734,U01480,0,,0.0002,0
TX_0004120,2026-02-22 11:22:15,U00535,U00290,0,,0.0002,0
TX_0004121,2026-02-22 11:26:37,U01408,U00395,0,,0.0002,0
TX_0004122,2026-02-22 11:28:35,U00219,U01828,0,,0.0003,0
TX_0004123,2026-02-22 11:32:37,U00967,U01536,0,,0.0002,0
TX_0004124,2026-02-22 11:45:33,U00998,U00029,0,,0.0003,0
TX_0004125,2026-02-22 11:50:27,U01725,U01206,0,,0.0002,0
TX_0004126,2026-02-22 11:52:50,U00715,U00618,0,,0.0003,0
TX_0004127,2026-02-22 12:00:42,U00315,U00950,0,,1e-04,0
TX_0004128,2026-02-22 12:01:04,U01356,U01901,0,,0.0002,0
TX_0004129,2026-02-22 12:05:54,U00177,U00549,0,,0.0002,0
TX_0004130,2026-02-22 12:09:03,U00509,U01246,0,,0.0002,0
TX_0004131,2026-02-22 12:16:51,U00971,U00260,0,,1e-04,0
TX_0004132,2026-02-22 12:18:25,U00528,U01740,0,,0.0002,0
TX_0004133,2026-02-22 12:35:25,U01337,U00863,0,,0.0002,0
TX_0004134,2026-02-22 12:36:23,U01209,U01622,0,,0.0002,0
TX_0004135,2026-02-22 13:02:51,U00586,U00731,0,,1e-04,0
TX_0004136,2026-02-22 13:06:48,U00564,U00800,0,,0.0002,0
TX_0004137,2026-02-22 13:08:51,U01194,U00049,0,,1e-04,0
TX_0004138,2026-02-22 13:09:13,U01396,U01594,0,,0.0002,0
TX_0004139,2026-02-22 13:21:14,U00082,U01662,0,,0.0002,0
TX_0004140,2026-02-22 13:39:35,U01965,U00700,0,,0.0002,0
TX_0004141,2026-02-22 13:45:57,U00971,U00311,0,,0.0022,0
TX_0004142,2026-02-22 14:05:19,U00059,U00907,0,,1e-04,0
TX_0004143,2026-02-22 14:15:29,U00886,U01337,0,,0.0002,0
TX_0004144,2026-02-22 14:19:11,U00998,U00840,0,,1e-04,0
TX_0004145,2026-02-22 14:25:21,U01174,U01775,0,,0.0002,0
TX_0004146,2026-02-22 14:42:50,U01409,U01671,0,,1e-04,0
TX_0004147,2026-02-22 14:50:49,U01506,U00008,0,,0.0002,0
TX_0004148,2026-02-22 15:05:57,U01940,U01686,0,,0.0002,0
TX_0004149,2026-02-22 15:07:08,U01935,U01329,0,,1e-04,0
TX_0004150,2026-02-22 15:09:47,U01260,U00730,0,,0.0003,0
TX_0004151,2026-02-22 15:11:58,U01409,U00245,0,,1e-04,0
TX_0004152,2026-02-22 15:20:06,U01677,U00502,0,,1e-04,0
TX_0004153,2026-02-22 15:23:07,U01308,U00907,0,,0.0002,0
TX_0004154,2026-02-22 15:24:11,U00787,U00741,0,,0.0002,0
TX_0004155,2026-02-22 15:35:08,U00818,U01023,0,,0.0002,0
TX_0004156,2026-02-22 15:36:30,U00311,U00731,0,,0.0002,0
TX_0004157,2026-02-22 15:37:47,U00261,U00395,0,,0.0002,0
TX_0004158,2026-02-22 15:38:09,U01512,U00339,0,,0.0003,0
TX_0004159,2026-02-22 15:48:48,U01734,U00413,0,,0.0004,0
TX_0004160,2026-02-22 15:51:48,U00495,U01682,0,,1e-04,0
TX_0004161,2026-02-22 15:53:51,U01110,U00193,0,,0.0002,0
TX_0004162,2026-02-22 15:54:07,U01681,U01659,0,,0.0002,0
TX_0004163,2026-02-22 16:00:32,U00546,U00878,0,,1e-04,0
TX_0004164,2026-02-22 16:01:45,U01615,U01717,0,,0.0002,0
TX_0004165,2026-02-22 16:01:55,U00544,U01220,0,,1e-04,0
TX_0004166,2026-02-22 16:05:32,U01056,U00102,0,,0.0002,0
TX_0004167,2026-02-22 16:07:11,U01862,U01267,0,,1e-04,0
TX_0004168,2026-02-22 16:19:04,U00141,U00817,0,,1e-04,0
TX_0004169,2026-02-22 16:25:17,U01894,U01799,0,,0.0002,0
TX_0004170,2026-02-22 16:40:18,U01632,U01310,0,,0.0002,0
TX_0004171,2026-02-22 16:40:57,U00362,U00870,0,,0.0002,0
TX_0004172,2026-02-22 16:47:43,U01643,U01665,0,,0.0002,0
TX_0004173,2026-02-22 16:49:24,U00324,U00866,0,,1e-04,0
TX_0004174,2026-02-22 16:56:43,U01597,U01470,0,,1e-04,0
TX_0004175,2026-02-22 17:01:34,U01263,U01443,0,,0.003,0
TX_0004176,2026-02-22 17:09:08,U00600,U00263,0,,0.0002,0
TX_0004177,2026-02-22 17:14:51,U01087,U01435,0,,0.0002,0
TX_0004178,2026-02-22 17:20:37,U01130,U00580,0,,0.0002,0
TX_0004179,2026-02-22 17:28:23,U01195,U01713,0,,0.0002,0
TX_0004180,2026-02-22 17:30:00,U00687,U00571,0,,0.0002,0
TX_0004181,2026-02-22 17:30:39,U01049,U00426,0,,0.0003,0
TX_0004182,2026-02-22 17:31:43,U01147,U00606,0,,1e-04,0
TX_0004183,2026-02-22 17:41:27,U01730,U01919,0,,0.0002,0
TX_0004184,2026-02-22 17:56:15,U01833,U01392,0,,0.0002,0
TX_0004185,2026-02-22 18:00:27,U00718,U01566,0,,0.0003,0
TX_0004186,2026-02-22 18:07:45,U00964,U01360,0,,0.0002,0
TX_0004187,2026-02-22 18:10:27,U00722,U00334,0,,0.0002,0
TX_0004188,2026-02-22 18:11:54,U01743,U01221,0,,0.0002,0
TX_0004189,2026-02-22 18:21:50,U00956,U01631,0,,0.0003,0
TX_0004190,2026-02-22 18:23:42,U00218,U00444,0,,0.0002,0
TX_0004191,2026-02-22 18:25:29,U01957,U00264,0,,0.0002,0
TX_0004192,2026-02-22 18:42:43,U00392,U00610,0,,0.0002,0
TX_0004193,2026-02-22 18:59:21,U00041,U01631,0,,0.0003,0
TX_0004194,2026-02-22 19:03:11,U00057,U01833,0,,0.0002,0
TX_0004195,2026-02-22 19:07:59,U00039,U01298,0,,1e-04,0
TX_0004196,2026-02-22 19:14:46,U00011,U00638,0,,0.0002,0
TX_0004197,2026-02-22 19:15:32,U01093,U01355,0,,0.0003,0
TX_0004198,2026-02-22 19:16:07,U01735,U00504,0,,0.0002,0
TX_0004199,2026-02-22 19:17:22,U01579,U01961,0,,0.0002,0
TX_0004200,2026-02-22 19:24:02,U01243,U01739,0,,0.0002,0
TX_0004201,2026-02-22 19:26:05,U00361,U00612,0,,1e-04,0
TX_0004202,2026-02-22 19:36:31,U01525,U01174,0,,0.0002,0
TX_0004203,2026-02-22 19:39:55,U00486,U00852,0,,0.0002,0
TX_0004204,2026-02-22 19:40:11,U01357,U00767,0,,0.0004,0
TX_0004205,2026-02-22 19:40:44,U01287,U01621,0,,0.0002,0
TX_0004206,2026-02-22 19:42:31,U01681,U00172,0,,1e-04,0
TX_0004207,2026-02-22 19:43:10,U00933,U00978,0,,0.0002,0
TX_0004208,2026-02-22 20:00:42,U01463,U00291,0,,0.001,0
TX_0004209,2026-02-22 20:03:30,U01635,U01171,0,,0.0002,0
TX_0004210,2026-02-22 20:08:33,U01493,U00116,0,,1e-04,0
TX_0004211,2026-02-22 20:12:31,U00477,U00020,0,,1e-04,0
TX_0004212,2026-02-22 20:24:51,U00531,U00266,0,,0.0002,0
TX_0004213,2026-02-22 20:25:26,U01430,U01756,0,,0.0002,0
TX_0004214,2026-02-22 20:34:37,U01280,U00784,0,,1e-04,0
TX_0004215,2026-02-22 20:38:08,U00506,U00972,0,,0.0002,0
TX_0004216,2026-02-22 20:52:25,U01989,U00336,0,,1e-04,0
TX_0004217,2026-02-22 21:13:34,U01177,U01025,0,,0.0002,0
TX_0004218,2026-02-22 21:18:54,U01178,U00319,0,,0.0002,0
TX_0004219,2026-02-22 21:29:35,U00448,U00888,0,,1e-04,0
TX_0004220,2026-02-22 21:29:39,U01361,U00909,0,,1e-04,0
TX_0004221,2026-02-22 21:32:41,U00335,U01222,0,,0.0002,0
TX_0004222,2026-02-22 21:34:34,U01955,U00118,0,,0.0002,0
TX_0004223,2026-02-22 21:47:38,U01679,U00578,0,,0.0002,0
TX_0004224,2026-02-22 21:50:15,U01842,U01549,0,,0.0002,0
TX_0004225,2026-02-22 21:53:19,U00095,U01499,0,,0.0002,0
TX_0004226,2026-02-22 21:53:39,U01289,U01058,0,,0.0002,0
TX_0004227,2026-02-22 22:07:28,U01139,U00044,0,,1e-04,0
TX_0004228,2026-02-22 22:20:12,U00669,U00038,0,,0.0002,0
TX_0004229,2026-02-22 22:25:46,U01481,U00255,0,,0.0002,0
TX_0004230,2026-02-22 22:30:47,U01634,U01359,0,,0.0002,0
TX_0004231,2026-02-22 22:51:04,U00438,U00155,0,,0.0002,0
TX_0004232,2026-02-22 22:52:20,U01252,U00071,0,,0.0007,0
TX_0004233,2026-02-22 22:53:51,U01666,U01081,0,,0.0006,0
TX_0004234,2026-02-22 23:17:40,U00125,U00107,0,,0.0002,0
TX_0004235,2026-02-22 23:18:02,U00523,U00137,0,,1e-04,0
TX_0004236,2026-02-22 23:18:42,U01819,U01087,0,,0.0016,0
TX_0004237,2026-02-22 23:27:20,U01601,U00456,0,,1e-04,0
TX_0004238,2026-02-22 23:36:23,U01921,U00850,0,,0.0002,0
TX_0004239,2026-02-22 23:46:52,U00352,U00639,0,,0.0002,0
TX_0004240,2026-02-23 00:06:47,U00176,U00454,0,,0.0002,0
TX_0004241,2026-02-23 00:14:43,U00580,U01172,0,,0.0002,0
TX_0004242,2026-02-23 00:17:22,U01801,U00864,0,,0.0002,0
TX_0004243,2026-02-23 00:22:57,U01081,U01654,0,,0.0004,0
TX_0004244,2026-02-23 00:35:15,U01155,U00902,0,,0.0003,0
TX_0004245,2026-02-23 01:07:17,U00042,U00074,0,,0.0003,0
TX_0004246,2026-02-23 01:36:32,U01085,U01438,0,,0.0002,0
TX_0004247,2026-02-23 03:05:51,U00751,U01230,0,,0.0002,0
TX_0004248,2026-02-23 03:35:39,U00901,U01047,0,,0.0002,0
TX_0004249,2026-02-23 04:11:41,U01124,U01346,0,,0.0002,0
TX_0004250,2026-02-23 06:43:31,U01856,U00163,0,,0.0002,0
TX_0004251,2026-02-23 07:03:01,U00610,U01579,0,,0.0002,0
TX_0004252,2026-02-23 07:07:43,U00015,U00356,0,,0.0004,0
TX_0004253,2026-02-23 07:11:55,U01812,U00055,0,,0.0004,0
TX_0004254,2026-02-23 07:29:42,U00767,U01710,0,,0.0002,0
TX_0004255,2026-02-23 07:50:34,U01995,U01327,0,,0.0003,0
TX_0004256,2026-02-23 07:58:21,U01154,U01151,0,,0.0002,0
TX_0004257,2026-02-23 08:15:46,U01100,U00482,0,,0.0002,0
TX_0004258,2026-02-23 08:25:41,U01544,U00850,0,,0.0002,0
TX_0004259,2026-02-23 08:28:25,U01672,U00427,0,,0.0002,0
TX_0004260,2026-02-23 08:37:25,U00074,U01895,0,,0.0003,0
TX_0004261,2026-02-23 08:38:21,U01643,U01304,0,,0.0002,0
TX_0004262,2026-02-23 08:45:28,U00448,U00796,0,,0.0002,0
TX_0004263,2026-02-23 08:49:21,U01637,U00076,0,,0.0002,0
TX_0004264,2026-02-23 08:51:15,U01308,U00975,0,,0.0004,0
TX_0004265,2026-02-23 08:58:21,U00692,U01546,0,,0.0027,0
TX_0004266,2026-02-23 09:09:02,U00115,U01287,0,,0.0002,0
TX_0004267,2026-02-23 09:14:27,U00247,U00473,0,,0.0002,0
TX_0004268,2026-02-23 09:17:11,U01954,U01184,0,,0.0098,0
TX_0004269,2026-02-23 09:33:13,U01727,U00113,0,,0.0002,0
TX_0004270,2026-02-23 09:52:51,U01047,U00278,0,,0.0003,0
TX_0004271,2026-02-23 10:03:52,U01412,U00128,0,,0.0003,0
TX_0004272,2026-02-23 10:30:22,U00426,U01667,0,,0.0007,0
TX_0004273,2026-02-23 10:33:27,U01211,U00524,0,,0.0002,0
TX_0004274,2026-02-23 10:34:22,U00533,U01478,0,,0.0002,0
TX_0004275,2026-02-23 10:38:04,U01369,U00163,0,,0.0003,0
TX_0004276,2026-02-23 10:41:16,U00582,U00718,0,,0.0002,0
TX_0004277,2026-02-23 11:25:20,U01464,U00711,0,,0.0003,0
TX_0004278,2026-02-23 11:25:38,U00371,U01491,0,,0.0018,0
TX_0004279,2026-02-23 11:28:11,U00814,U01433,0,,0.0002,0
TX_0004280,2026-02-23 11:31:01,U01547,U01486,0,,0.0002,0
TX_0004281,2026-02-23 11:43:12,U00417,U01395,0,,0.0038,0
TX_0004282,2026-02-23 11:46:09,U01012,U01502,0,,0.0002,0
TX_0004283,2026-02-23 11:53:33,U00912,U00616,0,,0.0008,0
TX_0004284,2026-02-23 11:55:10,U01117,U01932,0,,0.0007,0
TX_0004285,2026-02-23 12:12:47,U00237,U00569,0,,0.0002,0
TX_0004286,2026-02-23 12:21:35,U01324,U01598,0,,0.0002,0
TX_0004287,2026-02-23 12:32:39,U01359,U00183,0,,0.0002,0
TX_0004288,2026-02-23 12:34:40,U01288,U01399,0,,0.0002,0
TX_0004289,2026-02-23 12:36:54,U01317,U00355,0,,0.0002,0
TX_0004290,2026-02-23 12:40:30,U01272,U00795,0,,0.0002,0
TX_0004291,2026-02-23 12:49:36,U00898,U01273,0,,0.0004,0
TX_0004292,2026-02-23 12:53:44,U00446,U01737,0,,0.0003,0
TX_0004293,2026-02-23 12:57:01,U00561,U00504,0,,0.0002,0
TX_0004294,2026-02-23 12:57:10,U01147,U00476,0,,0.0002,0
TX_0004295,2026-02-23 13:08:53,U01181,U01077,0,,0.0002,0
TX_0004296,2026-02-23 13:16:06,U00735,U00767,0,,0.0007,0
TX_0004297,2026-02-23 13:16:20,U00408,U01478,0,,0.0003,0
TX_0004298,2026-02-23 13:18:09,U00788,U00213,0,,0.0002,0
TX_0004299,2026-02-23 13:42:19,U01312,U00799,0,,0.0003,0
TX_0004300,2026-02-23 13:58:30,U00934,U01535,0,,0.0028,0
TX_0004301,2026-02-23 14:15:05,U00748,U00537,0,,0.0002,0
TX_0004302,2026-02-23 14:25:23,U00438,U00417,0,,0.0002,0
TX_0004303,2026-02-23 14:29:52,U01518,U01135,0,,0.0003,0
TX_0004304,2026-02-23 14:36:14,U01728,U00257,0,,0.0003,0
TX_0004305,2026-02-23 14:36:28,U00356,U01093,0,,0.0008,0
TX_0004306,2026-02-23 14:39:56,U00139,U01537,0,,0.0003,0
TX_0004307,2026-02-23 14:48:59,U01919,U01470,0,,0.0002,0
TX_0004308,2026-02-23 14:51:50,U00428,U01183,0,,0.0002,0
TX_0004309,2026-02-23 14:54:11,U01019,U00625,0,,0.0003,0
TX_0004310,2026-02-23 14:56:18,U00630,U00540,0,,0.0022,0
TX_0004311,2026-02-23 14:58:19,U01303,U00865,0,,0.0003,0
TX_0004312,2026-02-23 14:59:30,U00247,U00473,0,,0.0002,0
TX_0004313,2026-02-23 15:01:48,U01723,U01440,0,,0.0002,0
TX_0004314,2026-02-23 15:13:22,U00484,U00762,0,,0.0006,0
TX_0004315,2026-02-23 15:15:09,U01863,U01923,0,,0.0003,0
TX_0004316,2026-02-23 15:27:36,U01057,U00266,0,,0.0002,0
TX_0004317,2026-02-23 15:38:09,U01101,U01033,0,,0.0002,0
TX_0004318,2026-02-23 15:42:32,U01659,U00232,0,,0.0002,0
TX_0004319,2026-02-23 15:45:32,U00829,U00572,0,,0.0008,0
TX_0004320,2026-02-23 15:46:38,U00650,U00935,0,,0.0002,0
TX_0004321,2026-02-23 15:57:03,U00959,U01270,0,,0.0002,0
TX_0004322,2026-02-23 16:02:35,U00800,U01941,0,,0.0005,0
TX_0004323,2026-02-23 16:09:27,U01509,U00949,0,,0.0002,0
TX_0004324,2026-02-23 16:16:08,U01543,U01258,0,,0.0002,0
TX_0004325,2026-02-23 16:39:05,U01519,U00487,0,,0.0002,0
TX_0004326,2026-02-23 16:44:49,U00395,U00423,0,,0.0003,0
TX_0004327,2026-02-23 16:48:41,U00145,U01120,0,,0.0003,0
TX_0004328,2026-02-23 16:50:06,U01591,U01105,0,,0.0002,0
TX_0004329,2026-02-23 16:51:42,U00096,U00735,0,,0.0008,0
TX_0004330,2026-02-23 16:56:28,U01066,U01475,0,,0.0002,0
TX_0004331,2026-02-23 17:05:12,U01596,U01384,0,,0.0004,0
TX_0004332,2026-02-23 17:09:22,U01199,U01542,0,,0.0003,0
TX_0004333,2026-02-23 17:13:28,U01571,U00848,0,,0.0002,0
TX_0004334,2026-02-23 17:14:41,U00262,U01106,0,,0.0007,0
TX_0004335,2026-02-23 17:16:02,U00284,U00098,0,,0.0002,0
TX_0004336,2026-02-23 17:19:38,U01136,U00941,0,,0.0005,0
TX_0004337,2026-02-23 17:20:11,U01870,U00798,0,,0.0032,0
TX_0004338,2026-02-23 17:36:36,U00231,U00816,0,,0.0003,0
TX_0004339,2026-02-23 17:47:00,U01654,U00239,0,,0.0003,0
TX_0004340,2026-02-23 18:02:20,U01427,U01550,0,,0.0002,0
TX_0004341,2026-02-23 18:06:58,U00925,U00015,0,,0.0002,0
TX_0004342,2026-02-23 18:07:45,U00336,U01572,0,,0.0003,0
TX_0004343,2026-02-23 18:07:46,U01718,U01913,0,,0.0003,0
TX_0004344,2026-02-23 18:08:42,U00880,U00736,0,,0.0003,0
TX_0004345,2026-02-23 18:16:36,U01314,U00316,0,,0.0003,0
TX_0004346,2026-02-23 18:29:26,U00664,U01102,0,,0.0002,0
TX_0004347,2026-02-23 18:34:32,U01267,U00169,0,,0.0002,0
TX_0004348,2026-02-23 18:47:22,U00482,U01486,0,,0.0007,0
TX_0004349,2026-02-23 18:48:13,U00642,U00748,0,,0.0025,0
TX_0004350,2026-02-23 18:52:44,U00147,U00185,0,,0.0006,0
TX_0004351,2026-02-23 18:54:21,U01625,U00225,0,,0.0002,0
TX_0004352,2026-02-23 19:07:38,U01723,U00442,0,,0.0009,0
TX_0004353,2026-02-23 19:21:03,U01015,U00304,0,,0.0003,0
TX_0004354,2026-02-23 19:24:11,U01309,U01539,0,,0.0002,0
TX_0004355,2026-02-23 19:35:47,U00328,U00402,0,,0.0003,0
TX_0004356,2026-02-23 19:57:20,U01520,U01924,0,,0.0002,0
TX_0004357,2026-02-23 20:16:13,U00197,U00428,0,,0.0002,0
TX_0004358,2026-02-23 20:51:15,U01176,U00803,0,,0.0002,0
TX_0004359,2026-02-23 20:52:55,U00403,U00666,0,,0.0002,0
TX_0004360,2026-02-23 20:53:26,U00809,U00125,0,,0.0003,0
TX_0004361,2026-02-23 21:13:58,U01982,U00235,0,,0.0002,0
TX_0004362,2026-02-23 21:33:44,U00285,U01371,0,,0.0002,0
TX_0004363,2026-02-23 21:40:19,U00057,U01833,0,,0.0002,0
TX_0004364,2026-02-23 21:44:03,U01731,U01774,0,,0.0003,0
TX_0004365,2026-02-23 21:54:15,U01661,U01384,0,,0.0002,0
TX_0004366,2026-02-23 22:09:34,U01914,U01204,0,,0.0003,0
TX_0004367,2026-02-23 22:10:01,U01308,U01113,0,,0.0003,0
TX_0004368,2026-02-23 22:12:27,U00737,U01345,0,,0.0003,0
TX_0004369,2026-02-23 22:20:21,U01954,U00500,0,,0.0004,0
TX_0004370,2026-02-23 22:31:13,U00827,U01498,0,,0.0022,0
TX_0004371,2026-02-23 22:32:27,U01775,U01773,0,,0.0002,0
TX_0004372,2026-02-23 22:38:02,U01909,U00759,0,,0.0002,0
TX_0004373,2026-02-23 22:50:55,U00780,U00014,0,,0.0003,0
TX_0004374,2026-02-23 23:02:27,U00804,U01143,0,,0.0002,0
TX_0004375,2026-02-23 23:02:53,U01160,U01713,0,,0.0004,0
TX_0004376,2026-02-23 23:04:31,U01770,U00814,0,,0.0002,0
TX_0004377,2026-02-23 23:09:07,U01358,U01460,0,,0.0002,0
TX_0004378,2026-02-23 23:15:49,U00876,U00929,0,,0.0002,0
TX_0004379,2026-02-23 23:16:36,U00755,U01370,0,,0.0002,0
TX_0004380,2026-02-23 23:23:02,U01959,U01751,0,,0.0002,0
TX_0004381,2026-02-23 23:25:37,U00216,U01213,0,,0.0019,0
TX_0004382,2026-02-23 23:30:02,U01067,U01638,0,,0.0009,0
TX_0004383,2026-02-23 23:46:47,U00683,U00970,0,,0.0002,0
TX_0004384,2026-02-23 23:47:52,U01812,U01626,0,,0.0004,0
TX_0004385,2026-02-24 00:03:49,U00397,U01846,0,,0.0002,0
TX_0004386,2026-02-24 00:07:06,U01430,U01756,0,,0.0002,0
TX_0004387,2026-02-24 00:17:17,U00357,U00296,0,,0.0002,0
TX_0004388,2026-02-24 00:21:46,U01311,U01597,0,,0.0002,0
TX_0004389,2026-02-24 00:26:14,U01079,U00198,0,,0.0002,0
TX_0004390,2026-02-24 00:27:44,U01826,U01624,0,,0.0002,0
TX_0004391,2026-02-24 00:31:44,U01435,U01552,0,,0.0008,0
TX_0004392,2026-02-24 00:32:52,U01993,U01660,0,,0.0002,0
TX_0004393,2026-02-24 00:34:35,U00182,U00475,0,,0.0002,0
TX_0004394,2026-02-24 00:41:11,U01899,U00987,0,,0.0002,0
TX_0004395,2026-02-24 00:44:49,U01530,U00372,0,,0.0003,0
TX_0004396,2026-02-24 00:51:29,U00936,U01333,0,,0.0002,0
TX_0004397,2026-02-24 00:53:53,U00797,U00775,0,,0.0012,0
TX_0004398,2026-02-24 00:57:56,U01028,U00823,0,,0.0002,0
TX_0004399,2026-02-24 01:27:21,U01877,U01806,0,,0.0002,0
TX_0004400,2026-02-24 01:49:06,U00769,U01460,0,,0.0002,0
TX_0004401,2026-02-24 02:08:35,U01788,U00565,0,,0.0002,0
TX_0004402,2026-02-24 02:12:40,U00527,U00382,0,,0.0002,0
TX_0004403,2026-02-24 04:05:40,U01597,U01470,0,,0.0002,0
TX_0004404,2026-02-24 04:28:48,U00972,U00440,0,,0.0002,0
TX_0004405,2026-02-24 04:34:37,U01498,U01536,0,,0.0002,0
TX_0004406,2026-02-24 04:49:19,U01086,U00972,0,,0.0002,0
TX_0004407,2026-02-24 06:39:34,U00954,U01863,0,,0.0002,0
TX_0004408,2026-02-24 07:27:06,U01860,U00965,0,,0.0002,0
TX_0004409,2026-02-24 07:29:36,U00848,U01810,0,,0.0002,0
TX_0004410,2026-02-24 07:30:15,U00303,U00412,0,,0.0002,0
TX_0004411,2026-02-24 07:31:03,U00947,U00280,0,,0.0002,0
TX_0004412,2026-02-24 07:46:49,U01239,U01776,0,,0.0002,0
TX_0004413,2026-02-24 07:48:13,U00774,U01653,0,,0.0002,0
TX_0004414,2026-02-24 08:08:17,U00363,U00465,0,,0.0002,0
TX_0004415,2026-02-24 08:31:01,U01385,U01087,0,,0.0004,0
TX_0004416,2026-02-24 08:34:39,U00819,U01196,0,,0.0002,0
TX_0004417,2026-02-24 08:35:30,U01141,U01084,0,,1e-04,0
TX_0004418,2026-02-24 09:02:57,U00351,U01173,0,,0.0002,0
TX_0004419,2026-02-24 09:03:36,U00784,U00505,0,,0.0003,0
TX_0004420,2026-02-24 09:03:37,U01362,U00071,0,,0.0003,0
TX_0004421,2026-02-24 09:20:00,U00604,U01149,0,,0.0002,0
TX_0004422,2026-02-24 09:21:13,U01405,U01194,0,,0.0002,0
TX_0004423,2026-02-24 09:29:33,U01815,U01535,0,,0.0002,0
TX_0004424,2026-02-24 09:40:04,U00022,U00664,0,,0.0002,0
TX_0004425,2026-02-24 09:45:08,U01319,U01972,0,,0.0002,0
TX_0004426,2026-02-24 09:48:32,U00680,U01771,0,,0.0002,0
TX_0004427,2026-02-24 09:53:44,U01237,U01594,0,,0.0003,0
TX_0004428,2026-02-24 10:00:54,U00683,U01490,0,,0.0005,0
TX_0004429,2026-02-24 10:01:36,U00163,U00616,0,,0.0002,0
TX_0004430,2026-02-24 10:02:08,U00274,U01055,0,,0.0003,0
TX_0004431,2026-02-24 10:06:12,U01551,U01942,0,,0.0002,0
TX_0004432,2026-02-24 10:45:12,U00849,U00562,0,,0.0003,0
TX_0004433,2026-02-24 11:00:51,U00156,U01105,0,,0.0002,0
TX_0004434,2026-02-24 11:07:43,U01082,U01174,0,,0.0002,0
TX_0004435,2026-02-24 11:10:08,U00789,U00656,0,,0.0002,0
TX_0004436,2026-02-24 11:11:53,U00707,U01674,0,,0.0015,0
TX_0004437,2026-02-24 11:25:21,U00236,U00152,0,,0.0004,0
TX_0004438,2026-02-24 11:33:15,U00084,U00324,0,,0.0002,0
TX_0004439,2026-02-24 11:39:37,U00810,U00223,0,,0.0007,0
TX_0004440,2026-02-24 11:42:44,U01760,U00355,0,,0.0003,0
TX_0004441,2026-02-24 11:50:29,U00656,U01706,0,,0.0002,0
TX_0004442,2026-02-24 11:51:28,U01794,U01860,0,,0.0002,0
TX_0004443,2026-02-24 11:59:20,U00541,U00501,0,,0.0002,0
TX_0004444,2026-02-24 12:00:34,U01635,U01639,0,,0.0002,0
TX_0004445,2026-02-24 12:07:56,U00776,U00910,0,,0.0002,0
TX_0004446,2026-02-24 12:09:48,U00593,U01002,0,,0.0002,0
TX_0004447,2026-02-24 12:14:07,U00746,U01394,0,,0.0002,0
TX_0004448,2026-02-24 12:15:08,U01712,U00703,0,,0.0002,0
TX_0004449,2026-02-24 12:18:32,U00371,U01112,0,,0.0002,0
TX_0004450,2026-02-24 12:30:19,U01869,U00791,0,,1e-04,0
TX_0004451,2026-02-24 12:31:18,U00355,U01199,0,,1e-04,0
TX_0004452,2026-02-24 12:36:24,U01068,U01707,0,,0.0002,0
TX_0004453,2026-02-24 13:05:44,U00602,U01649,0,,1e-04,0
TX_0004454,2026-02-24 13:08:47,U01524,U01836,0,,0.0002,0
TX_0004455,2026-02-24 13:22:42,U01760,U01634,0,,0.0002,0
TX_0004456,2026-02-24 13:24:48,U01982,U01477,0,,1e-04,0
TX_0004457,2026-02-24 13:28:48,U01924,U00946,0,,0.0002,0
TX_0004458,2026-02-24 13:51:50,U00827,U00356,0,,1e-04,0
TX_0004459,2026-02-24 14:10:09,U01813,U01625,0,,0.0002,0
TX_0004460,2026-02-24 14:13:10,U01611,U00822,0,,0.0002,0
TX_0004461,2026-02-24 14:32:45,U00354,U01183,0,,0.0002,0
TX_0004462,2026-02-24 14:55:14,U00124,U01027,0,,0.0002,0
TX_0004463,2026-02-24 15:20:05,U00407,U01342,0,,0.0002,0
TX_0004464,2026-02-24 15:29:39,U01194,U00049,0,,1e-04,0
TX_0004465,2026-02-24 15:42:46,U00302,U00423,0,,0.0002,0
TX_0004466,2026-02-24 15:53:42,U00357,U01937,0,,1e-04,0
TX_0004467,2026-02-24 16:00:08,U00411,U01692,0,,0.0002,0
TX_0004468,2026-02-24 16:02:58,U01780,U00147,0,,1e-04,0
TX_0004469,2026-02-24 16:07:30,U01808,U01173,0,,0.0002,0
TX_0004470,2026-02-24 16:13:10,U00038,U00090,0,,1e-04,0
TX_0004471,2026-02-24 16:17:08,U01652,U00649,0,,0.0002,0
TX_0004472,2026-02-24 16:26:02,U01892,U01600,0,,0.0002,0
TX_0004473,2026-02-24 16:29:49,U00964,U01984,0,,1e-04,0
TX_0004474,2026-02-24 16:43:47,U00693,U01183,0,,1e-04,0
TX_0004475,2026-02-24 16:50:20,U01488,U01950,0,,0.0002,0
TX_0004476,2026-02-24 17:07:49,U00881,U01042,0,,0.0002,0
TX_0004477,2026-02-24 17:09:43,U01287,U00293,0,,0.0002,0
TX_0004478,2026-02-24 17:17:20,U01347,U01517,0,,0.0003,0
TX_0004479,2026-02-24 17:48:52,U00792,U01527,0,,1e-04,0
TX_0004480,2026-02-24 17:51:54,U01119,U00377,0,,0.0002,0
TX_0004481,2026-02-24 17:59:58,U00621,U00760,0,,0.0004,0
TX_0004482,2026-02-24 18:00:25,U00433,U01312,0,,0.0002,0
TX_0004483,2026-02-24 18:01:32,U00277,U00792,0,,0.0002,0
TX_0004484,2026-02-24 18:13:43,U01724,U00603,0,,0.0002,0
TX_0004485,2026-02-24 18:19:41,U01773,U00572,0,,1e-04,0
TX_0004486,2026-02-24 18:20:37,U00666,U00746,0,,0.0002,0
TX_0004487,2026-02-24 18:22:20,U01074,U01434,0,,0.0002,0
TX_0004488,2026-02-24 18:29:33,U00590,U01704,0,,0.0002,0
TX_0004489,2026-02-24 18:33:51,U00650,U01372,0,,0.0004,0
TX_0004490,2026-02-24 18:41:41,U01226,U00223,0,,0.0003,0
TX_0004491,2026-02-24 18:43:24,U00002,U00188,0,,0.0002,0
TX_0004492,2026-02-24 18:55:04,U00938,U01359,0,,0.0002,0
TX_0004493,2026-02-24 18:59:48,U00442,U00888,0,,1e-04,0
TX_0004494,2026-02-24 19:24:57,U01468,U01352,0,,0.0002,0
TX_0004495,2026-02-24 19:25:18,U00780,U00014,0,,1e-04,0
TX_0004496,2026-02-24 19:26:23,U01897,U01337,0,,0.0002,0
TX_0004497,2026-02-24 19:29:51,U01014,U01126,0,,1e-04,0
TX_0004498,2026-02-24 19:44:56,U01618,U00958,0,,0.0002,0
TX_0004499,2026-02-24 19:44:57,U00730,U01051,0,,0.0002,0
TX_0004500,2026-02-24 19:54:13,U01854,U01300,0,,0.0002,0
TX_0004501,2026-02-24 19:54:42,U00525,U01904,0,,0.0002,0
TX_0004502,2026-02-24 19:54:49,U00558,U01765,0,,0.0002,0
TX_0004503,2026-02-24 19:58:11,U00783,U01050,0,,0.0002,0
TX_0004504,2026-02-24 20:06:33,U01810,U00650,0,,1e-04,0
TX_0004505,2026-02-24 20:10:05,U00042,U00928,0,,0.0002,0
TX_0004506,2026-02-24 20:14:05,U00504,U01495,0,,0.0002,0
TX_0004507,2026-02-24 20:19:09,U01805,U01088,0,,1e-04,0
TX_0004508,2026-02-24 20:19:52,U01643,U00264,0,,1e-04,0
TX_0004509,2026-02-24 20:32:51,U00170,U00793,0,,0.0002,0
TX_0004510,2026-02-24 20:41:39,U01383,U00194,0,,1e-04,0
TX_0004511,2026-02-24 20:51:02,U00550,U00165,0,,1e-04,0
TX_0004512,2026-02-24 20:55:19,U01997,U00009,0,,0.0002,0
TX_0004513,2026-02-24 21:04:12,U00438,U00609,0,,0.0003,0
TX_0004514,2026-02-24 21:07:56,U01593,U01873,0,,1e-04,0
TX_0004515,2026-02-24 21:30:15,U01552,U00637,0,,0.0002,0
TX_0004516,2026-02-24 21:33:32,U01502,U01412,0,,0.0002,0
TX_0004517,2026-02-24 21:36:10,U01550,U00526,0,,0.0002,0
TX_0004518,2026-02-24 21:44:58,U01340,U00727,0,,1e-04,0
TX_0004519,2026-02-24 21:51:08,U01061,U01934,0,,1e-04,0
TX_0004520,2026-02-24 21:56:17,U01746,U00464,0,,0.0002,0
TX_0004521,2026-02-24 22:04:17,U01934,U00322,0,,1e-04,0
TX_0004522,2026-02-24 22:07:22,U01594,U01651,0,,0.0002,0
TX_0004523,2026-02-24 22:07:44,U01941,U01402,0,,1e-04,0
TX_0004524,2026-02-24 22:43:58,U00802,U01469,0,,0.0002,0
TX_0004525,2026-02-24 22:52:14,U00171,U01178,0,,1e-04,0
TX_0004526,2026-02-24 22:55:41,U00822,U01379,0,,0.0002,0
TX_0004527,2026-02-24 23:09:47,U00531,U01948,0,,0.0002,0
TX_0004528,2026-02-24 23:10:09,U01845,U00270,0,,0.0002,0
TX_0004529,2026-02-24 23:12:08,U01602,U00394,0,,0.0002,0
TX_0004530,2026-02-24 23:16:55,U00573,U01534,0,,1e-04,0
TX_0004531,2026-02-24 23:17:08,U00149,U00446,0,,0.0002,0
TX_0004532,2026-02-24 23:47:42,U01676,U01921,0,,1e-04,0
TX_0004533,2026-02-24 23:59:44,U00108,U01610,0,,0.0002,0
TX_0004534,2026-02-25 00:02:15,U00925,U00432,0,,0.0002,0
TX_0004535,2026-02-25 00:11:32,U00833,U01613,0,,0.0002,0
TX_0004536,2026-02-25 00:18:35,U01161,U01605,0,,0.0002,0
TX_0004537,2026-02-25 00:20:05,U00416,U01413,0,,0.0008,0
TX_0004538,2026-02-25 00:38:37,U00953,U01736,0,,0.0002,0
TX_0004539,2026-02-25 00:40:11,U01003,U01496,0,,0.0004,0
TX_0004540,2026-02-25 01:51:17,U01771,U00759,0,,0.0002,0
TX_0004541,2026-02-25 03:20:26,U01059,U01839,0,,0.0002,0
TX_0004542,2026-02-25 03:56:59,U01369,U00992,0,,0.0006,0
TX_0004543,2026-02-25 04:26:49,U00536,U01010,0,,0.0002,0
TX_0004544,2026-02-25 04:49:29,U00082,U00992,0,,0.0003,0
TX_0004545,2026-02-25 04:59:15,U01921,U01390,0,,0.0002,0
TX_0004546,2026-02-25 05:04:23,U00006,U00347,0,,0.0002,0
TX_0004547,2026-02-25 05:06:15,U00642,U00955,0,,0.0002,0
TX_0004548,2026-02-25 05:34:34,U01966,U00331,0,,0.0003,0
TX_0004549,2026-02-25 06:49:52,U01483,U01213,0,,0.0004,0
TX_0004550,2026-02-25 07:45:28,U00185,U00859,0,,0.0003,0
TX_0004551,2026-02-25 07:52:44,U01474,U01974,0,,0.0002,0
TX_0004552,2026-02-25 07:58:06,U01547,U01276,0,,0.0002,0
TX_0004553,2026-02-25 08:06:01,U00458,U00824,0,,0.0002,0
TX_0004554,2026-02-25 08:11:56,U00064,U00539,0,,0.0016,0
TX_0004555,2026-02-25 08:14:05,U01208,U01808,0,,0.0004,0
TX_0004556,2026-02-25 08:15:43,U00721,U00884,0,,0.0002,0
TX_0004557,2026-02-25 08:21:42,U00043,U01353,0,,0.0002,0
TX_0004558,2026-02-25 08:30:38,U00747,U01183,0,,0.0002,0
TX_0004559,2026-02-25 08:35:08,U00859,U01679,0,,0.0002,0
TX_0004560,2026-02-25 08:49:24,U00893,U01917,0,,0.0002,0
TX_0004561,2026-02-25 09:14:45,U00573,U01534,0,,0.0002,0
TX_0004562,2026-02-25 09:18:57,U00911,U01945,0,,0.0002,0
TX_0004563,2026-02-25 09:25:32,U01054,U00545,0,,0.0003,0
TX_0004564,2026-02-25 09:40:04,U00357,U00762,0,,0.0002,0
TX_0004565,2026-02-25 09:48:22,U00064,U01383,0,,0.0002,0
TX_0004566,2026-02-25 09:54:50,U00741,U00813,0,,0.0003,0
TX_0004567,2026-02-25 10:01:16,U00511,U01568,0,,0.0002,0
TX_0004568,2026-02-25 10:03:46,U01369,U00336,0,,0.0002,0
TX_0004569,2026-02-25 10:05:56,U01635,U01969,0,,0.0005,0
TX_0004570,2026-02-25 10:11:08,U00453,U01036,0,,0.0002,0
TX_0004571,2026-02-25 10:18:45,U01574,U01064,0,,0.0002,0
TX_0004572,2026-02-25 10:19:17,U01484,U00126,0,,0.0002,0
TX_0004573,2026-02-25 10:28:54,U00034,U00253,0,,0.0002,0
TX_0004574,2026-02-25 10:39:25,U01416,U00268,0,,0.0002,0
TX_0004575,2026-02-25 10:44:05,U00890,U01424,0,,0.0002,0
TX_0004576,2026-02-25 10:46:39,U00845,U01643,0,,0.0002,0
TX_0004577,2026-02-25 10:54:50,U01281,U01798,0,,0.0004,0
TX_0004578,2026-02-25 11:01:17,U01100,U00482,0,,0.0002,0
TX_0004579,2026-02-25 11:05:47,U01708,U01204,0,,0.0002,0
TX_0004580,2026-02-25 11:07:20,U01672,U01374,0,,0.0002,0
TX_0004581,2026-02-25 11:13:29,U01120,U00760,0,,0.0003,0
TX_0004582,2026-02-25 11:17:22,U01512,U00306,0,,0.0002,0
TX_0004583,2026-02-25 11:26:59,U01380,U00978,0,,0.0004,0
TX_0004584,2026-02-25 11:58:04,U01789,U01152,0,,0.0002,0
TX_0004585,2026-02-25 11:58:08,U00308,U00338,0,,0.0002,0
TX_0004586,2026-02-25 12:05:48,U01053,U01485,0,,0.0002,0
TX_0004587,2026-02-25 12:11:30,U00997,U00592,0,,0.0003,0
TX_0004588,2026-02-25 12:15:15,U00724,U00841,0,,0.0002,0
TX_0004589,2026-02-25 12:43:50,U00369,U01962,0,,0.0003,0
TX_0004590,2026-02-25 12:46:56,U00228,U00551,0,,0.0003,0
TX_0004591,2026-02-25 12:51:29,U00155,U01897,0,,0.0002,0
TX_0004592,2026-02-25 12:52:33,U00045,U01731,0,,0.0002,0
TX_0004593,2026-02-25 12:56:01,U00040,U00243,0,,0.0121,0
TX_0004594,2026-02-25 12:58:15,U01387,U00249,0,,0.0002,0
TX_0004595,2026-02-25 12:59:43,U00182,U01298,0,,0.0002,0
TX_0004596,2026-02-25 13:03:54,U01262,U00979,0,,0.0002,0
TX_0004597,2026-02-25 13:05:30,U01752,U00578,0,,0.0003,0
TX_0004598,2026-02-25 13:10:56,U00336,U00177,0,,0.0002,0
TX_0004599,2026-02-25 13:19:52,U00854,U01048,0,,0.0002,0
TX_0004600,2026-02-25 13:38:39,U00224,U01643,0,,0.0002,0
TX_0004601,2026-02-25 13:44:43,U01540,U01593,0,,0.0002,0
TX_0004602,2026-02-25 13:57:47,U00864,U00746,0,,0.0002,0
TX_0004603,2026-02-25 14:37:28,U01619,U00294,0,,0.0002,0
TX_0004604,2026-02-25 14:48:16,U01923,U00186,0,,0.0003,0
TX_0004605,2026-02-25 15:01:35,U01223,U01888,0,,0.0002,0
TX_0004606,2026-02-25 15:14:19,U00289,U00872,0,,0.0002,0
TX_0004607,2026-02-25 15:16:40,U00358,U01955,0,,0.0007,0
TX_0004608,2026-02-25 15:21:13,U00654,U01819,0,,0.0002,0
TX_0004609,2026-02-25 15:30:06,U01260,U01395,0,,1e-04,0
TX_0004610,2026-02-25 15:31:42,U01584,U00214,0,,0.0002,0
TX_0004611,2026-02-25 15:37:36,U01547,U01087,0,,0.0002,0
TX_0004612,2026-02-25 15:37:45,U00745,U01219,0,,0.0002,0
TX_0004613,2026-02-25 15:39:45,U01138,U01985,0,,0.0004,0
TX_0004614,2026-02-25 15:47:09,U00535,U01325,0,,0.0002,0
TX_0004615,2026-02-25 15:55:44,U00385,U01189,0,,0.0002,0
TX_0004616,2026-02-25 15:57:40,U00427,U00608,0,,0.0002,0
TX_0004617,2026-02-25 16:06:08,U01352,U01125,0,,0.0002,0
TX_0004618,2026-02-25 16:08:36,U00636,U00545,0,,0.0002,0
TX_0004619,2026-02-25 16:13:17,U01255,U01222,0,,0.0002,0
TX_0004620,2026-02-25 16:14:56,U01960,U00417,0,,0.0002,0
TX_0004621,2026-02-25 16:25:32,U01847,U00732,0,,0.0002,0
TX_0004622,2026-02-25 16:31:26,U00522,U00117,0,,1e-04,0
TX_0004623,2026-02-25 16:45:24,U00062,U01553,0,,0.0002,0
TX_0004624,2026-02-25 16:54:18,U00084,U00904,0,,1e-04,0
TX_0004625,2026-02-25 17:00:59,U00832,U00327,0,,0.0003,0
TX_0004626,2026-02-25 17:04:19,U00751,U00918,0,,0.0002,0
TX_0004627,2026-02-25 17:10:38,U00163,U00616,0,,0.0002,0
TX_0004628,2026-02-25 17:56:36,U01839,U01177,0,,0.0002,0
TX_0004629,2026-02-25 17:58:29,U00317,U01412,0,,0.0002,0
TX_0004630,2026-02-25 18:03:22,U00436,U01284,0,,0.0004,0
TX_0004631,2026-02-25 18:05:56,U01707,U01121,0,,1e-04,0
TX_0004632,2026-02-25 18:09:30,U00587,U01363,0,,0.0002,0
TX_0004633,2026-02-25 18:13:14,U01932,U00265,0,,1e-04,0
TX_0004634,2026-02-25 18:19:32,U00571,U00747,0,,1e-04,0
TX_0004635,2026-02-25 18:22:04,U01009,U00956,0,,0.0004,0
TX_0004636,2026-02-25 18:26:03,U00958,U01921,0,,0.0002,0
TX_0004637,2026-02-25 18:38:01,U00467,U01312,0,,0.0002,0
TX_0004638,2026-02-25 18:51:20,U00819,U01849,0,,0.0003,0
TX_0004639,2026-02-25 19:00:18,U01232,U01180,0,,1e-04,0
TX_0004640,2026-02-25 19:10:41,U00991,U01836,0,,1e-04,0
TX_0004641,2026-02-25 19:11:10,U00471,U01346,0,,1e-04,0
TX_0004642,2026-02-25 19:12:47,U00020,U01075,0,,0.0002,0
TX_0004643,2026-02-25 19:22:49,U01860,U01703,0,,0.0002,0
TX_0004644,2026-02-25 19:23:26,U01764,U01900,0,,0.0002,0
TX_0004645,2026-02-25 19:23:41,U01203,U01775,0,,1e-04,0
TX_0004646,2026-02-25 19:33:37,U00231,U01944,0,,1e-04,0
TX_0004647,2026-02-25 19:39:31,U00914,U00174,0,,0.0002,0
TX_0004648,2026-02-25 19:43:29,U00907,U01336,0,,1e-04,0
TX_0004649,2026-02-25 19:44:19,U01120,U00118,0,,1e-04,0
TX_0004650,2026-02-25 19:46:06,U00522,U00856,0,,0.0002,0
TX_0004651,2026-02-25 19:49:22,U01312,U00799,0,,0.0005,0
TX_0004652,2026-02-25 19:54:26,U00512,U00420,0,,1e-04,0
TX_0004653,2026-02-25 19:57:25,U01789,U01958,0,,0.0002,0
TX_0004654,2026-02-25 20:10:22,U01383,U01713,0,,0.0002,0
TX_0004655,2026-02-25 20:10:53,U01273,U01906,0,,0.0002,0
TX_0004656,2026-02-25 20:20:56,U00770,U00521,0,,1e-04,0
TX_0004657,2026-02-25 20:22:54,U00537,U00996,0,,0.0002,0
TX_0004658,2026-02-25 20:23:24,U01141,U00424,0,,0.0002,0
TX_0004659,2026-02-25 20:27:07,U00988,U01429,0,,1e-04,0
TX_0004660,2026-02-25 20:41:00,U00198,U00551,0,,1e-04,0
TX_0004661,2026-02-25 20:45:56,U01671,U01166,0,,1e-04,0
TX_0004662,2026-02-25 20:47:38,U00759,U01506,0,,1e-04,0
TX_0004663,2026-02-25 20:49:29,U01713,U01918,0,,0.0002,0
TX_0004664,2026-02-25 20:54:16,U01171,U01380,0,,0.0008,0
TX_0004665,2026-02-25 20:54:23,U00245,U00118,0,,0.0002,0
TX_0004666,2026-02-25 21:00:12,U01362,U01929,0,,0.0002,0
TX_0004667,2026-02-25 21:31:39,U01671,U00745,0,,1e-04,0
TX_0004668,2026-02-25 21:32:03,U00575,U00078,0,,0.0002,0
TX_0004669,2026-02-25 21:48:06,U00859,U01679,0,,0.0002,0
TX_0004670,2026-02-25 21:49:20,U00312,U01717,0,,0.0005,0
TX_0004671,2026-02-25 21:54:35,U00559,U01426,0,,1e-04,0
TX_0004672,2026-02-25 22:02:06,U00118,U01604,0,,0.0002,0
TX_0004673,2026-02-25 22:05:43,U00518,U01003,0,,1e-04,0
TX_0004674,2026-02-25 22:05:47,U00506,U01981,0,,1e-04,0
TX_0004675,2026-02-25 22:13:32,U00538,U01793,0,,0.0002,0
TX_0004676,2026-02-25 22:16:20,U01260,U00730,0,,1e-04,0
TX_0004677,2026-02-25 22:22:33,U00019,U01635,0,,0.0002,0
TX_0004678,2026-02-25 22:31:36,U00131,U01620,0,,0.0002,0
TX_0004679,2026-02-25 22:40:12,U01803,U01396,0,,0.0009,0
TX_0004680,2026-02-25 22:51:26,U01120,U00065,0,,0.0002,0
TX_0004681,2026-02-25 22:52:15,U00174,U01233,0,,0.0002,0
TX_0004682,2026-02-25 23:09:01,U00281,U01714,0,,0.0002,0
TX_0004683,2026-02-25 23:10:05,U01070,U00004,0,,0.0002,0
TX_0004684,2026-02-25 23:10:51,U01439,U01722,0,,1e-04,0
TX_0004685,2026-02-25 23:24:45,U00307,U00513,0,,0.0002,0
TX_0004686,2026-02-25 23:33:48,U00677,U01246,0,,1e-04,0
TX_0004687,2026-02-25 23:50:53,U01335,U00199,0,,1e-04,0
TX_0004688,2026-02-25 23:51:30,U00718,U01189,0,,0.0002,0
TX_0004689,2026-02-25 23:57:52,U00175,U01706,0,,0.0002,0
TX_0004690,2026-02-26 00:11:40,U01670,U00547,0,,0.0003,0
TX_0004691,2026-02-26 00:16:27,U00445,U01327,0,,0.0002,0
TX_0004692,2026-02-26 00:20:27,U01408,U01301,0,,0.0002,0
TX_0004693,2026-02-26 00:21:43,U00023,U00355,0,,0.0003,0
TX_0004694,2026-02-26 00:27:15,U01588,U00205,0,,0.0002,0
TX_0004695,2026-02-26 00:51:16,U00105,U00625,0,,0.0002,0
TX_0004696,2026-02-26 00:56:04,U00675,U00628,0,,0.0002,0
TX_0004697,2026-02-26 02:18:38,U00025,U00062,0,,0.0002,0
TX_0004698,2026-02-26 02:27:35,U00977,U01708,0,,0.0002,0
TX_0004699,2026-02-26 04:48:41,U01182,U00905,0,,0.0003,0
TX_0004700,2026-02-26 04:48:51,U00053,U00513,0,,0.0002,0
TX_0004701,2026-02-26 06:07:36,U01203,U00852,0,,0.0002,0
TX_0004702,2026-02-26 06:57:43,U00341,U01231,0,,0.0012,0
TX_0004703,2026-02-26 07:11:21,U00261,U01007,0,,0.0002,0
TX_0004704,2026-02-26 07:27:58,U01851,U01649,0,,0.0002,0
TX_0004705,2026-02-26 07:28:09,U00338,U00886,0,,0.0002,0
TX_0004706,2026-02-26 07:34:51,U01934,U01926,0,,0.0002,0
TX_0004707,2026-02-26 07:40:27,U00021,U01613,0,,0.0002,0
TX_0004708,2026-02-26 07:57:38,U01798,U00457,0,,0.0002,0
TX_0004709,2026-02-26 08:04:52,U00378,U01377,0,,0.0002,0
TX_0004710,2026-02-26 08:09:05,U01149,U01819,0,,0.0002,0
TX_0004711,2026-02-26 08:12:07,U00861,U01066,0,,0.0002,0
TX_0004712,2026-02-26 08:12:51,U01991,U00105,0,,0.0003,0
TX_0004713,2026-02-26 08:27:21,U00617,U01487,0,,0.0002,0
TX_0004714,2026-02-26 08:37:39,U00081,U01784,0,,0.0002,0
TX_0004715,2026-02-26 08:38:15,U00877,U01214,0,,0.0002,0
TX_0004716,2026-02-26 08:45:04,U00802,U00634,0,,0.0002,0
TX_0004717,2026-02-26 08:54:14,U00065,U00075,0,,0.0002,0
TX_0004718,2026-02-26 08:55:33,U00052,U01864,0,,0.0002,0
TX_0004719,2026-02-26 09:10:40,U00032,U00923,0,,0.0002,0
TX_0004720,2026-02-26 09:25:54,U01519,U01366,0,,0.0002,0
TX_0004721,2026-02-26 09:29:28,U01738,U01345,0,,0.0002,0
TX_0004722,2026-02-26 09:31:26,U00149,U01699,0,,0.0002,0
TX_0004723,2026-02-26 09:36:08,U01599,U01774,0,,0.0002,0
TX_0004724,2026-02-26 09:36:33,U00476,U00502,0,,0.0002,0
TX_0004725,2026-02-26 09:38:17,U01905,U01974,0,,0.0002,0
TX_0004726,2026-02-26 09:47:09,U01683,U01561,0,,0.0002,0
TX_0004727,2026-02-26 09:54:32,U00396,U01916,0,,0.0004,0
TX_0004728,2026-02-26 10:08:43,U00260,U01765,0,,0.0002,0
TX_0004729,2026-02-26 10:15:05,U00460,U00448,0,,0.0002,0
TX_0004730,2026-02-26 10:36:38,U01766,U01619,0,,0.0002,0
TX_0004731,2026-02-26 10:53:32,U01766,U01619,0,,0.0002,0
TX_0004732,2026-02-26 10:55:53,U01370,U00778,0,,0.0002,0
TX_0004733,2026-02-26 10:59:17,U00053,U00681,0,,0.0002,0
TX_0004734,2026-02-26 10:59:33,U00851,U00284,0,,0.0002,0
TX_0004735,2026-02-26 11:01:55,U01813,U00924,0,,0.0003,0
TX_0004736,2026-02-26 11:11:18,U00688,U01529,0,,0.0002,0
TX_0004737,2026-02-26 11:15:05,U00108,U01610,0,,0.0002,0
TX_0004738,2026-02-26 11:25:13,U00272,U00285,0,,0.0003,0
TX_0004739,2026-02-26 11:40:51,U01178,U01276,0,,0.0002,0
TX_0004740,2026-02-26 11:41:22,U01674,U01889,0,,0.0002,0
TX_0004741,2026-02-26 11:43:59,U00936,U01663,0,,0.0002,0
TX_0004742,2026-02-26 11:45:08,U01645,U01743,0,,0.0002,0
TX_0004743,2026-02-26 11:49:25,U00141,U00817,0,,0.0002,0
TX_0004744,2026-02-26 11:51:53,U00012,U01281,0,,0.0002,0
TX_0004745,2026-02-26 11:54:42,U00160,U01543,0,,0.0002,0
TX_0004746,2026-02-26 11:56:49,U00254,U01074,0,,0.0002,0
TX_0004747,2026-02-26 12:09:00,U00292,U01895,0,,0.0006,0
TX_0004748,2026-02-26 12:09:23,U01713,U01801,0,,0.0002,0
TX_0004749,2026-02-26 12:19:15,U01630,U01721,0,,0.0002,0
TX_0004750,2026-02-26 12:22:10,U01042,U01401,0,,0.0005,0
TX_0004751,2026-02-26 12:27:00,U01499,U01757,0,,0.0003,0
TX_0004752,2026-02-26 12:29:37,U01751,U00228,0,,0.0002,0
TX_0004753,2026-02-26 12:38:11,U00015,U01307,0,,0.0002,0
TX_0004754,2026-02-26 12:43:09,U00731,U00383,0,,0.0002,0
TX_0004755,2026-02-26 12:49:07,U00625,U00361,0,,0.0003,0
TX_0004756,2026-02-26 13:01:55,U01667,U01011,0,,0.0006,0
TX_0004757,2026-02-26 13:02:27,U00204,U00844,0,,0.0002,0
TX_0004758,2026-02-26 13:11:57,U00498,U00759,0,,0.0002,0
TX_0004759,2026-02-26 13:31:12,U00927,U01689,0,,1e-04,0
TX_0004760,2026-02-26 13:32:02,U00971,U00681,0,,0.0002,0
TX_0004761,2026-02-26 13:33:14,U01011,U00373,0,,0.0004,0
TX_0004762,2026-02-26 13:34:51,U01265,U01691,0,,0.0002,0
TX_0004763,2026-02-26 13:46:12,U00283,U00919,0,,0.0002,0
TX_0004764,2026-02-26 13:47:23,U01794,U01835,0,,0.0002,0
TX_0004765,2026-02-26 14:00:11,U01372,U00869,0,,0.0003,0
TX_0004766,2026-02-26 14:06:44,U01327,U00112,0,,0.0002,0
TX_0004767,2026-02-26 14:12:00,U01625,U00225,0,,0.0002,0
TX_0004768,2026-02-26 14:16:35,U00306,U01045,0,,0.0002,0
TX_0004769,2026-02-26 14:17:27,U01892,U01600,0,,0.0002,0
TX_0004770,2026-02-26 14:19:28,U01640,U01383,0,,0.0002,0
TX_0004771,2026-02-26 14:19:49,U01909,U01749,0,,0.0002,0
TX_0004772,2026-02-26 14:23:51,U01779,U00043,0,,0.0002,0
TX_0004773,2026-02-26 14:37:08,U00071,U00248,0,,0.0002,0
TX_0004774,2026-02-26 14:48:50,U01400,U00589,0,,0.0003,0
TX_0004775,2026-02-26 14:51:21,U01801,U01921,0,,0.0002,0
TX_0004776,2026-02-26 14:55:56,U01652,U00649,0,,0.0002,0
TX_0004777,2026-02-26 15:09:12,U00450,U00698,0,,0.0002,0
TX_0004778,2026-02-26 15:13:52,U01206,U00677,0,,0.0002,0
TX_0004779,2026-02-26 15:19:03,U01805,U00325,0,,1e-04,0
TX_0004780,2026-02-26 15:24:06,U00933,U01496,0,,0.0002,0
TX_0004781,2026-02-26 15:25:36,U00190,U01156,0,,1e-04,0
TX_0004782,2026-02-26 15:25:56,U01268,U00837,0,,0.0002,0
TX_0004783,2026-02-26 15:28:20,U01231,U00123,0,,0.0003,0
TX_0004784,2026-02-26 15:31:38,U00912,U01146,0,,0.0004,0
TX_0004785,2026-02-26 15:36:23,U01927,U00912,0,,0.0002,0
TX_0004786,2026-02-26 15:38:51,U00342,U01614,0,,0.0002,0
TX_0004787,2026-02-26 15:42:45,U01493,U00735,0,,1e-04,0
TX_0004788,2026-02-26 15:43:06,U01052,U00014,0,,0.0002,0
TX_0004789,2026-02-26 15:48:02,U00284,U00098,0,,0.0002,0
TX_0004790,2026-02-26 15:55:20,U00664,U00255,0,,1e-04,0
TX_0004791,2026-02-26 15:56:41,U00543,U01373,0,,0.0002,0
TX_0004792,2026-02-26 15:57:14,U01920,U00364,0,,0.0002,0
TX_0004793,2026-02-26 16:07:18,U00091,U01040,0,,0.0003,0
TX_0004794,2026-02-26 16:08:08,U01721,U00052,0,,0.0002,0
TX_0004795,2026-02-26 16:13:43,U00896,U01162,0,,0.0002,0
TX_0004796,2026-02-26 16:31:58,U00955,U01409,0,,0.0002,0
TX_0004797,2026-02-26 16:33:29,U01610,U00718,0,,0.0002,0
TX_0004798,2026-02-26 16:42:50,U01949,U01433,0,,0.0006,0
TX_0004799,2026-02-26 16:48:44,U00909,U00310,0,,1e-04,0
TX_0004800,2026-02-26 17:05:33,U01030,U01338,0,,1e-04,0
TX_0004801,2026-02-26 17:10:31,U01761,U01926,0,,1e-04,0
TX_0004802,2026-02-26 17:13:13,U01014,U01126,0,,1e-04,0
TX_0004803,2026-02-26 17:14:02,U00747,U00138,0,,0.0002,0
TX_0004804,2026-02-26 17:17:26,U01961,U00621,0,,1e-04,0
TX_0004805,2026-02-26 17:34:34,U00930,U01912,0,,0.0002,0
TX_0004806,2026-02-26 17:38:33,U00977,U01546,0,,0.0002,0
TX_0004807,2026-02-26 17:42:02,U00962,U00227,0,,0.0002,0
TX_0004808,2026-02-26 17:46:09,U00915,U00147,0,,0.0002,0
TX_0004809,2026-02-26 18:06:02,U00088,U01525,0,,0.0002,0
TX_0004810,2026-02-26 18:13:08,U00284,U00098,0,,0.0002,0
TX_0004811,2026-02-26 18:22:58,U01930,U01562,0,,0.0002,0
TX_0004812,2026-02-26 18:27:45,U00090,U00887,0,,0.0003,0
TX_0004813,2026-02-26 18:37:12,U00138,U00885,0,,0.0002,0
TX_0004814,2026-02-26 18:51:45,U01329,U01840,0,,0.0002,0
TX_0004815,2026-02-26 18:53:07,U01643,U01732,0,,0.0002,0
TX_0004816,2026-02-26 19:06:07,U01551,U00538,0,,0.0002,0
TX_0004817,2026-02-26 19:14:01,U00469,U01758,0,,0.0002,0
TX_0004818,2026-02-26 19:15:03,U01294,U00959,0,,1e-04,0
TX_0004819,2026-02-26 19:17:15,U00392,U01675,0,,0.0002,0
TX_0004820,2026-02-26 19:21:12,U00110,U01709,0,,0.0002,0
TX_0004821,2026-02-26 19:25:18,U01471,U00220,0,,0.0002,0
TX_0004822,2026-02-26 19:25:30,U01765,U00057,0,,0.0002,0
TX_0004823,2026-02-26 19:49:27,U01826,U01624,0,,0.0005,0
TX_0004824,2026-02-26 19:52:03,U01294,U00409,0,,0.0002,0
TX_0004825,2026-02-26 19:57:36,U01080,U00395,0,,0.0002,0
TX_0004826,2026-02-26 20:03:21,U00733,U01610,0,,0.0004,0
TX_0004827,2026-02-26 20:05:50,U00389,U00841,0,,0.0002,0
TX_0004828,2026-02-26 20:07:15,U01027,U01932,0,,0.0004,0
TX_0004829,2026-02-26 20:11:39,U01077,U01512,0,,0.0002,0
TX_0004830,2026-02-26 20:12:27,U00121,U01550,0,,0.0002,0
TX_0004831,2026-02-26 20:20:15,U01026,U01218,0,,0.0002,0
TX_0004832,2026-02-26 20:32:34,U01866,U01137,0,,1e-04,0
TX_0004833,2026-02-26 20:38:06,U01720,U00081,0,,0.0002,0
TX_0004834,2026-02-26 20:52:19,U01635,U01171,0,,0.0002,0
TX_0004835,2026-02-26 21:00:40,U01413,U01878,0,,0.0002,0
TX_0004836,2026-02-26 21:02:32,U01650,U01943,0,,0.0002,0
TX_0004837,2026-02-26 21:13:59,U00426,U00757,0,,0.0002,0
TX_0004838,2026-02-26 21:16:21,U00270,U00034,0,,1e-04,0
TX_0004839,2026-02-26 21:22:15,U00687,U00571,0,,0.0002,0
TX_0004840,2026-02-26 21:26:07,U00981,U01874,0,,0.0002,0
TX_0004841,2026-02-26 21:28:37,U00526,U01841,0,,0.0002,0
TX_0004842,2026-02-26 21:31:05,U00856,U00661,0,,0.0002,0
TX_0004843,2026-02-26 21:32:45,U01224,U00593,0,,0.0002,0
TX_0004844,2026-02-26 21:33:18,U00405,U00246,0,,0.0002,0
TX_0004845,2026-02-26 21:33:53,U01088,U01329,0,,0.0002,0
TX_0004846,2026-02-26 21:37:00,U00889,U00548,0,,0.0002,0
TX_0004847,2026-02-26 21:38:12,U01028,U01462,0,,0.0002,0
TX_0004848,2026-02-26 21:44:31,U00223,U00300,0,,1e-04,0
TX_0004849,2026-02-26 21:46:07,U00407,U00981,0,,0.0003,0
TX_0004850,2026-02-26 21:57:35,U00544,U01463,0,,0.0002,0
TX_0004851,2026-02-26 22:13:23,U00392,U01656,0,,0.0002,0
TX_0004852,2026-02-26 22:18:19,U01312,U00799,0,,0.0002,0
TX_0004853,2026-02-26 22:18:35,U00730,U01051,0,,0.0002,0
TX_0004854,2026-02-26 22:27:17,U00370,U00338,0,,1e-04,0
TX_0004855,2026-02-26 22:29:43,U01965,U00018,0,,0.0002,0
TX_0004856,2026-02-26 22:52:41,U01348,U00131,0,,1e-04,0
TX_0004857,2026-02-26 23:02:46,U00960,U01262,0,,1e-04,0
TX_0004858,2026-02-26 23:19:18,U00248,U01472,0,,0.0002,0
TX_0004859,2026-02-26 23:39:34,U01577,U00237,0,,0.0002,0
TX_0004860,2026-02-26 23:46:45,U00196,U00227,0,,0.0002,0
TX_0004861,2026-02-26 23:49:57,U00164,U00088,0,,0.0003,0
TX_0004862,2026-02-27 00:04:09,U00676,U01368,0,,0.0002,0
TX_0004863,2026-02-27 00:06:06,U01158,U01539,0,,0.0002,0
TX_0004864,2026-02-27 00:20:53,U01705,U01345,0,,0.0003,0
TX_0004865,2026-02-27 00:23:54,U00301,U01916,0,,0.0002,0
TX_0004866,2026-02-27 00:24:44,U00880,U01283,0,,0.0002,0
TX_0004867,2026-02-27 00:47:54,U00687,U00543,0,,0.0003,0
TX_0004868,2026-02-27 00:50:48,U00845,U00493,0,,0.0002,0
TX_0004869,2026-02-27 01:44:03,U01601,U01611,0,,0.0002,0
TX_0004870,2026-02-27 07:14:18,U00283,U01953,0,,0.0003,0
TX_0004871,2026-02-27 07:23:11,U01464,U01427,0,,0.0002,0
TX_0004872,2026-02-27 07:55:39,U00707,U01419,0,,0.0002,0
TX_0004873,2026-02-27 07:55:52,U01029,U00099,0,,0.0002,0
TX_0004874,2026-02-27 08:05:00,U00013,U01802,0,,0.0003,0
TX_0004875,2026-02-27 08:13:50,U00403,U01204,0,,0.0002,0
TX_0004876,2026-02-27 08:14:08,U01152,U00330,0,,0.0002,0
TX_0004877,2026-02-27 08:22:13,U00697,U00921,0,,0.0002,0
TX_0004878,2026-02-27 08:27:10,U00294,U00597,0,,0.0002,0
TX_0004879,2026-02-27 08:29:23,U01749,U01128,0,,0.0003,0
TX_0004880,2026-02-27 08:29:34,U01837,U01437,0,,0.0003,0
TX_0004881,2026-02-27 08:35:47,U01161,U01605,0,,0.0002,0
TX_0004882,2026-02-27 08:39:24,U00432,U01985,0,,0.0002,0
TX_0004883,2026-02-27 08:47:06,U01068,U01707,0,,0.0002,0
TX_0004884,2026-02-27 08:53:00,U00407,U00540,0,,0.0002,0
TX_0004885,2026-02-27 09:01:40,U00264,U01038,0,,0.0002,0
TX_0004886,2026-02-27 09:13:22,U01493,U01212,0,,0.0002,0
TX_0004887,2026-02-27 09:13:22,U00482,U00680,0,,0.0002,0
TX_0004888,2026-02-27 09:14:52,U00112,U01523,0,,0.0002,0
TX_0004889,2026-02-27 09:43:17,U00707,U00004,0,,0.0003,0
TX_0004890,2026-02-27 09:54:37,U00213,U01677,0,,0.0002,0
TX_0004891,2026-02-27 09:56:32,U01262,U01997,0,,0.0002,0
TX_0004892,2026-02-27 09:56:49,U00275,U00502,0,,0.0002,0
TX_0004893,2026-02-27 09:58:05,U00460,U00774,0,,0.0002,0
TX_0004894,2026-02-27 10:05:11,U01935,U01224,0,,0.0002,0
TX_0004895,2026-02-27 10:06:50,U00333,U00399,0,,0.0002,0
TX_0004896,2026-02-27 10:09:47,U00747,U01638,0,,0.0002,0
TX_0004897,2026-02-27 10:41:47,U00954,U01103,0,,0.0002,0
TX_0004898,2026-02-27 10:57:26,U00838,U01123,0,,0.0005,0
TX_0004899,2026-02-27 10:59:21,U01940,U00998,0,,0.0002,0
TX_0004900,2026-02-27 11:13:17,U01623,U01465,0,,0.0002,0
TX_0004901,2026-02-27 11:17:38,U00780,U00550,0,,0.0003,0
TX_0004902,2026-02-27 11:23:39,U01652,U00649,0,,0.0006,0
TX_0004903,2026-02-27 11:26:10,U01383,U01403,0,,0.0002,0
TX_0004904,2026-02-27 11:27:54,U00309,U01884,0,,0.0005,0
TX_0004905,2026-02-27 11:30:33,U01522,U00881,0,,0.0002,0
TX_0004906,2026-02-27 11:55:40,U01806,U00360,0,,0.0004,0
TX_0004907,2026-02-27 12:26:10,U01851,U01094,0,,0.0002,0
TX_0004908,2026-02-27 12:28:15,U00909,U00310,0,,0.0004,0
TX_0004909,2026-02-27 12:38:39,U00302,U01196,0,,0.0002,0
TX_0004910,2026-02-27 12:39:47,U01145,U01450,0,,0.0002,0
TX_0004911,2026-02-27 12:40:33,U01467,U01887,0,,0.0002,0
TX_0004912,2026-02-27 12:42:25,U00230,U00008,0,,0.0002,0
TX_0004913,2026-02-27 12:52:47,U01110,U00193,0,,0.0002,0
TX_0004914,2026-02-27 12:59:57,U01519,U01070,0,,0.0002,0
TX_0004915,2026-02-27 13:01:40,U01622,U01016,0,,0.0002,0
TX_0004916,2026-02-27 13:14:57,U00434,U01810,0,,0.0006,0
TX_0004917,2026-02-27 13:25:23,U01119,U01052,0,,0.0002,0
TX_0004918,2026-02-27 13:28:21,U01410,U00250,0,,0.0002,0
TX_0004919,2026-02-27 13:30:59,U00160,U00226,0,,0.0002,0
TX_0004920,2026-02-27 13:38:17,U00050,U01580,0,,0.0002,0
TX_0004921,2026-02-27 13:38:50,U00024,U01514,0,,0.0003,0
TX_0004922,2026-02-27 13:53:14,U01078,U00101,0,,0.0002,0
TX_0004923,2026-02-27 13:54:42,U01682,U00687,0,,0.0002,0
TX_0004924,2026-02-27 14:03:21,U01422,U01056,0,,0.0002,0
TX_0004925,2026-02-27 14:06:54,U00980,U01249,0,,0.0002,0
TX_0004926,2026-02-27 14:08:53,U00787,U00905,0,,0.0002,0
TX_0004927,2026-02-27 14:34:36,U00772,U00291,0,,0.0002,0
TX_0004928,2026-02-27 14:37:42,U00308,U00338,0,,0.0002,0
TX_0004929,2026-02-27 14:43:37,U01924,U00810,0,,0.0002,0
TX_0004930,2026-02-27 14:45:29,U00662,U01077,0,,0.0002,0
TX_0004931,2026-02-27 14:46:03,U01584,U01572,0,,0.0003,0
TX_0004932,2026-02-27 14:49:07,U00814,U00491,0,,0.0002,0
TX_0004933,2026-02-27 14:58:49,U01433,U01563,0,,0.0003,0
TX_0004934,2026-02-27 15:04:43,U01215,U00305,0,,1e-04,0
TX_0004935,2026-02-27 15:05:41,U01655,U01567,0,,0.0002,0
TX_0004936,2026-02-27 15:12:56,U01641,U01417,0,,0.0002,0
TX_0004937,2026-02-27 15:35:43,U00691,U00858,0,,1e-04,0
TX_0004938,2026-02-27 15:46:33,U01005,U01406,0,,0.0003,0
TX_0004939,2026-02-27 15:57:32,U00408,U00405,0,,0.0002,0
TX_0004940,2026-02-27 16:11:48,U00708,U00419,0,,0.0004,0
TX_0004941,2026-02-27 16:11:59,U00607,U00268,0,,1e-04,0
TX_0004942,2026-02-27 16:13:08,U01924,U00420,0,,1e-04,0
TX_0004943,2026-02-27 16:18:03,U00461,U01505,0,,0.0002,0
TX_0004944,2026-02-27 16:32:01,U00222,U01029,0,,0.0002,0
TX_0004945,2026-02-27 16:32:42,U01828,U01815,0,,0.0002,0
TX_0004946,2026-02-27 16:39:29,U01502,U01742,0,,0.0002,0
TX_0004947,2026-02-27 16:50:58,U01211,U00386,0,,1e-04,0
TX_0004948,2026-02-27 17:00:29,U00031,U01029,0,,0.0004,0
TX_0004949,2026-02-27 17:13:34,U00984,U00224,0,,0.0002,0
TX_0004950,2026-02-27 17:21:40,U01163,U01909,0,,0.0002,0
TX_0004951,2026-02-27 17:28:37,U00295,U00060,0,,1e-04,0
TX_0004952,2026-02-27 17:29:57,U01050,U01500,0,,0.0002,0
TX_0004953,2026-02-27 17:37:21,U00406,U00224,0,,0.0003,0
TX_0004954,2026-02-27 17:40:30,U00900,U00329,0,,1e-04,0
TX_0004955,2026-02-27 17:44:58,U01721,U00052,0,,0.0002,0
TX_0004956,2026-02-27 17:54:12,U00780,U00550,0,,1e-04,0
TX_0004957,2026-02-27 17:59:00,U01517,U00443,0,,1e-04,0
TX_0004958,2026-02-27 18:11:12,U01919,U00594,0,,0.0002,0
TX_0004959,2026-02-27 18:12:23,U00536,U00229,0,,1e-04,0
TX_0004960,2026-02-27 18:18:33,U00232,U01944,0,,1e-04,0
TX_0004961,2026-02-27 18:27:56,U00948,U00403,0,,0.0003,0
TX_0004962,2026-02-27 18:44:51,U01146,U01740,0,,1e-04,0
TX_0004963,2026-02-27 18:47:24,U00726,U00544,0,,0.0002,0
TX_0004964,2026-02-27 18:54:07,U01681,U00308,0,,1e-04,0
TX_0004965,2026-02-27 18:59:51,U00446,U00448,0,,0.0002,0
TX_0004966,2026-02-27 19:19:37,U01633,U00083,0,,0.0002,0
TX_0004967,2026-02-27 19:23:16,U00706,U01695,0,,0.0002,0
TX_0004968,2026-02-27 19:27:18,U00702,U01445,0,,0.0003,0
TX_0004969,2026-02-27 19:33:33,U01574,U01341,0,,0.0002,0
TX_0004970,2026-02-27 19:45:52,U01397,U00405,0,,0.0002,0
TX_0004971,2026-02-27 19:46:21,U00988,U01429,0,,1e-04,0
TX_0004972,2026-02-27 20:13:57,U01260,U01030,0,,1e-04,0
TX_0004973,2026-02-27 20:16:17,U00136,U00875,0,,0.0002,0
TX_0004974,2026-02-27 20:24:29,U00752,U00466,0,,0.0002,0
TX_0004975,2026-02-27 20:29:32,U01834,U00152,0,,0.0002,0
TX_0004976,2026-02-27 20:30:38,U01759,U00977,0,,0.0002,0
TX_0004977,2026-02-27 20:50:54,U01835,U01975,0,,0.0003,0
TX_0004978,2026-02-27 20:57:03,U01080,U00630,0,,0.0002,0
TX_0004979,2026-02-27 21:03:45,U01245,U01029,0,,0.0002,0
TX_0004980,2026-02-27 21:05:41,U00146,U00375,0,,0.0002,0
TX_0004981,2026-02-27 21:10:51,U01520,U01794,0,,1e-04,0
TX_0004982,2026-02-27 21:13:16,U01340,U00727,0,,1e-04,0
TX_0004983,2026-02-27 21:14:25,U01638,U01145,0,,0.0002,0
TX_0004984,2026-02-27 21:17:51,U00575,U01816,0,,0.0002,0
TX_0004985,2026-02-27 21:28:22,U00875,U00919,0,,0.0002,0
TX_0004986,2026-02-27 21:28:30,U01931,U01481,0,,1e-04,0
TX_0004987,2026-02-27 21:30:28,U01762,U01538,0,,0.0002,0
TX_0004988,2026-02-27 21:33:32,U01596,U01328,0,,0.0002,0
TX_0004989,2026-02-27 21:34:12,U00241,U01524,0,,0.0002,0
TX_0004990,2026-02-27 21:34:14,U01795,U00771,0,,0.0002,0
TX_0004991,2026-02-27 21:38:36,U01511,U01137,0,,0.0002,0
TX_0004992,2026-02-27 21:41:32,U01467,U00288,0,,0.0002,0
TX_0004993,2026-02-27 22:02:43,U00023,U00472,0,,0.0002,0
TX_0004994,2026-02-27 22:14:26,U01379,U00766,0,,0.0002,0
TX_0004995,2026-02-27 22:16:29,U00002,U00188,0,,0.0002,0
TX_0004996,2026-02-27 22:18:28,U00860,U00214,0,,0.0002,0
TX_0004997,2026-02-27 22:20:59,U00277,U00451,0,,0.0003,0
TX_0004998,2026-02-27 22:27:43,U00650,U01357,0,,0.0002,0
TX_0004999,2026-02-27 23:13:06,U00033,U00932,0,,0.0002,0
TX_0005000,2026-02-27 23:25:16,U00002,U01572,0,,0.0003,0
TX_0005001,2026-02-27 23:55:04,U00156,U00189,0,,0.0002,0
TX_0005002,2026-02-27 23:58:41,U00802,U01807,0,,1e-04,0
TX_0005003,2026-02-28 00:31:01,U01444,U01812,0,,0.0002,0
TX_0005004,2026-02-28 00:32:10,U00642,U00748,0,,0.0002,0
TX_0005005,2026-02-28 00:57:04,U00432,U01985,0,,0.0002,0
TX_0005006,2026-02-28 02:39:28,U00591,U00455,0,,0.0002,0
TX_0005007,2026-02-28 03:39:56,U00115,U00877,0,,0.0007,0
TX_0005008,2026-02-28 04:42:47,U01138,U01023,0,,0.0003,0
TX_0005009,2026-02-28 04:52:46,U00623,U00492,0,,0.0002,0
TX_0005010,2026-02-28 07:33:07,U00190,U01344,0,,0.0002,0
TX_0005011,2026-02-28 07:42:56,U00336,U01572,0,,0.0002,0
TX_0005012,2026-02-28 07:52:40,U01155,U00902,0,,0.0002,0
TX_0005013,2026-02-28 08:36:03,U00725,U01465,0,,0.0002,0
TX_0005014,2026-02-28 08:44:49,U00949,U01765,0,,0.0011,0
TX_0005015,2026-02-28 08:48:00,U00278,U01995,0,,0.0002,0
TX_0005016,2026-02-28 08:52:59,U01365,U00863,0,,0.0018,0
TX_0005017,2026-02-28 08:54:51,U00361,U00612,0,,0.0002,0
TX_0005018,2026-02-28 09:09:17,U01107,U01698,0,,0.0002,0
TX_0005019,2026-02-28 09:27:07,U00592,U01179,0,,0.0003,0
TX_0005020,2026-02-28 09:30:09,U00997,U01584,0,,0.0002,0
TX_0005021,2026-02-28 09:34:22,U01163,U00184,0,,0.0002,0
TX_0005022,2026-02-28 09:38:05,U00409,U00411,0,,0.0002,0
TX_0005023,2026-02-28 09:42:22,U01217,U00716,0,,0.0019,0
TX_0005024,2026-02-28 09:44:43,U00859,U01385,0,,0.0002,0
TX_0005025,2026-02-28 09:51:59,U00363,U00568,0,,0.0011,0
TX_0005026,2026-02-28 10:12:45,U00911,U00299,0,,0.0002,0
TX_0005027,2026-02-28 10:14:16,U00280,U00763,0,,0.0002,0
TX_0005028,2026-02-28 10:23:52,U00074,U01104,0,,0.0002,0
TX_0005029,2026-02-28 10:25:25,U00976,U01252,0,,0.0002,0
TX_0005030,2026-02-28 10:31:15,U00401,U01333,0,,0.0003,0
TX_0005031,2026-02-28 10:33:19,U01001,U00387,0,,0.0005,0
TX_0005032,2026-02-28 10:44:30,U00767,U01710,0,,0.0004,0
TX_0005033,2026-02-28 11:00:56,U00229,U01038,0,,0.0002,0
TX_0005034,2026-02-28 11:11:05,U00377,U00997,0,,0.0002,0
TX_0005035,2026-02-28 11:14:49,U01517,U00170,0,,0.0002,0
TX_0005036,2026-02-28 11:18:02,U01450,U00062,0,,0.0003,0
TX_0005037,2026-02-28 11:21:58,U01267,U00124,0,,0.0002,0
TX_0005038,2026-02-28 11:23:10,U01091,U00404,0,,0.0003,0
TX_0005039,2026-02-28 11:23:19,U01644,U00273,0,,0.0003,0
TX_0005040,2026-02-28 11:27:10,U01696,U01984,0,,0.0002,0
TX_0005041,2026-02-28 11:46:34,U01620,U00964,0,,0.0003,0
TX_0005042,2026-02-28 11:47:09,U01951,U00142,0,,0.0003,0
TX_0005043,2026-02-28 11:47:11,U01941,U01139,0,,0.0002,0
TX_0005044,2026-02-28 11:56:02,U00695,U01977,0,,0.0002,0
TX_0005045,2026-02-28 11:57:35,U00804,U00227,0,,0.0002,0
TX_0005046,2026-02-28 11:58:38,U00490,U01601,0,,0.0003,0
TX_0005047,2026-02-28 12:11:13,U00329,U00905,0,,0.0002,0
TX_0005048,2026-02-28 12:12:50,U00517,U00407,0,,0.0002,0
TX_0005049,2026-02-28 12:16:09,U00699,U00580,0,,0.0003,0
TX_0005050,2026-02-28 12:22:39,U01505,U01827,0,,0.0003,0
TX_0005051,2026-02-28 12:22:43,U00301,U01916,0,,0.0008,0
TX_0005052,2026-02-28 12:25:46,U01731,U01774,0,,0.0002,0
TX_0005053,2026-02-28 12:26:10,U01771,U00425,0,,0.0002,0
TX_0005054,2026-02-28 12:35:59,U01047,U00811,0,,0.0002,0
TX_0005055,2026-02-28 12:36:00,U01399,U00999,0,,0.0002,0
TX_0005056,2026-02-28 12:39:40,U01972,U00937,0,,0.0002,0
TX_0005057,2026-02-28 12:43:48,U01478,U00327,0,,0.0002,0
TX_0005058,2026-02-28 12:52:07,U01448,U00852,0,,0.0002,0
TX_0005059,2026-02-28 13:01:08,U00256,U00444,0,,0.0002,0
TX_0005060,2026-02-28 13:01:11,U00885,U00208,0,,0.0002,0
TX_0005061,2026-02-28 13:09:15,U00565,U01045,0,,0.0002,0
TX_0005062,2026-02-28 13:10:47,U01558,U00617,0,,0.0002,0
TX_0005063,2026-02-28 13:13:47,U01828,U00671,0,,0.0002,0
TX_0005064,2026-02-28 13:14:41,U01794,U01860,0,,0.0002,0
TX_0005065,2026-02-28 13:45:56,U01645,U00365,0,,0.0002,0
TX_0005066,2026-02-28 13:46:51,U00339,U00971,0,,0.0002,0
TX_0005067,2026-02-28 13:49:32,U01118,U00581,0,,0.0002,0
TX_0005068,2026-02-28 14:02:04,U00234,U00044,0,,0.0008,0
TX_0005069,2026-02-28 14:04:08,U00334,U00471,0,,0.0002,0
TX_0005070,2026-02-28 14:04:30,U00560,U01969,0,,0.0002,0
TX_0005071,2026-02-28 14:07:10,U00811,U01178,0,,0.0002,0
TX_0005072,2026-02-28 14:08:32,U00969,U00416,0,,0.0002,0
TX_0005073,2026-02-28 14:12:08,U01268,U01310,0,,0.0002,0
TX_0005074,2026-02-28 14:14:26,U00866,U00836,0,,0.0002,0
TX_0005075,2026-02-28 14:18:48,U00011,U00345,0,,0.0003,0
TX_0005076,2026-02-28 14:22:46,U00894,U01471,0,,0.0002,0
TX_0005077,2026-02-28 14:27:06,U00681,U00633,0,,0.0002,0
TX_0005078,2026-02-28 15:01:45,U01958,U01323,0,,0.0002,0
TX_0005079,2026-02-28 15:03:03,U01417,U00408,0,,0.0002,0
TX_0005080,2026-02-28 15:04:41,U01485,U01323,0,,0.0003,0
TX_0005081,2026-02-28 15:09:30,U01574,U01341,0,,1e-04,0
TX_0005082,2026-02-28 15:11:22,U01615,U00477,0,,0.0002,0
TX_0005083,2026-02-28 15:31:15,U00585,U01471,0,,0.0003,0
TX_0005084,2026-02-28 15:31:47,U00426,U00867,0,,0.0002,0
TX_0005085,2026-02-28 15:56:34,U00309,U01865,0,,1e-04,0
TX_0005086,2026-02-28 16:01:48,U01186,U01184,0,,0.0002,0
TX_0005087,2026-02-28 16:04:32,U00361,U00209,0,,1e-04,0
TX_0005088,2026-02-28 16:24:48,U01606,U00019,0,,1e-04,0
TX_0005089,2026-02-28 16:28:09,U01012,U01442,0,,0.0002,0
TX_0005090,2026-02-28 16:31:57,U00064,U00257,0,,0.0002,0
TX_0005091,2026-02-28 16:41:08,U01965,U00439,0,,1e-04,0
TX_0005092,2026-02-28 17:02:01,U00587,U00800,0,,0.0009,0
TX_0005093,2026-02-28 17:05:47,U00907,U00331,0,,0.0006,0
TX_0005094,2026-02-28 17:09:43,U01865,U00953,0,,0.0002,0
TX_0005095,2026-02-28 17:17:42,U00527,U01329,0,,1e-04,0
TX_0005096,2026-02-28 17:46:23,U00733,U01545,0,,0.0002,0
TX_0005097,2026-02-28 18:00:21,U00752,U01162,0,,1e-04,0
TX_0005098,2026-02-28 18:01:10,U01127,U00701,0,,1e-04,0
TX_0005099,2026-02-28 18:02:24,U00750,U00687,0,,0.0003,0
TX_0005100,2026-02-28 18:09:06,U00772,U00485,0,,1e-04,0
TX_0005101,2026-02-28 18:14:20,U00075,U00412,0,,1e-04,0
TX_0005102,2026-02-28 18:16:14,U00893,U00828,0,,0.0002,0
TX_0005103,2026-02-28 18:16:28,U01067,U00654,0,,0.0002,0
TX_0005104,2026-02-28 18:22:05,U01295,U01810,0,,0.0002,0
TX_0005105,2026-02-28 18:35:43,U00658,U00648,0,,0.0002,0
TX_0005106,2026-02-28 18:54:24,U01000,U01205,0,,0.0002,0
TX_0005107,2026-02-28 18:54:31,U01307,U01769,0,,0.0002,0
TX_0005108,2026-02-28 19:09:06,U00251,U01048,0,,0.0004,0
TX_0005109,2026-02-28 19:24:03,U00136,U00444,0,,0.0002,0
TX_0005110,2026-02-28 19:32:38,U01994,U01471,0,,0.0002,0
TX_0005111,2026-02-28 19:33:38,U00308,U00249,0,,0.0002,0
TX_0005112,2026-02-28 19:45:06,U01470,U01292,0,,0.0004,0
TX_0005113,2026-02-28 20:07:55,U00530,U01621,0,,0.0003,0
TX_0005114,2026-02-28 20:09:20,U00881,U01363,0,,0.0002,0
TX_0005115,2026-02-28 20:10:25,U01303,U00865,0,,1e-04,0
TX_0005116,2026-02-28 20:12:04,U00575,U00895,0,,0.0003,0
TX_0005117,2026-02-28 20:16:39,U00143,U00908,0,,0.0002,0
TX_0005118,2026-02-28 20:20:09,U01559,U00837,0,,0.0002,0
TX_0005119,2026-02-28 20:28:51,U00799,U00330,0,,0.0002,0
TX_0005120,2026-02-28 20:34:10,U00410,U00920,0,,1e-04,0
TX_0005121,2026-02-28 20:35:50,U01315,U00391,0,,0.0003,0
TX_0005122,2026-02-28 20:39:23,U01314,U00209,0,,0.0002,0
TX_0005123,2026-02-28 20:57:52,U00217,U01044,0,,0.0002,0
TX_0005124,2026-02-28 21:03:43,U00613,U00969,0,,0.0003,0
TX_0005125,2026-02-28 21:08:11,U00894,U00275,0,,0.0002,0
TX_0005126,2026-02-28 21:10:31,U00345,U01498,0,,0.0002,0
TX_0005127,2026-02-28 21:13:16,U00437,U01863,0,,1e-04,0
TX_0005128,2026-02-28 21:18:15,U00248,U00683,0,,0.0002,0
TX_0005129,2026-02-28 21:22:46,U00721,U00528,0,,0.0002,0
TX_0005130,2026-02-28 21:30:25,U01580,U00098,0,,0.0002,0
TX_0005131,2026-02-28 21:31:36,U00387,U00966,0,,0.0002,0
TX_0005132,2026-02-28 21:41:21,U00201,U01012,0,,1e-04,0
TX_0005133,2026-02-28 21:52:06,U00188,U00350,0,,0.0003,0
TX_0005134,2026-02-28 21:55:46,U00968,U00873,0,,0.0003,0
TX_0005135,2026-02-28 22:05:36,U00956,U01173,0,,0.0017,0
TX_0005136,2026-02-28 22:05:49,U01375,U00591,0,,1e-04,0
TX_0005137,2026-02-28 22:13:50,U01990,U01251,0,,0.0002,0
TX_0005138,2026-02-28 22:36:24,U01116,U01989,0,,0.0004,0
TX_0005139,2026-02-28 22:38:24,U01265,U00067,0,,0.0002,0
TX_0005140,2026-02-28 22:51:17,U01189,U01340,0,,1e-04,0
TX_0005141,2026-02-28 23:01:01,U00231,U00292,0,,0.0008,0
TX_0005142,2026-02-28 23:06:32,U01151,U00729,0,,0.0002,0
TX_0005143,2026-02-28 23:10:38,U00915,U00878,0,,0.0002,0
TX_0005144,2026-02-28 23:11:19,U00957,U00048,0,,0.0003,0
TX_0005145,2026-02-28 23:11:45,U00462,U00087,0,,1e-04,0
TX_0005146,2026-02-28 23:13:41,U01539,U00187,0,,0.0003,0
TX_0005147,2026-02-28 23:14:19,U01233,U01935,0,,1e-04,0
TX_0005148,2026-02-28 23:19:20,U01571,U00276,0,,0.0002,0
TX_0005149,2026-02-28 23:44:53,U00496,U01233,0,,0.0003,0
TX_0005150,2026-03-01 00:16:21,U00453,U01036,0,,0.0003,0
TX_0005151,2026-03-01 00:20:46,U00004,U01817,0,,0.0009,0
TX_0005152,2026-03-01 00:36:31,U00528,U00429,0,,0.0002,0
TX_0005153,2026-03-01 00:52:58,U01343,U01601,0,,0.0002,0
TX_0005154,2026-03-01 00:55:43,U01709,U00523,0,,0.0003,0
TX_0005155,2026-03-01 01:18:22,U00669,U00130,0,,0.0003,0
TX_0005156,2026-03-01 01:36:30,U01351,U00923,0,,0.0005,0
TX_0005157,2026-03-01 01:55:13,U01000,U01943,0,,0.0002,0
TX_0005158,2026-03-01 03:18:27,U00333,U00914,0,,0.0002,0
TX_0005159,2026-03-01 03:28:02,U01466,U00476,0,,0.0003,0
TX_0005160,2026-03-01 04:25:36,U01667,U01394,0,,0.0003,0
TX_0005161,2026-03-01 05:15:21,U00690,U01336,0,,0.0003,0
TX_0005162,2026-03-01 05:18:14,U00781,U01890,0,,0.0003,0
TX_0005163,2026-03-01 06:27:32,U01984,U00507,0,,0.0003,0
TX_0005164,2026-03-01 07:07:56,U01055,U01877,0,,0.0003,0
TX_0005165,2026-03-01 07:20:36,U01186,U00858,0,,0.0002,0
TX_0005166,2026-03-01 07:35:03,U00512,U00610,0,,0.0002,0
TX_0005167,2026-03-01 07:44:33,U00333,U00607,0,,0.0002,0
TX_0005168,2026-03-01 08:11:51,U01165,U00967,0,,0.0003,0
TX_0005169,2026-03-01 08:21:28,U00209,U01742,0,,0.0002,0
TX_0005170,2026-03-01 08:21:29,U00920,U01516,0,,0.0002,0
TX_0005171,2026-03-01 08:51:46,U01762,U01538,0,,0.0002,0
TX_0005172,2026-03-01 08:53:30,U00739,U00565,0,,0.0004,0
TX_0005173,2026-03-01 08:55:00,U00661,U00085,0,,0.0003,0
TX_0005174,2026-03-01 09:04:07,U01229,U01727,0,,0.0002,0
TX_0005175,2026-03-01 09:07:38,U01429,U01240,0,,0.0002,0
TX_0005176,2026-03-01 09:27:49,U01137,U01997,0,,0.0003,0
TX_0005177,2026-03-01 09:53:56,U00597,U00058,0,,0.0002,0
TX_0005178,2026-03-01 09:56:19,U00539,U01632,0,,0.0006,0
TX_0005179,2026-03-01 09:56:45,U01916,U01473,0,,0.001,0
TX_0005180,2026-03-01 10:03:01,U01484,U00767,0,,0.0004,0
TX_0005181,2026-03-01 10:05:43,U00341,U01434,0,,0.0003,0
TX_0005182,2026-03-01 10:12:04,U01213,U00821,0,,0.0003,0
TX_0005183,2026-03-01 10:18:02,U00303,U00412,0,,0.0002,0
TX_0005184,2026-03-01 10:24:39,U00032,U01005,0,,0.0004,0
TX_0005185,2026-03-01 10:27:30,U00681,U01979,0,,0.0003,0
TX_0005186,2026-03-01 11:02:49,U00992,U01170,0,,0.0003,0
TX_0005187,2026-03-01 11:06:43,U00782,U01031,0,,0.0003,0
TX_0005188,2026-03-01 11:08:49,U01510,U01708,0,,0.0003,0
TX_0005189,2026-03-01 11:10:04,U01410,U00960,0,,0.0002,0
TX_0005190,2026-03-01 11:14:52,U00003,U00170,0,,0.0004,0
TX_0005191,2026-03-01 11:15:45,U00306,U00501,0,,0.0002,0
TX_0005192,2026-03-01 11:32:27,U01027,U00168,0,,0.0003,0
TX_0005193,2026-03-01 11:40:54,U00068,U00798,0,,0.0002,0
TX_0005194,2026-03-01 11:49:06,U01507,U01868,0,,0.0003,0
TX_0005195,2026-03-01 11:50:29,U00809,U00125,0,,0.0005,0
TX_0005196,2026-03-01 11:52:59,U00522,U00713,0,,0.0002,0
TX_0005197,2026-03-01 11:59:51,U01787,U00401,0,,0.0121,0
TX_0005198,2026-03-01 12:10:14,U01505,U01319,0,,0.0003,0
TX_0005199,2026-03-01 12:16:21,U01987,U00560,0,,0.0004,0
TX_0005200,2026-03-01 12:20:04,U00968,U00873,0,,0.0003,0
TX_0005201,2026-03-01 12:27:57,U00930,U01912,0,,0.0002,0
TX_0005202,2026-03-01 12:32:57,U00920,U00041,0,,0.0002,0
TX_0005203,2026-03-01 12:35:46,U00805,U00697,0,,0.0003,0
TX_0005204,2026-03-01 12:38:17,U00954,U00813,0,,0.0002,0
TX_0005205,2026-03-01 12:39:34,U00302,U00660,0,,0.0002,0
TX_0005206,2026-03-01 12:55:33,U00729,U01140,0,,0.0002,0
TX_0005207,2026-03-01 12:56:45,U01185,U00649,0,,0.0021,0
TX_0005208,2026-03-01 13:00:06,U01716,U00660,0,,0.0005,0
TX_0005209,2026-03-01 13:10:00,U01063,U01196,0,,0.0002,0
TX_0005210,2026-03-01 13:11:26,U00446,U00730,0,,0.0002,0
TX_0005211,2026-03-01 13:14:03,U01726,U00171,0,,0.0004,0
TX_0005212,2026-03-01 13:22:06,U01596,U00752,0,,0.0002,0
TX_0005213,2026-03-01 13:22:53,U01166,U01796,0,,0.0003,0
TX_0005214,2026-03-01 13:32:40,U00846,U00944,0,,0.0002,0
TX_0005215,2026-03-01 13:35:39,U01135,U00449,0,,0.0003,0
TX_0005216,2026-03-01 13:39:24,U01858,U01895,0,,0.0003,0
TX_0005217,2026-03-01 13:49:21,U01283,U01194,0,,0.0004,0
TX_0005218,2026-03-01 13:59:42,U00087,U01381,0,,0.0006,0
TX_0005219,2026-03-01 14:13:59,U01548,U01972,0,,0.0002,0
TX_0005220,2026-03-01 14:22:46,U00966,U00407,0,,0.0002,0
TX_0005221,2026-03-01 14:27:53,U00098,U00753,0,,0.0003,0
TX_0005222,2026-03-01 14:35:53,U00075,U00412,0,,0.0002,0
TX_0005223,2026-03-01 14:36:40,U00333,U01033,0,,0.0002,0
TX_0005224,2026-03-01 14:41:25,U01775,U01758,0,,0.0002,0
TX_0005225,2026-03-01 14:47:22,U00100,U00192,0,,0.001,0
TX_0005226,2026-03-01 14:58:09,U00147,U00686,0,,0.0003,0
TX_0005227,2026-03-01 14:58:20,U01785,U01147,0,,0.0012,0
TX_0005228,2026-03-01 15:08:40,U01385,U01105,0,,0.0002,0
TX_0005229,2026-03-01 15:09:01,U00436,U00069,0,,0.0003,0
TX_0005230,2026-03-01 15:11:33,U01849,U00306,0,,0.0002,0
TX_0005231,2026-03-01 15:14:25,U00905,U00500,0,,0.0003,0
TX_0005232,2026-03-01 15:23:23,U01727,U00832,0,,0.0002,0
TX_0005233,2026-03-01 15:42:49,U00364,U01160,0,,0.0003,0
TX_0005234,2026-03-01 15:43:52,U00772,U00485,0,,0.0002,0
TX_0005235,2026-03-01 15:49:07,U01428,U00958,0,,0.0002,0
TX_0005236,2026-03-01 15:51:17,U00344,U00992,0,,0.0002,0
TX_0005237,2026-03-01 16:11:46,U01319,U00100,0,,0.0002,0
TX_0005238,2026-03-01 16:11:49,U01077,U00849,0,,0.0002,0
TX_0005239,2026-03-01 16:23:59,U00997,U01868,0,,0.0002,0
TX_0005240,2026-03-01 16:30:13,U00088,U01487,0,,0.0002,0
TX_0005241,2026-03-01 16:37:54,U00123,U01082,0,,0.0002,0
TX_0005242,2026-03-01 16:50:42,U01143,U01882,0,,0.0008,0
TX_0005243,2026-03-01 16:54:09,U00716,U00820,0,,0.0002,0
TX_0005244,2026-03-01 17:04:31,U01929,U01272,0,,0.0003,0
TX_0005245,2026-03-01 17:15:27,U01301,U01364,0,,0.0002,0
TX_0005246,2026-03-01 17:17:50,U01976,U01940,0,,0.0002,0
TX_0005247,2026-03-01 17:19:14,U01658,U01934,0,,0.0003,0
TX_0005248,2026-03-01 17:26:44,U01737,U01829,0,,0.0002,0
TX_0005249,2026-03-01 17:30:35,U01334,U01268,0,,0.001,0
TX_0005250,2026-03-01 17:41:41,U01882,U01611,0,,0.0002,0
TX_0005251,2026-03-01 17:41:45,U00341,U00893,0,,0.0002,0
TX_0005252,2026-03-01 17:49:56,U01737,U01869,0,,0.0002,0
TX_0005253,2026-03-01 17:52:12,U00132,U01131,0,,0.0003,0
TX_0005254,2026-03-01 17:55:06,U00555,U00477,0,,0.0002,0
TX_0005255,2026-03-01 17:55:10,U01516,U01932,0,,0.0003,0
TX_0005256,2026-03-01 17:56:36,U01642,U01775,0,,0.0002,0
TX_0005257,2026-03-01 18:10:43,U01556,U01551,0,,0.0002,0
TX_0005258,2026-03-01 18:16:09,U01872,U01204,0,,0.0002,0
TX_0005259,2026-03-01 18:16:26,U01176,U00200,0,,0.0002,0
TX_0005260,2026-03-01 18:17:08,U01564,U01536,0,,0.0003,0
TX_0005261,2026-03-01 18:23:59,U01521,U01010,0,,0.0002,0
TX_0005262,2026-03-01 18:25:02,U00903,U00093,0,,0.0002,0
TX_0005263,2026-03-01 18:25:53,U01621,U01876,0,,0.0003,0
TX_0005264,2026-03-01 18:31:01,U00780,U00014,0,,0.0003,0
TX_0005265,2026-03-01 18:32:14,U01971,U01974,0,,0.0002,0
TX_0005266,2026-03-01 18:47:41,U00374,U00229,0,,0.0003,0
TX_0005267,2026-03-01 18:47:57,U00785,U00756,0,,0.0002,0
TX_0005268,2026-03-01 18:48:12,U00023,U00685,0,,0.0002,0
TX_0005269,2026-03-01 18:54:34,U00291,U00069,0,,0.0002,0
TX_0005270,2026-03-01 18:58:42,U01234,U00188,0,,0.0002,0
TX_0005271,2026-03-01 19:00:12,U00454,U00389,0,,0.0002,0
TX_0005272,2026-03-01 19:10:15,U01468,U01352,0,,0.0002,0
TX_0005273,2026-03-01 19:19:10,U00164,U00088,0,,0.0002,0
TX_0005274,2026-03-01 19:20:03,U00421,U00305,0,,0.0003,0
TX_0005275,2026-03-01 19:27:57,U01397,U00405,0,,0.0002,0
TX_0005276,2026-03-01 19:32:35,U01877,U00601,0,,0.0002,0
TX_0005277,2026-03-01 19:42:03,U00732,U01811,0,,0.0003,0
TX_0005278,2026-03-01 19:47:02,U01507,U01705,0,,0.0003,0
TX_0005279,2026-03-01 20:12:35,U00541,U01375,0,,0.0003,0
TX_0005280,2026-03-01 20:14:06,U01473,U00667,0,,0.0002,0
TX_0005281,2026-03-01 20:23:28,U01854,U01381,0,,0.0006,0
TX_0005282,2026-03-01 20:24:58,U01267,U01965,0,,0.0002,0
TX_0005283,2026-03-01 20:34:04,U01766,U00021,0,,0.0002,0
TX_0005284,2026-03-01 20:53:40,U00811,U01698,0,,0.0003,0
TX_0005285,2026-03-01 20:59:32,U00318,U01606,0,,0.0003,0
TX_0005286,2026-03-01 21:03:15,U00375,U01817,0,,0.0002,0
TX_0005287,2026-03-01 21:22:12,U00021,U01460,0,,0.0002,0
TX_0005288,2026-03-01 21:26:56,U00898,U00656,0,,0.0003,0
TX_0005289,2026-03-01 21:52:55,U01759,U01917,0,,0.0003,0
TX_0005290,2026-03-01 22:01:49,U00327,U01377,0,,0.0002,0
TX_0005291,2026-03-01 22:12:11,U01624,U00898,0,,0.0005,0
TX_0005292,2026-03-01 22:18:38,U01877,U01806,0,,0.0002,0
TX_0005293,2026-03-01 22:26:20,U01040,U01087,0,,0.0003,0
TX_0005294,2026-03-01 22:42:00,U01941,U01402,0,,0.0002,0
TX_0005295,2026-03-01 22:51:20,U01895,U01325,0,,0.0003,0
TX_0005296,2026-03-01 22:56:48,U00623,U01537,0,,0.0002,0
TX_0005297,2026-03-01 22:58:25,U00534,U00005,0,,0.0003,0
TX_0005298,2026-03-01 23:01:39,U00208,U01342,0,,0.0002,0
TX_0005299,2026-03-01 23:18:13,U01358,U01297,0,,0.0002,0
TX_0005300,2026-03-01 23:23:01,U00578,U01492,0,,0.0002,0
TX_0005301,2026-03-01 23:30:31,U01665,U00763,0,,0.0002,0
TX_0005302,2026-03-01 23:32:34,U01073,U00507,0,,0.0002,0
TX_0005303,2026-03-01 23:36:07,U01805,U00063,0,,0.0002,0
TX_0005304,2026-03-01 23:38:32,U00535,U00945,0,,0.0002,0
TX_0005305,2026-03-01 23:41:16,U01219,U00182,0,,0.0002,0
TX_0005306,2026-03-01 23:44:07,U00682,U00627,0,,0.0002,0
TX_0005307,2026-03-02 00:14:39,U01602,U01182,0,,0.0002,0
TX_0005308,2026-03-02 00:19:40,U00021,U01813,0,,0.0002,0
TX_0005309,2026-03-02 00:20:30,U00685,U00492,0,,0.0002,0
TX_0005310,2026-03-02 00:22:37,U01464,U00711,0,,0.0003,0
TX_0005311,2026-03-02 00:36:47,U00185,U00859,0,,0.0002,0
TX_0005312,2026-03-02 00:38:32,U01060,U00322,0,,0.0005,0
TX_0005313,2026-03-02 00:52:38,U01769,U01081,0,,0.0003,0
TX_0005314,2026-03-02 00:54:40,U00417,U01611,0,,0.0008,0
TX_0005315,2026-03-02 02:21:36,U01976,U00229,0,,0.0002,0
TX_0005316,2026-03-02 03:03:28,U00326,U00390,0,,0.0003,0
TX_0005317,2026-03-02 05:16:25,U01602,U00221,0,,0.0009,0
TX_0005318,2026-03-02 06:01:24,U01986,U00800,0,,0.0016,0
TX_0005319,2026-03-02 06:29:07,U01959,U00560,0,,0.0003,0
TX_0005320,2026-03-02 06:37:36,U01561,U01575,0,,0.0003,0
TX_0005321,2026-03-02 07:00:25,U01451,U00153,0,,0.0006,0
TX_0005322,2026-03-02 07:29:27,U01847,U00016,0,,0.0006,0
TX_0005323,2026-03-02 07:29:32,U01122,U01550,0,,0.0003,0
TX_0005324,2026-03-02 07:50:43,U01255,U00481,0,,0.0006,0
TX_0005325,2026-03-02 08:12:54,U01510,U01190,0,,0.0002,0
TX_0005326,2026-03-02 08:12:57,U01113,U00452,0,,0.0002,0
TX_0005327,2026-03-02 08:14:18,U00955,U01644,0,,0.0004,0
TX_0005328,2026-03-02 08:18:36,U01263,U00302,0,,0.0006,0
TX_0005329,2026-03-02 08:24:20,U00967,U01157,0,,0.0003,0
TX_0005330,2026-03-02 09:05:50,U01705,U00152,0,,0.0003,0
TX_0005331,2026-03-02 09:11:00,U00734,U01972,0,,0.0003,0
TX_0005332,2026-03-02 09:16:46,U00189,U01083,0,,0.0003,0
TX_0005333,2026-03-02 09:45:20,U01054,U00759,0,,0.0012,0
TX_0005334,2026-03-02 09:58:41,U00883,U00932,0,,0.0004,0
TX_0005335,2026-03-02 09:59:57,U01983,U00349,0,,0.0004,0
TX_0005336,2026-03-02 10:02:37,U01669,U00739,0,,0.009,0
TX_0005337,2026-03-02 10:22:35,U01137,U01041,0,,0.0015,0
TX_0005338,2026-03-02 10:24:57,U00270,U00501,0,,0.0002,0
TX_0005339,2026-03-02 10:26:19,U00109,U00826,0,,0.0067,0
TX_0005340,2026-03-02 10:29:47,U00528,U00832,0,,0.0009,0
TX_0005341,2026-03-02 10:40:22,U01861,U01695,0,,0.0005,0
TX_0005342,2026-03-02 10:46:40,U01222,U00727,0,,0.0002,0
TX_0005343,2026-03-02 10:47:21,U00303,U00412,0,,0.0002,0
TX_0005344,2026-03-02 10:49:46,U00288,U01647,0,,0.0003,0
TX_0005345,2026-03-02 10:59:15,U00833,U01829,0,,0.0003,0
TX_0005346,2026-03-02 11:02:44,U01462,U01412,0,,0.0003,0
TX_0005347,2026-03-02 11:04:21,U01081,U00922,0,,0.0003,0
TX_0005348,2026-03-02 11:06:04,U01564,U01651,0,,0.0005,0
TX_0005349,2026-03-02 11:24:40,U00206,U01235,1,RING_004,0.9982,1
TX_0005350,2026-03-02 11:28:10,U00956,U01902,0,,0.0003,0
TX_0005351,2026-03-02 11:38:30,U00712,U00867,0,,0.0005,0
TX_0005352,2026-03-02 11:41:10,U01772,U00483,0,,0.0007,0
TX_0005353,2026-03-02 11:47:20,U00233,U01235,1,RING_004,0.9997,1
TX_0005354,2026-03-02 11:48:06,U01228,U01235,1,RING_004,0.9997,1
TX_0005355,2026-03-02 11:58:11,U01542,U00745,0,,0.0004,0
TX_0005356,2026-03-02 12:04:18,U00603,U01071,0,,0.0003,0
TX_0005357,2026-03-02 12:07:50,U00195,U01235,1,RING_004,0.9997,1
TX_0005358,2026-03-02 12:08:49,U01655,U01102,0,,0.0008,0
TX_0005359,2026-03-02 12:11:57,U01285,U01678,0,,0.0004,0
TX_0005360,2026-03-02 12:13:50,U00011,U00712,0,,0.0003,0
TX_0005361,2026-03-02 12:22:30,U01093,U00324,0,,0.0002,0
TX_0005362,2026-03-02 12:22:43,U00845,U01643,0,,0.0002,0
TX_0005363,2026-03-02 12:23:03,U01601,U01247,0,,0.0002,0
TX_0005364,2026-03-02 12:25:05,U01074,U01434,0,,0.0002,0
TX_0005365,2026-03-02 12:28:42,U01745,U01235,1,RING_004,0.9998,1
TX_0005366,2026-03-02 12:33:22,U00760,U01525,0,,0.0002,0
TX_0005367,2026-03-02 12:48:04,U00693,U01183,0,,0.0002,0
TX_0005368,2026-03-02 12:58:41,U01316,U01446,0,,0.0002,0
TX_0005369,2026-03-02 13:13:21,U01606,U01890,0,,0.0006,0
TX_0005370,2026-03-02 13:20:00,U00585,U00572,0,,0.0008,0
TX_0005371,2026-03-02 13:23:03,U01956,U00384,0,,0.002,0
TX_0005372,2026-03-02 13:26:35,U00743,U01235,1,RING_004,0.9966,1
TX_0005373,2026-03-02 13:27:51,U01724,U01628,0,,0.0002,0
TX_0005374,2026-03-02 13:34:52,U01729,U00625,0,,0.0003,0
TX_0005375,2026-03-02 13:52:08,U00281,U01714,0,,0.0003,0
TX_0005376,2026-03-02 14:06:17,U00554,U00360,0,,0.0002,0
TX_0005377,2026-03-02 14:15:48,U01063,U00922,0,,0.0002,0
TX_0005378,2026-03-02 14:18:50,U00505,U00247,0,,0.0007,0
TX_0005379,2026-03-02 14:22:06,U00653,U01674,0,,0.0004,0
TX_0005380,2026-03-02 14:23:25,U00506,U01801,0,,0.0002,0
TX_0005381,2026-03-02 14:40:31,U00939,U00732,0,,0.0004,0
TX_0005382,2026-03-02 15:04:56,U00202,U00305,0,,0.0004,0
TX_0005383,2026-03-02 15:07:31,U00253,U00506,0,,0.0002,0
TX_0005384,2026-03-02 15:09:34,U00956,U00140,0,,0.0003,0
TX_0005385,2026-03-02 15:14:33,U00703,U01831,0,,0.0003,0
TX_0005386,2026-03-02 15:17:02,U00570,U01615,0,,0.0003,0
TX_0005387,2026-03-02 15:17:15,U00210,U00418,0,,0.0004,0
TX_0005388,2026-03-02 15:36:31,U01270,U01064,0,,0.0008,0
TX_0005389,2026-03-02 15:39:27,U01490,U00342,0,,0.0005,0
TX_0005390,2026-03-02 15:43:58,U00597,U01138,0,,0.0003,0
TX_0005391,2026-03-02 15:52:24,U00537,U00919,0,,0.0006,0
TX_0005392,2026-03-02 15:54:18,U00966,U00680,0,,0.0006,0
TX_0005393,2026-03-02 15:58:49,U00159,U01986,0,,0.0003,0
TX_0005394,2026-03-02 16:25:16,U00434,U01929,0,,0.0003,0
TX_0005395,2026-03-02 16:37:43,U00687,U00571,0,,0.0002,0
TX_0005396,2026-03-02 16:40:34,U00001,U00483,0,,0.0002,0
TX_0005397,2026-03-02 16:53:23,U01567,U01496,0,,0.0003,0
TX_0005398,2026-03-02 17:03:30,U00725,U00903,0,,0.0003,0
TX_0005399,2026-03-02 17:19:14,U01512,U00965,0,,0.0003,0
TX_0005400,2026-03-02 17:24:10,U00452,U00059,0,,0.0002,0
TX_0005401,2026-03-02 17:34:30,U01118,U00581,0,,0.0017,0
TX_0005402,2026-03-02 17:38:48,U01282,U01663,0,,0.0004,0
TX_0005403,2026-03-02 17:46:19,U01575,U00417,0,,0.0004,0
TX_0005404,2026-03-02 17:55:07,U00391,U01672,0,,0.0003,0
TX_0005405,2026-03-02 18:00:12,U01057,U00146,0,,0.0003,0
TX_0005406,2026-03-02 18:08:59,U01168,U01185,0,,0.0002,0
TX_0005407,2026-03-02 18:15:26,U00031,U01205,0,,0.0006,0
TX_0005408,2026-03-02 18:18:40,U00205,U00089,0,,0.0003,0
TX_0005409,2026-03-02 18:27:44,U01906,U01804,0,,0.0011,0
TX_0005410,2026-03-02 18:34:22,U01785,U00577,0,,0.0137,0
TX_0005411,2026-03-02 18:41:02,U01741,U01370,0,,0.0003,0
TX_0005412,2026-03-02 18:48:11,U00247,U00473,0,,0.0002,0
TX_0005413,2026-03-02 18:50:43,U01162,U01037,0,,0.0002,0
TX_0005414,2026-03-02 18:54:11,U00864,U01939,0,,0.0002,0
TX_0005415,2026-03-02 18:59:12,U01222,U00727,0,,0.0006,0
TX_0005416,2026-03-02 18:59:18,U00359,U00706,0,,0.0005,0
TX_0005417,2026-03-02 19:01:56,U00256,U00277,0,,0.0002,0
TX_0005418,2026-03-02 19:07:36,U01590,U00508,0,,0.0004,0
TX_0005419,2026-03-02 19:41:31,U01154,U01043,0,,0.0004,0
TX_0005420,2026-03-02 19:43:17,U01986,U01527,0,,0.0002,0
TX_0005421,2026-03-02 19:45:32,U01005,U01792,0,,0.0004,0
TX_0005422,2026-03-02 19:45:42,U00186,U00634,0,,0.0007,0
TX_0005423,2026-03-02 19:50:06,U01301,U00124,0,,0.0002,0
TX_0005424,2026-03-02 20:06:44,U01141,U00424,0,,0.0005,0
TX_0005425,2026-03-02 20:24:26,U01111,U01068,0,,0.0006,0
TX_0005426,2026-03-02 20:32:49,U00895,U00602,0,,0.0004,0
TX_0005427,2026-03-02 20:33:28,U01468,U01127,0,,0.0002,0
TX_0005428,2026-03-02 20:34:34,U00716,U01889,0,,0.0002,0
TX_0005429,2026-03-02 20:36:49,U00202,U00264,0,,0.0002,0
TX_0005430,2026-03-02 20:39:22,U00849,U00562,0,,0.0004,0
TX_0005431,2026-03-02 20:43:45,U00551,U00183,0,,0.0002,0
TX_0005432,2026-03-02 20:43:51,U00945,U00811,0,,0.0002,0
TX_0005433,2026-03-02 20:53:57,U01870,U01741,0,,0.0004,0
TX_0005434,2026-03-02 20:58:17,U00822,U00914,0,,0.0002,0
TX_0005435,2026-03-02 21:00:14,U00222,U01651,0,,0.0002,0
TX_0005436,2026-03-02 21:11:22,U01761,U00289,0,,0.0003,0
TX_0005437,2026-03-02 21:31:35,U01457,U00259,0,,0.0002,0
TX_0005438,2026-03-02 21:36:02,U01550,U00526,0,,0.0002,0
TX_0005439,2026-03-02 21:39:58,U01540,U00904,0,,0.0002,0
TX_0005440,2026-03-02 21:54:41,U01989,U01329,0,,0.0002,0
TX_0005441,2026-03-02 21:57:57,U01835,U01185,0,,0.0003,0
TX_0005442,2026-03-02 22:13:58,U00070,U01706,0,,0.0253,0
TX_0005443,2026-03-02 22:23:13,U00323,U01264,0,,0.0002,0
TX_0005444,2026-03-02 22:28:39,U00186,U01202,0,,0.0002,0
TX_0005445,2026-03-02 22:29:53,U00725,U01889,0,,0.0003,0
TX_0005446,2026-03-02 22:31:27,U00495,U01663,0,,0.0002,0
TX_0005447,2026-03-02 22:40:46,U01752,U01633,0,,0.0022,0
TX_0005448,2026-03-02 23:14:18,U01270,U00173,0,,0.0003,0
TX_0005449,2026-03-02 23:20:27,U01093,U00324,0,,0.0002,0
TX_0005450,2026-03-02 23:22:55,U01875,U01398,0,,0.0145,0
TX_0005451,2026-03-02 23:34:19,U01887,U00190,0,,0.0002,0
TX_0005452,2026-03-02 23:38:23,U00273,U00739,0,,0.0004,0
TX_0005453,2026-03-03 00:01:01,U01495,U01506,0,,0.0002,0
TX_0005454,2026-03-03 00:03:07,U01644,U01234,0,,0.0002,0
TX_0005455,2026-03-03 00:10:53,U00858,U01349,0,,0.0002,0
TX_0005456,2026-03-03 00:38:50,U00970,U00103,0,,0.0002,0
TX_0005457,2026-03-03 00:44:16,U00469,U01752,0,,0.0002,0
TX_0005458,2026-03-03 00:55:55,U01003,U00817,0,,0.0003,0
TX_0005459,2026-03-03 00:58:52,U00204,U01945,0,,0.0002,0
TX_0005460,2026-03-03 01:01:01,U01104,U01198,0,,0.0002,0
TX_0005461,2026-03-03 03:58:15,U00329,U01501,0,,0.0003,0
TX_0005462,2026-03-03 04:43:14,U01868,U01495,0,,0.0002,0
TX_0005463,2026-03-03 05:04:37,U01550,U00526,0,,0.0002,0
TX_0005464,2026-03-03 05:23:07,U00275,U00416,0,,0.0002,0
TX_0005465,2026-03-03 05:23:45,U00385,U01455,0,,0.0002,0
TX_0005466,2026-03-03 05:54:36,U01026,U00633,0,,0.0002,0
TX_0005467,2026-03-03 07:12:51,U01947,U00771,0,,0.0003,0
TX_0005468,2026-03-03 07:14:13,U00978,U00744,0,,0.0002,0
TX_0005469,2026-03-03 07:20:59,U00110,U01709,0,,0.0002,0
TX_0005470,2026-03-03 07:24:13,U01282,U01663,0,,0.0003,0
TX_0005471,2026-03-03 07:35:24,U01664,U01221,0,,0.0002,0
TX_0005472,2026-03-03 07:44:54,U01406,U01291,0,,0.0002,0
TX_0005473,2026-03-03 07:50:09,U01681,U00308,0,,0.0002,0
TX_0005474,2026-03-03 08:00:27,U01861,U01035,0,,0.0002,0
TX_0005475,2026-03-03 08:13:12,U01439,U01722,0,,0.0002,0
TX_0005476,2026-03-03 08:13:23,U00073,U01205,0,,0.0002,0
TX_0005477,2026-03-03 08:17:01,U00620,U01737,0,,0.0002,0
TX_0005478,2026-03-03 08:36:35,U00423,U01728,0,,0.0002,0
TX_0005479,2026-03-03 08:50:54,U00713,U01039,0,,0.0002,0
TX_0005480,2026-03-03 09:00:32,U01441,U00766,0,,0.0002,0
TX_0005481,2026-03-03 09:05:05,U00979,U01191,0,,0.0003,0
TX_0005482,2026-03-03 09:16:58,U00043,U01117,0,,0.0003,0
TX_0005483,2026-03-03 09:32:53,U01656,U00681,0,,0.0005,0
TX_0005484,2026-03-03 09:44:39,U00171,U00900,0,,0.0002,0
TX_0005485,2026-03-03 09:45:58,U01836,U01691,0,,0.0002,0
TX_0005486,2026-03-03 09:52:54,U00771,U00864,0,,0.0002,0
TX_0005487,2026-03-03 09:55:52,U00588,U01503,0,,0.0002,0
TX_0005488,2026-03-03 09:56:09,U00645,U01949,0,,0.0002,0
TX_0005489,2026-03-03 10:01:09,U00679,U01822,0,,0.0002,0
TX_0005490,2026-03-03 10:06:26,U00016,U00582,0,,0.0002,0
TX_0005491,2026-03-03 10:06:26,U01502,U00328,0,,0.0002,0
TX_0005492,2026-03-03 10:23:46,U01806,U00422,0,,0.0002,0
TX_0005493,2026-03-03 10:23:55,U00880,U00736,0,,0.0004,0
TX_0005494,2026-03-03 10:26:49,U01013,U01743,0,,0.0002,0
TX_0005495,2026-03-03 10:34:29,U00114,U00049,0,,0.0002,0
TX_0005496,2026-03-03 10:39:07,U01122,U01550,0,,0.0002,0
TX_0005497,2026-03-03 10:42:55,U01342,U01965,0,,0.0002,0
TX_0005498,2026-03-03 10:43:50,U01321,U01137,0,,0.0002,0
TX_0005499,2026-03-03 10:49:54,U01415,U01018,0,,0.0002,0
TX_0005500,2026-03-03 10:58:04,U01208,U01472,0,,0.0002,0
TX_0005501,2026-03-03 11:05:42,U01949,U01487,0,,0.0002,0
TX_0005502,2026-03-03 11:07:43,U01251,U00650,0,,0.0003,0
TX_0005503,2026-03-03 11:22:45,U00277,U01568,0,,0.0002,0
TX_0005504,2026-03-03 11:30:12,U00853,U00308,0,,0.0002,0
TX_0005505,2026-03-03 11:32:53,U01782,U01287,0,,0.0003,0
TX_0005506,2026-03-03 11:44:33,U00528,U01455,0,,0.0003,0
TX_0005507,2026-03-03 11:54:52,U00339,U00971,0,,0.0002,0
TX_0005508,2026-03-03 11:55:51,U01505,U01163,0,,0.0002,0
TX_0005509,2026-03-03 12:03:06,U01847,U00070,0,,0.0002,0
TX_0005510,2026-03-03 12:07:47,U01302,U01943,0,,0.0002,0
TX_0005511,2026-03-03 12:11:57,U01161,U01605,0,,0.0005,0
TX_0005512,2026-03-03 12:15:08,U00565,U01045,0,,0.0002,0
TX_0005513,2026-03-03 12:35:56,U00895,U00602,0,,1e-04,0
TX_0005514,2026-03-03 12:42:02,U00129,U00565,0,,0.0002,0
TX_0005515,2026-03-03 12:50:28,U01995,U01327,0,,0.0002,0
TX_0005516,2026-03-03 12:52:29,U01018,U00367,0,,0.0002,0
TX_0005517,2026-03-03 12:54:34,U01113,U01380,0,,0.0003,0
TX_0005518,2026-03-03 13:03:30,U01015,U01438,0,,1e-04,0
TX_0005519,2026-03-03 13:19:11,U00509,U01925,0,,0.0002,0
TX_0005520,2026-03-03 13:23:59,U00668,U01836,0,,0.0002,0
TX_0005521,2026-03-03 13:28:00,U01652,U00649,0,,0.0002,0
TX_0005522,2026-03-03 13:45:26,U00482,U00124,0,,0.0002,0
TX_0005523,2026-03-03 13:48:18,U01372,U01221,0,,1e-04,0
TX_0005524,2026-03-03 13:49:15,U01558,U00017,0,,0.0002,0
TX_0005525,2026-03-03 13:54:08,U01734,U00026,0,,0.0005,0
TX_0005526,2026-03-03 13:55:41,U01939,U00570,0,,0.0002,0
TX_0005527,2026-03-03 14:08:26,U01512,U00910,0,,1e-04,0
TX_0005528,2026-03-03 14:18:09,U00646,U00462,0,,0.0002,0
TX_0005529,2026-03-03 14:26:55,U01182,U00612,0,,0.0002,0
TX_0005530,2026-03-03 14:30:25,U00644,U01815,0,,0.0002,0
TX_0005531,2026-03-03 14:35:27,U00287,U01977,0,,0.0002,0
TX_0005532,2026-03-03 14:46:23,U01401,U01530,0,,0.0002,0
TX_0005533,2026-03-03 14:51:10,U01214,U01764,0,,0.0003,0
TX_0005534,2026-03-03 14:52:10,U00114,U00049,0,,0.0002,0
TX_0005535,2026-03-03 14:55:21,U01459,U00544,0,,0.0002,0
TX_0005536,2026-03-03 15:00:03,U00022,U00870,0,,1e-04,0
TX_0005537,2026-03-03 15:07:25,U00408,U00405,0,,1e-04,0
TX_0005538,2026-03-03 15:10:47,U00455,U01918,0,,0.0002,0
TX_0005539,2026-03-03 15:22:17,U00184,U01768,0,,0.0002,0
TX_0005540,2026-03-03 15:26:37,U00385,U01455,0,,0.0002,0
TX_0005541,2026-03-03 15:31:04,U01875,U00111,0,,1e-04,0
TX_0005542,2026-03-03 15:34:22,U01355,U00944,0,,0.0003,0
TX_0005543,2026-03-03 15:46:10,U00851,U00710,0,,0.0002,0
TX_0005544,2026-03-03 15:46:37,U00298,U00073,0,,0.0002,0
TX_0005545,2026-03-03 15:47:05,U01297,U01188,0,,0.0002,0
TX_0005546,2026-03-03 15:51:06,U01083,U00343,0,,1e-04,0
TX_0005547,2026-03-03 16:23:12,U00830,U00088,0,,0.0002,0
TX_0005548,2026-03-03 16:25:42,U00909,U01772,0,,0.0002,0
TX_0005549,2026-03-03 16:35:17,U00747,U00140,0,,0.0002,0
TX_0005550,2026-03-03 16:44:42,U01786,U00200,0,,0.0002,0
TX_0005551,2026-03-03 16:46:03,U01466,U00196,0,,0.0002,0
TX_0005552,2026-03-03 16:47:11,U00971,U00260,0,,0.0002,0
TX_0005553,2026-03-03 16:53:26,U00683,U00970,0,,0.0003,0
TX_0005554,2026-03-03 17:03:14,U00460,U01521,0,,0.0002,0
TX_0005555,2026-03-03 17:08:26,U00974,U00160,0,,0.0002,0
TX_0005556,2026-03-03 17:27:24,U00916,U01592,0,,0.0002,0
TX_0005557,2026-03-03 17:32:56,U01990,U01251,0,,1e-04,0
TX_0005558,2026-03-03 17:40:30,U00413,U01134,0,,0.0002,0
TX_0005559,2026-03-03 17:41:07,U00566,U01012,0,,1e-04,0
TX_0005560,2026-03-03 17:41:37,U00109,U01504,0,,0.0002,0
TX_0005561,2026-03-03 17:43:59,U01511,U01965,0,,1e-04,0
TX_0005562,2026-03-03 17:48:44,U00391,U01114,0,,0.0002,0
TX_0005563,2026-03-03 17:51:47,U00319,U00631,0,,0.0003,0
TX_0005564,2026-03-03 17:52:32,U01170,U01295,0,,1e-04,0
TX_0005565,2026-03-03 18:07:57,U00640,U01717,0,,0.0002,0
TX_0005566,2026-03-03 18:11:19,U01910,U01681,0,,0.0003,0
TX_0005567,2026-03-03 18:14:14,U00781,U01982,0,,0.0002,0
TX_0005568,2026-03-03 18:17:25,U00361,U00612,0,,1e-04,0
TX_0005569,2026-03-03 18:18:54,U01338,U00009,0,,1e-04,0
TX_0005570,2026-03-03 18:26:02,U01691,U00136,0,,1e-04,0
TX_0005571,2026-03-03 18:44:02,U01216,U01672,0,,0.0002,0
TX_0005572,2026-03-03 18:44:15,U00959,U01519,0,,0.0002,0
TX_0005573,2026-03-03 18:46:40,U00159,U01462,0,,0.0002,0
TX_0005574,2026-03-03 18:56:34,U00728,U00709,0,,1e-04,0
TX_0005575,2026-03-03 18:57:42,U00740,U01805,0,,0.0002,0
TX_0005576,2026-03-03 19:23:11,U01003,U01496,0,,1e-04,0
TX_0005577,2026-03-03 19:33:01,U01542,U00142,0,,1e-04,0
TX_0005578,2026-03-03 19:34:44,U01510,U01708,0,,1e-04,0
TX_0005579,2026-03-03 19:38:38,U01559,U00837,0,,0.0002,0
TX_0005580,2026-03-03 19:39:03,U00721,U00581,0,,0.0004,0
TX_0005581,2026-03-03 19:54:43,U01241,U01474,0,,0.0002,0
TX_0005582,2026-03-03 20:04:52,U01364,U00789,0,,0.0002,0
TX_0005583,2026-03-03 20:10:07,U00910,U01164,0,,0.0002,0
TX_0005584,2026-03-03 20:21:51,U00289,U01399,0,,0.0002,0
TX_0005585,2026-03-03 20:25:21,U01805,U00325,0,,1e-04,0
TX_0005586,2026-03-03 20:33:04,U00860,U00152,0,,1e-04,0
TX_0005587,2026-03-03 20:35:02,U01518,U00361,0,,1e-04,0
TX_0005588,2026-03-03 20:35:33,U00347,U01475,0,,0.0002,0
TX_0005589,2026-03-03 20:46:38,U01874,U00551,0,,0.0002,0
TX_0005590,2026-03-03 21:03:12,U01058,U00573,0,,1e-04,0
TX_0005591,2026-03-03 21:05:57,U00909,U01772,0,,1e-04,0
TX_0005592,2026-03-03 21:12:21,U01426,U00524,0,,0.0003,0
TX_0005593,2026-03-03 21:24:34,U00784,U01828,0,,0.0002,0
TX_0005594,2026-03-03 21:38:05,U00984,U00757,0,,1e-04,0
TX_0005595,2026-03-03 21:57:02,U00783,U01326,0,,0.0002,0
TX_0005596,2026-03-03 22:02:10,U01915,U01960,0,,1e-04,0
TX_0005597,2026-03-03 22:06:20,U00059,U01684,0,,1e-04,0
TX_0005598,2026-03-03 22:29:59,U01085,U00263,0,,1e-04,0
TX_0005599,2026-03-03 22:39:41,U01909,U00325,0,,1e-04,0
TX_0005600,2026-03-03 22:45:07,U00989,U00247,0,,0.0003,0
TX_0005601,2026-03-03 22:57:53,U00417,U00908,0,,1e-04,0
TX_0005602,2026-03-03 23:27:51,U01889,U00985,0,,0.0002,0
TX_0005603,2026-03-03 23:39:39,U00654,U01244,0,,0.0002,0
TX_0005604,2026-03-04 00:03:15,U00586,U00386,0,,0.0002,0
TX_0005605,2026-03-04 00:12:07,U01227,U00853,0,,0.0002,0
TX_0005606,2026-03-04 00:24:28,U00654,U01381,0,,0.0006,0
TX_0005607,2026-03-04 00:24:41,U01943,U00955,0,,0.0002,0
TX_0005608,2026-03-04 00:48:00,U01244,U01535,0,,0.0003,0
TX_0005609,2026-03-04 00:50:02,U00619,U00210,0,,0.0002,0
TX_0005610,2026-03-04 00:52:36,U00739,U00043,0,,0.0002,0
TX_0005611,2026-03-04 00:56:29,U00551,U00183,0,,0.0002,0
TX_0005612,2026-03-04 00:58:31,U00221,U00611,0,,0.0002,0
TX_0005613,2026-03-04 01:28:39,U00915,U00676,0,,0.0002,0
TX_0005614,2026-03-04 01:36:24,U01125,U01895,0,,0.0002,0
TX_0005615,2026-03-04 02:07:45,U00284,U00098,0,,0.0003,0
TX_0005616,2026-03-04 06:34:05,U01804,U00745,0,,0.0002,0
TX_0005617,2026-03-04 06:37:47,U01525,U00658,0,,0.0002,0
TX_0005618,2026-03-04 06:38:47,U00665,U00045,0,,0.0002,0
TX_0005619,2026-03-04 07:07:25,U01074,U01434,0,,0.0003,0
TX_0005620,2026-03-04 07:07:37,U00490,U01377,0,,0.0002,0
TX_0005621,2026-03-04 07:23:34,U01568,U00043,0,,0.0002,0
TX_0005622,2026-03-04 07:25:39,U00803,U00383,0,,0.0002,0
TX_0005623,2026-03-04 07:28:29,U01352,U00476,0,,0.0002,0
TX_0005624,2026-03-04 08:02:41,U00208,U00057,0,,0.0002,0
TX_0005625,2026-03-04 08:03:50,U00440,U00721,0,,0.0002,0
TX_0005626,2026-03-04 08:29:55,U00303,U00412,0,,0.0002,0
TX_0005627,2026-03-04 08:31:48,U00086,U01108,0,,0.0002,0
TX_0005628,2026-03-04 08:36:59,U00574,U01537,0,,0.0002,0
TX_0005629,2026-03-04 08:47:27,U00459,U00049,0,,0.0002,0
TX_0005630,2026-03-04 08:48:22,U00660,U01165,0,,0.0002,0
TX_0005631,2026-03-04 08:58:25,U00673,U00596,0,,0.0002,0
TX_0005632,2026-03-04 09:00:10,U00422,U00988,0,,0.0002,0
TX_0005633,2026-03-04 09:00:12,U01520,U01868,0,,0.0002,0
TX_0005634,2026-03-04 09:00:48,U01016,U00224,0,,0.0002,0
TX_0005635,2026-03-04 09:06:47,U00572,U00418,0,,0.0002,0
TX_0005636,2026-03-04 09:08:21,U01246,U00924,0,,0.0002,0
TX_0005637,2026-03-04 09:12:40,U01629,U00827,0,,0.0002,0
TX_0005638,2026-03-04 09:16:57,U00411,U00176,0,,0.0002,0
TX_0005639,2026-03-04 09:35:05,U00696,U00674,0,,0.0008,0
TX_0005640,2026-03-04 09:43:40,U01483,U01727,0,,0.0002,0
TX_0005641,2026-03-04 10:00:47,U01607,U01697,0,,0.0004,0
TX_0005642,2026-03-04 10:06:27,U01420,U01645,0,,0.0003,0
TX_0005643,2026-03-04 10:16:55,U01834,U01157,0,,0.0002,0
TX_0005644,2026-03-04 10:23:57,U00780,U01444,0,,0.0002,0
TX_0005645,2026-03-04 10:26:33,U01487,U01555,0,,0.0002,0
TX_0005646,2026-03-04 10:29:22,U01672,U01509,0,,0.0002,0
TX_0005647,2026-03-04 10:34:26,U01470,U01292,0,,0.0002,0
TX_0005648,2026-03-04 10:37:58,U00411,U01196,0,,0.0002,0
TX_0005649,2026-03-04 10:51:29,U00249,U01785,0,,0.0002,0
TX_0005650,2026-03-04 11:06:46,U01024,U01917,0,,0.0002,0
TX_0005651,2026-03-04 11:07:11,U01548,U01972,0,,0.0002,0
TX_0005652,2026-03-04 11:10:01,U00859,U00314,0,,0.0003,0
TX_0005653,2026-03-04 11:11:39,U00583,U01756,0,,0.0008,0
TX_0005654,2026-03-04 11:12:54,U00131,U01875,0,,0.0002,0
TX_0005655,2026-03-04 11:19:53,U01734,U00413,0,,0.0003,0
TX_0005656,2026-03-04 11:23:27,U00328,U00183,0,,0.0002,0
TX_0005657,2026-03-04 11:30:32,U01006,U01170,0,,0.0004,0
TX_0005658,2026-03-04 11:32:15,U00284,U00098,0,,0.0002,0
TX_0005659,2026-03-04 11:33:42,U01247,U01717,0,,0.0002,0
TX_0005660,2026-03-04 11:39:54,U01706,U00220,0,,0.0003,0
TX_0005661,2026-03-04 11:39:58,U01600,U00289,0,,0.0002,0
TX_0005662,2026-03-04 11:49:45,U01411,U01231,0,,0.0002,0
TX_0005663,2026-03-04 11:55:08,U01536,U01530,0,,0.0002,0
TX_0005664,2026-03-04 11:57:02,U01483,U01715,0,,0.0003,0
TX_0005665,2026-03-04 11:59:27,U01183,U01361,0,,0.0002,0
TX_0005666,2026-03-04 12:02:33,U01091,U01561,0,,0.0003,0
TX_0005667,2026-03-04 12:03:33,U01352,U00453,0,,0.0003,0
TX_0005668,2026-03-04 12:04:11,U01099,U01116,0,,0.0002,0
TX_0005669,2026-03-04 12:18:21,U01352,U01125,0,,0.0002,0
TX_0005670,2026-03-04 12:26:33,U00785,U01169,0,,0.0002,0
TX_0005671,2026-03-04 12:26:57,U00457,U00417,0,,0.0003,0
TX_0005672,2026-03-04 12:30:45,U00891,U01572,0,,0.0002,0
TX_0005673,2026-03-04 12:34:15,U00635,U01861,0,,0.0002,0
TX_0005674,2026-03-04 12:36:59,U00166,U01857,0,,1e-04,0
TX_0005675,2026-03-04 13:06:10,U01950,U00433,0,,1e-04,0
TX_0005676,2026-03-04 13:06:39,U00301,U00025,0,,0.0002,0
TX_0005677,2026-03-04 13:08:08,U00626,U00523,0,,0.0002,0
TX_0005678,2026-03-04 13:12:28,U01110,U01768,0,,0.0002,0
TX_0005679,2026-03-04 13:16:58,U01047,U01269,0,,1e-04,0
TX_0005680,2026-03-04 13:17:39,U00384,U01571,0,,0.0003,0
TX_0005681,2026-03-04 13:19:27,U00679,U00290,0,,1e-04,0
TX_0005682,2026-03-04 13:19:52,U01189,U01770,0,,0.0002,0
TX_0005683,2026-03-04 13:20:12,U01175,U01457,0,,0.0005,0
TX_0005684,2026-03-04 13:23:07,U01317,U01314,0,,0.0002,0
TX_0005685,2026-03-04 13:24:14,U00908,U01989,0,,0.0002,0
TX_0005686,2026-03-04 13:32:30,U00604,U01149,0,,0.0002,0
TX_0005687,2026-03-04 13:38:10,U01730,U00895,0,,0.0003,0
TX_0005688,2026-03-04 13:39:56,U00270,U00034,0,,1e-04,0
TX_0005689,2026-03-04 13:42:12,U00421,U00394,0,,0.0002,0
TX_0005690,2026-03-04 13:55:06,U01818,U01611,0,,1e-04,0
TX_0005691,2026-03-04 14:01:59,U01008,U01297,0,,0.0003,0
TX_0005692,2026-03-04 14:08:06,U00597,U00058,0,,1e-04,0
TX_0005693,2026-03-04 14:14:14,U01407,U00094,0,,1e-04,0
TX_0005694,2026-03-04 14:19:25,U01240,U00078,0,,0.0002,0
TX_0005695,2026-03-04 14:42:57,U01479,U00650,0,,0.0003,0
TX_0005696,2026-03-04 14:55:18,U00963,U00341,0,,0.0002,0
TX_0005697,2026-03-04 14:55:45,U00984,U01514,0,,0.0002,0
TX_0005698,2026-03-04 15:00:01,U01045,U01648,0,,0.0003,0
TX_0005699,2026-03-04 15:04:24,U00466,U00888,0,,0.0003,0
TX_0005700,2026-03-04 15:13:47,U00868,U00833,0,,0.0002,0
TX_0005701,2026-03-04 15:31:53,U01231,U01990,0,,0.0006,0
TX_0005702,2026-03-04 15:33:12,U00176,U01562,0,,1e-04,0
TX_0005703,2026-03-04 15:39:48,U01959,U01614,0,,0.0002,0
TX_0005704,2026-03-04 15:40:12,U01171,U01963,0,,1e-04,0
TX_0005705,2026-03-04 15:45:55,U00630,U00540,0,,0.0002,0
TX_0005706,2026-03-04 15:46:31,U00045,U01854,0,,1e-04,0
TX_0005707,2026-03-04 15:52:47,U01664,U00874,0,,1e-04,0
TX_0005708,2026-03-04 15:56:39,U01689,U01269,0,,0.0002,0
TX_0005709,2026-03-04 15:59:21,U00365,U00449,0,,0.0003,0
TX_0005710,2026-03-04 16:02:18,U00334,U01112,0,,0.0002,0
TX_0005711,2026-03-04 16:10:36,U00987,U01381,0,,0.003,0
TX_0005712,2026-03-04 16:16:16,U01546,U00339,0,,0.0003,0
TX_0005713,2026-03-04 16:37:57,U01800,U00323,0,,0.0002,0
TX_0005714,2026-03-04 16:38:55,U01956,U00384,0,,0.0002,0
TX_0005715,2026-03-04 16:42:42,U00717,U00174,0,,0.0003,0
TX_0005716,2026-03-04 16:47:46,U01395,U00823,0,,0.0002,0
TX_0005717,2026-03-04 16:48:52,U01397,U00405,0,,0.0002,0
TX_0005718,2026-03-04 17:00:40,U01034,U01943,0,,1e-04,0
TX_0005719,2026-03-04 17:08:00,U01946,U00169,0,,0.0003,0
TX_0005720,2026-03-04 17:08:20,U01101,U00558,0,,0.0003,0
TX_0005721,2026-03-04 17:14:56,U01949,U01433,0,,1e-04,0
TX_0005722,2026-03-04 17:23:59,U00924,U01829,0,,0.0002,0
TX_0005723,2026-03-04 17:25:29,U01551,U01942,0,,1e-04,0
TX_0005724,2026-03-04 17:37:47,U00945,U00912,0,,1e-04,0
TX_0005725,2026-03-04 17:50:02,U00624,U01381,0,,0.0002,0
TX_0005726,2026-03-04 17:56:04,U00821,U01739,0,,0.0002,0
TX_0005727,2026-03-04 17:57:32,U01567,U01479,0,,0.0002,0
TX_0005728,2026-03-04 18:04:15,U01068,U00157,0,,0.0002,0
TX_0005729,2026-03-04 18:05:16,U01679,U00578,0,,1e-04,0
TX_0005730,2026-03-04 18:05:50,U01717,U00346,0,,0.0003,0
TX_0005731,2026-03-04 18:08:22,U00532,U01047,0,,0.0002,0
TX_0005732,2026-03-04 18:15:19,U01460,U01044,0,,1e-04,0
TX_0005733,2026-03-04 18:17:13,U01706,U00363,0,,1e-04,0
TX_0005734,2026-03-04 18:22:30,U01516,U00525,0,,0.0004,0
TX_0005735,2026-03-04 18:32:19,U01074,U01434,0,,1e-04,0
TX_0005736,2026-03-04 18:38:40,U01646,U01658,0,,0.0002,0
TX_0005737,2026-03-04 18:49:52,U01864,U00758,0,,0.0002,0
TX_0005738,2026-03-04 18:53:06,U01259,U00409,0,,0.0002,0
TX_0005739,2026-03-04 18:54:35,U01061,U01295,0,,0.0002,0
TX_0005740,2026-03-04 18:57:22,U00099,U01013,0,,0.0003,0
TX_0005741,2026-03-04 18:58:56,U01656,U00815,0,,1e-04,0
TX_0005742,2026-03-04 19:04:06,U01231,U01891,0,,1e-04,0
TX_0005743,2026-03-04 19:11:29,U01552,U00159,0,,0.0002,0
TX_0005744,2026-03-04 19:13:22,U01250,U00017,0,,0.0003,0
TX_0005745,2026-03-04 19:19:39,U00286,U01545,0,,0.0003,0
TX_0005746,2026-03-04 19:21:50,U01012,U01145,0,,1e-04,0
TX_0005747,2026-03-04 19:24:09,U01284,U01002,0,,0.0002,0
TX_0005748,2026-03-04 19:31:13,U00343,U01801,0,,0.0002,0
TX_0005749,2026-03-04 19:40:59,U00851,U00056,0,,0.0002,0
TX_0005750,2026-03-04 19:56:20,U00165,U00843,0,,0.0002,0
TX_0005751,2026-03-04 20:09:04,U01504,U00238,0,,0.0007,0
TX_0005752,2026-03-04 20:19:02,U01114,U01243,0,,0.0003,0
TX_0005753,2026-03-04 20:19:07,U00188,U00350,0,,1e-04,0
TX_0005754,2026-03-04 20:20:04,U00343,U01563,0,,0.0002,0
TX_0005755,2026-03-04 20:33:47,U01119,U01052,0,,1e-04,0
TX_0005756,2026-03-04 20:33:50,U00423,U00773,0,,0.0002,0
TX_0005757,2026-03-04 20:50:48,U01486,U00718,0,,0.0002,0
TX_0005758,2026-03-04 20:54:20,U01659,U00883,0,,1e-04,0
TX_0005759,2026-03-04 20:54:41,U01330,U00969,0,,0.0002,0
TX_0005760,2026-03-04 21:00:31,U00055,U00883,0,,0.0002,0
TX_0005761,2026-03-04 21:00:36,U00968,U00873,0,,0.0005,0
TX_0005762,2026-03-04 21:02:15,U01782,U01287,0,,1e-04,0
TX_0005763,2026-03-04 21:08:49,U00925,U01638,0,,1e-04,0
TX_0005764,2026-03-04 21:11:23,U01859,U00775,0,,1e-04,0
TX_0005765,2026-03-04 21:11:29,U00001,U00524,0,,0.0002,0
TX_0005766,2026-03-04 21:17:51,U01873,U01550,0,,0.0002,0
TX_0005767,2026-03-04 21:30:15,U01975,U01459,0,,0.0002,0
TX_0005768,2026-03-04 21:31:00,U01338,U00228,0,,1e-04,0
TX_0005769,2026-03-04 21:32:34,U00149,U01685,0,,0.0002,0
TX_0005770,2026-03-04 21:33:00,U01902,U00885,0,,1e-04,0
TX_0005771,2026-03-04 21:34:42,U00619,U01488,0,,1e-04,0
TX_0005772,2026-03-04 21:39:18,U01651,U01239,0,,1e-04,0
TX_0005773,2026-03-04 21:43:24,U00401,U01333,0,,0.0002,0
TX_0005774,2026-03-04 21:43:27,U00174,U00927,0,,0.0003,0
TX_0005775,2026-03-04 21:45:36,U00075,U00412,0,,1e-04,0
TX_0005776,2026-03-04 21:58:03,U01590,U00716,0,,0.0002,0
TX_0005777,2026-03-04 22:01:12,U01248,U01406,0,,0.0002,0
TX_0005778,2026-03-04 22:08:49,U00245,U00856,0,,1e-04,0
TX_0005779,2026-03-04 22:17:27,U00253,U00506,0,,0.0002,0
TX_0005780,2026-03-04 22:20:30,U01078,U01977,0,,1e-04,0
TX_0005781,2026-03-04 22:30:49,U01200,U01988,0,,0.0002,0
TX_0005782,2026-03-04 23:13:39,U00758,U01238,0,,1e-04,0
TX_0005783,2026-03-04 23:19:32,U01501,U01038,0,,0.0002,0
TX_0005784,2026-03-04 23:23:49,U00126,U00229,0,,0.0002,0
TX_0005785,2026-03-04 23:27:00,U00543,U00336,0,,1e-04,0
TX_0005786,2026-03-04 23:29:09,U01844,U01278,0,,0.0002,0
TX_0005787,2026-03-04 23:39:20,U00293,U00445,0,,1e-04,0
TX_0005788,2026-03-04 23:56:16,U01872,U00924,0,,0.0003,0
TX_0005789,2026-03-05 00:11:46,U01813,U01625,0,,0.0002,0
TX_0005790,2026-03-05 00:13:32,U00862,U01154,0,,0.0003,0
TX_0005791,2026-03-05 00:35:21,U01221,U01217,0,,0.0002,0
TX_0005792,2026-03-05 02:59:52,U00500,U00076,0,,0.0011,0
TX_0005793,2026-03-05 03:33:46,U01504,U00238,0,,0.0009,0
TX_0005794,2026-03-05 03:35:21,U00996,U01418,0,,0.0002,0
TX_0005795,2026-03-05 04:10:37,U01296,U01540,0,,0.0002,0
TX_0005796,2026-03-05 05:08:10,U00866,U01181,0,,0.0004,0
TX_0005797,2026-03-05 07:05:48,U00869,U01535,0,,0.0002,0
TX_0005798,2026-03-05 07:17:13,U01246,U01153,0,,0.0002,0
TX_0005799,2026-03-05 07:29:53,U00816,U00365,0,,0.0003,0
TX_0005800,2026-03-05 07:30:54,U00904,U00985,0,,0.0002,0
TX_0005801,2026-03-05 07:51:46,U01184,U01905,0,,0.0002,0
TX_0005802,2026-03-05 07:58:54,U00074,U01596,0,,0.0002,0
TX_0005803,2026-03-05 08:04:02,U00248,U01468,0,,0.0002,0
TX_0005804,2026-03-05 08:08:53,U01378,U01658,0,,0.0002,0
TX_0005805,2026-03-05 08:15:35,U00242,U01551,0,,0.0002,0
TX_0005806,2026-03-05 08:15:50,U01456,U01538,0,,0.0002,0
TX_0005807,2026-03-05 08:26:20,U00802,U01469,0,,0.0002,0
TX_0005808,2026-03-05 08:26:26,U00560,U00224,0,,0.0002,0
TX_0005809,2026-03-05 08:30:14,U00939,U00814,0,,0.0002,0
TX_0005810,2026-03-05 08:43:53,U01888,U01401,0,,0.0002,0
TX_0005811,2026-03-05 08:47:15,U00530,U00815,0,,0.0002,0
TX_0005812,2026-03-05 08:48:35,U01257,U00281,0,,0.0004,0
TX_0005813,2026-03-05 08:51:47,U01960,U00417,0,,0.0002,0
TX_0005814,2026-03-05 08:57:55,U00187,U00678,0,,0.0002,0
TX_0005815,2026-03-05 09:13:23,U01258,U01276,0,,0.0002,0
TX_0005816,2026-03-05 09:16:25,U00377,U00997,0,,0.0002,0
TX_0005817,2026-03-05 09:17:03,U01331,U01732,0,,0.0002,0
TX_0005818,2026-03-05 09:21:42,U00281,U00227,0,,0.0003,0
TX_0005819,2026-03-05 09:31:35,U01822,U00300,0,,0.0002,0
TX_0005820,2026-03-05 09:37:03,U00421,U00394,0,,0.0003,0
TX_0005821,2026-03-05 09:37:11,U01523,U01821,0,,0.0003,0
TX_0005822,2026-03-05 09:47:01,U01613,U00290,0,,0.0002,0
TX_0005823,2026-03-05 09:48:14,U00895,U01305,0,,0.0002,0
TX_0005824,2026-03-05 09:50:41,U01233,U01950,0,,0.0002,0
TX_0005825,2026-03-05 09:50:41,U01268,U00824,0,,0.0002,0
TX_0005826,2026-03-05 09:51:45,U00583,U01677,0,,0.0003,0
TX_0005827,2026-03-05 10:11:14,U00991,U01836,0,,0.0003,0
TX_0005828,2026-03-05 10:12:12,U01142,U01704,0,,0.0003,0
TX_0005829,2026-03-05 10:13:56,U01699,U01442,0,,0.0002,0
TX_0005830,2026-03-05 10:14:01,U01827,U01895,0,,0.0002,0
TX_0005831,2026-03-05 10:21:58,U00130,U00682,0,,0.0003,0
TX_0005832,2026-03-05 10:32:21,U00317,U01935,0,,0.0002,0
TX_0005833,2026-03-05 10:34:58,U00418,U00032,0,,0.0002,0
TX_0005834,2026-03-05 10:37:19,U00370,U01073,0,,0.0002,0
TX_0005835,2026-03-05 10:40:36,U01837,U01437,0,,0.0003,0
TX_0005836,2026-03-05 10:52:37,U01442,U00747,0,,0.0006,0
TX_0005837,2026-03-05 10:53:28,U01127,U01102,0,,0.0002,0
TX_0005838,2026-03-05 10:53:59,U00013,U00974,0,,0.0002,0
TX_0005839,2026-03-05 11:06:05,U00342,U01814,0,,0.0002,0
TX_0005840,2026-03-05 11:06:53,U01915,U01504,0,,0.0002,0
TX_0005841,2026-03-05 11:07:16,U01726,U00514,0,,0.0003,0
TX_0005842,2026-03-05 11:10:09,U01297,U00890,0,,0.0002,0
TX_0005843,2026-03-05 11:30:00,U00334,U00639,0,,0.0003,0
TX_0005844,2026-03-05 11:31:35,U00358,U01471,0,,0.0002,0
TX_0005845,2026-03-05 11:35:44,U01101,U01448,0,,0.0002,0
TX_0005846,2026-03-05 11:39:03,U01313,U00637,0,,0.0003,0
TX_0005847,2026-03-05 11:41:26,U01869,U00791,0,,0.0003,0
TX_0005848,2026-03-05 11:41:52,U01421,U01741,0,,0.0002,0
TX_0005849,2026-03-05 11:44:13,U01982,U01477,0,,0.0002,0
TX_0005850,2026-03-05 11:45:22,U00937,U01010,0,,0.0002,0
TX_0005851,2026-03-05 11:50:34,U00190,U01347,0,,0.0002,0
TX_0005852,2026-03-05 11:56:23,U01863,U01923,0,,0.0002,0
TX_0005853,2026-03-05 11:59:30,U01978,U01130,0,,0.0002,0
TX_0005854,2026-03-05 12:13:20,U01350,U00630,0,,0.0002,0
TX_0005855,2026-03-05 12:26:36,U00187,U01328,0,,1e-04,0
TX_0005856,2026-03-05 12:29:16,U01384,U00018,0,,0.0002,0
TX_0005857,2026-03-05 12:34:08,U01344,U00782,0,,0.0002,0
TX_0005858,2026-03-05 12:39:56,U00284,U00576,0,,0.0002,0
TX_0005859,2026-03-05 12:47:04,U01625,U01498,0,,0.0002,0
TX_0005860,2026-03-05 12:59:40,U00370,U00338,0,,1e-04,0
TX_0005861,2026-03-05 13:02:46,U01626,U00188,0,,0.0002,0
TX_0005862,2026-03-05 13:03:07,U00155,U01551,0,,0.0002,0
TX_0005863,2026-03-05 13:03:09,U00176,U00454,0,,1e-04,0
TX_0005864,2026-03-05 13:12:22,U00564,U01699,0,,1e-04,0
TX_0005865,2026-03-05 13:17:41,U01067,U01638,0,,1e-04,0
TX_0005866,2026-03-05 13:22:21,U01514,U01033,0,,1e-04,0
TX_0005867,2026-03-05 13:33:45,U00757,U00545,0,,0.0002,0
TX_0005868,2026-03-05 13:37:19,U00789,U00156,0,,0.0002,0
TX_0005869,2026-03-05 13:40:04,U01576,U01982,0,,1e-04,0
TX_0005870,2026-03-05 13:45:50,U00844,U01832,0,,0.0002,0
TX_0005871,2026-03-05 13:46:37,U00994,U00300,0,,1e-04,0
TX_0005872,2026-03-05 14:02:17,U01732,U01738,0,,0.0003,0
TX_0005873,2026-03-05 14:02:46,U00929,U01420,0,,0.0002,0
TX_0005874,2026-03-05 14:05:10,U01898,U00548,0,,0.0002,0
TX_0005875,2026-03-05 14:12:58,U01204,U01355,0,,0.0002,0
TX_0005876,2026-03-05 14:21:27,U01816,U01178,0,,0.0005,0
TX_0005877,2026-03-05 14:56:07,U01401,U01530,0,,0.0002,0
TX_0005878,2026-03-05 14:56:26,U00121,U00136,0,,0.0002,0
TX_0005879,2026-03-05 14:58:40,U00055,U00962,0,,0.0003,0
TX_0005880,2026-03-05 15:01:52,U00352,U01354,0,,0.0002,0
TX_0005881,2026-03-05 15:02:24,U01700,U00784,0,,1e-04,0
TX_0005882,2026-03-05 15:22:52,U01843,U00132,0,,0.0002,0
TX_0005883,2026-03-05 15:23:56,U01618,U00437,0,,0.0002,0
TX_0005884,2026-03-05 15:39:14,U01751,U01658,0,,0.0002,0
TX_0005885,2026-03-05 15:48:35,U00734,U01520,0,,0.0002,0
TX_0005886,2026-03-05 15:58:37,U01911,U00507,0,,1e-04,0
TX_0005887,2026-03-05 16:04:13,U00939,U00381,0,,0.0002,0
TX_0005888,2026-03-05 16:07:13,U00563,U01537,0,,1e-04,0
TX_0005889,2026-03-05 16:07:54,U00590,U01279,0,,0.0002,0
TX_0005890,2026-03-05 16:13:38,U01041,U01192,0,,0.0002,0
TX_0005891,2026-03-05 16:20:51,U01279,U00180,0,,0.0002,0
TX_0005892,2026-03-05 16:24:15,U01664,U01544,0,,1e-04,0
TX_0005893,2026-03-05 16:30:19,U00839,U00022,0,,0.0002,0
TX_0005894,2026-03-05 16:30:45,U01562,U01146,0,,0.0002,0
TX_0005895,2026-03-05 16:31:56,U01291,U01592,0,,0.0002,0
TX_0005896,2026-03-05 16:44:29,U01475,U01464,0,,1e-04,0
TX_0005897,2026-03-05 16:59:08,U00636,U00052,0,,1e-04,0
TX_0005898,2026-03-05 17:14:04,U00848,U01817,0,,1e-04,0
TX_0005899,2026-03-05 17:29:36,U00365,U00995,0,,0.0002,0
TX_0005900,2026-03-05 17:33:56,U00856,U00509,0,,1e-04,0
TX_0005901,2026-03-05 17:42:51,U00994,U01497,0,,1e-04,0
TX_0005902,2026-03-05 17:59:56,U00033,U01691,0,,1e-04,0
TX_0005903,2026-03-05 18:00:16,U00286,U01475,0,,0.0002,0
TX_0005904,2026-03-05 18:03:33,U00783,U01436,0,,0.0002,0
TX_0005905,2026-03-05 18:09:40,U00599,U00945,0,,0.0002,0
TX_0005906,2026-03-05 18:11:18,U00218,U00533,0,,0.0003,0
TX_0005907,2026-03-05 18:39:15,U00063,U00040,0,,0.0002,0
TX_0005908,2026-03-05 18:43:35,U00245,U00118,0,,1e-04,0
TX_0005909,2026-03-05 19:03:28,U01880,U00958,0,,1e-04,0
TX_0005910,2026-03-05 19:06:50,U00244,U01072,0,,0.0002,0
TX_0005911,2026-03-05 19:10:42,U01333,U01532,0,,0.0002,0
TX_0005912,2026-03-05 19:22:33,U01855,U00023,0,,0.0002,0
TX_0005913,2026-03-05 19:24:02,U01413,U01878,0,,1e-04,0
TX_0005914,2026-03-05 19:28:49,U01212,U01359,0,,0.0002,0
TX_0005915,2026-03-05 19:46:19,U01218,U01741,0,,1e-04,0
TX_0005916,2026-03-05 19:48:47,U00361,U01220,0,,1e-04,0
TX_0005917,2026-03-05 19:49:45,U01319,U00100,0,,1e-04,0
TX_0005918,2026-03-05 19:52:45,U00686,U01777,0,,0.0002,0
TX_0005919,2026-03-05 19:54:59,U01632,U00170,0,,0.0002,0
TX_0005920,2026-03-05 20:08:47,U01366,U01031,0,,0.0002,0
TX_0005921,2026-03-05 20:09:35,U00718,U00740,0,,0.0002,0
TX_0005922,2026-03-05 20:13:37,U01319,U00110,0,,1e-04,0
TX_0005923,2026-03-05 20:24:25,U00399,U00323,0,,0.0002,0
TX_0005924,2026-03-05 20:31:51,U00184,U01768,0,,0.0002,0
TX_0005925,2026-03-05 20:45:23,U00071,U01321,0,,1e-04,0
TX_0005926,2026-03-05 20:55:41,U00329,U01501,0,,1e-04,0
TX_0005927,2026-03-05 21:11:40,U01559,U00837,0,,0.0002,0
TX_0005928,2026-03-05 21:16:21,U00777,U00385,0,,0.0002,0
TX_0005929,2026-03-05 21:19:29,U00926,U01552,0,,0.0002,0
TX_0005930,2026-03-05 21:43:11,U00700,U00336,0,,0.0002,0
TX_0005931,2026-03-05 21:49:12,U00397,U01846,0,,1e-04,0
TX_0005932,2026-03-05 21:52:23,U01137,U00647,0,,1e-04,0
TX_0005933,2026-03-05 21:57:08,U00988,U01429,0,,1e-04,0
TX_0005934,2026-03-05 22:20:07,U01448,U00676,0,,1e-04,0
TX_0005935,2026-03-05 22:25:34,U00022,U01308,0,,0.0002,0
TX_0005936,2026-03-05 22:29:42,U01557,U01149,0,,1e-04,0
TX_0005937,2026-03-05 22:33:47,U01902,U00681,0,,0.0002,0
TX_0005938,2026-03-05 22:53:55,U01028,U00875,0,,1e-04,0
TX_0005939,2026-03-05 23:10:09,U00897,U00158,0,,0.0003,0
TX_0005940,2026-03-05 23:14:49,U00451,U00624,0,,1e-04,0
TX_0005941,2026-03-05 23:16:53,U01520,U01702,0,,1e-04,0
TX_0005942,2026-03-05 23:21:31,U00242,U01525,0,,0.0002,0
TX_0005943,2026-03-05 23:32:37,U00005,U01418,0,,0.0002,0
TX_0005944,2026-03-05 23:41:05,U01269,U00568,0,,1e-04,0
TX_0005945,2026-03-05 23:58:24,U01526,U00222,0,,0.0002,0
TX_0005946,2026-03-05 23:59:01,U01022,U01481,0,,1e-04,0
TX_0005947,2026-03-06 00:13:09,U00255,U00039,0,,0.0002,0
TX_0005948,2026-03-06 00:51:25,U00932,U00967,0,,0.0002,0
TX_0005949,2026-03-06 00:59:39,U00677,U00981,0,,0.0004,0
TX_0005950,2026-03-06 01:43:05,U00585,U01280,0,,0.0002,0
TX_0005951,2026-03-06 03:14:50,U01824,U01763,0,,0.0003,0
TX_0005952,2026-03-06 03:23:05,U01727,U00561,0,,0.0002,0
TX_0005953,2026-03-06 03:41:53,U00034,U01898,0,,0.0002,0
TX_0005954,2026-03-06 04:32:56,U00715,U01651,0,,0.0002,0
TX_0005955,2026-03-06 05:02:14,U01435,U01861,0,,0.0003,0
TX_0005956,2026-03-06 05:22:47,U01258,U01163,0,,0.0002,0
TX_0005957,2026-03-06 07:11:46,U01726,U00171,0,,0.0002,0
TX_0005958,2026-03-06 07:22:23,U01196,U01067,0,,0.0002,0
TX_0005959,2026-03-06 07:27:03,U00368,U01279,0,,0.0002,0
TX_0005960,2026-03-06 07:51:59,U00934,U01702,0,,0.0002,0
TX_0005961,2026-03-06 07:52:40,U01535,U00037,0,,0.0002,0
TX_0005962,2026-03-06 07:56:54,U00965,U00136,0,,0.0002,0
TX_0005963,2026-03-06 07:59:35,U00983,U01204,0,,0.0002,0
TX_0005964,2026-03-06 08:09:42,U01854,U01456,0,,0.0002,0
TX_0005965,2026-03-06 08:12:50,U01468,U00739,0,,0.0002,0
TX_0005966,2026-03-06 08:20:30,U00455,U01918,0,,0.0002,0
TX_0005967,2026-03-06 08:32:24,U00645,U01768,0,,0.0002,0
TX_0005968,2026-03-06 08:32:48,U00936,U01821,0,,0.0002,0
TX_0005969,2026-03-06 08:47:29,U00228,U00850,0,,0.0002,0
TX_0005970,2026-03-06 08:49:49,U00661,U01373,0,,0.0002,0
TX_0005971,2026-03-06 08:51:16,U00215,U00710,0,,0.0031,0
TX_0005972,2026-03-06 09:00:14,U00566,U01600,0,,0.0002,0
TX_0005973,2026-03-06 09:07:02,U00557,U01492,0,,0.0003,0
TX_0005974,2026-03-06 09:12:06,U00330,U00167,0,,0.0002,0
TX_0005975,2026-03-06 09:16:42,U00273,U00947,0,,0.0002,0
TX_0005976,2026-03-06 09:31:11,U01580,U01328,0,,0.0002,0
TX_0005977,2026-03-06 09:52:07,U00161,U01681,0,,0.0002,0
TX_0005978,2026-03-06 09:54:29,U01160,U01285,0,,0.0003,0
TX_0005979,2026-03-06 09:54:56,U00816,U00234,0,,0.0002,0
TX_0005980,2026-03-06 09:55:52,U01995,U01327,0,,0.0002,0
TX_0005981,2026-03-06 10:10:30,U01677,U01135,0,,0.0002,0
TX_0005982,2026-03-06 10:33:33,U01509,U01124,0,,0.0003,0
TX_0005983,2026-03-06 10:50:34,U01853,U01688,0,,0.0002,0
TX_0005984,2026-03-06 10:52:57,U00999,U01276,0,,0.0002,0
TX_0005985,2026-03-06 10:55:02,U00355,U00694,0,,0.0002,0
TX_0005986,2026-03-06 10:57:41,U01685,U01003,0,,0.0002,0
TX_0005987,2026-03-06 11:07:25,U00471,U00769,0,,0.0002,0
TX_0005988,2026-03-06 11:10:40,U01773,U01065,0,,0.0002,0
TX_0005989,2026-03-06 11:13:34,U00902,U01648,0,,0.0014,0
TX_0005990,2026-03-06 11:18:00,U01231,U01840,0,,0.0002,0
TX_0005991,2026-03-06 11:18:03,U01467,U01616,0,,0.0002,0
TX_0005992,2026-03-06 11:18:11,U01775,U01801,0,,0.0002,0
TX_0005993,2026-03-06 11:30:07,U01201,U00953,0,,0.0002,0
TX_0005994,2026-03-06 11:32:27,U00332,U01891,0,,0.0002,0
TX_0005995,2026-03-06 11:57:50,U01533,U00616,0,,0.0002,0
TX_0005996,2026-03-06 12:09:10,U00473,U00651,0,,0.0002,0
TX_0005997,2026-03-06 12:22:17,U00006,U01790,0,,0.0002,0
TX_0005998,2026-03-06 12:34:26,U00946,U00238,0,,0.0002,0
TX_0005999,2026-03-06 12:36:10,U01671,U01166,0,,1e-04,0
TX_0006000,2026-03-06 12:46:01,U00679,U00290,0,,1e-04,0
TX_0006001,2026-03-06 12:48:25,U00797,U00775,0,,0.0002,0
TX_0006002,2026-03-06 13:08:50,U00692,U00131,0,,0.0002,0
TX_0006003,2026-03-06 13:09:24,U00864,U00213,0,,0.0002,0
TX_0006004,2026-03-06 13:19:55,U01732,U00972,0,,0.0002,0
TX_0006005,2026-03-06 13:30:54,U01585,U01646,0,,0.0002,0
TX_0006006,2026-03-06 13:34:39,U00909,U01731,0,,1e-04,0
TX_0006007,2026-03-06 13:37:54,U00182,U01008,0,,0.0002,0
TX_0006008,2026-03-06 14:00:08,U01953,U00572,0,,1e-04,0
TX_0006009,2026-03-06 14:05:08,U01928,U00957,0,,0.0002,0
TX_0006010,2026-03-06 14:06:17,U01903,U01211,0,,0.0008,0
TX_0006011,2026-03-06 14:12:01,U01066,U01632,0,,0.0002,0
TX_0006012,2026-03-06 14:14:35,U00152,U01090,0,,0.0002,0
TX_0006013,2026-03-06 14:15:52,U01361,U01124,0,,0.0002,0
TX_0006014,2026-03-06 14:19:41,U01795,U00224,0,,0.0003,0
TX_0006015,2026-03-06 14:26:57,U00576,U01350,0,,0.0002,0
TX_0006016,2026-03-06 14:27:30,U00075,U01725,0,,1e-04,0
TX_0006017,2026-03-06 14:30:33,U00092,U00931,0,,0.0002,0
TX_0006018,2026-03-06 14:35:53,U01902,U01793,0,,1e-04,0
TX_0006019,2026-03-06 14:42:09,U00301,U01916,0,,0.001,0
TX_0006020,2026-03-06 14:42:45,U00988,U01429,0,,1e-04,0
TX_0006021,2026-03-06 14:57:45,U00393,U00561,0,,0.0002,0
TX_0006022,2026-03-06 15:00:10,U00910,U00520,0,,0.0002,0
TX_0006023,2026-03-06 15:04:10,U01098,U00147,0,,0.0002,0
TX_0006024,2026-03-06 15:16:25,U01685,U00355,0,,1e-04,0
TX_0006025,2026-03-06 15:18:41,U01873,U01648,0,,0.0002,0
TX_0006026,2026-03-06 15:23:54,U01044,U01611,0,,0.0002,0
TX_0006027,2026-03-06 15:29:27,U01298,U00670,0,,0.0003,0
TX_0006028,2026-03-06 15:39:26,U00999,U01068,0,,1e-04,0
TX_0006029,2026-03-06 15:50:29,U01286,U01300,0,,0.0002,0
TX_0006030,2026-03-06 15:57:54,U01988,U00640,0,,0.0003,0
TX_0006031,2026-03-06 16:05:36,U01863,U01923,0,,0.0002,0
TX_0006032,2026-03-06 16:13:48,U01761,U01779,0,,0.0002,0
TX_0006033,2026-03-06 16:19:24,U00580,U01075,0,,0.0002,0
TX_0006034,2026-03-06 16:29:18,U01711,U01536,0,,0.0002,0
TX_0006035,2026-03-06 16:36:26,U00873,U01181,0,,0.0003,0
TX_0006036,2026-03-06 16:49:19,U00116,U00966,0,,0.0007,0
TX_0006037,2026-03-06 16:53:18,U00265,U00832,0,,0.0002,0
TX_0006038,2026-03-06 16:54:09,U01271,U01769,0,,1e-04,0
TX_0006039,2026-03-06 16:59:00,U01671,U00483,0,,1e-04,0
TX_0006040,2026-03-06 17:01:49,U01449,U01860,0,,0.0002,0
TX_0006041,2026-03-06 17:07:49,U00874,U01480,0,,0.0002,0
TX_0006042,2026-03-06 17:12:11,U01555,U00377,0,,1e-04,0
TX_0006043,2026-03-06 17:24:32,U00787,U00433,0,,0.0002,0
TX_0006044,2026-03-06 17:32:43,U01303,U00865,0,,1e-04,0
TX_0006045,2026-03-06 17:48:16,U00678,U01926,0,,1e-04,0
TX_0006046,2026-03-06 17:57:01,U00234,U00044,0,,0.0002,0
TX_0006047,2026-03-06 17:59:52,U00281,U01714,0,,0.0002,0
TX_0006048,2026-03-06 18:04:11,U00932,U00464,0,,1e-04,0
TX_0006049,2026-03-06 18:08:11,U01634,U01746,0,,0.0003,0
TX_0006050,2026-03-06 18:14:38,U00701,U00385,0,,0.0002,0
TX_0006051,2026-03-06 18:15:32,U00109,U00987,0,,0.0002,0
TX_0006052,2026-03-06 18:21:33,U01761,U01043,0,,0.0002,0
TX_0006053,2026-03-06 18:31:58,U01382,U00250,0,,0.0002,0
TX_0006054,2026-03-06 18:34:06,U00414,U01588,0,,0.0002,0
TX_0006055,2026-03-06 18:40:04,U01895,U00322,0,,1e-04,0
TX_0006056,2026-03-06 18:43:03,U01074,U01434,0,,1e-04,0
TX_0006057,2026-03-06 18:54:55,U01469,U00035,0,,0.0002,0
TX_0006058,2026-03-06 18:59:02,U01860,U00156,0,,0.0002,0
TX_0006059,2026-03-06 19:01:39,U01666,U01068,0,,0.0002,0
TX_0006060,2026-03-06 19:05:01,U00243,U01312,0,,1e-04,0
TX_0006061,2026-03-06 19:07:26,U00461,U01505,0,,0.0002,0
TX_0006062,2026-03-06 19:17:17,U01214,U00977,0,,0.0002,0
TX_0006063,2026-03-06 19:18:07,U01289,U00525,0,,0.0002,0
TX_0006064,2026-03-06 19:25:21,U00699,U00290,0,,0.0004,0
TX_0006065,2026-03-06 19:34:24,U01579,U00593,0,,0.0002,0
TX_0006066,2026-03-06 19:41:09,U01229,U01198,0,,0.0002,0
TX_0006067,2026-03-06 19:46:45,U00158,U00544,0,,0.0002,0
TX_0006068,2026-03-06 19:52:05,U01485,U00361,0,,0.0002,0
TX_0006069,2026-03-06 20:08:08,U01109,U00642,0,,0.0002,0
TX_0006070,2026-03-06 20:13:27,U01267,U01102,0,,0.0002,0
TX_0006071,2026-03-06 20:17:22,U00326,U01644,0,,0.0002,0
TX_0006072,2026-03-06 20:23:19,U00968,U00873,0,,0.0002,0
TX_0006073,2026-03-06 20:29:40,U01544,U01404,0,,1e-04,0
TX_0006074,2026-03-06 20:37:39,U00700,U01639,0,,0.0002,0
TX_0006075,2026-03-06 20:41:21,U01238,U00851,0,,0.0002,0
TX_0006076,2026-03-06 20:50:28,U01895,U00045,0,,1e-04,0
TX_0006077,2026-03-06 20:52:51,U01169,U00823,0,,0.0002,0
TX_0006078,2026-03-06 21:02:58,U00115,U00877,0,,1e-04,0
TX_0006079,2026-03-06 21:05:06,U00633,U00791,0,,0.0002,0
TX_0006080,2026-03-06 21:06:11,U01529,U00036,0,,0.0003,0
TX_0006081,2026-03-06 21:15:49,U01217,U01968,0,,1e-04,0
TX_0006082,2026-03-06 21:22:16,U01336,U01576,0,,1e-04,0
TX_0006083,2026-03-06 21:22:56,U01671,U01166,0,,0.0003,0
TX_0006084,2026-03-06 21:23:54,U00463,U01204,0,,0.0002,0
TX_0006085,2026-03-06 21:27:47,U01503,U01142,0,,0.0002,0
TX_0006086,2026-03-06 21:34:34,U00571,U01022,0,,0.0002,0
TX_0006087,2026-03-06 21:38:10,U01267,U00977,0,,1e-04,0
TX_0006088,2026-03-06 21:49:08,U01798,U01947,0,,1e-04,0
TX_0006089,2026-03-06 21:52:34,U01883,U01523,0,,0.0002,0
TX_0006090,2026-03-06 21:58:01,U00014,U00872,0,,0.0002,0
TX_0006091,2026-03-06 22:13:58,U01977,U01526,0,,1e-04,0
TX_0006092,2026-03-06 22:14:38,U00784,U01685,0,,0.0002,0
TX_0006093,2026-03-06 22:36:49,U01747,U01625,0,,0.0002,0
TX_0006094,2026-03-06 22:38:02,U00349,U00713,0,,0.0002,0
TX_0006095,2026-03-06 22:41:12,U01201,U00774,0,,0.0002,0
TX_0006096,2026-03-06 22:42:54,U01435,U00666,0,,0.0002,0
TX_0006097,2026-03-06 22:46:51,U01231,U01840,0,,1e-04,0
TX_0006098,2026-03-06 23:04:39,U01979,U00784,0,,1e-04,0
TX_0006099,2026-03-06 23:18:18,U01427,U01856,0,,0.0002,0
TX_0006100,2026-03-06 23:31:11,U00772,U00975,0,,1e-04,0
TX_0006101,2026-03-06 23:33:28,U01605,U00587,0,,1e-04,0
TX_0006102,2026-03-06 23:34:39,U01230,U01333,0,,0.0002,0
TX_0006103,2026-03-06 23:35:21,U00261,U01815,0,,0.0002,0
TX_0006104,2026-03-06 23:41:16,U00809,U01031,0,,0.0002,0
TX_0006105,2026-03-06 23:54:33,U00202,U00675,0,,1e-04,0
TX_0006106,2026-03-06 23:58:01,U01140,U01829,0,,1e-04,0
TX_0006107,2026-03-07 00:18:01,U01117,U00690,0,,0.0002,0
TX_0006108,2026-03-07 00:37:42,U00319,U00631,0,,0.0002,0
TX_0006109,2026-03-07 02:02:19,U01000,U00276,0,,0.0002,0
TX_0006110,2026-03-07 07:09:54,U00663,U00097,0,,0.0002,0
TX_0006111,2026-03-07 07:29:01,U01729,U01377,0,,0.0002,0
TX_0006112,2026-03-07 07:29:09,U00314,U01641,0,,0.0002,0
TX_0006113,2026-03-07 07:32:22,U00809,U00107,0,,0.0002,0
TX_0006114,2026-03-07 07:43:43,U00843,U01453,0,,0.0002,0
TX_0006115,2026-03-07 07:48:46,U00269,U01850,0,,0.0002,0
TX_0006116,2026-03-07 07:49:36,U01846,U00905,0,,0.0002,0
TX_0006117,2026-03-07 07:50:04,U01036,U01888,0,,0.0002,0
TX_0006118,2026-03-07 07:59:35,U00397,U01846,0,,0.0003,0
TX_0006119,2026-03-07 08:21:40,U00177,U01608,0,,0.0005,0
TX_0006120,2026-03-07 08:24:24,U01460,U00151,0,,0.0002,0
TX_0006121,2026-03-07 08:32:48,U00505,U00247,0,,0.0002,0
TX_0006122,2026-03-07 08:55:13,U00162,U00846,0,,0.0002,0
TX_0006123,2026-03-07 09:08:05,U00322,U01563,0,,0.0002,0
TX_0006124,2026-03-07 09:13:17,U00073,U01917,0,,0.0002,0
TX_0006125,2026-03-07 09:35:39,U01090,U00756,0,,0.0002,0
TX_0006126,2026-03-07 09:45:56,U01718,U01206,0,,0.0002,0
TX_0006127,2026-03-07 09:56:39,U00441,U01782,0,,0.0002,0
TX_0006128,2026-03-07 10:09:13,U00012,U01281,0,,0.0003,0
TX_0006129,2026-03-07 10:13:51,U01477,U00627,0,,0.0002,0
TX_0006130,2026-03-07 10:16:33,U01809,U01446,0,,0.0002,0
TX_0006131,2026-03-07 10:17:10,U00896,U00261,0,,0.0002,0
TX_0006132,2026-03-07 10:18:51,U01353,U00363,0,,0.0002,0
TX_0006133,2026-03-07 10:21:07,U00581,U01551,0,,0.0011,0
TX_0006134,2026-03-07 10:51:11,U01786,U00200,0,,0.0005,0
TX_0006135,2026-03-07 10:52:29,U01203,U00754,0,,0.0003,0
TX_0006136,2026-03-07 10:58:21,U00737,U00746,0,,0.0002,0
TX_0006137,2026-03-07 10:58:43,U00004,U01817,0,,0.0002,0
TX_0006138,2026-03-07 11:09:42,U01443,U01870,0,,0.0004,0
TX_0006139,2026-03-07 11:16:52,U01397,U01037,0,,0.0002,0
TX_0006140,2026-03-07 11:18:39,U00601,U00277,0,,0.0002,0
TX_0006141,2026-03-07 11:20:12,U01824,U01023,0,,0.0002,0
TX_0006142,2026-03-07 11:21:43,U00987,U01381,0,,0.0002,0
TX_0006143,2026-03-07 11:26:12,U00493,U00640,0,,0.001,0
TX_0006144,2026-03-07 11:33:21,U00893,U00001,0,,0.0003,0
TX_0006145,2026-03-07 11:41:14,U01827,U01446,0,,0.0002,0
TX_0006146,2026-03-07 11:41:38,U01905,U01974,0,,0.0002,0
TX_0006147,2026-03-07 11:41:48,U00793,U01064,0,,0.0002,0
TX_0006148,2026-03-07 11:44:28,U01921,U01390,0,,0.0002,0
TX_0006149,2026-03-07 11:58:30,U01293,U01343,0,,0.0002,0
TX_0006150,2026-03-07 12:01:32,U00623,U01444,0,,0.0002,0
TX_0006151,2026-03-07 12:02:12,U00043,U00811,0,,0.0002,0
TX_0006152,2026-03-07 12:09:25,U00925,U00445,0,,1e-04,0
TX_0006153,2026-03-07 12:14:52,U00932,U00063,0,,1e-04,0
TX_0006154,2026-03-07 12:15:06,U00944,U00863,0,,0.0002,0
TX_0006155,2026-03-07 12:34:48,U00085,U01001,0,,0.0002,0
TX_0006156,2026-03-07 12:37:31,U00358,U00972,0,,0.0002,0
TX_0006157,2026-03-07 12:43:25,U01900,U01009,0,,0.0002,0
TX_0006158,2026-03-07 12:44:10,U01697,U00853,0,,1e-04,0
TX_0006159,2026-03-07 13:04:07,U00304,U00610,0,,0.0003,0
TX_0006160,2026-03-07 13:09:00,U00133,U00243,0,,0.0002,0
TX_0006161,2026-03-07 13:11:38,U00366,U01049,0,,0.0002,0
TX_0006162,2026-03-07 13:21:21,U00570,U01615,0,,0.0002,0
TX_0006163,2026-03-07 13:31:23,U00444,U01252,0,,1e-04,0
TX_0006164,2026-03-07 13:33:33,U00698,U00444,0,,0.0002,0
TX_0006165,2026-03-07 13:35:42,U01520,U01817,0,,1e-04,0
TX_0006166,2026-03-07 13:37:25,U00554,U01425,0,,0.0006,0
TX_0006167,2026-03-07 13:41:26,U01740,U00059,0,,0.0002,0
TX_0006168,2026-03-07 14:00:00,U01578,U00517,0,,0.0002,0
TX_0006169,2026-03-07 14:01:02,U00787,U01497,0,,0.0004,0
TX_0006170,2026-03-07 14:18:33,U01335,U00677,0,,1e-04,0
TX_0006171,2026-03-07 14:29:30,U01450,U01928,0,,0.0003,0
TX_0006172,2026-03-07 14:36:15,U01400,U01777,0,,0.0002,0
TX_0006173,2026-03-07 14:41:02,U00009,U00964,0,,1e-04,0
TX_0006174,2026-03-07 14:42:45,U00074,U01134,0,,0.0002,0
TX_0006175,2026-03-07 14:55:04,U00561,U01778,0,,0.0014,0
TX_0006176,2026-03-07 15:09:25,U01278,U00340,0,,0.0002,0
TX_0006177,2026-03-07 15:10:58,U00022,U00870,0,,0.0004,0
TX_0006178,2026-03-07 15:13:50,U01928,U01185,0,,1e-04,0
TX_0006179,2026-03-07 15:43:00,U01912,U00313,0,,0.0003,0
TX_0006180,2026-03-07 15:47:19,U00441,U00712,0,,0.0002,0
TX_0006181,2026-03-07 15:52:11,U01672,U01442,0,,0.0005,0
TX_0006182,2026-03-07 15:54:21,U00507,U00864,0,,0.0002,0
TX_0006183,2026-03-07 16:01:11,U01114,U01243,0,,0.0002,0
TX_0006184,2026-03-07 16:19:32,U01019,U00782,0,,0.0003,0
TX_0006185,2026-03-07 16:36:13,U01606,U01208,0,,1e-04,0
TX_0006186,2026-03-07 16:44:44,U00943,U00225,0,,0.0002,0
TX_0006187,2026-03-07 16:51:49,U00693,U01183,0,,1e-04,0
TX_0006188,2026-03-07 16:53:26,U01020,U01642,0,,0.0002,0
TX_0006189,2026-03-07 17:06:39,U01059,U01508,0,,0.0002,0
TX_0006190,2026-03-07 17:16:20,U01841,U00503,0,,1e-04,0
TX_0006191,2026-03-07 17:49:12,U00567,U01752,0,,0.0002,0
TX_0006192,2026-03-07 18:19:50,U01941,U01402,0,,0.0002,0
TX_0006193,2026-03-07 18:23:49,U01861,U00557,0,,0.0002,0
TX_0006194,2026-03-07 18:31:53,U01765,U00057,0,,1e-04,0
TX_0006195,2026-03-07 18:37:27,U01106,U01045,0,,0.0002,0
TX_0006196,2026-03-07 18:43:24,U01540,U00904,0,,1e-04,0
TX_0006197,2026-03-07 18:43:30,U00961,U00395,0,,0.0002,0
TX_0006198,2026-03-07 18:46:01,U01261,U01312,0,,0.0002,0
TX_0006199,2026-03-07 18:54:39,U00958,U00718,0,,0.0002,0
TX_0006200,2026-03-07 19:08:22,U00035,U00453,0,,1e-04,0
TX_0006201,2026-03-07 19:11:28,U01618,U00437,0,,0.0002,0
TX_0006202,2026-03-07 19:19:53,U01270,U00173,0,,0.0002,0
TX_0006203,2026-03-07 19:22:36,U00221,U00611,0,,0.0004,0
TX_0006204,2026-03-07 19:27:49,U00549,U00691,0,,0.0006,0
TX_0006205,2026-03-07 19:34:53,U00269,U01688,0,,1e-04,0
TX_0006206,2026-03-07 20:16:34,U00397,U01846,0,,1e-04,0
TX_0006207,2026-03-07 20:21:49,U00506,U01981,0,,0.0002,0
TX_0006208,2026-03-07 20:23:41,U01342,U00757,0,,1e-04,0
TX_0006209,2026-03-07 20:37:34,U01201,U00774,0,,0.0002,0
TX_0006210,2026-03-07 20:45:53,U00905,U01605,0,,0.0002,0
TX_0006211,2026-03-07 20:46:50,U01873,U01647,0,,0.0002,0
TX_0006212,2026-03-07 20:57:08,U00907,U00055,0,,0.0002,0
TX_0006213,2026-03-07 20:57:34,U00422,U00988,0,,1e-04,0
TX_0006214,2026-03-07 21:01:37,U00860,U00749,0,,1e-04,0
TX_0006215,2026-03-07 21:03:25,U00775,U01469,0,,1e-04,0
TX_0006216,2026-03-07 21:07:11,U00183,U00418,0,,0.0002,0
TX_0006217,2026-03-07 21:09:26,U00871,U01953,0,,0.0002,0
TX_0006218,2026-03-07 21:21:02,U01750,U00827,0,,0.0004,0
TX_0006219,2026-03-07 21:42:28,U00009,U01641,0,,1e-04,0
TX_0006220,2026-03-07 21:52:37,U01704,U01489,0,,0.0002,0
TX_0006221,2026-03-07 22:05:44,U00748,U00060,0,,0.0002,0
TX_0006222,2026-03-07 22:16:33,U00087,U01876,0,,0.0002,0
TX_0006223,2026-03-07 22:27:00,U01276,U01446,0,,0.0015,0
TX_0006224,2026-03-07 22:27:02,U01849,U00259,0,,1e-04,0
TX_0006225,2026-03-07 22:34:29,U01854,U01300,0,,1e-04,0
TX_0006226,2026-03-07 22:41:50,U01314,U00209,0,,1e-04,0
TX_0006227,2026-03-07 22:47:18,U00587,U01028,0,,0.0002,0
TX_0006228,2026-03-07 22:48:21,U01604,U00429,0,,0.0002,0
TX_0006229,2026-03-07 22:57:12,U00438,U00422,0,,0.0004,0
TX_0006230,2026-03-07 23:19:29,U01759,U00227,0,,0.0002,0
TX_0006231,2026-03-07 23:20:07,U01127,U00249,0,,1e-04,0
TX_0006232,2026-03-07 23:20:21,U01448,U01241,0,,1e-04,0
TX_0006233,2026-03-07 23:49:50,U01098,U00393,0,,0.0002,0
TX_0006234,2026-03-07 23:51:48,U00752,U00362,0,,0.0002,0
TX_0006235,2026-03-07 23:54:19,U01939,U01531,0,,0.0002,0
TX_0006236,2026-03-07 23:55:20,U00431,U01934,0,,0.0002,0
TX_0006237,2026-03-08 00:01:10,U01605,U01703,0,,0.0002,0
TX_0006238,2026-03-08 00:04:15,U01036,U00944,0,,0.0002,0
TX_0006239,2026-03-08 00:05:08,U00816,U00365,0,,0.0002,0
TX_0006240,2026-03-08 00:17:35,U01905,U00733,0,,0.0002,0
TX_0006241,2026-03-08 00:20:45,U00862,U01254,0,,0.0002,0
TX_0006242,2026-03-08 00:22:26,U00645,U01949,0,,0.0002,0
TX_0006243,2026-03-08 00:33:28,U01299,U01096,0,,0.0002,0
TX_0006244,2026-03-08 00:38:01,U00978,U00563,0,,0.0002,0
TX_0006245,2026-03-08 00:38:26,U01465,U01415,0,,0.0004,0
TX_0006246,2026-03-08 01:17:05,U01279,U00434,0,,0.0003,0
TX_0006247,2026-03-08 01:49:59,U01000,U01943,0,,0.0002,0
TX_0006248,2026-03-08 02:59:24,U01299,U01096,0,,0.0002,0
TX_0006249,2026-03-08 03:20:38,U00155,U01897,0,,0.0002,0
TX_0006250,2026-03-08 03:32:39,U00046,U00660,0,,0.0002,0
TX_0006251,2026-03-08 06:40:23,U01951,U00178,0,,0.0002,0
TX_0006252,2026-03-08 07:07:44,U00198,U00595,0,,0.0002,0
TX_0006253,2026-03-08 07:10:10,U00017,U01292,0,,0.0002,0
TX_0006254,2026-03-08 07:14:06,U01465,U01554,0,,0.0002,0
TX_0006255,2026-03-08 07:22:17,U01380,U01582,0,,0.0006,0
TX_0006256,2026-03-08 07:29:30,U00822,U01379,0,,0.0002,0
TX_0006257,2026-03-08 07:32:03,U00281,U01714,0,,0.0005,0
TX_0006258,2026-03-08 07:34:45,U01184,U01905,0,,0.0002,0
TX_0006259,2026-03-08 07:39:23,U00907,U00294,0,,0.0002,0
TX_0006260,2026-03-08 07:43:06,U00638,U01495,0,,0.0002,0
TX_0006261,2026-03-08 07:56:31,U01126,U00989,0,,0.0002,0
TX_0006262,2026-03-08 07:58:17,U00033,U00411,0,,0.0002,0
TX_0006263,2026-03-08 08:13:05,U01194,U01718,0,,0.0003,0
TX_0006264,2026-03-08 08:32:31,U00813,U00955,0,,0.0003,0
TX_0006265,2026-03-08 08:43:08,U01346,U01014,0,,0.0002,0
TX_0006266,2026-03-08 08:47:56,U01488,U01429,0,,0.0002,0
TX_0006267,2026-03-08 08:51:47,U01880,U01498,0,,0.0002,0
TX_0006268,2026-03-08 08:57:21,U00090,U00887,0,,0.0002,0
TX_0006269,2026-03-08 09:02:41,U00110,U00407,0,,0.0002,0
TX_0006270,2026-03-08 09:05:43,U01538,U00804,0,,0.0002,0
TX_0006271,2026-03-08 09:20:02,U01901,U00396,0,,0.0002,0
TX_0006272,2026-03-08 09:26:57,U00457,U00708,0,,0.0002,0
TX_0006273,2026-03-08 09:28:03,U01357,U00767,0,,0.0002,0
TX_0006274,2026-03-08 09:32:12,U01848,U00957,0,,0.0002,0
TX_0006275,2026-03-08 09:34:13,U00899,U00693,0,,0.0002,0
TX_0006276,2026-03-08 09:36:57,U00902,U01648,0,,0.0003,0
TX_0006277,2026-03-08 09:39:07,U01716,U00664,0,,0.0002,0
TX_0006278,2026-03-08 09:39:52,U00344,U00835,0,,0.0003,0
TX_0006279,2026-03-08 09:53:35,U01400,U00425,0,,0.0003,0
TX_0006280,2026-03-08 09:56:58,U00162,U00088,0,,0.0002,0
TX_0006281,2026-03-08 09:59:44,U01582,U00023,0,,0.0002,0
TX_0006282,2026-03-08 10:00:16,U00264,U01356,0,,0.0005,0
TX_0006283,2026-03-08 10:11:52,U01932,U01421,0,,0.0002,0
TX_0006284,2026-03-08 10:12:13,U00057,U01841,0,,0.0002,0
TX_0006285,2026-03-08 10:15:33,U01450,U01987,0,,0.0002,0
TX_0006286,2026-03-08 10:26:36,U00758,U01238,0,,0.0002,0
TX_0006287,2026-03-08 10:48:07,U00184,U01768,0,,0.0002,0
TX_0006288,2026-03-08 10:50:22,U00952,U00616,0,,0.0002,0
TX_0006289,2026-03-08 10:52:07,U00225,U00729,0,,0.0002,0
TX_0006290,2026-03-08 10:58:49,U01286,U01300,0,,0.0002,0
TX_0006291,2026-03-08 10:59:52,U01368,U01514,0,,0.0002,0
TX_0006292,2026-03-08 11:07:15,U01698,U00208,0,,0.0002,0
TX_0006293,2026-03-08 11:07:27,U00703,U01536,0,,0.0002,0
TX_0006294,2026-03-08 11:14:13,U01003,U00867,0,,0.0002,0
TX_0006295,2026-03-08 11:15:51,U01526,U00222,0,,0.0002,0
TX_0006296,2026-03-08 11:17:53,U00252,U01962,0,,0.0002,0
TX_0006297,2026-03-08 11:21:43,U00940,U00086,0,,0.0004,0
TX_0006298,2026-03-08 11:23:21,U01522,U01082,0,,0.0006,0
TX_0006299,2026-03-08 11:32:19,U01595,U00671,0,,0.0002,0
TX_0006300,2026-03-08 11:38:21,U01405,U00691,0,,0.0007,0
TX_0006301,2026-03-08 11:38:31,U01328,U00448,0,,0.0002,0
TX_0006302,2026-03-08 11:44:56,U00983,U01204,0,,0.0002,0
TX_0006303,2026-03-08 11:47:19,U00616,U00608,0,,0.0002,0
TX_0006304,2026-03-08 11:51:08,U01776,U01720,0,,0.0003,0
TX_0006305,2026-03-08 11:59:06,U00629,U00442,0,,0.0002,0
TX_0006306,2026-03-08 11:59:46,U01737,U01794,0,,0.0002,0
TX_0006307,2026-03-08 12:00:11,U00340,U00860,0,,0.0002,0
TX_0006308,2026-03-08 12:02:54,U00889,U00718,0,,1e-04,0
TX_0006309,2026-03-08 12:03:20,U00942,U00565,0,,0.0002,0
TX_0006310,2026-03-08 12:16:48,U00800,U00596,0,,1e-04,0
TX_0006311,2026-03-08 12:23:39,U01335,U01647,0,,0.0008,0
TX_0006312,2026-03-08 12:25:17,U01598,U00046,0,,0.0002,0
TX_0006313,2026-03-08 12:28:30,U00589,U01815,0,,0.0002,0
TX_0006314,2026-03-08 12:42:31,U01024,U00717,0,,0.0002,0
TX_0006315,2026-03-08 12:48:13,U01780,U00607,0,,0.0007,0
TX_0006316,2026-03-08 12:49:25,U00729,U01140,0,,1e-04,0
TX_0006317,2026-03-08 13:00:49,U01287,U00354,0,,0.0002,0
TX_0006318,2026-03-08 13:09:25,U00038,U00090,0,,1e-04,0
TX_0006319,2026-03-08 13:16:44,U01544,U00544,0,,1e-04,0
TX_0006320,2026-03-08 13:30:10,U00614,U00818,0,,0.0002,0
TX_0006321,2026-03-08 13:31:26,U01621,U01372,0,,0.0004,0
TX_0006322,2026-03-08 13:34:04,U01628,U00618,0,,0.0003,0
TX_0006323,2026-03-08 13:41:25,U01543,U00943,0,,1e-04,0
TX_0006324,2026-03-08 13:42:57,U00154,U01091,0,,0.0002,0
TX_0006325,2026-03-08 13:46:36,U01193,U01996,0,,0.0002,0
TX_0006326,2026-03-08 13:57:51,U00148,U01940,0,,0.0002,0
TX_0006327,2026-03-08 14:01:51,U00722,U00334,0,,0.0006,0
TX_0006328,2026-03-08 14:08:04,U00324,U00866,0,,0.0002,0
TX_0006329,2026-03-08 14:10:22,U00284,U00232,0,,0.0002,0
TX_0006330,2026-03-08 14:14:43,U00446,U00881,0,,0.0002,0
TX_0006331,2026-03-08 14:24:14,U00899,U01012,0,,0.0002,0
TX_0006332,2026-03-08 14:32:04,U00581,U01183,0,,0.0002,0
TX_0006333,2026-03-08 14:36:24,U01501,U00871,0,,0.0002,0
TX_0006334,2026-03-08 14:36:36,U01952,U00172,0,,0.0002,0
TX_0006335,2026-03-08 14:46:15,U00208,U01342,0,,1e-04,0
TX_0006336,2026-03-08 14:51:24,U01158,U00777,0,,1e-04,0
TX_0006337,2026-03-08 15:05:09,U01852,U01109,0,,0.0002,0
TX_0006338,2026-03-08 15:10:07,U01785,U00028,0,,0.0002,0
TX_0006339,2026-03-08 15:14:05,U01981,U00422,0,,0.0004,0
TX_0006340,2026-03-08 15:17:57,U00939,U00205,0,,0.0002,0
TX_0006341,2026-03-08 15:18:34,U01026,U00957,0,,0.0002,0
TX_0006342,2026-03-08 15:19:08,U00766,U01639,0,,0.0002,0
TX_0006343,2026-03-08 15:29:28,U01889,U00678,0,,0.0002,0
TX_0006344,2026-03-08 15:30:09,U01818,U01611,0,,1e-04,0
TX_0006345,2026-03-08 15:43:51,U00599,U00945,0,,0.0002,0
TX_0006346,2026-03-08 15:44:19,U00359,U00706,0,,0.0002,0
TX_0006347,2026-03-08 15:45:22,U01454,U00852,0,,0.0002,0
TX_0006348,2026-03-08 16:10:37,U01910,U01250,0,,1e-04,0
TX_0006349,2026-03-08 16:20:04,U00961,U01456,0,,0.0002,0
TX_0006350,2026-03-08 16:30:01,U01354,U01329,0,,0.0003,0
TX_0006351,2026-03-08 16:43:44,U01554,U01421,0,,1e-04,0
TX_0006352,2026-03-08 16:51:58,U01142,U01704,0,,1e-04,0
TX_0006353,2026-03-08 17:11:56,U00144,U01722,0,,0.0002,0
TX_0006354,2026-03-08 17:16:00,U01108,U00145,0,,0.0002,0
TX_0006355,2026-03-08 17:25:30,U01240,U01053,0,,0.0003,0
TX_0006356,2026-03-08 17:35:01,U01009,U00552,0,,1e-04,0
TX_0006357,2026-03-08 18:00:27,U00247,U00279,0,,0.0002,0
TX_0006358,2026-03-08 18:13:47,U01567,U00189,0,,0.0002,0
TX_0006359,2026-03-08 18:16:50,U00733,U01545,0,,0.0002,0
TX_0006360,2026-03-08 18:17:16,U01890,U01482,0,,0.0002,0
TX_0006361,2026-03-08 18:22:28,U01175,U01457,0,,0.0002,0
TX_0006362,2026-03-08 18:28:13,U01447,U01296,0,,0.0003,0
TX_0006363,2026-03-08 18:28:44,U01119,U01674,0,,0.0002,0
TX_0006364,2026-03-08 18:40:12,U01560,U01117,0,,0.0002,0
TX_0006365,2026-03-08 18:44:45,U00689,U01324,0,,0.0003,0
TX_0006366,2026-03-08 18:46:07,U01747,U01625,0,,1e-04,0
TX_0006367,2026-03-08 18:47:50,U00382,U01677,0,,1e-04,0
TX_0006368,2026-03-08 18:48:51,U00107,U01687,0,,0.0002,0
TX_0006369,2026-03-08 18:52:03,U00364,U01268,0,,0.0002,0
TX_0006370,2026-03-08 18:53:23,U00470,U01845,0,,0.0002,0
TX_0006371,2026-03-08 18:54:48,U01602,U01182,0,,0.0002,0
TX_0006372,2026-03-08 18:59:02,U01713,U00527,0,,0.0003,0
TX_0006373,2026-03-08 19:17:03,U00416,U00863,0,,0.0002,0
TX_0006374,2026-03-08 19:20:53,U01678,U01624,0,,0.0002,0
TX_0006375,2026-03-08 19:25:15,U00760,U01525,0,,1e-04,0
TX_0006376,2026-03-08 19:29:00,U00219,U00420,0,,1e-04,0
TX_0006377,2026-03-08 19:36:27,U00448,U01632,0,,0.0002,0
TX_0006378,2026-03-08 19:44:23,U01191,U00579,0,,0.0021,0
TX_0006379,2026-03-08 19:44:47,U01317,U00523,0,,0.0002,0
TX_0006380,2026-03-08 19:45:06,U00560,U00963,0,,0.0002,0
TX_0006381,2026-03-08 19:59:08,U00705,U00164,0,,0.0007,0
TX_0006382,2026-03-08 20:05:49,U01512,U00187,0,,0.0003,0
TX_0006383,2026-03-08 20:19:04,U00546,U00739,0,,1e-04,0
TX_0006384,2026-03-08 20:19:14,U00040,U01878,0,,1e-04,0
TX_0006385,2026-03-08 20:27:45,U01309,U00946,0,,1e-04,0
TX_0006386,2026-03-08 20:37:48,U01937,U01015,0,,0.0002,0
TX_0006387,2026-03-08 20:58:48,U01016,U00427,0,,1e-04,0
TX_0006388,2026-03-08 21:27:49,U00933,U01496,0,,0.0002,0
TX_0006389,2026-03-08 21:45:45,U01631,U01074,0,,1e-04,0
TX_0006390,2026-03-08 21:45:56,U00025,U00062,0,,0.0002,0
TX_0006391,2026-03-08 21:48:02,U00986,U00291,0,,0.0002,0
TX_0006392,2026-03-08 21:48:32,U00533,U01478,0,,1e-04,0
TX_0006393,2026-03-08 21:53:12,U01551,U01942,0,,0.0002,0
TX_0006394,2026-03-08 21:59:30,U00498,U00343,0,,0.0002,0
TX_0006395,2026-03-08 22:02:31,U00208,U00057,0,,1e-04,0
TX_0006396,2026-03-08 22:06:47,U01537,U01770,0,,0.0002,0
TX_0006397,2026-03-08 22:13:25,U00241,U01001,0,,0.0002,0
TX_0006398,2026-03-08 22:37:32,U01959,U01794,0,,0.0002,0
TX_0006399,2026-03-08 22:40:09,U00073,U01644,0,,1e-04,0
TX_0006400,2026-03-08 22:40:54,U01186,U00231,0,,0.0002,0
TX_0006401,2026-03-08 22:43:46,U01911,U00478,0,,0.0002,0
TX_0006402,2026-03-08 22:44:36,U01409,U00254,0,,1e-04,0
TX_0006403,2026-03-08 23:06:28,U01280,U00784,0,,1e-04,0
TX_0006404,2026-03-08 23:13:01,U00753,U00979,0,,0.0002,0
TX_0006405,2026-03-08 23:30:07,U01782,U00199,0,,1e-04,0
TX_0006406,2026-03-08 23:34:25,U00623,U01857,0,,0.0003,0
TX_0006407,2026-03-08 23:47:14,U00390,U00585,0,,0.0003,0
TX_0006408,2026-03-08 23:51:25,U01507,U00152,0,,0.0002,0
TX_0006409,2026-03-08 23:52:12,U01708,U01204,0,,1e-04,0
TX_0006410,2026-03-09 00:45:02,U01752,U00578,0,,0.0002,0
TX_0006411,2026-03-09 00:51:33,U01542,U01948,0,,0.0002,0
TX_0006412,2026-03-09 00:57:53,U00953,U01552,0,,0.0002,0
TX_0006413,2026-03-09 02:05:43,U01769,U01081,0,,0.0002,0
TX_0006414,2026-03-09 02:27:16,U00074,U01107,0,,0.0002,0
TX_0006415,2026-03-09 03:17:39,U01354,U01949,0,,0.0002,0
TX_0006416,2026-03-09 04:03:08,U00021,U00536,0,,0.0002,0
TX_0006417,2026-03-09 05:27:46,U00427,U01730,0,,0.0008,0
TX_0006418,2026-03-09 05:57:32,U00754,U01277,0,,0.0003,0
TX_0006419,2026-03-09 06:31:43,U01943,U01760,0,,0.0002,0
TX_0006420,2026-03-09 06:37:26,U00451,U01343,0,,0.0002,0
TX_0006421,2026-03-09 07:13:24,U01945,U01811,0,,0.0003,0
TX_0006422,2026-03-09 07:23:23,U01309,U01358,0,,0.0002,0
TX_0006423,2026-03-09 07:34:07,U00225,U01160,0,,0.0002,0
TX_0006424,2026-03-09 08:05:17,U00452,U01565,0,,0.0002,0
TX_0006425,2026-03-09 08:47:49,U00398,U01771,0,,0.0002,0
TX_0006426,2026-03-09 08:47:55,U01209,U01566,0,,0.0004,0
TX_0006427,2026-03-09 08:52:56,U00349,U00656,0,,0.0002,0
TX_0006428,2026-03-09 09:05:23,U01682,U00687,0,,0.0002,0
TX_0006429,2026-03-09 09:16:42,U01603,U00752,0,,0.0002,0
TX_0006430,2026-03-09 09:17:19,U01512,U01424,0,,0.0002,0
TX_0006431,2026-03-09 09:17:52,U00082,U01220,0,,0.0002,0
TX_0006432,2026-03-09 09:24:47,U00116,U00326,0,,0.0002,0
TX_0006433,2026-03-09 09:27:34,U01877,U00780,0,,0.0002,0
TX_0006434,2026-03-09 09:30:02,U01441,U00597,0,,0.0002,0
TX_0006435,2026-03-09 09:36:04,U01670,U01291,0,,0.0004,0
TX_0006436,2026-03-09 09:47:43,U00995,U00784,0,,0.0002,0
TX_0006437,2026-03-09 09:49:31,U01541,U00031,0,,0.0008,0
TX_0006438,2026-03-09 10:05:53,U00646,U00419,0,,0.0004,0
TX_0006439,2026-03-09 10:08:34,U00172,U01098,0,,0.0002,0
TX_0006440,2026-03-09 10:14:59,U00165,U00843,0,,0.0002,0
TX_0006441,2026-03-09 10:17:48,U01858,U01481,0,,0.0004,0
TX_0006442,2026-03-09 10:22:40,U00224,U01831,0,,0.0002,0
TX_0006443,2026-03-09 10:27:18,U01679,U01538,0,,0.0011,0
TX_0006444,2026-03-09 10:34:33,U01714,U01270,0,,0.0003,0
TX_0006445,2026-03-09 10:36:59,U00023,U00472,0,,0.0002,0
TX_0006446,2026-03-09 10:45:37,U00604,U01265,0,,0.0002,0
TX_0006447,2026-03-09 10:50:06,U00787,U01497,0,,0.0002,0
TX_0006448,2026-03-09 11:16:36,U01476,U00995,0,,0.0008,0
TX_0006449,2026-03-09 11:26:17,U00069,U01631,0,,0.0005,0
TX_0006450,2026-03-09 11:44:46,U01797,U00416,0,,0.0002,0
TX_0006451,2026-03-09 11:54:35,U00688,U01529,0,,0.0002,0
TX_0006452,2026-03-09 12:01:24,U00273,U00679,0,,0.0002,0
TX_0006453,2026-03-09 12:03:12,U00030,U00302,0,,0.0006,0
TX_0006454,2026-03-09 12:19:34,U01074,U00717,0,,0.0002,0
TX_0006455,2026-03-09 12:24:27,U00238,U01951,0,,0.0025,0
TX_0006456,2026-03-09 12:36:15,U01302,U00866,0,,0.0002,0
TX_0006457,2026-03-09 12:37:20,U01828,U00179,0,,0.0003,0
TX_0006458,2026-03-09 12:42:09,U01773,U01065,0,,0.0002,0
TX_0006459,2026-03-09 12:42:40,U00477,U00164,0,,0.0011,0
TX_0006460,2026-03-09 12:58:39,U00593,U01002,0,,0.0002,0
TX_0006461,2026-03-09 13:02:21,U00691,U01198,0,,0.0003,0
TX_0006462,2026-03-09 13:03:57,U00258,U00605,0,,0.0004,0
TX_0006463,2026-03-09 13:08:49,U00747,U00140,0,,0.0002,0
TX_0006464,2026-03-09 13:15:51,U00676,U00235,0,,0.0002,0
TX_0006465,2026-03-09 13:42:42,U00975,U00513,0,,0.0002,0
TX_0006466,2026-03-09 13:46:14,U01805,U00204,0,,0.0005,0
TX_0006467,2026-03-09 13:49:35,U01098,U01721,0,,0.0002,0
TX_0006468,2026-03-09 13:51:20,U00717,U01035,0,,0.0002,0
TX_0006469,2026-03-09 13:56:45,U01682,U01980,0,,0.0003,0
TX_0006470,2026-03-09 13:59:30,U00337,U00227,0,,0.0002,0
TX_0006471,2026-03-09 14:05:45,U00359,U00706,0,,0.0002,0
TX_0006472,2026-03-09 14:10:27,U01040,U01371,0,,0.0002,0
TX_0006473,2026-03-09 14:13:42,U01010,U01351,0,,0.0002,0
TX_0006474,2026-03-09 14:14:31,U01319,U01775,0,,0.0002,0
TX_0006475,2026-03-09 14:17:34,U00578,U01526,0,,0.0002,0
TX_0006476,2026-03-09 14:20:21,U00714,U00768,0,,0.0015,0
TX_0006477,2026-03-09 14:23:32,U01635,U00210,0,,0.0002,0
TX_0006478,2026-03-09 14:28:39,U00650,U01357,0,,0.0002,0
TX_0006479,2026-03-09 14:31:25,U00541,U01452,0,,0.0002,0
TX_0006480,2026-03-09 14:32:18,U00960,U00820,0,,0.0002,0
TX_0006481,2026-03-09 14:39:45,U00138,U00885,0,,0.0002,0
TX_0006482,2026-03-09 15:01:58,U00914,U01857,0,,0.0002,0
TX_0006483,2026-03-09 15:07:17,U00965,U01958,0,,0.0002,0
TX_0006484,2026-03-09 15:12:26,U00728,U00709,0,,0.0002,0
TX_0006485,2026-03-09 15:13:58,U01990,U01251,0,,0.0002,0
TX_0006486,2026-03-09 15:14:40,U00134,U01385,0,,0.0003,0
TX_0006487,2026-03-09 15:27:17,U00546,U00347,0,,0.0002,0
TX_0006488,2026-03-09 15:27:29,U01017,U00251,0,,0.0004,0
TX_0006489,2026-03-09 15:29:44,U00405,U00484,0,,0.0002,0
TX_0006490,2026-03-09 15:44:24,U01533,U00015,0,,0.0002,0
TX_0006491,2026-03-09 15:44:37,U01602,U01088,0,,0.0005,0
TX_0006492,2026-03-09 15:45:34,U01889,U01423,0,,0.0002,0
TX_0006493,2026-03-09 16:06:03,U01085,U00193,0,,0.0002,0
TX_0006494,2026-03-09 16:08:51,U01268,U00613,0,,0.0008,0
TX_0006495,2026-03-09 16:24:20,U01672,U00965,0,,0.0006,0
TX_0006496,2026-03-09 16:37:39,U01737,U01794,0,,0.0002,0
TX_0006497,2026-03-09 16:37:44,U00825,U01835,0,,0.0002,0
TX_0006498,2026-03-09 16:38:59,U01617,U01418,0,,0.0003,0
TX_0006499,2026-03-09 16:43:01,U00908,U00491,0,,0.0002,0
TX_0006500,2026-03-09 16:45:14,U01290,U00735,0,,0.0006,0
TX_0006501,2026-03-09 17:17:10,U01246,U01504,0,,0.0014,0
TX_0006502,2026-03-09 17:23:53,U01244,U00271,0,,0.0002,0
TX_0006503,2026-03-09 17:26:11,U01055,U01877,0,,0.0002,0
TX_0006504,2026-03-09 17:29:48,U01814,U01462,0,,0.0002,0
TX_0006505,2026-03-09 17:34:35,U00408,U00405,0,,0.0002,0
TX_0006506,2026-03-09 18:00:20,U00940,U00884,0,,0.0003,0
TX_0006507,2026-03-09 18:01:25,U00262,U00847,0,,0.0003,0
TX_0006508,2026-03-09 18:19:50,U01412,U00959,0,,0.0002,0
TX_0006509,2026-03-09 18:33:55,U01077,U01512,0,,0.0002,0
TX_0006510,2026-03-09 18:43:33,U00423,U00659,0,,0.0003,0
TX_0006511,2026-03-09 18:51:04,U00222,U01665,0,,0.0002,0
TX_0006512,2026-03-09 18:58:09,U00011,U01321,0,,0.0005,0
TX_0006513,2026-03-09 19:11:12,U01580,U01175,0,,0.0002,0
TX_0006514,2026-03-09 19:11:19,U00481,U01446,0,,0.0002,0
TX_0006515,2026-03-09 19:16:51,U00344,U00992,0,,0.0005,0
TX_0006516,2026-03-09 19:22:11,U01875,U01357,0,,0.0002,0
TX_0006517,2026-03-09 19:29:22,U01018,U00329,0,,0.0004,0
TX_0006518,2026-03-09 19:30:32,U01178,U01431,0,,0.0007,0
TX_0006519,2026-03-09 19:31:37,U00422,U01408,0,,0.0002,0
TX_0006520,2026-03-09 19:40:30,U01800,U01798,0,,0.0002,0
TX_0006521,2026-03-09 19:42:49,U01677,U01166,0,,0.0002,0
TX_0006522,2026-03-09 19:48:41,U00408,U01755,0,,0.0002,0
TX_0006523,2026-03-09 19:52:02,U01229,U01423,0,,0.0002,0
TX_0006524,2026-03-09 19:53:35,U01052,U00069,0,,0.0002,0
TX_0006525,2026-03-09 20:07:31,U00141,U00817,0,,0.0002,0
TX_0006526,2026-03-09 20:07:51,U00063,U00297,0,,0.001,0
TX_0006527,2026-03-09 20:25:12,U01909,U00759,0,,0.0005,0
TX_0006528,2026-03-09 20:29:43,U00229,U01038,0,,0.0002,0
TX_0006529,2026-03-09 20:30:34,U01616,U00133,0,,0.0062,0
TX_0006530,2026-03-09 20:40:16,U00879,U00124,0,,0.0002,0
TX_0006531,2026-03-09 20:42:32,U00049,U00122,0,,0.0002,0
TX_0006532,2026-03-09 20:44:04,U01867,U01917,0,,0.0004,0
TX_0006533,2026-03-09 20:49:06,U01992,U00501,0,,0.0034,0
TX_0006534,2026-03-09 21:01:07,U00021,U01180,0,,0.0002,0
TX_0006535,2026-03-09 21:05:47,U01605,U01807,0,,0.0002,0
TX_0006536,2026-03-09 21:19:20,U00708,U01553,0,,0.0002,0
TX_0006537,2026-03-09 21:28:15,U00064,U00894,0,,0.0002,0
TX_0006538,2026-03-09 21:28:18,U00487,U01237,0,,0.0002,0
TX_0006539,2026-03-09 21:28:41,U00057,U01195,0,,0.0002,0
TX_0006540,2026-03-09 21:29:04,U00826,U01025,0,,0.0002,0
TX_0006541,2026-03-09 21:43:08,U01376,U00852,0,,0.0004,0
TX_0006542,2026-03-09 21:44:24,U00364,U01993,0,,0.0002,0
TX_0006543,2026-03-09 21:44:30,U00114,U00049,0,,0.0002,0
TX_0006544,2026-03-09 21:50:01,U01649,U00109,0,,0.0002,0
TX_0006545,2026-03-09 21:55:34,U01995,U00301,0,,0.0002,0
TX_0006546,2026-03-09 21:55:56,U01548,U00844,0,,0.0002,0
TX_0006547,2026-03-09 21:58:30,U00831,U01172,0,,0.0002,0
TX_0006548,2026-03-09 22:23:42,U00179,U00994,0,,0.0003,0
TX_0006549,2026-03-09 22:35:02,U01916,U01696,0,,0.0006,0
TX_0006550,2026-03-09 22:36:00,U00446,U01188,0,,0.0002,0
TX_0006551,2026-03-09 22:38:03,U01171,U01963,0,,0.0002,0
TX_0006552,2026-03-09 22:50:07,U01751,U00228,0,,0.0002,0
TX_0006553,2026-03-09 23:03:21,U00159,U00392,0,,0.0002,0
TX_0006554,2026-03-09 23:05:27,U00311,U01464,0,,0.0002,0
TX_0006555,2026-03-09 23:11:19,U01073,U00507,0,,0.0002,0
TX_0006556,2026-03-09 23:22:43,U00523,U00137,0,,0.0002,0
TX_0006557,2026-03-09 23:25:54,U00693,U01998,0,,0.0003,0
TX_0006558,2026-03-09 23:30:47,U00290,U00390,0,,0.0007,0
TX_0006559,2026-03-09 23:50:19,U01163,U01904,0,,0.0006,0
TX_0006560,2026-03-09 23:55:48,U00183,U00471,0,,0.0002,0
TX_0006561,2026-03-09 23:56:56,U00839,U00022,0,,0.0002,0
TX_0006562,2026-03-10 00:12:40,U00768,U01244,0,,0.0002,0
TX_0006563,2026-03-10 00:19:02,U00219,U01828,0,,0.0002,0
TX_0006564,2026-03-10 00:27:04,U00952,U00616,0,,0.0002,0
TX_0006565,2026-03-10 00:27:53,U01621,U01524,0,,0.0002,0
TX_0006566,2026-03-10 00:45:43,U01427,U01191,0,,0.0002,0
TX_0006567,2026-03-10 00:52:42,U01577,U00426,0,,0.0002,0
TX_0006568,2026-03-10 00:59:21,U00593,U00018,0,,0.0003,0
TX_0006569,2026-03-10 01:59:32,U00822,U01702,0,,0.0002,0
TX_0006570,2026-03-10 02:20:16,U01932,U00770,0,,0.0002,0
TX_0006571,2026-03-10 06:09:48,U01554,U00182,0,,0.0002,0
TX_0006572,2026-03-10 06:21:33,U01621,U01876,0,,0.0002,0
TX_0006573,2026-03-10 07:00:14,U00081,U01784,0,,0.0002,0
TX_0006574,2026-03-10 07:01:11,U00636,U01180,0,,0.0002,0
TX_0006575,2026-03-10 07:09:24,U00852,U01492,0,,0.0002,0
TX_0006576,2026-03-10 07:31:59,U01180,U00608,0,,0.0003,0
TX_0006577,2026-03-10 07:50:48,U01232,U01303,0,,0.0002,0
TX_0006578,2026-03-10 07:52:06,U00381,U00247,0,,0.0002,0
TX_0006579,2026-03-10 08:36:51,U01306,U00288,0,,0.0002,0
TX_0006580,2026-03-10 08:45:08,U01616,U00045,0,,0.0002,0
TX_0006581,2026-03-10 08:45:28,U01226,U00425,0,,0.0002,0
TX_0006582,2026-03-10 08:45:46,U00451,U00624,0,,0.0002,0
TX_0006583,2026-03-10 09:15:26,U01923,U00186,0,,0.0002,0
TX_0006584,2026-03-10 09:16:31,U01309,U00046,0,,0.0002,0
TX_0006585,2026-03-10 09:22:21,U01609,U01200,0,,0.0002,0
TX_0006586,2026-03-10 09:28:25,U00593,U00890,0,,0.0003,0
TX_0006587,2026-03-10 09:51:08,U00225,U00376,0,,0.0002,0
TX_0006588,2026-03-10 09:53:53,U01614,U00071,0,,0.0003,0
TX_0006589,2026-03-10 09:57:45,U00954,U00014,0,,0.0002,0
TX_0006590,2026-03-10 10:04:32,U00592,U00512,0,,0.0002,0
TX_0006591,2026-03-10 10:08:19,U01695,U00356,0,,0.0002,0
TX_0006592,2026-03-10 10:08:53,U00940,U01050,0,,0.0002,0
TX_0006593,2026-03-10 10:09:14,U00299,U01432,0,,0.0003,0
TX_0006594,2026-03-10 10:10:39,U01665,U00548,0,,0.0002,0
TX_0006595,2026-03-10 10:14:32,U00161,U01681,0,,0.0002,0
TX_0006596,2026-03-10 10:22:00,U00208,U01342,0,,0.0002,0
TX_0006597,2026-03-10 10:27:06,U01120,U00711,0,,0.0002,0
TX_0006598,2026-03-10 10:36:22,U00216,U00486,0,,0.0002,0
TX_0006599,2026-03-10 10:39:12,U01295,U01821,0,,0.0003,0
TX_0006600,2026-03-10 10:52:35,U01753,U01015,0,,0.0003,0
TX_0006601,2026-03-10 10:57:31,U01768,U00257,0,,0.0006,0
TX_0006602,2026-03-10 11:06:19,U01056,U01518,0,,0.0002,0
TX_0006603,2026-03-10 11:13:55,U01832,U01805,0,,0.0004,0
TX_0006604,2026-03-10 11:17:46,U00174,U00381,0,,0.0002,0
TX_0006605,2026-03-10 11:41:14,U00380,U01550,0,,0.0002,0
TX_0006606,2026-03-10 11:48:20,U00303,U01877,0,,0.0002,0
TX_0006607,2026-03-10 11:48:57,U00073,U01205,0,,0.0002,0
TX_0006608,2026-03-10 11:52:39,U00710,U00927,0,,0.0003,0
TX_0006609,2026-03-10 11:52:54,U01356,U01800,0,,0.0002,0
TX_0006610,2026-03-10 11:56:12,U01802,U01703,0,,0.0002,0
TX_0006611,2026-03-10 12:06:46,U01778,U00063,0,,0.0002,0
TX_0006612,2026-03-10 12:09:15,U01568,U00761,0,,0.0002,0
TX_0006613,2026-03-10 12:19:11,U01469,U01223,0,,0.0002,0
TX_0006614,2026-03-10 12:20:10,U00933,U00039,0,,0.0003,0
TX_0006615,2026-03-10 12:23:10,U01792,U00621,0,,0.0002,0
TX_0006616,2026-03-10 12:26:51,U00398,U00070,0,,1e-04,0
TX_0006617,2026-03-10 12:28:16,U01906,U01851,0,,0.0003,0
TX_0006618,2026-03-10 12:38:07,U01801,U00341,0,,0.0002,0
TX_0006619,2026-03-10 12:39:32,U01886,U01206,0,,1e-04,0
TX_0006620,2026-03-10 12:42:24,U00237,U00950,0,,0.0002,0
TX_0006621,2026-03-10 12:44:15,U00317,U00428,0,,1e-04,0
TX_0006622,2026-03-10 12:44:17,U00740,U00399,0,,0.0002,0
TX_0006623,2026-03-10 12:49:13,U00344,U00835,0,,0.0002,0
TX_0006624,2026-03-10 12:49:54,U00688,U00300,0,,0.0002,0
TX_0006625,2026-03-10 12:56:13,U01767,U00867,0,,0.0002,0
TX_0006626,2026-03-10 13:02:36,U00779,U01676,0,,1e-04,0
TX_0006627,2026-03-10 13:21:54,U01260,U01216,0,,0.0002,0
TX_0006628,2026-03-10 13:22:17,U01176,U00200,0,,1e-04,0
TX_0006629,2026-03-10 13:36:53,U01661,U00012,0,,0.0002,0
TX_0006630,2026-03-10 14:13:31,U00939,U00242,0,,0.0002,0
TX_0006631,2026-03-10 14:13:36,U01149,U00899,0,,0.0002,0
TX_0006632,2026-03-10 14:17:23,U00939,U01709,0,,0.0002,0
TX_0006633,2026-03-10 14:31:31,U01211,U00345,0,,1e-04,0
TX_0006634,2026-03-10 14:32:14,U01642,U00895,0,,0.0002,0
TX_0006635,2026-03-10 14:39:47,U00268,U00868,0,,0.0002,0
TX_0006636,2026-03-10 14:42:14,U01113,U01144,0,,1e-04,0
TX_0006637,2026-03-10 14:48:41,U01350,U01837,0,,0.0002,0
TX_0006638,2026-03-10 14:53:03,U00010,U01080,0,,0.0002,0
TX_0006639,2026-03-10 14:55:22,U01796,U01945,0,,0.0003,0
TX_0006640,2026-03-10 14:58:20,U01566,U01127,0,,1e-04,0
TX_0006641,2026-03-10 15:05:35,U00552,U00208,0,,0.0002,0
TX_0006642,2026-03-10 15:06:24,U01821,U01250,0,,0.0002,0
TX_0006643,2026-03-10 15:08:51,U00810,U00246,0,,0.0002,0
TX_0006644,2026-03-10 15:14:14,U00771,U01811,0,,0.0002,0
TX_0006645,2026-03-10 15:17:58,U00377,U00997,0,,0.0002,0
TX_0006646,2026-03-10 15:25:54,U00295,U01234,0,,0.0002,0
TX_0006647,2026-03-10 15:30:51,U00689,U00813,0,,0.0002,0
TX_0006648,2026-03-10 15:31:41,U01804,U00745,0,,0.0003,0
TX_0006649,2026-03-10 15:34:39,U00855,U01529,0,,0.0003,0
TX_0006650,2026-03-10 15:40:54,U00597,U00779,0,,1e-04,0
TX_0006651,2026-03-10 15:48:49,U00478,U01339,0,,0.0002,0
TX_0006652,2026-03-10 15:51:30,U00039,U00381,0,,1e-04,0
TX_0006653,2026-03-10 15:51:59,U01136,U00941,0,,0.0002,0
TX_0006654,2026-03-10 15:54:28,U01100,U00482,0,,0.0002,0
TX_0006655,2026-03-10 15:57:09,U00323,U00949,0,,1e-04,0
TX_0006656,2026-03-10 16:11:04,U01548,U01190,0,,1e-04,0
TX_0006657,2026-03-10 16:34:05,U00160,U00114,0,,0.0002,0
TX_0006658,2026-03-10 16:55:16,U00354,U01448,0,,0.0002,0
TX_0006659,2026-03-10 16:58:20,U00398,U00393,0,,1e-04,0
TX_0006660,2026-03-10 17:00:46,U01305,U00410,0,,0.0002,0
TX_0006661,2026-03-10 17:12:33,U00358,U01289,0,,1e-04,0
TX_0006662,2026-03-10 17:13:15,U01459,U00614,0,,0.0002,0
TX_0006663,2026-03-10 17:15:30,U00118,U01576,0,,0.0002,0
TX_0006664,2026-03-10 17:30:12,U00423,U00773,0,,0.0002,0
TX_0006665,2026-03-10 17:39:58,U01951,U00867,0,,0.0002,0
TX_0006666,2026-03-10 17:41:35,U00117,U00297,0,,0.0002,0
TX_0006667,2026-03-10 17:42:29,U00661,U01373,0,,0.0002,0
TX_0006668,2026-03-10 17:47:27,U01786,U00200,0,,0.0002,0
TX_0006669,2026-03-10 17:54:13,U00359,U00706,0,,1e-04,0
TX_0006670,2026-03-10 17:55:18,U01999,U00490,0,,1e-04,0
TX_0006671,2026-03-10 18:04:38,U00763,U00767,0,,1e-04,0
TX_0006672,2026-03-10 18:24:46,U00125,U00413,0,,1e-04,0
TX_0006673,2026-03-10 18:34:20,U00095,U00890,0,,0.0002,0
TX_0006674,2026-03-10 18:44:36,U00478,U01339,0,,0.0002,0
TX_0006675,2026-03-10 18:48:11,U00051,U00009,0,,0.0002,0
TX_0006676,2026-03-10 18:52:58,U00108,U01610,0,,0.0002,0
TX_0006677,2026-03-10 19:06:07,U00773,U01453,0,,0.0002,0
TX_0006678,2026-03-10 19:13:44,U01906,U01961,0,,0.0002,0
TX_0006679,2026-03-10 19:15:44,U01533,U00171,0,,0.0002,0
TX_0006680,2026-03-10 19:21:33,U00312,U00165,0,,0.0006,0
TX_0006681,2026-03-10 19:31:27,U01030,U01338,0,,1e-04,0
TX_0006682,2026-03-10 19:34:14,U00748,U00537,0,,1e-04,0
TX_0006683,2026-03-10 19:35:09,U00510,U01941,0,,0.0002,0
TX_0006684,2026-03-10 19:36:12,U00243,U01040,0,,0.0002,0
TX_0006685,2026-03-10 19:45:05,U00952,U01118,0,,0.0003,0
TX_0006686,2026-03-10 19:52:53,U00533,U01478,0,,1e-04,0
TX_0006687,2026-03-10 19:53:55,U01842,U01338,0,,0.0003,0
TX_0006688,2026-03-10 20:01:25,U00463,U00081,0,,0.0002,0
TX_0006689,2026-03-10 20:01:43,U00382,U01737,0,,1e-04,0
TX_0006690,2026-03-10 20:03:29,U01576,U01253,0,,0.0002,0
TX_0006691,2026-03-10 20:07:57,U01836,U01092,0,,0.0003,0
TX_0006692,2026-03-10 20:08:04,U00426,U00867,0,,0.0002,0
TX_0006693,2026-03-10 20:09:20,U00005,U01418,0,,0.0002,0
TX_0006694,2026-03-10 20:14:18,U00791,U00910,0,,0.0002,0
TX_0006695,2026-03-10 20:14:24,U01753,U01381,0,,0.0002,0
TX_0006696,2026-03-10 20:19:47,U01929,U01215,0,,0.0002,0
TX_0006697,2026-03-10 20:21:24,U00432,U01701,0,,1e-04,0
TX_0006698,2026-03-10 20:29:37,U00613,U01790,0,,1e-04,0
TX_0006699,2026-03-10 20:33:36,U01333,U01742,0,,1e-04,0
TX_0006700,2026-03-10 20:39:28,U01310,U01397,0,,1e-04,0
TX_0006701,2026-03-10 20:51:31,U01821,U01668,0,,0.0002,0
TX_0006702,2026-03-10 20:55:45,U00982,U00843,0,,0.0002,0
TX_0006703,2026-03-10 20:59:27,U00115,U00642,0,,1e-04,0
TX_0006704,2026-03-10 21:12:19,U01247,U00449,0,,1e-04,0
TX_0006705,2026-03-10 21:23:13,U00209,U00933,0,,1e-04,0
TX_0006706,2026-03-10 21:24:38,U01536,U01426,0,,0.0002,0
TX_0006707,2026-03-10 21:43:14,U00621,U01138,0,,0.0003,0
TX_0006708,2026-03-10 21:59:32,U01625,U00914,0,,1e-04,0
TX_0006709,2026-03-10 22:17:32,U00261,U01007,0,,1e-04,0
TX_0006710,2026-03-10 22:26:48,U01692,U01619,0,,0.0002,0
TX_0006711,2026-03-10 22:28:13,U00491,U01732,0,,0.0002,0
TX_0006712,2026-03-10 22:44:05,U00337,U00227,0,,0.0002,0
TX_0006713,2026-03-10 23:25:20,U01484,U00989,0,,0.0002,0
TX_0006714,2026-03-10 23:31:27,U01648,U00155,0,,1e-04,0
TX_0006715,2026-03-10 23:43:48,U01491,U01640,0,,0.0003,0
TX_0006716,2026-03-10 23:55:15,U00914,U01901,0,,1e-04,0
TX_0006717,2026-03-11 00:16:18,U00413,U00754,0,,0.0004,0
TX_0006718,2026-03-11 00:26:24,U00812,U00786,0,,0.0002,0
TX_0006719,2026-03-11 00:30:46,U01145,U00822,0,,0.0002,0
TX_0006720,2026-03-11 00:34:05,U00051,U00127,0,,0.0002,0
TX_0006721,2026-03-11 00:35:50,U01919,U01969,0,,0.0002,0
TX_0006722,2026-03-11 00:37:33,U00638,U01821,0,,0.0006,0
TX_0006723,2026-03-11 00:44:46,U00122,U01464,0,,0.0003,0
TX_0006724,2026-03-11 03:58:10,U00103,U00405,0,,0.0003,0
TX_0006725,2026-03-11 04:36:15,U00145,U01120,0,,0.0002,0
TX_0006726,2026-03-11 05:10:29,U01107,U01698,0,,0.0002,0
TX_0006727,2026-03-11 06:05:29,U00551,U00690,0,,0.0002,0
TX_0006728,2026-03-11 06:14:58,U00989,U00570,0,,0.0002,0
TX_0006729,2026-03-11 07:15:26,U00043,U01157,0,,0.0002,0
TX_0006730,2026-03-11 07:16:10,U01589,U01641,0,,0.0003,0
TX_0006731,2026-03-11 07:20:54,U00585,U00086,0,,0.0002,0
TX_0006732,2026-03-11 07:50:52,U01107,U01698,0,,0.0002,0
TX_0006733,2026-03-11 08:00:59,U01897,U01310,0,,0.0002,0
TX_0006734,2026-03-11 08:20:27,U00702,U00507,0,,0.0002,0
TX_0006735,2026-03-11 08:27:26,U00881,U01187,0,,0.0002,0
TX_0006736,2026-03-11 09:19:00,U00950,U01697,0,,0.0002,0
TX_0006737,2026-03-11 09:21:56,U00846,U00944,0,,0.0002,0
TX_0006738,2026-03-11 09:22:50,U01624,U01931,0,,0.0002,0
TX_0006739,2026-03-11 09:27:06,U00598,U00392,0,,0.0002,0
TX_0006740,2026-03-11 09:33:09,U01065,U00152,0,,0.0002,0
TX_0006741,2026-03-11 09:39:18,U01445,U01780,0,,0.0003,0
TX_0006742,2026-03-11 09:46:37,U01246,U00378,0,,0.0002,0
TX_0006743,2026-03-11 09:47:15,U00050,U01580,0,,0.0002,0
TX_0006744,2026-03-11 09:57:56,U00629,U01521,0,,0.0002,0
TX_0006745,2026-03-11 10:00:23,U01697,U01459,0,,0.0002,0
TX_0006746,2026-03-11 10:03:20,U01291,U00201,0,,0.0002,0
TX_0006747,2026-03-11 10:15:44,U01190,U00541,0,,0.0002,0
TX_0006748,2026-03-11 10:47:24,U01915,U01322,0,,0.0002,0
TX_0006749,2026-03-11 10:54:26,U01987,U01678,0,,0.0002,0
TX_0006750,2026-03-11 11:02:46,U01793,U01466,0,,0.0002,0
TX_0006751,2026-03-11 11:08:57,U00423,U01802,0,,0.0002,0
TX_0006752,2026-03-11 11:22:48,U01707,U01923,0,,0.0002,0
TX_0006753,2026-03-11 11:23:53,U00450,U00994,0,,0.0002,0
TX_0006754,2026-03-11 11:24:00,U00500,U00117,0,,0.0002,0
TX_0006755,2026-03-11 11:29:49,U00486,U00998,0,,0.0002,0
TX_0006756,2026-03-11 11:30:23,U01332,U01851,0,,0.0003,0
TX_0006757,2026-03-11 11:31:33,U01763,U00996,0,,0.0002,0
TX_0006758,2026-03-11 11:34:44,U00737,U01098,0,,0.0002,0
TX_0006759,2026-03-11 11:41:29,U00444,U01183,0,,0.0005,0
TX_0006760,2026-03-11 11:45:28,U00678,U01028,0,,0.0002,0
TX_0006761,2026-03-11 11:49:20,U00325,U00593,0,,0.0002,0
TX_0006762,2026-03-11 11:51:22,U00388,U01133,0,,0.0003,0
TX_0006763,2026-03-11 11:51:24,U00823,U00161,0,,0.0004,0
TX_0006764,2026-03-11 11:52:45,U01276,U01550,0,,0.0002,0
TX_0006765,2026-03-11 11:53:36,U00741,U00059,0,,0.0002,0
TX_0006766,2026-03-11 12:12:34,U00238,U01570,0,,0.0002,0
TX_0006767,2026-03-11 12:28:56,U00487,U01460,0,,0.0002,0
TX_0006768,2026-03-11 12:34:38,U01297,U00890,0,,0.0002,0
TX_0006769,2026-03-11 13:09:21,U00229,U01038,0,,0.0002,0
TX_0006770,2026-03-11 13:17:18,U01713,U00079,0,,1e-04,0
TX_0006771,2026-03-11 13:20:55,U01288,U00741,0,,1e-04,0
TX_0006772,2026-03-11 13:28:20,U00641,U01097,0,,0.0004,0
TX_0006773,2026-03-11 13:34:09,U00714,U01626,0,,0.0002,0
TX_0006774,2026-03-11 13:39:27,U01312,U00799,0,,0.0002,0
TX_0006775,2026-03-11 13:42:33,U01842,U01549,0,,0.0002,0
TX_0006776,2026-03-11 13:56:56,U01787,U00346,0,,0.0003,0
TX_0006777,2026-03-11 14:05:42,U01779,U01827,0,,1e-04,0
TX_0006778,2026-03-11 14:07:34,U01976,U00335,0,,0.0002,0
TX_0006779,2026-03-11 14:17:01,U01490,U01987,0,,1e-04,0
TX_0006780,2026-03-11 14:17:44,U01196,U00316,0,,0.0003,0
TX_0006781,2026-03-11 14:26:52,U01182,U00612,0,,0.0002,0
TX_0006782,2026-03-11 14:40:07,U00318,U01299,0,,0.0002,0
TX_0006783,2026-03-11 14:51:29,U00024,U01514,0,,0.0002,0
TX_0006784,2026-03-11 14:55:03,U00982,U01500,0,,0.0002,0
TX_0006785,2026-03-11 14:56:08,U01353,U00568,0,,0.0002,0
TX_0006786,2026-03-11 14:56:15,U00137,U01107,0,,0.0002,0
TX_0006787,2026-03-11 15:03:02,U00392,U00610,0,,0.0002,0
TX_0006788,2026-03-11 15:04:24,U00125,U00107,0,,1e-04,0
TX_0006789,2026-03-11 15:11:18,U01965,U01671,0,,0.0002,0
TX_0006790,2026-03-11 15:18:06,U01129,U01474,0,,0.0002,0
TX_0006791,2026-03-11 15:20:48,U01876,U01968,0,,0.0002,0
TX_0006792,2026-03-11 15:26:04,U00759,U01078,0,,0.0002,0
TX_0006793,2026-03-11 15:30:01,U01143,U01488,0,,0.0003,0
TX_0006794,2026-03-11 15:30:58,U01857,U00753,0,,0.0002,0
TX_0006795,2026-03-11 15:55:24,U00522,U01251,0,,0.0002,0
TX_0006796,2026-03-11 16:00:39,U01932,U01056,0,,1e-04,0
TX_0006797,2026-03-11 16:10:41,U00548,U00668,0,,0.0002,0
TX_0006798,2026-03-11 16:10:57,U01493,U01580,0,,0.0003,0
TX_0006799,2026-03-11 16:15:03,U01473,U00667,0,,0.0003,0
TX_0006800,2026-03-11 16:17:16,U00446,U00198,0,,0.0002,0
TX_0006801,2026-03-11 16:25:46,U01899,U00857,0,,0.0002,0
TX_0006802,2026-03-11 16:26:57,U01029,U00708,0,,0.0003,0
TX_0006803,2026-03-11 16:27:54,U00065,U01379,0,,0.0002,0
TX_0006804,2026-03-11 16:28:15,U01598,U01239,0,,0.0002,0
TX_0006805,2026-03-11 16:34:27,U01227,U00535,0,,0.0002,0
TX_0006806,2026-03-11 16:34:44,U00831,U01208,0,,0.0002,0
TX_0006807,2026-03-11 16:35:52,U01502,U01124,0,,0.0002,0
TX_0006808,2026-03-11 16:40:37,U01029,U00211,0,,0.0002,0
TX_0006809,2026-03-11 16:44:30,U00988,U01429,0,,1e-04,0
TX_0006810,2026-03-11 16:47:04,U00333,U00607,0,,0.0002,0
TX_0006811,2026-03-11 16:50:35,U00664,U01102,0,,0.0002,0
TX_0006812,2026-03-11 16:51:00,U01452,U01434,0,,0.0002,0
TX_0006813,2026-03-11 16:51:18,U00878,U01869,0,,0.0002,0
TX_0006814,2026-03-11 16:56:03,U01414,U01763,0,,0.0003,0
TX_0006815,2026-03-11 17:05:09,U01934,U01749,0,,0.0002,0
TX_0006816,2026-03-11 17:10:02,U01916,U00241,0,,1e-04,0
TX_0006817,2026-03-11 17:12:45,U00353,U00607,0,,0.0005,0
TX_0006818,2026-03-11 17:13:22,U00141,U00237,0,,0.0002,0
TX_0006819,2026-03-11 17:25:50,U00213,U00611,0,,0.0002,0
TX_0006820,2026-03-11 17:29:37,U01976,U01343,0,,1e-04,0
TX_0006821,2026-03-11 17:30:39,U01206,U01760,0,,1e-04,0
TX_0006822,2026-03-11 17:37:33,U00329,U00094,0,,1e-04,0
TX_0006823,2026-03-11 17:40:13,U00647,U01643,0,,0.0002,0
TX_0006824,2026-03-11 17:40:55,U00730,U01051,0,,0.0002,0
TX_0006825,2026-03-11 17:49:16,U00433,U01312,0,,0.0002,0
TX_0006826,2026-03-11 17:56:21,U01894,U00855,0,,0.0002,0
TX_0006827,2026-03-11 18:04:57,U00336,U01572,0,,0.0002,0
TX_0006828,2026-03-11 18:19:45,U00427,U01086,0,,1e-04,0
TX_0006829,2026-03-11 18:26:45,U00717,U00027,0,,1e-04,0
TX_0006830,2026-03-11 18:44:03,U01854,U00300,0,,1e-04,0
TX_0006831,2026-03-11 19:11:13,U01172,U00135,0,,0.0002,0
TX_0006832,2026-03-11 19:14:10,U00642,U01472,0,,0.0002,0
TX_0006833,2026-03-11 19:15:43,U01546,U00339,0,,0.0002,0
TX_0006834,2026-03-11 19:34:18,U01158,U01079,0,,1e-04,0
TX_0006835,2026-03-11 19:35:28,U00882,U01821,0,,0.0003,0
TX_0006836,2026-03-11 19:40:11,U01333,U01532,0,,1e-04,0
TX_0006837,2026-03-11 20:01:21,U01083,U01456,0,,0.0002,0
TX_0006838,2026-03-11 20:08:56,U01578,U00290,0,,0.0002,0
TX_0006839,2026-03-11 20:19:27,U01350,U00085,0,,0.0002,0
TX_0006840,2026-03-11 20:24:54,U00005,U01418,0,,0.0002,0
TX_0006841,2026-03-11 20:25:37,U01471,U01645,0,,0.0002,0
TX_0006842,2026-03-11 20:26:58,U00770,U00521,0,,0.0002,0
TX_0006843,2026-03-11 20:33:39,U00372,U00385,0,,0.0002,0
TX_0006844,2026-03-11 20:42:56,U01530,U01189,0,,0.0002,0
TX_0006845,2026-03-11 20:47:55,U00498,U00415,0,,0.0002,0
TX_0006846,2026-03-11 20:52:03,U01101,U01033,0,,0.0003,0
TX_0006847,2026-03-11 21:07:48,U00269,U00240,0,,0.0002,0
TX_0006848,2026-03-11 21:11:35,U00734,U01972,0,,0.0002,0
TX_0006849,2026-03-11 21:15:17,U01590,U00716,0,,0.0002,0
TX_0006850,2026-03-11 21:23:21,U01572,U01674,0,,0.0003,0
TX_0006851,2026-03-11 21:26:30,U00828,U01030,0,,0.0007,0
TX_0006852,2026-03-11 21:34:06,U01486,U01226,0,,0.0002,0
TX_0006853,2026-03-11 21:42:24,U00471,U01860,0,,0.0002,0
TX_0006854,2026-03-11 22:00:01,U01958,U01323,0,,1e-04,0
TX_0006855,2026-03-11 22:07:33,U01569,U00217,0,,0.0002,0
TX_0006856,2026-03-11 22:11:13,U01167,U01271,0,,0.0002,0
TX_0006857,2026-03-11 22:12:58,U00005,U01418,0,,0.0002,0
TX_0006858,2026-03-11 22:14:33,U01341,U01733,0,,1e-04,0
TX_0006859,2026-03-11 22:16:43,U00728,U00709,0,,0.0003,0
TX_0006860,2026-03-11 22:27:04,U00446,U01188,0,,0.0002,0
TX_0006861,2026-03-11 22:30:54,U00265,U01612,0,,0.0002,0
TX_0006862,2026-03-11 22:40:43,U01099,U01958,0,,0.0002,0
TX_0006863,2026-03-11 22:41:23,U01242,U00638,0,,0.0002,0
TX_0006864,2026-03-11 22:44:33,U01178,U01847,0,,0.0002,0
TX_0006865,2026-03-11 22:59:01,U01706,U01555,0,,1e-04,0
TX_0006866,2026-03-11 23:00:38,U01101,U00266,0,,0.0002,0
TX_0006867,2026-03-11 23:00:54,U00708,U01283,0,,0.0002,0
TX_0006868,2026-03-11 23:04:59,U01435,U00246,0,,0.0002,0
TX_0006869,2026-03-11 23:16:58,U01029,U00708,0,,0.0002,0
TX_0006870,2026-03-11 23:24:49,U01475,U01731,0,,0.0002,0
TX_0006871,2026-03-11 23:24:52,U00448,U01049,0,,0.0002,0
TX_0006872,2026-03-11 23:30:51,U00517,U00940,0,,0.0002,0
TX_0006873,2026-03-11 23:52:28,U00159,U00961,0,,0.0002,0
TX_0006874,2026-03-11 23:53:12,U01158,U00494,0,,0.0002,0
TX_0006875,2026-03-12 00:02:57,U00018,U00127,0,,0.0002,0
TX_0006876,2026-03-12 00:03:21,U01949,U01284,0,,0.0002,0
TX_0006877,2026-03-12 00:19:53,U00250,U00366,0,,0.0002,0
TX_0006878,2026-03-12 00:29:15,U01760,U01053,0,,0.0002,0
TX_0006879,2026-03-12 00:33:58,U00630,U01851,0,,0.0002,0
TX_0006880,2026-03-12 00:49:56,U01196,U00199,0,,0.0003,0
TX_0006881,2026-03-12 01:43:02,U00866,U01181,0,,0.0005,0
TX_0006882,2026-03-12 02:28:04,U01012,U01261,0,,0.0004,0
TX_0006883,2026-03-12 03:04:27,U00014,U00914,0,,0.0002,0
TX_0006884,2026-03-12 03:22:27,U01992,U01993,0,,0.0002,0
TX_0006885,2026-03-12 03:24:09,U00731,U00987,0,,0.0002,0
TX_0006886,2026-03-12 03:50:02,U00991,U01836,0,,0.0002,0
TX_0006887,2026-03-12 04:07:43,U00037,U00805,0,,0.0002,0
TX_0006888,2026-03-12 04:13:22,U00510,U00598,0,,0.0002,0
TX_0006889,2026-03-12 04:53:51,U00549,U00211,0,,0.0002,0
TX_0006890,2026-03-12 05:14:17,U01846,U01288,0,,0.0002,0
TX_0006891,2026-03-12 06:50:14,U01243,U00990,0,,0.0003,0
TX_0006892,2026-03-12 07:09:21,U00237,U00569,0,,0.0002,0
TX_0006893,2026-03-12 07:15:48,U01442,U00573,0,,0.0002,0
TX_0006894,2026-03-12 07:24:11,U01034,U01943,0,,0.0002,0
TX_0006895,2026-03-12 07:24:51,U01736,U00287,0,,0.0002,0
TX_0006896,2026-03-12 07:37:29,U01503,U01142,0,,0.0002,0
TX_0006897,2026-03-12 07:47:03,U01565,U00098,0,,0.0003,0
TX_0006898,2026-03-12 08:46:29,U01454,U01302,0,,0.0002,0
TX_0006899,2026-03-12 08:50:02,U01967,U00023,0,,0.0002,0
TX_0006900,2026-03-12 08:55:28,U01862,U00158,0,,0.0002,0
TX_0006901,2026-03-12 09:04:15,U01202,U00829,0,,0.0002,0
TX_0006902,2026-03-12 09:09:11,U01823,U00049,0,,0.0004,0
TX_0006903,2026-03-12 09:19:24,U00133,U00082,0,,0.0004,0
TX_0006904,2026-03-12 09:25:24,U01284,U01002,0,,0.0002,0
TX_0006905,2026-03-12 09:45:07,U01524,U00840,0,,0.0002,0
TX_0006906,2026-03-12 09:46:09,U01366,U01453,0,,0.0002,0
TX_0006907,2026-03-12 09:49:17,U00750,U00830,0,,0.0002,0
TX_0006908,2026-03-12 09:52:59,U01137,U01207,0,,0.0002,0
TX_0006909,2026-03-12 09:53:05,U00984,U01589,0,,0.0002,0
TX_0006910,2026-03-12 09:55:37,U01833,U01392,0,,0.0002,0
TX_0006911,2026-03-12 10:09:46,U01694,U01497,0,,0.0005,0
TX_0006912,2026-03-12 10:31:57,U00366,U00017,0,,0.0002,0
TX_0006913,2026-03-12 10:51:38,U00800,U01875,0,,0.0002,0
TX_0006914,2026-03-12 10:51:40,U00557,U00184,0,,0.0003,0
TX_0006915,2026-03-12 11:11:11,U00263,U00169,0,,0.0003,0
TX_0006916,2026-03-12 11:38:33,U00653,U01523,0,,0.0002,0
TX_0006917,2026-03-12 11:40:43,U01830,U00746,0,,0.0002,0
TX_0006918,2026-03-12 11:54:00,U00050,U01580,0,,0.0002,0
TX_0006919,2026-03-12 12:04:48,U01431,U00609,0,,0.0002,0
TX_0006920,2026-03-12 12:10:19,U00708,U01372,0,,0.0002,0
TX_0006921,2026-03-12 12:29:51,U00417,U00136,0,,0.0002,0
TX_0006922,2026-03-12 12:36:26,U00830,U00088,0,,0.0002,0
TX_0006923,2026-03-12 12:39:56,U00510,U00317,0,,1e-04,0
TX_0006924,2026-03-12 12:43:14,U01353,U00363,0,,1e-04,0
TX_0006925,2026-03-12 12:45:29,U01454,U00852,0,,1e-04,0
TX_0006926,2026-03-12 12:47:58,U00706,U01676,0,,0.0002,0
TX_0006927,2026-03-12 12:48:26,U00253,U00506,0,,0.0002,0
TX_0006928,2026-03-12 12:52:24,U01138,U01985,0,,0.0002,0
TX_0006929,2026-03-12 12:52:29,U01335,U00927,0,,0.0002,0
TX_0006930,2026-03-12 12:57:55,U00208,U00057,0,,0.0002,0
TX_0006931,2026-03-12 13:05:19,U01665,U01605,0,,0.0003,0
TX_0006932,2026-03-12 13:08:38,U00853,U01180,0,,0.0002,0
TX_0006933,2026-03-12 13:19:49,U00862,U01084,0,,0.0002,0
TX_0006934,2026-03-12 13:22:05,U01828,U00718,0,,0.0002,0
TX_0006935,2026-03-12 13:30:15,U00294,U01003,0,,0.0002,0
TX_0006936,2026-03-12 13:37:43,U00429,U00250,0,,1e-04,0
TX_0006937,2026-03-12 13:44:30,U01980,U01717,0,,0.0002,0
TX_0006938,2026-03-12 13:47:19,U00978,U00744,0,,0.0002,0
TX_0006939,2026-03-12 14:06:46,U01251,U00115,0,,0.0002,0
TX_0006940,2026-03-12 14:14:52,U01201,U01856,0,,0.0002,0
TX_0006941,2026-03-12 14:15:13,U00679,U00557,0,,1e-04,0
TX_0006942,2026-03-12 14:28:12,U00970,U00103,0,,1e-04,0
TX_0006943,2026-03-12 14:28:39,U01145,U01450,0,,1e-04,0
TX_0006944,2026-03-12 14:36:40,U01072,U00074,0,,0.0002,0
TX_0006945,2026-03-12 14:37:41,U00079,U01918,0,,0.0002,0
TX_0006946,2026-03-12 14:46:11,U00360,U00146,0,,0.0003,0
TX_0006947,2026-03-12 15:01:02,U01144,U01679,0,,0.0002,0
TX_0006948,2026-03-12 15:02:46,U01105,U00843,0,,0.0003,0
TX_0006949,2026-03-12 15:07:25,U00321,U01812,0,,0.0002,0
TX_0006950,2026-03-12 15:07:43,U01996,U01983,0,,0.0003,0
TX_0006951,2026-03-12 15:08:12,U00825,U01243,0,,0.0002,0
TX_0006952,2026-03-12 15:11:40,U01065,U00152,0,,0.0002,0
TX_0006953,2026-03-12 15:17:15,U00438,U00609,0,,1e-04,0
TX_0006954,2026-03-12 15:31:34,U00225,U00606,0,,0.0002,0
TX_0006955,2026-03-12 15:43:59,U01706,U00363,0,,1e-04,0
TX_0006956,2026-03-12 16:01:38,U00709,U00274,0,,0.0002,0
TX_0006957,2026-03-12 16:17:17,U01554,U01808,0,,1e-04,0
TX_0006958,2026-03-12 16:28:51,U00873,U01181,0,,0.0005,0
TX_0006959,2026-03-12 16:38:02,U01208,U01743,0,,0.0002,0
TX_0006960,2026-03-12 16:49:48,U00208,U00057,0,,1e-04,0
TX_0006961,2026-03-12 16:52:45,U00792,U01225,0,,1e-04,0
TX_0006962,2026-03-12 16:55:37,U01554,U01388,0,,0.0002,0
TX_0006963,2026-03-12 16:59:12,U01835,U01698,0,,0.0002,0
TX_0006964,2026-03-12 16:59:50,U01144,U01417,0,,0.0002,0
TX_0006965,2026-03-12 17:03:18,U01012,U00393,0,,0.0003,0
TX_0006966,2026-03-12 17:04:29,U01729,U00644,0,,0.0002,0
TX_0006967,2026-03-12 17:14:07,U01368,U01014,0,,0.0006,0
TX_0006968,2026-03-12 17:16:45,U01232,U00264,0,,0.0003,0
TX_0006969,2026-03-12 17:20:37,U00261,U01007,0,,1e-04,0
TX_0006970,2026-03-12 17:32:31,U01732,U01738,0,,1e-04,0
TX_0006971,2026-03-12 17:34:19,U00625,U01607,0,,0.0002,0
TX_0006972,2026-03-12 17:37:59,U00107,U01839,0,,0.0002,0
TX_0006973,2026-03-12 17:47:47,U01160,U01815,0,,1e-04,0
TX_0006974,2026-03-12 17:49:47,U01582,U00190,0,,0.0007,0
TX_0006975,2026-03-12 18:09:46,U00835,U00814,0,,0.0002,0
TX_0006976,2026-03-12 18:11:20,U00385,U01798,0,,0.0002,0
TX_0006977,2026-03-12 18:18:14,U01033,U01913,0,,0.0002,0
TX_0006978,2026-03-12 18:20:14,U01396,U01484,0,,0.0003,0
TX_0006979,2026-03-12 18:22:32,U01779,U01827,0,,1e-04,0
TX_0006980,2026-03-12 18:35:50,U00274,U01909,0,,0.0002,0
TX_0006981,2026-03-12 18:41:27,U01017,U01508,0,,0.0003,0
TX_0006982,2026-03-12 18:43:01,U01089,U00083,0,,0.0003,0
TX_0006983,2026-03-12 18:51:52,U00465,U00754,0,,0.0002,0
TX_0006984,2026-03-12 19:26:56,U01049,U01837,0,,1e-04,0
TX_0006985,2026-03-12 19:34:00,U00786,U01639,0,,0.0002,0
TX_0006986,2026-03-12 19:36:01,U00186,U00634,0,,1e-04,0
TX_0006987,2026-03-12 19:37:34,U01653,U00414,0,,0.0002,0
TX_0006988,2026-03-12 19:41:17,U01551,U01942,0,,1e-04,0
TX_0006989,2026-03-12 19:49:02,U01200,U01727,0,,0.0002,0
TX_0006990,2026-03-12 19:50:29,U01450,U01349,0,,0.0002,0
TX_0006991,2026-03-12 19:58:25,U01675,U00526,0,,0.0003,0
TX_0006992,2026-03-12 19:58:31,U00677,U01058,0,,0.0002,0
TX_0006993,2026-03-12 20:00:44,U01057,U00146,0,,0.0002,0
TX_0006994,2026-03-12 20:06:12,U00288,U01394,0,,1e-04,0
TX_0006995,2026-03-12 20:07:17,U00944,U00863,0,,1e-04,0
TX_0006996,2026-03-12 20:11:39,U00875,U00176,0,,0.0002,0
TX_0006997,2026-03-12 20:14:25,U00402,U01693,0,,0.0002,0
TX_0006998,2026-03-12 20:26:39,U00278,U01995,0,,1e-04,0
TX_0006999,2026-03-12 20:34:01,U00558,U00579,0,,0.0002,0
TX_0007000,2026-03-12 20:39:58,U00669,U01580,0,,0.0002,0
TX_0007001,2026-03-12 21:37:45,U01325,U01461,0,,0.0004,0
TX_0007002,2026-03-12 21:41:11,U00681,U00305,0,,0.0002,0
TX_0007003,2026-03-12 21:42:30,U01136,U00941,0,,0.0002,0
TX_0007004,2026-03-12 21:54:13,U01151,U00729,0,,0.0002,0
TX_0007005,2026-03-12 21:56:20,U00039,U00381,0,,1e-04,0
TX_0007006,2026-03-12 22:04:46,U00544,U01829,0,,1e-04,0
TX_0007007,2026-03-12 22:04:58,U01460,U00151,0,,1e-04,0
TX_0007008,2026-03-12 22:18:54,U00044,U01466,0,,0.0002,0
TX_0007009,2026-03-12 22:31:03,U00230,U00178,0,,0.0002,0
TX_0007010,2026-03-12 22:40:53,U01452,U00130,0,,0.0002,0
TX_0007011,2026-03-12 22:59:00,U00589,U01815,0,,0.0002,0
TX_0007012,2026-03-12 23:03:28,U00741,U00284,0,,1e-04,0
TX_0007013,2026-03-12 23:12:25,U01409,U01648,0,,0.0002,0
TX_0007014,2026-03-12 23:13:08,U00704,U00748,0,,0.0002,0
TX_0007015,2026-03-12 23:21:03,U01303,U00104,0,,1e-04,0
TX_0007016,2026-03-12 23:30:32,U01671,U00483,0,,1e-04,0
TX_0007017,2026-03-12 23:40:01,U01118,U01956,0,,0.0003,0
TX_0007018,2026-03-12 23:53:26,U01230,U01289,0,,0.0002,0
TX_0007019,2026-03-13 00:13:48,U01853,U00372,0,,0.0002,0
TX_0007020,2026-03-13 00:13:51,U00712,U00872,0,,0.0002,0
TX_0007021,2026-03-13 00:41:03,U01443,U01266,0,,0.0002,0
TX_0007022,2026-03-13 02:15:10,U00649,U01583,0,,0.0002,0
TX_0007023,2026-03-13 02:59:49,U01197,U01868,0,,0.0002,0
TX_0007024,2026-03-13 03:53:55,U00875,U00176,0,,0.0004,0
TX_0007025,2026-03-13 03:58:36,U01060,U00322,0,,0.0002,0
TX_0007026,2026-03-13 04:02:47,U01879,U00135,0,,0.0002,0
TX_0007027,2026-03-13 07:02:14,U01617,U00368,0,,0.0004,0
TX_0007028,2026-03-13 07:05:29,U01827,U01446,0,,0.0002,0
TX_0007029,2026-03-13 07:17:31,U01369,U00001,0,,0.0002,0
TX_0007030,2026-03-13 07:21:52,U00569,U00001,0,,0.0003,0
TX_0007031,2026-03-13 07:37:33,U01287,U01621,0,,0.0002,0
TX_0007032,2026-03-13 07:48:06,U01012,U00393,0,,0.0002,0
TX_0007033,2026-03-13 07:51:55,U02000,U00718,0,,0.0002,0
TX_0007034,2026-03-13 08:01:26,U01948,U00875,0,,0.0002,0
TX_0007035,2026-03-13 08:08:25,U00854,U01048,0,,0.0005,0
TX_0007036,2026-03-13 08:29:58,U00709,U01649,0,,0.0002,0
TX_0007037,2026-03-13 08:34:50,U01114,U01243,0,,0.0004,0
TX_0007038,2026-03-13 08:41:58,U01041,U00138,0,,0.0004,0
TX_0007039,2026-03-13 08:47:35,U01440,U00335,0,,0.0002,0
TX_0007040,2026-03-13 08:53:38,U01740,U00059,0,,0.0002,0
TX_0007041,2026-03-13 08:55:50,U01315,U01851,0,,0.0002,0
TX_0007042,2026-03-13 09:04:33,U00375,U00833,0,,0.0002,0
TX_0007043,2026-03-13 09:11:44,U00244,U01140,0,,0.0002,0
TX_0007044,2026-03-13 09:42:58,U00292,U01084,0,,0.0002,0
TX_0007045,2026-03-13 09:44:29,U00156,U01701,0,,0.0002,0
TX_0007046,2026-03-13 09:54:01,U00469,U00096,0,,0.0002,0
TX_0007047,2026-03-13 09:54:28,U00945,U01693,0,,0.0003,0
TX_0007048,2026-03-13 09:55:24,U01128,U00700,0,,0.0002,0
TX_0007049,2026-03-13 10:02:05,U00469,U01721,0,,0.0002,0
TX_0007050,2026-03-13 10:07:36,U01314,U00316,0,,0.0002,0
TX_0007051,2026-03-13 10:08:04,U00175,U01778,0,,0.0002,0
TX_0007052,2026-03-13 10:13:06,U00875,U01989,0,,0.0003,0
TX_0007053,2026-03-13 10:34:41,U00438,U01997,0,,0.0003,0
TX_0007054,2026-03-13 10:35:45,U01806,U00360,0,,0.0002,0
TX_0007055,2026-03-13 10:40:34,U00550,U00030,0,,0.0002,0
TX_0007056,2026-03-13 10:43:28,U01148,U00438,0,,0.0002,0
TX_0007057,2026-03-13 10:49:42,U00699,U00638,0,,0.0002,0
TX_0007058,2026-03-13 11:01:01,U01615,U00653,0,,0.0002,0
TX_0007059,2026-03-13 11:04:39,U01690,U00589,0,,0.0002,0
TX_0007060,2026-03-13 11:07:37,U01874,U00936,0,,0.0002,0
TX_0007061,2026-03-13 11:09:48,U01503,U00343,0,,0.0003,0
TX_0007062,2026-03-13 11:11:43,U01987,U00987,0,,0.0002,0
TX_0007063,2026-03-13 11:30:27,U00910,U00520,0,,0.0002,0
TX_0007064,2026-03-13 11:34:58,U01890,U01984,0,,0.0002,0
TX_0007065,2026-03-13 11:38:06,U00609,U01272,0,,0.0002,0
TX_0007066,2026-03-13 11:41:04,U01641,U01605,0,,0.0002,0
TX_0007067,2026-03-13 11:58:16,U01707,U01516,0,,0.0002,0
TX_0007068,2026-03-13 12:05:18,U01477,U01558,0,,0.0002,0
TX_0007069,2026-03-13 12:08:45,U01672,U01374,0,,0.0002,0
TX_0007070,2026-03-13 12:17:18,U00126,U00744,0,,0.0002,0
TX_0007071,2026-03-13 12:18:42,U00723,U01012,0,,0.0003,0
TX_0007072,2026-03-13 12:20:42,U01802,U01991,0,,0.0002,0
TX_0007073,2026-03-13 12:21:07,U01942,U00591,0,,0.0002,0
TX_0007074,2026-03-13 12:22:22,U00024,U01514,0,,0.0002,0
TX_0007075,2026-03-13 12:32:49,U01730,U00306,0,,1e-04,0
TX_0007076,2026-03-13 12:43:47,U01367,U00941,0,,0.0002,0
TX_0007077,2026-03-13 12:43:47,U00291,U00942,0,,0.0002,0
TX_0007078,2026-03-13 12:46:29,U01098,U00162,0,,0.0002,0
TX_0007079,2026-03-13 12:50:52,U01886,U01612,0,,1e-04,0
TX_0007080,2026-03-13 12:51:24,U00366,U01613,0,,0.0002,0
TX_0007081,2026-03-13 12:56:47,U01965,U00218,0,,0.0002,0
TX_0007082,2026-03-13 13:17:55,U01347,U00697,0,,0.0002,0
TX_0007083,2026-03-13 13:19:52,U01249,U01780,0,,0.0003,0
TX_0007084,2026-03-13 13:25:26,U01947,U00771,0,,0.0002,0
TX_0007085,2026-03-13 13:42:50,U00438,U01997,0,,0.0002,0
TX_0007086,2026-03-13 13:43:02,U00070,U00874,0,,0.0002,0
TX_0007087,2026-03-13 13:56:14,U00417,U00937,0,,0.0002,0
TX_0007088,2026-03-13 14:16:17,U00145,U01120,0,,0.0002,0
TX_0007089,2026-03-13 14:23:32,U00139,U01161,0,,0.0002,0
TX_0007090,2026-03-13 14:43:52,U00253,U00506,0,,0.0004,0
TX_0007091,2026-03-13 14:49:45,U01112,U01973,0,,0.0002,0
TX_0007092,2026-03-13 14:52:11,U01554,U01808,0,,1e-04,0
TX_0007093,2026-03-13 14:55:36,U01517,U00443,0,,0.0003,0
TX_0007094,2026-03-13 15:00:01,U00875,U00176,0,,0.0002,0
TX_0007095,2026-03-13 15:09:41,U01629,U00229,0,,0.0002,0
TX_0007096,2026-03-13 15:14:29,U00697,U00921,0,,1e-04,0
TX_0007097,2026-03-13 15:18:00,U00673,U00593,0,,0.0002,0
TX_0007098,2026-03-13 15:18:15,U01777,U01764,0,,0.0002,0
TX_0007099,2026-03-13 15:31:27,U00445,U01497,0,,0.0002,0
TX_0007100,2026-03-13 15:39:15,U00523,U01066,0,,0.0002,0
TX_0007101,2026-03-13 15:39:28,U00899,U01259,0,,0.0003,0
TX_0007102,2026-03-13 15:48:17,U01988,U00550,0,,0.0002,0
TX_0007103,2026-03-13 15:49:16,U00641,U00751,0,,0.0002,0
TX_0007104,2026-03-13 15:52:34,U01464,U00798,0,,1e-04,0
TX_0007105,2026-03-13 15:56:31,U00261,U01036,0,,1e-04,0
TX_0007106,2026-03-13 15:59:19,U00475,U00718,0,,0.0002,0
TX_0007107,2026-03-13 16:11:25,U00252,U01923,0,,0.0002,0
TX_0007108,2026-03-13 16:17:05,U00840,U01292,0,,0.0002,0
TX_0007109,2026-03-13 16:26:20,U00262,U00364,0,,0.0002,0
TX_0007110,2026-03-13 16:35:03,U00153,U01171,0,,0.0002,0
TX_0007111,2026-03-13 16:39:19,U00120,U00399,0,,1e-04,0
TX_0007112,2026-03-13 16:41:02,U01861,U00281,0,,1e-04,0
TX_0007113,2026-03-13 16:45:14,U00416,U01896,0,,0.0002,0
TX_0007114,2026-03-13 16:56:30,U01673,U00937,0,,0.0002,0
TX_0007115,2026-03-13 17:10:32,U01086,U01313,0,,0.0002,0
TX_0007116,2026-03-13 17:11:57,U00370,U00881,0,,1e-04,0
TX_0007117,2026-03-13 17:12:18,U01883,U01185,0,,0.0002,0
TX_0007118,2026-03-13 17:16:40,U01597,U01470,0,,0.0002,0
TX_0007119,2026-03-13 17:23:07,U00217,U01044,0,,1e-04,0
TX_0007120,2026-03-13 17:25:38,U00350,U00277,0,,0.0002,0
TX_0007121,2026-03-13 17:26:05,U01094,U01559,0,,0.0002,0
TX_0007122,2026-03-13 17:26:31,U01359,U00635,0,,0.0002,0
TX_0007123,2026-03-13 17:30:55,U00764,U01857,0,,0.0003,0
TX_0007124,2026-03-13 17:35:00,U00639,U00425,0,,1e-04,0
TX_0007125,2026-03-13 17:42:49,U00554,U00103,0,,1e-04,0
TX_0007126,2026-03-13 17:48:46,U01316,U01942,0,,0.0003,0
TX_0007127,2026-03-13 17:52:44,U01047,U00548,0,,0.0002,0
TX_0007128,2026-03-13 17:53:47,U00502,U00761,0,,0.0002,0
TX_0007129,2026-03-13 17:54:13,U01954,U00055,0,,0.0002,0
TX_0007130,2026-03-13 17:58:16,U00418,U01042,0,,0.0002,0
TX_0007131,2026-03-13 18:25:01,U00983,U01410,0,,0.0002,0
TX_0007132,2026-03-13 18:35:46,U00769,U01460,0,,0.0002,0
TX_0007133,2026-03-13 18:42:50,U01762,U00019,0,,0.0002,0
TX_0007134,2026-03-13 18:50:18,U00653,U01762,0,,0.0002,0
TX_0007135,2026-03-13 19:03:39,U00514,U01331,0,,0.0002,0
TX_0007136,2026-03-13 19:05:33,U01015,U01534,0,,1e-04,0
TX_0007137,2026-03-13 19:06:29,U01166,U00495,0,,0.0002,0
TX_0007138,2026-03-13 19:12:53,U00721,U01907,0,,1e-04,0
TX_0007139,2026-03-13 19:14:17,U01398,U00433,0,,0.0002,0
TX_0007140,2026-03-13 19:17:33,U00929,U01079,0,,0.0002,0
TX_0007141,2026-03-13 19:18:29,U01464,U01402,0,,1e-04,0
TX_0007142,2026-03-13 19:20:32,U01431,U00609,0,,0.0002,0
TX_0007143,2026-03-13 19:25:03,U01509,U01265,0,,0.0002,0
TX_0007144,2026-03-13 19:28:07,U00267,U01579,0,,0.0002,0
TX_0007145,2026-03-13 19:28:22,U00529,U00875,0,,0.0002,0
TX_0007146,2026-03-13 19:30:30,U00030,U00302,0,,0.0003,0
TX_0007147,2026-03-13 19:32:03,U01551,U01942,0,,0.0002,0
TX_0007148,2026-03-13 19:34:56,U01136,U00217,0,,0.0002,0
TX_0007149,2026-03-13 19:38:41,U01485,U01323,0,,0.0002,0
TX_0007150,2026-03-13 20:00:51,U01232,U00696,0,,0.0002,0
TX_0007151,2026-03-13 20:15:59,U00263,U00543,0,,1e-04,0
TX_0007152,2026-03-13 20:19:03,U01954,U01189,0,,0.0002,0
TX_0007153,2026-03-13 21:04:02,U00697,U01597,0,,1e-04,0
TX_0007154,2026-03-13 21:10:02,U01937,U00564,0,,0.0002,0
TX_0007155,2026-03-13 21:11:34,U00954,U00550,0,,0.0002,0
TX_0007156,2026-03-13 21:23:17,U01512,U00829,0,,1e-04,0
TX_0007157,2026-03-13 21:31:57,U01229,U01026,0,,0.0002,0
TX_0007158,2026-03-13 21:48:31,U01551,U01860,0,,1e-04,0
TX_0007159,2026-03-13 21:52:36,U00048,U01260,0,,1e-04,0
TX_0007160,2026-03-13 22:14:48,U01991,U01885,0,,0.0003,0
TX_0007161,2026-03-13 22:29:56,U00239,U00528,0,,0.0002,0
TX_0007162,2026-03-13 22:37:12,U01158,U01496,0,,0.0002,0
TX_0007163,2026-03-13 22:38:02,U01987,U01103,0,,1e-04,0
TX_0007164,2026-03-13 22:52:03,U01441,U00360,0,,0.0002,0
TX_0007165,2026-03-13 22:53:15,U01753,U01381,0,,0.0002,0
TX_0007166,2026-03-13 23:09:56,U01481,U01392,0,,0.0002,0
TX_0007167,2026-03-13 23:13:05,U01607,U01903,0,,0.0002,0
TX_0007168,2026-03-13 23:13:11,U01924,U01867,0,,1e-04,0
TX_0007169,2026-03-13 23:25:37,U01632,U00170,0,,0.0002,0
TX_0007170,2026-03-13 23:59:12,U00985,U01099,0,,0.0002,0
TX_0007171,2026-03-14 00:02:56,U01897,U01391,0,,0.0002,0
TX_0007172,2026-03-14 00:40:54,U00132,U00411,0,,0.0002,0
TX_0007173,2026-03-14 00:48:29,U01082,U00364,0,,0.0002,0
TX_0007174,2026-03-14 02:05:50,U00572,U00883,0,,0.0002,0
TX_0007175,2026-03-14 03:00:15,U01348,U00563,0,,0.0002,0
TX_0007176,2026-03-14 03:51:32,U00627,U00786,0,,0.0002,0
TX_0007177,2026-03-14 05:35:08,U01807,U00623,0,,0.0011,0
TX_0007178,2026-03-14 06:23:10,U01660,U00221,0,,0.0002,0
TX_0007179,2026-03-14 06:32:08,U00925,U00015,0,,0.0002,0
TX_0007180,2026-03-14 06:37:11,U01933,U01289,0,,0.0003,0
TX_0007181,2026-03-14 07:05:17,U00655,U00810,0,,0.0002,0
TX_0007182,2026-03-14 07:07:20,U01928,U00426,0,,0.0002,0
TX_0007183,2026-03-14 07:07:56,U00315,U00259,0,,0.0002,0
TX_0007184,2026-03-14 07:15:48,U01269,U01587,0,,0.0002,0
TX_0007185,2026-03-14 07:24:35,U01364,U00360,0,,0.0002,0
TX_0007186,2026-03-14 07:29:06,U01126,U01058,0,,0.0002,0
TX_0007187,2026-03-14 07:39:39,U01312,U00799,0,,0.0002,0
TX_0007188,2026-03-14 07:46:01,U01331,U01742,0,,0.0002,0
TX_0007189,2026-03-14 07:54:02,U01199,U00186,0,,0.0002,0
TX_0007190,2026-03-14 08:00:04,U00382,U00347,0,,0.0002,0
TX_0007191,2026-03-14 08:34:00,U01929,U00750,0,,0.0007,0
TX_0007192,2026-03-14 08:39:59,U00366,U00017,0,,0.0002,0
TX_0007193,2026-03-14 08:49:26,U01229,U00635,0,,0.0002,0
TX_0007194,2026-03-14 08:49:41,U00575,U01123,0,,0.0003,0
TX_0007195,2026-03-14 09:01:35,U00284,U00098,0,,0.0003,0
TX_0007196,2026-03-14 09:18:31,U00003,U00427,0,,0.0003,0
TX_0007197,2026-03-14 09:30:37,U01139,U01915,0,,0.0002,0
TX_0007198,2026-03-14 09:38:55,U01011,U01506,0,,0.0002,0
TX_0007199,2026-03-14 09:42:05,U00358,U01955,0,,0.0002,0
TX_0007200,2026-03-14 09:44:17,U01850,U00550,0,,0.0002,0
TX_0007201,2026-03-14 09:45:56,U01393,U00659,0,,0.0002,0
TX_0007202,2026-03-14 09:53:33,U01252,U00302,0,,0.0003,0
TX_0007203,2026-03-14 10:07:13,U00022,U00870,0,,0.0002,0
TX_0007204,2026-03-14 10:07:19,U01231,U01674,0,,0.0002,0
TX_0007205,2026-03-14 10:09:52,U01273,U00858,0,,0.0003,0
TX_0007206,2026-03-14 10:16:54,U00106,U01597,0,,0.0002,0
TX_0007207,2026-03-14 10:28:06,U01038,U01930,0,,0.0003,0
TX_0007208,2026-03-14 10:28:08,U01092,U00014,0,,0.0002,0
TX_0007209,2026-03-14 10:28:29,U00352,U00639,0,,0.0005,0
TX_0007210,2026-03-14 10:32:58,U00032,U01005,0,,0.0002,0
TX_0007211,2026-03-14 10:34:01,U01417,U01183,0,,0.0002,0
TX_0007212,2026-03-14 10:38:25,U01121,U00160,0,,0.0004,0
TX_0007213,2026-03-14 10:45:57,U00726,U00125,0,,0.0003,0
TX_0007214,2026-03-14 11:02:50,U01227,U00424,0,,0.0002,0
TX_0007215,2026-03-14 11:10:27,U01275,U01919,0,,0.0002,0
TX_0007216,2026-03-14 11:11:33,U00394,U01004,0,,0.0003,0
TX_0007217,2026-03-14 11:29:54,U01704,U01489,0,,0.0002,0
TX_0007218,2026-03-14 11:32:36,U00613,U00969,0,,0.0002,0
TX_0007219,2026-03-14 11:36:13,U00367,U01956,0,,0.0002,0
TX_0007220,2026-03-14 11:41:05,U01472,U01672,0,,0.0003,0
TX_0007221,2026-03-14 11:41:10,U01131,U00748,0,,0.0003,0
TX_0007222,2026-03-14 11:46:04,U01708,U00501,0,,0.0002,0
TX_0007223,2026-03-14 11:52:07,U00404,U01631,0,,0.0003,0
TX_0007224,2026-03-14 11:55:51,U01427,U01225,0,,0.0002,0
TX_0007225,2026-03-14 12:00:17,U00653,U00210,0,,0.0006,0
TX_0007226,2026-03-14 12:06:23,U00158,U00544,0,,0.0004,0
TX_0007227,2026-03-14 12:12:06,U00767,U01710,0,,0.0005,0
TX_0007228,2026-03-14 12:36:28,U00084,U00904,0,,0.0002,0
TX_0007229,2026-03-14 12:37:13,U01263,U00302,0,,0.0004,0
TX_0007230,2026-03-14 12:45:35,U01936,U00377,0,,1e-04,0
TX_0007231,2026-03-14 12:45:55,U01542,U00194,0,,1e-04,0
TX_0007232,2026-03-14 12:50:21,U00892,U00718,0,,0.0304,0
TX_0007233,2026-03-14 12:59:34,U00850,U00912,0,,1e-04,0
TX_0007234,2026-03-14 13:07:20,U01450,U00829,0,,0.0004,0
TX_0007235,2026-03-14 13:15:22,U01496,U01564,0,,0.0002,0
TX_0007236,2026-03-14 13:22:16,U00337,U00828,0,,0.0003,0
TX_0007237,2026-03-14 13:24:57,U01048,U01568,0,,0.0002,0
TX_0007238,2026-03-14 13:31:29,U00087,U01381,0,,0.0002,0
TX_0007239,2026-03-14 13:34:57,U01022,U01782,0,,0.0002,0
TX_0007240,2026-03-14 13:36:34,U01918,U00249,0,,0.0003,0
TX_0007241,2026-03-14 13:36:48,U01072,U00245,0,,0.0002,0
TX_0007242,2026-03-14 13:40:32,U00991,U01836,0,,1e-04,0
TX_0007243,2026-03-14 13:49:34,U00673,U00911,0,,0.0002,0
TX_0007244,2026-03-14 13:53:04,U00871,U01318,0,,0.0002,0
TX_0007245,2026-03-14 14:01:59,U00775,U01178,0,,0.0002,0
TX_0007246,2026-03-14 14:04:32,U01301,U00510,0,,1e-04,0
TX_0007247,2026-03-14 14:08:35,U00892,U01880,0,,0.0002,0
TX_0007248,2026-03-14 14:12:30,U01086,U01594,0,,0.0002,0
TX_0007249,2026-03-14 14:21:23,U01327,U00112,0,,0.0002,0
TX_0007250,2026-03-14 14:22:36,U01989,U01329,0,,0.0004,0
TX_0007251,2026-03-14 14:34:05,U01836,U01483,0,,0.0002,0
TX_0007252,2026-03-14 14:36:02,U01355,U01969,0,,0.0002,0
TX_0007253,2026-03-14 14:43:40,U01444,U00848,0,,0.0002,0
TX_0007254,2026-03-14 14:44:31,U01507,U00588,0,,0.0002,0
TX_0007255,2026-03-14 14:47:17,U01000,U01943,0,,1e-04,0
TX_0007256,2026-03-14 14:52:44,U01251,U00332,0,,0.0002,0
TX_0007257,2026-03-14 14:55:10,U00526,U01841,0,,0.0002,0
TX_0007258,2026-03-14 15:07:25,U01208,U01467,0,,0.0002,0
TX_0007259,2026-03-14 15:13:51,U01540,U00459,0,,0.0002,0
TX_0007260,2026-03-14 15:14:40,U00429,U00250,0,,1e-04,0
TX_0007261,2026-03-14 15:27:59,U00527,U01589,0,,0.0002,0
TX_0007262,2026-03-14 15:35:10,U01141,U01382,0,,0.0002,0
TX_0007263,2026-03-14 15:43:31,U01164,U01224,0,,0.0002,0
TX_0007264,2026-03-14 15:48:24,U01136,U01787,0,,0.0002,0
TX_0007265,2026-03-14 15:54:17,U00358,U01289,0,,0.0002,0
TX_0007266,2026-03-14 16:04:44,U00039,U00109,0,,0.0002,0
TX_0007267,2026-03-14 16:20:21,U01583,U01494,0,,0.0003,0
TX_0007268,2026-03-14 16:32:14,U00132,U01708,0,,0.0002,0
TX_0007269,2026-03-14 16:33:50,U00878,U00751,0,,0.0002,0
TX_0007270,2026-03-14 16:37:47,U01999,U00490,0,,1e-04,0
TX_0007271,2026-03-14 16:38:11,U00753,U00758,0,,0.0003,0
TX_0007272,2026-03-14 16:39:19,U01036,U00110,0,,1e-04,0
TX_0007273,2026-03-14 16:40:23,U00463,U00081,0,,0.0002,0
TX_0007274,2026-03-14 16:45:53,U01622,U00640,0,,0.0002,0
TX_0007275,2026-03-14 16:58:24,U00820,U00488,0,,0.0002,0
TX_0007276,2026-03-14 17:04:35,U01476,U01379,0,,0.0002,0
TX_0007277,2026-03-14 17:04:40,U01094,U01559,0,,0.0002,0
TX_0007278,2026-03-14 17:22:43,U00776,U00680,0,,0.0002,0
TX_0007279,2026-03-14 17:28:25,U00582,U00718,0,,1e-04,0
TX_0007280,2026-03-14 17:29:00,U00313,U00725,0,,0.0003,0
TX_0007281,2026-03-14 17:39:25,U00902,U01648,0,,0.0002,0
TX_0007282,2026-03-14 17:39:49,U00692,U00968,0,,0.0002,0
TX_0007283,2026-03-14 17:43:58,U01178,U01431,0,,0.0003,0
TX_0007284,2026-03-14 18:00:20,U00595,U00706,0,,0.0002,0
TX_0007285,2026-03-14 18:00:39,U00055,U00962,0,,0.0002,0
TX_0007286,2026-03-14 18:01:39,U00446,U01111,0,,0.0002,0
TX_0007287,2026-03-14 18:06:26,U00872,U01849,0,,0.0002,0
TX_0007288,2026-03-14 18:11:01,U00176,U00454,0,,1e-04,0
TX_0007289,2026-03-14 18:12:30,U00411,U00059,0,,1e-04,0
TX_0007290,2026-03-14 18:14:24,U01277,U01796,0,,0.0002,0
TX_0007291,2026-03-14 18:16:12,U01512,U00965,0,,1e-04,0
TX_0007292,2026-03-14 19:00:25,U01616,U00045,0,,0.0003,0
TX_0007293,2026-03-14 19:09:59,U00472,U01381,0,,0.0002,0
TX_0007294,2026-03-14 19:13:55,U00264,U00587,0,,0.0002,0
TX_0007295,2026-03-14 19:18:30,U01310,U00853,0,,0.0003,0
TX_0007296,2026-03-14 19:40:58,U01892,U01600,0,,1e-04,0
TX_0007297,2026-03-14 19:59:41,U00470,U01845,0,,0.0002,0
TX_0007298,2026-03-14 20:01:01,U01885,U00659,0,,0.0002,0
TX_0007299,2026-03-14 20:05:44,U01286,U01477,0,,0.0002,0
TX_0007300,2026-03-14 20:06:20,U01728,U01733,0,,1e-04,0
TX_0007301,2026-03-14 20:44:07,U00503,U00183,0,,0.0002,0
TX_0007302,2026-03-14 20:58:40,U00420,U01205,0,,0.0002,0
TX_0007303,2026-03-14 21:03:04,U00270,U00034,0,,0.0002,0
TX_0007304,2026-03-14 21:09:50,U01193,U01996,0,,0.0007,0
TX_0007305,2026-03-14 21:17:51,U00667,U00108,0,,0.0003,0
TX_0007306,2026-03-14 21:36:24,U00296,U01042,0,,0.0002,0
TX_0007307,2026-03-14 21:36:33,U00202,U00010,0,,0.0002,0
TX_0007308,2026-03-14 21:42:51,U00484,U00762,0,,0.0002,0
TX_0007309,2026-03-14 21:49:34,U00865,U00089,0,,0.0002,0
TX_0007310,2026-03-14 21:52:00,U01532,U01891,0,,0.0002,0
TX_0007311,2026-03-14 21:54:27,U00161,U01822,0,,0.0002,0
TX_0007312,2026-03-14 21:57:50,U01436,U01579,0,,0.0002,0
TX_0007313,2026-03-14 22:39:43,U00287,U01851,0,,0.0002,0
TX_0007314,2026-03-14 22:41:13,U01397,U00196,0,,0.0002,0
TX_0007315,2026-03-14 22:42:30,U01491,U00030,0,,0.0002,0
TX_0007316,2026-03-14 22:43:28,U01371,U01310,0,,0.0002,0
TX_0007317,2026-03-14 23:01:20,U01342,U00104,0,,1e-04,0
TX_0007318,2026-03-14 23:03:00,U00345,U01498,0,,0.0002,0
TX_0007319,2026-03-14 23:07:22,U01652,U00649,0,,0.0002,0
TX_0007320,2026-03-14 23:12:04,U00764,U00161,0,,0.0002,0
TX_0007321,2026-03-14 23:21:49,U01654,U01299,0,,1e-04,0
TX_0007322,2026-03-14 23:24:50,U01339,U01288,0,,1e-04,0
TX_0007323,2026-03-14 23:31:18,U00548,U01063,0,,0.0003,0
TX_0007324,2026-03-14 23:32:02,U01878,U00706,0,,0.0002,0
TX_0007325,2026-03-15 00:07:58,U00161,U01822,0,,0.0002,0
TX_0007326,2026-03-15 00:18:38,U01753,U00645,0,,0.0002,0
TX_0007327,2026-03-15 00:21:24,U00510,U01721,0,,0.0002,0
TX_0007328,2026-03-15 00:25:22,U01347,U01692,0,,0.0002,0
TX_0007329,2026-03-15 00:51:55,U00579,U01339,0,,0.0002,0
TX_0007330,2026-03-15 01:27:05,U01634,U00234,0,,0.0002,0
TX_0007331,2026-03-15 02:34:11,U01609,U01981,0,,0.0002,0
TX_0007332,2026-03-15 04:15:45,U01838,U00538,0,,0.0002,0
TX_0007333,2026-03-15 06:09:58,U01726,U00514,0,,0.0004,0
TX_0007334,2026-03-15 06:32:16,U01961,U00621,0,,0.0002,0
TX_0007335,2026-03-15 07:04:20,U00448,U00598,0,,0.0002,0
TX_0007336,2026-03-15 07:06:11,U00925,U00445,0,,0.0002,0
TX_0007337,2026-03-15 07:08:35,U01034,U00007,0,,0.0002,0
TX_0007338,2026-03-15 07:12:56,U00685,U00492,0,,0.0002,0
TX_0007339,2026-03-15 07:13:39,U00190,U00301,0,,0.0002,0
TX_0007340,2026-03-15 07:17:39,U01887,U00382,0,,0.0002,0
TX_0007341,2026-03-15 07:27:37,U01034,U00007,0,,0.0012,0
TX_0007342,2026-03-15 07:27:38,U01248,U00203,0,,0.0002,0
TX_0007343,2026-03-15 07:39:49,U00419,U01465,0,,0.0002,0
TX_0007344,2026-03-15 07:47:34,U00471,U00217,0,,0.0002,0
TX_0007345,2026-03-15 08:23:36,U00029,U00130,0,,0.0002,0
TX_0007346,2026-03-15 08:28:33,U00767,U01710,0,,0.0002,0
TX_0007347,2026-03-15 08:49:08,U00911,U01484,0,,0.0002,0
TX_0007348,2026-03-15 09:02:14,U00911,U01945,0,,0.0002,0
TX_0007349,2026-03-15 09:05:14,U00226,U01643,0,,0.0002,0
TX_0007350,2026-03-15 09:18:12,U01586,U01613,0,,0.0002,0
TX_0007351,2026-03-15 09:21:45,U01271,U00738,0,,0.0002,0
TX_0007352,2026-03-15 09:36:25,U01797,U01777,0,,0.0002,0
TX_0007353,2026-03-15 09:49:57,U01532,U00619,0,,0.0002,0
TX_0007354,2026-03-15 09:53:06,U00669,U00980,0,,0.0003,0
TX_0007355,2026-03-15 09:57:05,U01251,U01956,0,,0.0002,0
TX_0007356,2026-03-15 10:06:31,U01075,U00280,0,,0.0003,0
TX_0007357,2026-03-15 10:26:53,U01455,U01160,0,,0.0003,0
TX_0007358,2026-03-15 10:27:16,U00797,U01200,0,,0.0002,0
TX_0007359,2026-03-15 10:30:43,U00158,U01250,0,,0.0002,0
TX_0007360,2026-03-15 10:44:45,U01660,U00008,0,,0.0002,0
TX_0007361,2026-03-15 10:47:34,U01535,U01602,0,,0.0002,0
TX_0007362,2026-03-15 10:48:20,U01042,U00768,0,,0.0002,0
TX_0007363,2026-03-15 10:49:14,U00655,U00354,0,,0.0002,0
TX_0007364,2026-03-15 10:52:00,U01024,U01917,0,,0.0004,0
TX_0007365,2026-03-15 10:56:23,U00127,U00793,0,,0.0003,0
TX_0007366,2026-03-15 11:00:12,U00353,U00484,0,,0.0002,0
TX_0007367,2026-03-15 11:02:15,U01876,U00133,0,,0.0003,0
TX_0007368,2026-03-15 11:09:51,U00528,U01103,0,,0.0004,0
TX_0007369,2026-03-15 11:28:25,U00333,U01033,0,,0.0002,0
TX_0007370,2026-03-15 11:30:01,U01726,U00838,0,,0.0002,0
TX_0007371,2026-03-15 11:45:17,U01938,U00894,0,,0.0002,0
TX_0007372,2026-03-15 11:47:30,U00507,U00864,0,,0.0002,0
TX_0007373,2026-03-15 11:47:41,U01973,U01113,0,,0.0002,0
TX_0007374,2026-03-15 11:56:52,U01348,U01880,0,,0.0002,0
TX_0007375,2026-03-15 11:57:23,U01993,U01038,0,,0.0002,0
TX_0007376,2026-03-15 12:01:49,U00131,U00149,0,,0.0003,0
TX_0007377,2026-03-15 12:03:09,U00825,U01835,0,,1e-04,0
TX_0007378,2026-03-15 12:10:38,U00910,U01401,0,,0.0002,0
TX_0007379,2026-03-15 12:14:29,U00333,U00607,0,,0.0002,0
TX_0007380,2026-03-15 12:19:23,U00774,U00763,0,,0.0002,0
TX_0007381,2026-03-15 12:25:31,U00458,U01579,0,,0.0007,0
TX_0007382,2026-03-15 12:29:11,U00441,U01782,0,,0.0002,0
TX_0007383,2026-03-15 12:48:23,U00060,U01357,0,,0.0002,0
TX_0007384,2026-03-15 12:51:35,U00902,U01826,0,,0.0002,0
TX_0007385,2026-03-15 12:53:42,U00608,U01896,0,,0.0002,0
TX_0007386,2026-03-15 13:10:34,U00422,U00988,0,,1e-04,0
TX_0007387,2026-03-15 13:37:14,U00994,U00535,0,,0.0002,0
TX_0007388,2026-03-15 14:02:56,U00417,U01937,0,,0.0002,0
TX_0007389,2026-03-15 14:04:47,U01250,U01862,0,,0.0002,0
TX_0007390,2026-03-15 14:09:16,U00643,U00717,0,,0.0002,0
TX_0007391,2026-03-15 14:13:46,U00793,U01369,0,,0.0002,0
TX_0007392,2026-03-15 14:17:00,U01994,U01471,0,,0.0002,0
TX_0007393,2026-03-15 14:23:22,U00660,U00885,0,,0.0002,0
TX_0007394,2026-03-15 14:27:58,U00726,U01299,0,,0.0002,0
TX_0007395,2026-03-15 14:30:58,U01804,U00377,0,,0.0002,0
TX_0007396,2026-03-15 14:34:15,U01434,U01279,0,,0.0002,0
TX_0007397,2026-03-15 14:41:58,U00217,U01044,0,,0.0002,0
TX_0007398,2026-03-15 14:52:08,U00392,U01367,0,,0.0002,0
TX_0007399,2026-03-15 14:56:50,U00613,U01304,0,,1e-04,0
TX_0007400,2026-03-15 15:08:47,U00932,U00967,0,,1e-04,0
TX_0007401,2026-03-15 15:09:31,U00921,U00156,0,,0.0004,0
TX_0007402,2026-03-15 15:23:39,U00143,U00908,0,,1e-04,0
TX_0007403,2026-03-15 15:27:55,U01408,U01301,0,,1e-04,0
TX_0007404,2026-03-15 15:29:32,U00653,U00210,0,,0.0002,0
TX_0007405,2026-03-15 15:40:11,U00648,U00151,0,,0.0002,0
TX_0007406,2026-03-15 15:40:47,U00186,U00634,0,,1e-04,0
TX_0007407,2026-03-15 15:41:12,U01628,U00388,0,,0.0002,0
TX_0007408,2026-03-15 15:42:40,U00636,U01180,0,,0.0002,0
TX_0007409,2026-03-15 15:50:05,U01360,U01919,0,,0.0002,0
TX_0007410,2026-03-15 15:53:35,U00158,U01975,0,,0.0002,0
TX_0007411,2026-03-15 15:57:09,U01316,U01446,0,,0.0002,0
TX_0007412,2026-03-15 15:59:09,U01834,U01691,0,,0.0002,0
TX_0007413,2026-03-15 15:59:28,U01250,U01252,0,,0.0002,0
TX_0007414,2026-03-15 16:02:43,U00090,U00887,0,,1e-04,0
TX_0007415,2026-03-15 16:05:34,U01393,U00659,0,,0.0002,0
TX_0007416,2026-03-15 16:06:42,U00758,U00063,0,,0.0002,0
TX_0007417,2026-03-15 16:09:26,U00169,U01412,0,,0.0003,0
TX_0007418,2026-03-15 16:13:13,U00602,U00535,0,,0.0002,0
TX_0007419,2026-03-15 16:13:24,U00842,U00308,0,,0.0002,0
TX_0007420,2026-03-15 16:14:09,U00201,U00060,0,,0.0002,0
TX_0007421,2026-03-15 16:29:24,U01896,U01732,0,,0.0002,0
TX_0007422,2026-03-15 16:32:15,U00496,U00002,0,,0.0002,0
TX_0007423,2026-03-15 16:35:30,U00450,U01722,0,,0.0002,0
TX_0007424,2026-03-15 16:39:31,U01152,U00330,0,,0.0002,0
TX_0007425,2026-03-15 16:40:04,U00232,U01944,0,,0.0002,0
TX_0007426,2026-03-15 16:44:28,U00710,U00742,0,,0.0002,0
TX_0007427,2026-03-15 16:45:50,U00375,U00438,0,,0.0003,0
TX_0007428,2026-03-15 16:51:12,U00779,U01676,0,,1e-04,0
TX_0007429,2026-03-15 16:55:40,U00475,U01581,0,,0.0002,0
TX_0007430,2026-03-15 16:58:33,U01166,U01645,0,,0.0002,0
TX_0007431,2026-03-15 17:06:34,U01206,U00510,0,,1e-04,0
TX_0007432,2026-03-15 17:12:23,U00861,U00279,0,,0.0003,0
TX_0007433,2026-03-15 17:18:40,U01068,U00036,0,,0.0002,0
TX_0007434,2026-03-15 17:18:58,U01703,U00495,0,,1e-04,0
TX_0007435,2026-03-15 17:23:08,U01333,U01532,0,,0.0002,0
TX_0007436,2026-03-15 17:29:04,U01064,U01200,0,,0.0002,0
TX_0007437,2026-03-15 17:38:41,U01921,U01390,0,,0.0002,0
TX_0007438,2026-03-15 17:44:16,U00262,U01239,0,,0.0002,0
TX_0007439,2026-03-15 17:48:53,U00948,U01364,0,,0.0002,0
TX_0007440,2026-03-15 17:49:01,U01843,U00132,0,,0.0002,0
TX_0007441,2026-03-15 17:49:10,U00648,U00151,0,,0.0002,0
TX_0007442,2026-03-15 17:58:31,U01924,U00420,0,,1e-04,0
TX_0007443,2026-03-15 17:59:25,U00480,U00283,0,,0.0002,0
TX_0007444,2026-03-15 18:05:33,U00777,U00546,0,,0.0002,0
TX_0007445,2026-03-15 18:15:27,U01099,U00545,0,,0.0002,0
TX_0007446,2026-03-15 18:37:04,U01070,U00034,0,,0.0002,0
TX_0007447,2026-03-15 18:38:18,U00674,U01915,0,,0.0002,0
TX_0007448,2026-03-15 18:42:11,U01276,U00678,0,,0.0002,0
TX_0007449,2026-03-15 18:50:05,U00785,U00756,0,,0.0002,0
TX_0007450,2026-03-15 18:51:09,U00505,U00247,0,,0.0002,0
TX_0007451,2026-03-15 18:56:14,U00845,U01643,0,,0.0002,0
TX_0007452,2026-03-15 19:03:38,U01680,U00180,0,,0.0004,0
TX_0007453,2026-03-15 19:10:15,U00100,U01296,0,,0.0003,0
TX_0007454,2026-03-15 19:30:44,U01869,U01903,0,,1e-04,0
TX_0007455,2026-03-15 19:34:00,U00950,U00214,0,,0.0002,0
TX_0007456,2026-03-15 19:49:29,U00439,U00776,0,,0.0002,0
TX_0007457,2026-03-15 19:59:56,U01754,U01416,0,,0.0002,0
TX_0007458,2026-03-15 20:04:00,U01959,U01751,0,,0.0002,0
TX_0007459,2026-03-15 20:04:26,U00152,U00754,0,,0.0002,0
TX_0007460,2026-03-15 20:05:47,U01914,U00952,0,,0.0002,0
TX_0007461,2026-03-15 20:08:31,U00010,U00216,0,,0.0002,0
TX_0007462,2026-03-15 20:12:48,U01137,U01424,0,,1e-04,0
TX_0007463,2026-03-15 20:16:12,U00726,U01237,0,,0.0003,0
TX_0007464,2026-03-15 20:18:59,U01990,U00227,0,,1e-04,0
TX_0007465,2026-03-15 20:26:10,U00306,U01442,0,,0.0002,0
TX_0007466,2026-03-15 20:31:43,U01238,U01036,0,,0.0002,0
TX_0007467,2026-03-15 20:32:02,U01874,U00238,0,,0.0002,0
TX_0007468,2026-03-15 20:33:16,U00146,U00891,0,,0.0002,0
TX_0007469,2026-03-15 20:42:49,U01551,U01942,0,,1e-04,0
TX_0007470,2026-03-15 20:54:02,U00685,U00492,0,,0.0002,0
TX_0007471,2026-03-15 21:21:05,U01127,U01830,0,,0.0002,0
TX_0007472,2026-03-15 21:22:12,U01732,U01098,0,,0.0002,0
TX_0007473,2026-03-15 21:23:22,U00073,U00144,0,,1e-04,0
TX_0007474,2026-03-15 21:24:39,U01740,U01560,0,,0.0002,0
TX_0007475,2026-03-15 21:25:57,U01481,U01445,0,,0.0002,0
TX_0007476,2026-03-15 21:27:18,U00857,U01818,0,,0.0002,0
TX_0007477,2026-03-15 21:28:46,U01109,U01402,0,,0.0002,0
TX_0007478,2026-03-15 21:32:12,U01531,U00320,0,,0.0002,0
TX_0007479,2026-03-15 21:36:48,U01439,U01722,0,,1e-04,0
TX_0007480,2026-03-15 21:39:00,U01824,U01073,0,,0.0002,0
TX_0007481,2026-03-15 21:39:56,U00009,U01641,0,,0.0003,0
TX_0007482,2026-03-15 21:44:10,U00420,U00959,0,,0.0002,0
TX_0007483,2026-03-15 21:47:45,U01814,U01462,0,,1e-04,0
TX_0007484,2026-03-15 21:50:03,U00318,U01352,0,,0.0002,0
TX_0007485,2026-03-15 21:54:07,U01894,U00450,0,,0.0002,0
TX_0007486,2026-03-15 22:01:43,U01815,U01535,0,,0.0004,0
TX_0007487,2026-03-15 22:05:31,U01226,U00976,0,,0.0004,0
TX_0007488,2026-03-15 22:47:33,U01985,U00300,0,,0.0002,0
TX_0007489,2026-03-15 23:17:13,U01071,U00007,0,,0.0002,0
TX_0007490,2026-03-15 23:21:20,U00378,U00543,0,,0.0002,0
TX_0007491,2026-03-15 23:24:19,U01916,U00808,0,,0.0002,0
TX_0007492,2026-03-15 23:29:42,U00660,U01843,0,,0.0002,0
TX_0007493,2026-03-15 23:36:53,U00651,U01525,0,,1e-04,0
TX_0007494,2026-03-15 23:43:21,U00867,U00511,0,,0.0003,0
TX_0007495,2026-03-16 00:01:36,U00771,U00837,0,,0.0002,0
TX_0007496,2026-03-16 00:10:25,U01152,U00330,0,,0.0002,0
TX_0007497,2026-03-16 00:28:03,U00969,U00416,0,,0.0002,0
TX_0007498,2026-03-16 00:38:23,U00742,U00564,0,,0.0002,0
TX_0007499,2026-03-16 00:40:26,U01407,U00117,0,,0.0002,0
TX_0007500,2026-03-16 00:46:54,U00900,U00329,0,,0.0002,0
TX_0007501,2026-03-16 00:50:21,U00664,U01102,0,,0.0006,0
TX_0007502,2026-03-16 01:05:45,U01784,U01998,0,,0.0003,0
TX_0007503,2026-03-16 01:52:27,U01969,U00574,0,,0.0002,0
TX_0007504,2026-03-16 02:32:24,U01899,U00857,0,,0.0002,0
TX_0007505,2026-03-16 03:12:10,U01104,U01195,0,,0.0002,0
TX_0007506,2026-03-16 03:13:48,U01034,U01787,0,,0.0002,0
TX_0007507,2026-03-16 03:19:13,U01250,U00017,0,,0.0002,0
TX_0007508,2026-03-16 03:45:47,U01233,U00227,0,,0.0002,0
TX_0007509,2026-03-16 05:01:22,U00121,U00036,0,,0.0002,0
TX_0007510,2026-03-16 05:50:40,U00040,U00243,0,,0.0002,0
TX_0007511,2026-03-16 06:24:25,U01542,U00210,0,,0.0002,0
TX_0007512,2026-03-16 06:52:00,U01066,U01119,0,,0.0002,0
TX_0007513,2026-03-16 07:08:22,U00371,U01112,0,,0.0004,0
TX_0007514,2026-03-16 07:17:59,U01225,U00828,0,,0.0002,0
TX_0007515,2026-03-16 07:21:17,U00848,U01817,0,,0.0002,0
TX_0007516,2026-03-16 07:53:55,U00321,U00405,0,,0.0024,0
TX_0007517,2026-03-16 08:03:02,U01987,U01103,0,,0.0002,0
TX_0007518,2026-03-16 08:32:22,U01259,U00409,0,,0.0002,0
TX_0007519,2026-03-16 08:37:29,U00519,U01857,0,,0.0016,0
TX_0007520,2026-03-16 08:39:06,U00199,U01941,0,,0.0002,0
TX_0007521,2026-03-16 08:41:27,U01896,U01828,0,,0.0017,0
TX_0007522,2026-03-16 08:42:36,U01996,U00335,0,,0.0002,0
TX_0007523,2026-03-16 08:47:08,U01897,U00569,0,,0.0002,0
TX_0007524,2026-03-16 08:57:54,U00923,U01586,0,,0.0002,0
TX_0007525,2026-03-16 09:02:15,U01965,U00804,0,,0.0002,0
TX_0007526,2026-03-16 09:07:03,U00051,U00009,0,,0.0004,0
TX_0007527,2026-03-16 09:19:04,U01634,U01746,0,,0.0003,0
TX_0007528,2026-03-16 09:21:05,U01363,U01305,0,,0.0002,0
TX_0007529,2026-03-16 09:25:10,U00016,U01380,0,,0.0002,0
TX_0007530,2026-03-16 09:35:39,U01628,U00839,0,,0.0002,0
TX_0007531,2026-03-16 09:44:57,U00823,U01433,0,,0.0012,0
TX_0007532,2026-03-16 09:45:10,U01696,U01274,0,,0.0006,0
TX_0007533,2026-03-16 09:46:38,U00588,U01011,0,,0.0003,0
TX_0007534,2026-03-16 09:51:08,U01756,U00769,0,,0.0004,0
TX_0007535,2026-03-16 10:09:59,U00076,U01543,0,,0.0002,0
TX_0007536,2026-03-16 10:11:02,U00030,U00302,0,,0.0002,0
TX_0007537,2026-03-16 10:14:14,U01939,U01265,0,,0.0002,0
TX_0007538,2026-03-16 10:22:39,U01951,U01136,0,,0.0023,0
TX_0007539,2026-03-16 10:40:50,U01059,U01839,0,,0.0071,0
TX_0007540,2026-03-16 10:45:35,U01872,U00924,0,,0.0002,0
TX_0007541,2026-03-16 10:56:27,U00413,U00750,0,,0.0003,0
TX_0007542,2026-03-16 11:00:53,U00382,U01677,0,,0.0002,0
TX_0007543,2026-03-16 11:02:15,U00329,U01459,0,,0.0002,0
TX_0007544,2026-03-16 11:12:34,U00963,U01322,0,,0.0002,0
TX_0007545,2026-03-16 11:13:25,U00336,U01572,0,,0.0002,0
TX_0007546,2026-03-16 11:22:15,U01052,U01292,0,,0.0011,0
TX_0007547,2026-03-16 11:22:46,U00334,U00854,0,,0.0002,0
TX_0007548,2026-03-16 11:37:50,U00305,U01894,0,,0.0003,0
TX_0007549,2026-03-16 11:43:43,U00061,U00473,0,,0.0006,0
TX_0007550,2026-03-16 11:44:40,U00742,U01478,0,,0.0002,0
TX_0007551,2026-03-16 11:54:52,U00892,U01880,0,,0.0005,0
TX_0007552,2026-03-16 12:25:30,U00820,U00488,0,,0.0003,0
TX_0007553,2026-03-16 12:29:57,U01432,U00441,0,,0.0002,0
TX_0007554,2026-03-16 12:52:35,U00258,U01390,0,,0.0002,0
TX_0007555,2026-03-16 13:00:38,U01094,U01733,0,,0.0002,0
TX_0007556,2026-03-16 13:00:41,U01094,U01559,0,,0.0002,0
TX_0007557,2026-03-16 13:03:15,U01487,U00400,0,,0.0002,0
TX_0007558,2026-03-16 13:06:11,U00583,U01756,0,,0.0002,0
TX_0007559,2026-03-16 13:08:38,U00419,U01168,0,,0.0002,0
TX_0007560,2026-03-16 13:10:48,U00173,U00763,0,,0.0002,0
TX_0007561,2026-03-16 13:14:29,U00774,U00278,0,,0.0008,0
TX_0007562,2026-03-16 13:15:42,U00810,U01735,0,,0.0002,0
TX_0007563,2026-03-16 13:23:26,U00084,U00181,0,,0.0002,0
TX_0007564,2026-03-16 13:48:07,U01559,U00837,0,,0.0002,0
TX_0007565,2026-03-16 13:48:09,U01855,U01842,0,,0.0004,0
TX_0007566,2026-03-16 13:52:42,U01267,U01133,0,,0.0002,0
TX_0007567,2026-03-16 13:53:58,U01553,U01334,0,,0.0002,0
TX_0007568,2026-03-16 13:55:33,U00949,U00881,0,,0.0002,0
TX_0007569,2026-03-16 14:03:34,U00128,U00090,0,,0.0003,0
TX_0007570,2026-03-16 14:12:09,U01161,U01605,0,,0.0002,0
TX_0007571,2026-03-16 14:12:28,U01291,U00201,0,,0.0002,0
TX_0007572,2026-03-16 14:16:59,U00179,U00968,0,,0.0002,0
TX_0007573,2026-03-16 14:32:37,U01737,U01794,0,,0.0002,0
TX_0007574,2026-03-16 14:45:03,U00897,U01271,0,,0.0003,0
TX_0007575,2026-03-16 14:48:47,U00303,U01903,0,,0.0002,0
TX_0007576,2026-03-16 14:52:41,U00947,U00280,0,,0.0002,0
TX_0007577,2026-03-16 14:58:09,U01548,U01771,0,,0.0002,0
TX_0007578,2026-03-16 15:09:43,U01246,U00576,0,,0.0002,0
TX_0007579,2026-03-16 15:14:11,U01109,U00003,0,,0.0002,0
TX_0007580,2026-03-16 15:21:21,U00011,U00345,0,,0.0002,0
TX_0007581,2026-03-16 15:26:09,U00176,U01819,0,,0.0002,0
TX_0007582,2026-03-16 15:30:37,U01190,U00971,0,,0.0005,0
TX_0007583,2026-03-16 15:33:23,U00487,U00453,0,,0.0002,0
TX_0007584,2026-03-16 15:35:21,U00631,U00922,0,,0.0002,0
TX_0007585,2026-03-16 15:36:54,U00205,U00876,0,,0.0003,0
TX_0007586,2026-03-16 15:38:05,U01732,U00306,0,,0.0015,0
TX_0007587,2026-03-16 15:38:40,U00985,U00875,0,,0.0006,0
TX_0007588,2026-03-16 15:41:14,U01155,U00902,0,,0.0002,0
TX_0007589,2026-03-16 15:48:53,U00772,U00485,0,,0.0002,0
TX_0007590,2026-03-16 15:51:03,U01291,U00245,0,,0.0002,0
TX_0007591,2026-03-16 15:52:08,U01304,U00235,0,,0.0009,0
TX_0007592,2026-03-16 15:54:45,U01654,U00858,0,,0.0002,0
TX_0007593,2026-03-16 15:55:09,U00839,U00022,0,,0.0002,0
TX_0007594,2026-03-16 16:00:12,U00792,U01225,0,,0.0032,0
TX_0007595,2026-03-16 16:02:59,U01877,U00780,0,,0.0002,0
TX_0007596,2026-03-16 16:12:53,U00768,U00250,0,,0.0006,0
TX_0007597,2026-03-16 16:19:32,U01171,U01095,0,,0.0002,0
TX_0007598,2026-03-16 16:36:16,U00429,U01017,0,,0.0015,0
TX_0007599,2026-03-16 16:38:28,U00659,U01638,0,,0.0081,0
TX_0007600,2026-03-16 16:57:11,U00914,U01329,0,,0.0002,0
TX_0007601,2026-03-16 17:16:10,U01737,U01668,0,,0.0006,0
TX_0007602,2026-03-16 17:18:36,U00014,U00872,0,,0.0002,0
TX_0007603,2026-03-16 17:24:53,U00288,U01817,0,,0.0002,0
TX_0007604,2026-03-16 17:29:28,U01244,U00619,0,,0.0002,0
TX_0007605,2026-03-16 17:33:10,U01452,U00130,0,,0.0012,0
TX_0007606,2026-03-16 17:41:28,U00424,U01255,0,,0.0004,0
TX_0007607,2026-03-16 18:02:12,U00830,U00088,0,,0.0002,0
TX_0007608,2026-03-16 18:07:48,U00850,U00926,0,,0.0002,0
TX_0007609,2026-03-16 18:20:51,U00292,U01752,0,,0.0002,0
TX_0007610,2026-03-16 18:27:31,U00133,U00628,0,,0.0002,0
TX_0007611,2026-03-16 18:32:04,U01976,U01176,0,,0.0002,0
TX_0007612,2026-03-16 18:39:32,U00249,U01853,0,,0.0002,0
TX_0007613,2026-03-16 18:39:51,U01954,U01184,0,,0.0003,0
TX_0007614,2026-03-16 18:42:06,U00334,U01602,0,,0.0012,0
TX_0007615,2026-03-16 18:46:57,U00873,U01181,0,,0.0008,0
TX_0007616,2026-03-16 19:05:55,U01587,U01424,0,,0.0002,0
TX_0007617,2026-03-16 19:19:32,U01355,U00944,0,,0.0002,0
TX_0007618,2026-03-16 19:20:21,U01225,U00828,0,,0.0002,0
TX_0007619,2026-03-16 19:30:33,U00696,U01971,0,,0.0002,0
TX_0007620,2026-03-16 19:39:03,U00709,U01083,0,,0.0002,0
TX_0007621,2026-03-16 19:53:06,U00536,U00239,0,,0.0002,0
TX_0007622,2026-03-16 19:59:49,U00836,U01451,0,,0.0002,0
TX_0007623,2026-03-16 20:02:24,U01342,U01923,0,,0.0002,0
TX_0007624,2026-03-16 20:06:04,U01298,U01075,0,,0.0002,0
TX_0007625,2026-03-16 20:12:25,U01904,U01271,0,,0.0002,0
TX_0007626,2026-03-16 20:21:45,U01988,U01557,0,,0.0002,0
TX_0007627,2026-03-16 20:28:03,U01398,U01718,0,,0.0003,0
TX_0007628,2026-03-16 20:30:22,U00629,U00442,0,,0.0002,0
TX_0007629,2026-03-16 20:33:04,U00912,U00007,0,,0.0003,0
TX_0007630,2026-03-16 20:33:36,U00177,U01194,0,,0.0002,0
TX_0007631,2026-03-16 20:38:49,U01838,U01133,0,,0.0002,0
TX_0007632,2026-03-16 20:39:00,U00650,U01417,0,,0.0002,0
TX_0007633,2026-03-16 20:47:18,U01895,U00314,0,,0.0002,0
TX_0007634,2026-03-16 20:52:14,U00986,U00056,0,,0.0003,0
TX_0007635,2026-03-16 20:53:22,U00960,U00820,0,,0.0002,0
TX_0007636,2026-03-16 20:55:19,U00149,U01522,0,,0.0002,0
TX_0007637,2026-03-16 21:00:24,U00558,U00286,0,,0.0002,0
TX_0007638,2026-03-16 21:06:30,U01272,U01996,0,,0.0002,0
TX_0007639,2026-03-16 21:07:06,U01250,U01510,0,,0.0002,0
TX_0007640,2026-03-16 21:22:24,U00808,U01743,0,,0.0002,0
TX_0007641,2026-03-16 21:34:34,U01755,U00140,0,,0.0002,0
TX_0007642,2026-03-16 21:37:19,U01565,U01183,0,,0.0002,0
TX_0007643,2026-03-16 22:07:12,U01768,U00779,0,,0.0002,0
TX_0007644,2026-03-16 22:17:01,U01879,U00135,0,,0.0002,0
TX_0007645,2026-03-16 22:26:58,U00698,U00676,0,,0.0002,0
TX_0007646,2026-03-16 22:33:45,U01701,U01590,0,,0.0017,0
TX_0007647,2026-03-16 22:34:50,U01859,U01618,0,,0.0002,0
TX_0007648,2026-03-16 22:38:02,U01302,U01526,0,,0.0002,0
TX_0007649,2026-03-16 22:39:44,U01619,U00062,0,,0.0006,0
TX_0007650,2026-03-16 22:40:56,U01285,U00162,0,,0.0002,0
TX_0007651,2026-03-16 22:44:13,U00235,U00988,0,,0.0002,0
TX_0007652,2026-03-16 22:45:24,U01519,U01180,0,,0.0006,0
TX_0007653,2026-03-16 22:49:01,U02000,U00978,0,,0.0002,0
TX_0007654,2026-03-16 23:05:28,U01961,U01521,0,,0.0002,0
TX_0007655,2026-03-16 23:12:16,U00905,U01937,0,,0.0002,0
TX_0007656,2026-03-16 23:12:57,U00140,U01504,0,,0.0003,0
TX_0007657,2026-03-16 23:13:01,U00799,U01804,0,,0.0003,0
TX_0007658,2026-03-16 23:13:29,U01847,U00373,0,,0.0003,0
TX_0007659,2026-03-16 23:32:40,U00525,U00886,0,,0.0002,0
TX_0007660,2026-03-16 23:33:26,U01316,U01338,0,,0.0002,0
TX_0007661,2026-03-16 23:37:11,U00665,U01728,0,,0.0004,0
TX_0007662,2026-03-16 23:40:44,U01561,U01575,0,,0.0015,0
TX_0007663,2026-03-16 23:53:28,U00187,U00678,0,,0.0002,0
TX_0007664,2026-03-17 00:00:56,U01983,U00675,0,,0.0002,0
TX_0007665,2026-03-17 00:01:21,U01223,U00186,0,,0.0002,0
TX_0007666,2026-03-17 00:08:46,U01463,U00842,0,,0.0002,0
TX_0007667,2026-03-17 00:12:51,U00925,U00015,0,,0.0002,0
TX_0007668,2026-03-17 00:24:13,U00061,U00075,0,,0.0002,0
TX_0007669,2026-03-17 00:51:34,U00972,U00487,0,,0.0002,0
TX_0007670,2026-03-17 00:53:27,U01943,U01940,0,,0.0002,0
TX_0007671,2026-03-17 03:53:09,U00921,U00460,0,,0.0003,0
TX_0007672,2026-03-17 05:16:59,U00332,U00411,0,,0.0002,0
TX_0007673,2026-03-17 05:28:56,U01085,U00193,0,,0.0002,0
TX_0007674,2026-03-17 07:08:06,U00505,U00247,0,,0.0002,0
TX_0007675,2026-03-17 07:21:12,U00246,U00650,0,,0.0002,0
TX_0007676,2026-03-17 07:33:57,U01119,U00765,0,,0.0002,0
TX_0007677,2026-03-17 07:45:55,U00414,U01861,0,,0.0002,0
TX_0007678,2026-03-17 07:52:27,U01622,U01016,0,,0.0002,0
TX_0007679,2026-03-17 08:01:07,U01712,U00803,0,,0.0002,0
TX_0007680,2026-03-17 08:16:06,U01927,U00937,0,,0.0002,0
TX_0007681,2026-03-17 08:25:09,U01316,U00486,0,,0.0002,0
TX_0007682,2026-03-17 08:25:36,U00286,U01475,0,,0.0002,0
TX_0007683,2026-03-17 08:40:58,U00336,U01572,0,,0.0002,0
TX_0007684,2026-03-17 08:41:18,U00316,U01008,0,,0.0002,0
TX_0007685,2026-03-17 08:44:26,U01510,U01190,0,,0.0002,0
TX_0007686,2026-03-17 08:56:54,U00494,U00092,0,,0.0003,0
TX_0007687,2026-03-17 09:01:03,U01255,U01516,0,,0.0006,0
TX_0007688,2026-03-17 09:02:17,U00889,U00548,0,,0.0002,0
TX_0007689,2026-03-17 09:03:21,U01274,U01604,0,,0.0003,0
TX_0007690,2026-03-17 09:12:30,U01613,U00290,0,,0.0002,0
TX_0007691,2026-03-17 09:13:23,U01569,U00217,0,,0.0002,0
TX_0007692,2026-03-17 09:19:57,U01577,U00237,0,,0.0003,0
TX_0007693,2026-03-17 09:23:20,U00407,U00755,0,,0.0002,0
TX_0007694,2026-03-17 09:41:25,U00753,U01393,0,,0.0002,0
TX_0007695,2026-03-17 09:42:46,U01449,U01860,0,,0.0002,0
TX_0007696,2026-03-17 09:46:43,U01150,U01368,0,,0.0003,0
TX_0007697,2026-03-17 09:57:45,U01907,U01259,0,,0.0002,0
TX_0007698,2026-03-17 09:58:46,U01185,U00817,0,,0.0002,0
TX_0007699,2026-03-17 10:02:54,U01797,U01230,0,,0.0002,0
TX_0007700,2026-03-17 10:10:29,U01412,U01896,0,,0.0002,0
TX_0007701,2026-03-17 10:41:27,U01088,U01686,0,,0.0002,0
TX_0007702,2026-03-17 10:44:32,U00529,U01924,0,,0.0002,0
TX_0007703,2026-03-17 10:45:07,U00816,U00365,0,,0.0002,0
TX_0007704,2026-03-17 10:51:16,U00122,U01464,0,,0.0002,0
TX_0007705,2026-03-17 10:55:59,U00747,U01638,0,,0.0002,0
TX_0007706,2026-03-17 10:58:37,U01789,U00824,0,,0.0002,0
TX_0007707,2026-03-17 11:01:23,U01422,U01056,0,,0.0003,0
TX_0007708,2026-03-17 11:02:58,U01623,U00950,0,,0.0002,0
TX_0007709,2026-03-17 11:11:31,U00036,U01932,0,,0.0002,0
TX_0007710,2026-03-17 11:19:59,U00293,U00597,0,,0.0002,0
TX_0007711,2026-03-17 11:21:52,U01611,U01624,0,,0.0002,0
TX_0007712,2026-03-17 11:23:46,U00148,U00366,0,,0.0004,0
TX_0007713,2026-03-17 11:30:10,U00890,U01424,0,,0.0006,0
TX_0007714,2026-03-17 11:33:07,U01464,U01957,0,,0.0002,0
TX_0007715,2026-03-17 11:33:11,U01269,U00568,0,,0.0002,0
TX_0007716,2026-03-17 11:33:34,U01823,U00923,0,,0.0008,0
TX_0007717,2026-03-17 11:35:34,U00680,U01826,0,,0.0002,0
TX_0007718,2026-03-17 11:46:39,U00064,U00894,0,,0.0002,0
TX_0007719,2026-03-17 11:48:23,U00811,U01096,0,,0.0002,0
TX_0007720,2026-03-17 12:14:10,U00094,U01786,0,,0.0002,0
TX_0007721,2026-03-17 12:17:41,U00767,U01039,0,,0.0002,0
TX_0007722,2026-03-17 12:18:12,U00698,U00676,0,,0.0002,0
TX_0007723,2026-03-17 12:24:05,U01688,U01728,0,,0.0007,0
TX_0007724,2026-03-17 12:28:50,U01010,U01579,0,,0.0002,0
TX_0007725,2026-03-17 12:39:06,U00728,U00999,0,,0.0002,0
TX_0007726,2026-03-17 12:39:30,U01367,U01639,0,,0.0002,0
TX_0007727,2026-03-17 12:45:43,U00278,U01995,0,,1e-04,0
TX_0007728,2026-03-17 12:51:26,U01094,U00505,0,,0.0002,0
TX_0007729,2026-03-17 13:07:58,U00461,U01505,0,,0.0003,0
TX_0007730,2026-03-17 13:13:04,U01397,U00589,0,,0.0002,0
TX_0007731,2026-03-17 13:17:22,U01877,U01399,0,,0.0002,0
TX_0007732,2026-03-17 13:21:37,U01374,U00911,0,,0.0002,0
TX_0007733,2026-03-17 13:26:15,U00477,U00061,0,,0.0003,0
TX_0007734,2026-03-17 13:33:43,U01527,U00722,0,,0.0002,0
TX_0007735,2026-03-17 13:36:11,U00178,U01351,0,,0.0002,0
TX_0007736,2026-03-17 13:43:44,U00905,U01354,0,,0.0002,0
TX_0007737,2026-03-17 13:58:25,U01887,U00396,0,,0.0002,0
TX_0007738,2026-03-17 13:59:16,U00471,U00217,0,,0.0002,0
TX_0007739,2026-03-17 13:59:56,U00938,U01762,0,,0.0002,0
TX_0007740,2026-03-17 14:04:47,U00468,U01774,0,,0.0003,0
TX_0007741,2026-03-17 14:05:58,U01202,U01672,0,,0.0002,0
TX_0007742,2026-03-17 14:24:39,U00177,U01608,0,,0.0004,0
TX_0007743,2026-03-17 14:40:03,U00080,U00622,0,,0.0002,0
TX_0007744,2026-03-17 14:42:56,U00741,U00951,0,,1e-04,0
TX_0007745,2026-03-17 14:54:34,U00222,U01904,0,,0.0002,0
TX_0007746,2026-03-17 15:04:05,U01336,U01068,0,,0.0002,0
TX_0007747,2026-03-17 15:05:19,U01869,U00357,0,,1e-04,0
TX_0007748,2026-03-17 15:07:26,U00895,U00440,0,,0.0002,0
TX_0007749,2026-03-17 15:15:05,U00656,U00933,0,,0.0002,0
TX_0007750,2026-03-17 15:20:41,U01161,U01605,0,,0.0002,0
TX_0007751,2026-03-17 15:33:01,U01390,U01246,0,,0.0006,0
TX_0007752,2026-03-17 15:40:42,U01804,U00359,0,,0.0002,0
TX_0007753,2026-03-17 15:41:55,U00349,U01249,0,,0.0002,0
TX_0007754,2026-03-17 16:09:43,U01081,U01654,0,,0.0002,0
TX_0007755,2026-03-17 16:15:03,U00799,U01485,0,,0.0002,0
TX_0007756,2026-03-17 16:16:43,U00393,U00629,0,,0.0002,0
TX_0007757,2026-03-17 16:25:08,U01620,U01102,0,,0.0002,0
TX_0007758,2026-03-17 16:35:30,U01753,U01381,0,,0.0002,0
TX_0007759,2026-03-17 17:01:12,U00490,U01041,0,,0.0002,0
TX_0007760,2026-03-17 17:02:06,U01725,U01953,0,,1e-04,0
TX_0007761,2026-03-17 17:06:31,U01203,U00754,0,,0.0004,0
TX_0007762,2026-03-17 17:06:41,U01932,U01056,0,,1e-04,0
TX_0007763,2026-03-17 17:10:01,U01757,U00887,0,,0.0002,0
TX_0007764,2026-03-17 17:28:50,U00455,U01918,0,,0.0002,0
TX_0007765,2026-03-17 17:33:54,U01371,U01209,0,,0.0002,0
TX_0007766,2026-03-17 17:34:24,U00746,U01291,0,,0.0002,0
TX_0007767,2026-03-17 17:39:08,U00784,U00440,0,,0.0002,0
TX_0007768,2026-03-17 17:53:13,U00619,U01255,0,,0.0002,0
TX_0007769,2026-03-17 17:54:12,U01916,U01696,0,,0.0002,0
TX_0007770,2026-03-17 17:55:21,U00760,U01337,0,,1e-04,0
TX_0007771,2026-03-17 17:57:35,U01805,U00325,0,,1e-04,0
TX_0007772,2026-03-17 18:01:33,U01531,U01118,0,,0.0002,0
TX_0007773,2026-03-17 18:04:15,U00392,U00610,0,,0.0002,0
TX_0007774,2026-03-17 18:04:50,U00402,U01468,0,,0.0002,0
TX_0007775,2026-03-17 18:04:51,U01174,U01775,0,,1e-04,0
TX_0007776,2026-03-17 18:05:06,U00132,U01708,0,,0.0002,0
TX_0007777,2026-03-17 18:14:34,U00140,U00381,0,,0.0002,0
TX_0007778,2026-03-17 18:35:25,U01198,U01613,0,,0.0002,0
TX_0007779,2026-03-17 18:37:34,U01364,U00789,0,,0.0002,0
TX_0007780,2026-03-17 18:40:26,U00620,U01737,0,,0.0002,0
TX_0007781,2026-03-17 18:43:37,U00410,U00728,0,,0.0004,0
TX_0007782,2026-03-17 18:45:12,U00755,U01030,0,,0.0004,0
TX_0007783,2026-03-17 18:54:07,U00483,U01613,0,,0.0014,0
TX_0007784,2026-03-17 18:56:35,U00753,U01980,0,,0.0002,0
TX_0007785,2026-03-17 19:01:12,U00481,U01446,0,,0.0002,0
TX_0007786,2026-03-17 19:03:31,U01259,U01770,0,,0.0002,0
TX_0007787,2026-03-17 19:10:21,U01339,U01099,0,,1e-04,0
TX_0007788,2026-03-17 19:17:59,U01575,U00894,0,,1e-04,0
TX_0007789,2026-03-17 19:21:22,U00293,U01364,0,,1e-04,0
TX_0007790,2026-03-17 19:22:27,U00486,U00998,0,,0.0003,0
TX_0007791,2026-03-17 19:26:33,U01747,U00170,0,,1e-04,0
TX_0007792,2026-03-17 19:31:42,U00872,U01236,0,,0.0002,0
TX_0007793,2026-03-17 19:36:39,U00505,U00247,0,,0.0005,0
TX_0007794,2026-03-17 19:38:29,U01347,U01680,0,,0.0002,0
TX_0007795,2026-03-17 19:43:07,U00229,U01038,0,,0.0002,0
TX_0007796,2026-03-17 19:43:11,U01799,U00766,0,,0.0002,0
TX_0007797,2026-03-17 20:03:50,U00207,U01641,0,,0.0002,0
TX_0007798,2026-03-17 20:07:35,U00826,U00055,0,,0.0002,0
TX_0007799,2026-03-17 20:09:28,U01154,U01043,0,,0.0002,0
TX_0007800,2026-03-17 20:09:29,U00224,U01831,0,,0.0002,0
TX_0007801,2026-03-17 20:10:45,U01569,U01286,0,,0.0002,0
TX_0007802,2026-03-17 20:13:47,U00772,U00485,0,,0.0002,0
TX_0007803,2026-03-17 20:23:51,U01919,U01234,0,,0.0005,0
TX_0007804,2026-03-17 20:30:18,U01561,U01888,0,,0.0002,0
TX_0007805,2026-03-17 20:39:35,U01950,U00433,0,,0.0002,0
TX_0007806,2026-03-17 20:41:13,U00426,U00757,0,,0.0002,0
TX_0007807,2026-03-17 20:53:36,U00452,U00059,0,,0.0002,0
TX_0007808,2026-03-17 20:55:55,U00749,U00655,0,,0.0002,0
TX_0007809,2026-03-17 20:56:06,U01602,U01344,0,,0.0002,0
TX_0007810,2026-03-17 20:56:12,U01050,U00414,0,,0.0002,0
TX_0007811,2026-03-17 20:56:42,U01639,U01378,0,,0.0002,0
TX_0007812,2026-03-17 20:58:09,U01951,U01136,0,,0.0002,0
TX_0007813,2026-03-17 21:05:42,U00518,U00878,0,,0.0003,0
TX_0007814,2026-03-17 21:13:34,U00750,U00799,0,,0.0002,0
TX_0007815,2026-03-17 21:20:24,U00770,U01352,0,,0.0002,0
TX_0007816,2026-03-17 21:25:50,U00604,U01149,0,,0.0002,0
TX_0007817,2026-03-17 21:25:54,U01873,U01449,0,,0.0002,0
TX_0007818,2026-03-17 21:30:19,U00637,U01652,0,,0.0003,0
TX_0007819,2026-03-17 21:34:40,U00514,U01668,0,,0.0002,0
TX_0007820,2026-03-17 21:36:21,U00692,U00131,0,,0.0002,0
TX_0007821,2026-03-17 21:42:26,U01328,U00448,0,,0.0002,0
TX_0007822,2026-03-17 21:42:50,U00761,U01247,0,,0.0002,0
TX_0007823,2026-03-17 21:44:53,U01069,U00329,0,,1e-04,0
TX_0007824,2026-03-17 21:50:42,U00352,U00639,0,,0.0002,0
TX_0007825,2026-03-17 21:52:13,U01331,U01437,0,,0.0002,0
TX_0007826,2026-03-17 22:01:02,U00380,U00666,0,,0.0002,0
TX_0007827,2026-03-17 22:06:50,U01160,U01226,0,,1e-04,0
TX_0007828,2026-03-17 22:18:37,U00193,U00412,0,,0.0002,0
TX_0007829,2026-03-17 22:36:02,U01171,U01963,0,,1e-04,0
TX_0007830,2026-03-17 22:38:33,U01104,U01509,0,,1e-04,0
TX_0007831,2026-03-17 22:55:50,U01858,U01895,0,,0.0002,0
TX_0007832,2026-03-17 23:24:40,U01564,U01255,0,,1e-04,0
TX_0007833,2026-03-17 23:25:30,U00649,U01222,0,,0.0002,0
TX_0007834,2026-03-17 23:34:40,U01538,U00956,0,,1e-04,0
TX_0007835,2026-03-17 23:34:43,U01179,U01172,0,,0.0002,0
TX_0007836,2026-03-17 23:35:58,U01532,U00619,0,,0.0002,0
TX_0007837,2026-03-17 23:40:30,U00352,U00639,0,,0.0002,0
TX_0007838,2026-03-17 23:41:04,U00872,U01849,0,,0.0002,0
TX_0007839,2026-03-17 23:54:35,U00238,U00911,0,,1e-04,0
TX_0007840,2026-03-17 23:58:19,U00895,U00602,0,,1e-04,0
TX_0007841,2026-03-18 00:24:21,U01765,U00550,0,,0.0002,0
TX_0007842,2026-03-18 00:52:55,U01408,U01301,0,,0.0002,0
TX_0007843,2026-03-18 00:55:53,U01723,U01131,0,,0.0002,0
TX_0007844,2026-03-18 01:19:24,U01750,U01925,0,,0.0002,0
TX_0007845,2026-03-18 02:09:44,U01885,U00659,0,,0.0002,0
TX_0007846,2026-03-18 02:38:22,U01388,U00062,0,,0.0002,0
TX_0007847,2026-03-18 03:56:36,U00095,U01202,0,,0.0003,0
TX_0007848,2026-03-18 04:48:15,U01091,U00116,0,,0.0002,0
TX_0007849,2026-03-18 07:04:18,U00586,U01558,0,,0.0002,0
TX_0007850,2026-03-18 07:05:23,U01244,U01981,0,,0.0002,0
TX_0007851,2026-03-18 07:34:33,U00965,U01314,0,,0.0002,0
TX_0007852,2026-03-18 07:51:11,U00868,U00833,0,,0.0002,0
TX_0007853,2026-03-18 07:56:56,U01617,U00368,0,,0.0004,0
TX_0007854,2026-03-18 08:03:12,U01941,U01402,0,,0.0002,0
TX_0007855,2026-03-18 08:03:51,U01191,U00579,0,,0.0002,0
TX_0007856,2026-03-18 08:12:13,U01416,U01861,0,,0.0002,0
TX_0007857,2026-03-18 08:25:10,U00239,U00484,0,,0.0002,0
TX_0007858,2026-03-18 08:31:05,U00577,U01020,0,,0.0003,0
TX_0007859,2026-03-18 08:31:08,U00813,U00465,0,,0.0002,0
TX_0007860,2026-03-18 08:34:04,U00295,U01655,0,,0.0002,0
TX_0007861,2026-03-18 08:36:04,U01128,U00973,0,,0.0002,0
TX_0007862,2026-03-18 08:53:24,U00754,U01277,0,,0.0002,0
TX_0007863,2026-03-18 09:03:27,U00840,U00917,0,,0.0002,0
TX_0007864,2026-03-18 09:16:11,U00410,U00316,0,,0.0002,0
TX_0007865,2026-03-18 09:16:19,U00001,U00782,0,,0.0002,0
TX_0007866,2026-03-18 09:24:29,U01369,U00163,0,,0.0002,0
TX_0007867,2026-03-18 09:31:23,U00895,U00602,0,,0.0002,0
TX_0007868,2026-03-18 09:33:00,U01585,U00219,0,,0.0002,0
TX_0007869,2026-03-18 09:33:00,U00544,U01463,0,,0.0002,0
TX_0007870,2026-03-18 09:33:12,U00028,U00154,0,,0.0002,0
TX_0007871,2026-03-18 09:33:50,U00410,U00457,0,,0.0002,0
TX_0007872,2026-03-18 09:36:46,U01552,U00159,0,,0.0007,0
TX_0007873,2026-03-18 09:38:37,U00217,U01044,0,,0.0002,0
TX_0007874,2026-03-18 09:43:33,U00951,U01574,0,,0.0002,0
TX_0007875,2026-03-18 09:44:07,U00997,U01594,0,,0.0004,0
TX_0007876,2026-03-18 09:45:57,U01532,U00860,0,,0.0002,0
TX_0007877,2026-03-18 09:56:22,U00032,U01005,0,,0.0003,0
TX_0007878,2026-03-18 09:56:27,U01196,U01861,0,,0.0002,0
TX_0007879,2026-03-18 10:08:20,U00906,U01203,0,,0.0002,0
TX_0007880,2026-03-18 10:23:14,U00123,U01970,0,,0.0003,0
TX_0007881,2026-03-18 10:28:55,U00559,U00115,0,,0.0003,0
TX_0007882,2026-03-18 10:32:44,U01643,U01286,0,,0.0002,0
TX_0007883,2026-03-18 10:42:11,U01662,U01867,0,,0.0002,0
TX_0007884,2026-03-18 10:43:33,U00992,U00451,0,,0.0002,0
TX_0007885,2026-03-18 10:54:17,U01962,U01985,0,,0.0003,0
TX_0007886,2026-03-18 11:04:52,U01222,U00410,0,,0.0002,0
TX_0007887,2026-03-18 11:10:12,U01789,U00824,0,,0.0002,0
TX_0007888,2026-03-18 11:13:44,U00422,U01520,0,,0.0002,0
TX_0007889,2026-03-18 11:14:35,U01937,U00564,0,,0.0002,0
TX_0007890,2026-03-18 11:17:12,U00816,U00365,0,,0.0004,0
TX_0007891,2026-03-18 11:20:24,U00019,U00421,0,,0.0002,0
TX_0007892,2026-03-18 11:25:35,U01422,U01025,0,,0.0003,0
TX_0007893,2026-03-18 11:29:00,U00934,U00333,0,,0.0003,0
TX_0007894,2026-03-18 11:46:32,U01085,U01529,0,,0.0002,0
TX_0007895,2026-03-18 11:51:20,U00630,U00540,0,,0.0003,0
TX_0007896,2026-03-18 11:51:24,U01913,U00132,0,,0.001,0
TX_0007897,2026-03-18 11:51:33,U00488,U00229,0,,0.0011,0
TX_0007898,2026-03-18 11:53:47,U00716,U01095,0,,0.0004,0
TX_0007899,2026-03-18 11:53:59,U01020,U01289,0,,0.0002,0
TX_0007900,2026-03-18 11:59:17,U00715,U00520,0,,0.0003,0
TX_0007901,2026-03-18 12:04:34,U01371,U00351,0,,0.0002,0
TX_0007902,2026-03-18 12:34:45,U01337,U00666,0,,1e-04,0
TX_0007903,2026-03-18 12:40:19,U01249,U01588,0,,0.0002,0
TX_0007904,2026-03-18 12:45:03,U00503,U01945,0,,0.0002,0
TX_0007905,2026-03-18 12:47:03,U00124,U01027,0,,0.0002,0
TX_0007906,2026-03-18 12:49:59,U00603,U01978,0,,0.0002,0
TX_0007907,2026-03-18 13:12:26,U01696,U00036,0,,0.0002,0
TX_0007908,2026-03-18 13:16:37,U01090,U00573,0,,0.0002,0
TX_0007909,2026-03-18 13:26:38,U01872,U00051,0,,0.0002,0
TX_0007910,2026-03-18 13:40:51,U01848,U01068,0,,0.0002,0
TX_0007911,2026-03-18 13:46:01,U00453,U01036,0,,0.0002,0
TX_0007912,2026-03-18 13:46:14,U01668,U00701,0,,0.0002,0
TX_0007913,2026-03-18 13:47:47,U00498,U00343,0,,0.0002,0
TX_0007914,2026-03-18 13:59:04,U01640,U01091,0,,0.0002,0
TX_0007915,2026-03-18 14:14:36,U01545,U00966,0,,0.0004,0
TX_0007916,2026-03-18 14:19:01,U01116,U00695,0,,0.0002,0
TX_0007917,2026-03-18 14:28:03,U01169,U00823,0,,0.0002,0
TX_0007918,2026-03-18 14:40:44,U01547,U00617,0,,0.0002,0
TX_0007919,2026-03-18 14:48:19,U01543,U00017,0,,1e-04,0
TX_0007920,2026-03-18 14:54:34,U00607,U00268,0,,0.0002,0
TX_0007921,2026-03-18 15:12:29,U00871,U00513,0,,1e-04,0
TX_0007922,2026-03-18 15:19:37,U00658,U01529,0,,0.0002,0
TX_0007923,2026-03-18 15:23:04,U01643,U01411,0,,0.0002,0
TX_0007924,2026-03-18 15:28:35,U00770,U00521,0,,0.0002,0
TX_0007925,2026-03-18 15:29:50,U00436,U01882,0,,0.0003,0
TX_0007926,2026-03-18 15:31:29,U01950,U01990,0,,0.0003,0
TX_0007927,2026-03-18 15:43:32,U00685,U00593,0,,0.0002,0
TX_0007928,2026-03-18 15:46:13,U00128,U00090,0,,1e-04,0
TX_0007929,2026-03-18 15:53:04,U01328,U01192,0,,0.0007,0
TX_0007930,2026-03-18 15:59:58,U01025,U01804,0,,0.0002,0
TX_0007931,2026-03-18 16:21:23,U00811,U00410,0,,0.0002,0
TX_0007932,2026-03-18 16:23:11,U00144,U00849,0,,0.0002,0
TX_0007933,2026-03-18 16:28:19,U01962,U01153,0,,0.0002,0
TX_0007934,2026-03-18 16:31:53,U00384,U01600,0,,0.0002,0
TX_0007935,2026-03-18 16:42:41,U00270,U01297,0,,0.0002,0
TX_0007936,2026-03-18 16:46:22,U01312,U00799,0,,1e-04,0
TX_0007937,2026-03-18 16:52:13,U00079,U00937,0,,0.0002,0
TX_0007938,2026-03-18 17:34:51,U00259,U00780,0,,0.0002,0
TX_0007939,2026-03-18 17:36:50,U01050,U01138,0,,0.0002,0
TX_0007940,2026-03-18 17:46:30,U01314,U00316,0,,1e-04,0
TX_0007941,2026-03-18 17:52:12,U01818,U00255,0,,1e-04,0
TX_0007942,2026-03-18 18:10:43,U01919,U00909,0,,1e-04,0
TX_0007943,2026-03-18 18:17:28,U01916,U01473,0,,0.0003,0
TX_0007944,2026-03-18 18:20:50,U01551,U01942,0,,1e-04,0
TX_0007945,2026-03-18 18:25:12,U01501,U00006,0,,0.0002,0
TX_0007946,2026-03-18 18:42:27,U00555,U00627,0,,0.0002,0
TX_0007947,2026-03-18 18:52:50,U01421,U01741,0,,0.0002,0
TX_0007948,2026-03-18 19:04:22,U00494,U01000,0,,0.0002,0
TX_0007949,2026-03-18 19:11:53,U01933,U00309,0,,0.0002,0
TX_0007950,2026-03-18 19:23:02,U01181,U01798,0,,0.0002,0
TX_0007951,2026-03-18 19:26:04,U01491,U00502,0,,0.0002,0
TX_0007952,2026-03-18 19:32:58,U00914,U01971,0,,0.0002,0
TX_0007953,2026-03-18 19:39:58,U00139,U00698,0,,0.0002,0
TX_0007954,2026-03-18 19:42:30,U00327,U00029,0,,0.0002,0
TX_0007955,2026-03-18 20:08:06,U01727,U00832,0,,0.0002,0
TX_0007956,2026-03-18 20:08:42,U01980,U01824,0,,1e-04,0
TX_0007957,2026-03-18 20:13:18,U01145,U01450,0,,0.0002,0
TX_0007958,2026-03-18 20:18:11,U00231,U00024,0,,0.0002,0
TX_0007959,2026-03-18 20:18:15,U00065,U01854,0,,0.0002,0
TX_0007960,2026-03-18 20:18:37,U00709,U01403,0,,0.0002,0
TX_0007961,2026-03-18 20:20:45,U01142,U01078,0,,0.0002,0
TX_0007962,2026-03-18 20:30:48,U01466,U01301,0,,1e-04,0
TX_0007963,2026-03-18 20:31:53,U00183,U01356,0,,0.0004,0
TX_0007964,2026-03-18 20:39:28,U00521,U00920,0,,0.0002,0
TX_0007965,2026-03-18 20:41:35,U01512,U00120,0,,0.0002,0
TX_0007966,2026-03-18 20:43:23,U00629,U00449,0,,0.0002,0
TX_0007967,2026-03-18 20:51:25,U00867,U00371,0,,0.0002,0
TX_0007968,2026-03-18 21:01:18,U00394,U01603,0,,1e-04,0
TX_0007969,2026-03-18 21:01:42,U00645,U01622,0,,0.0003,0
TX_0007970,2026-03-18 21:02:09,U01312,U00799,0,,0.0002,0
TX_0007971,2026-03-18 21:12:37,U00785,U01763,0,,0.0003,0
TX_0007972,2026-03-18 21:28:21,U01653,U01183,0,,0.0002,0
TX_0007973,2026-03-18 21:31:53,U01818,U00240,0,,0.0002,0
TX_0007974,2026-03-18 21:36:03,U00772,U00485,0,,0.0003,0
TX_0007975,2026-03-18 21:43:37,U01609,U00100,0,,0.0002,0
TX_0007976,2026-03-18 21:57:15,U01414,U01804,0,,0.0002,0
TX_0007977,2026-03-18 21:58:42,U00039,U00862,0,,1e-04,0
TX_0007978,2026-03-18 22:02:52,U00407,U00981,0,,0.0002,0
TX_0007979,2026-03-18 22:10:03,U00986,U00117,0,,0.0002,0
TX_0007980,2026-03-18 22:37:38,U01583,U01494,0,,0.0002,0
TX_0007981,2026-03-18 22:44:22,U01862,U01267,0,,0.0002,0
TX_0007982,2026-03-18 22:59:41,U00727,U00147,0,,0.0002,0
TX_0007983,2026-03-18 23:05:09,U00489,U01427,0,,0.0003,0
TX_0007984,2026-03-18 23:10:59,U00212,U00384,0,,0.0002,0
TX_0007985,2026-03-18 23:24:25,U00950,U00794,0,,0.0002,0
TX_0007986,2026-03-18 23:29:07,U00071,U01204,0,,0.0002,0
TX_0007987,2026-03-18 23:43:30,U01246,U01584,0,,1e-04,0
TX_0007988,2026-03-18 23:43:55,U01550,U00465,0,,1e-04,0
TX_0007989,2026-03-19 00:02:35,U00846,U01309,0,,0.0002,0
TX_0007990,2026-03-19 00:11:17,U00060,U01371,0,,0.0003,0
TX_0007991,2026-03-19 00:12:21,U01019,U00625,0,,0.0002,0
TX_0007992,2026-03-19 00:24:54,U01233,U00580,0,,0.0002,0
TX_0007993,2026-03-19 00:32:19,U01128,U01119,0,,0.0002,0
TX_0007994,2026-03-19 00:44:48,U01632,U00170,0,,0.0002,0
TX_0007995,2026-03-19 00:50:55,U01245,U01291,0,,0.0003,0
TX_0007996,2026-03-19 00:53:46,U01870,U01741,0,,0.0004,0
TX_0007997,2026-03-19 00:57:19,U01131,U00978,0,,0.0002,0
TX_0007998,2026-03-19 01:38:29,U01919,U01754,0,,0.0002,0
TX_0007999,2026-03-19 02:53:39,U01936,U01629,0,,0.0002,0
TX_0008000,2026-03-19 02:57:02,U01326,U00439,0,,0.0002,0
TX_0008001,2026-03-19 03:34:45,U01711,U01692,0,,0.0002,0
TX_0008002,2026-03-19 06:09:43,U00940,U01712,0,,0.0002,0
TX_0008003,2026-03-19 06:42:37,U00959,U00846,0,,0.0002,0
TX_0008004,2026-03-19 07:21:44,U01779,U00852,0,,0.0002,0
TX_0008005,2026-03-19 07:41:14,U01035,U00147,0,,0.0002,0
TX_0008006,2026-03-19 07:44:08,U00300,U00586,0,,0.0002,0
TX_0008007,2026-03-19 07:47:18,U01194,U01719,0,,0.0007,0
TX_0008008,2026-03-19 07:50:15,U00892,U01880,0,,0.0003,0
TX_0008009,2026-03-19 07:53:17,U00690,U01319,0,,0.0002,0
TX_0008010,2026-03-19 08:04:54,U00682,U00627,0,,0.0002,0
TX_0008011,2026-03-19 08:17:22,U00260,U01977,0,,0.0007,0
TX_0008012,2026-03-19 08:19:02,U00142,U01460,0,,0.0002,0
TX_0008013,2026-03-19 08:22:44,U00040,U00998,0,,0.0002,0
TX_0008014,2026-03-19 08:44:05,U01833,U01392,0,,0.0002,0
TX_0008015,2026-03-19 08:51:04,U01265,U01691,0,,0.0002,0
TX_0008016,2026-03-19 08:53:59,U00860,U00152,0,,0.0002,0
TX_0008017,2026-03-19 08:56:43,U01468,U01352,0,,0.0002,0
TX_0008018,2026-03-19 09:00:46,U01638,U01348,0,,0.0003,0
TX_0008019,2026-03-19 09:14:02,U00881,U00202,0,,0.0002,0
TX_0008020,2026-03-19 09:31:29,U01617,U01418,0,,0.0003,0
TX_0008021,2026-03-19 09:43:19,U01551,U01942,0,,0.0002,0
TX_0008022,2026-03-19 09:48:53,U00246,U00280,0,,0.0003,0
TX_0008023,2026-03-19 10:01:59,U01460,U00216,0,,0.0002,0
TX_0008024,2026-03-19 10:04:23,U01120,U00118,0,,0.0002,0
TX_0008025,2026-03-19 10:05:41,U00204,U00213,0,,0.0002,0
TX_0008026,2026-03-19 10:10:14,U01528,U01017,0,,0.0004,0
TX_0008027,2026-03-19 10:14:21,U01225,U00828,0,,0.0002,0
TX_0008028,2026-03-19 10:26:18,U00378,U00072,0,,0.0002,0
TX_0008029,2026-03-19 10:28:45,U01896,U01715,0,,0.0002,0
TX_0008030,2026-03-19 10:30:28,U00318,U00791,0,,0.0003,0
TX_0008031,2026-03-19 10:37:01,U01497,U00289,0,,0.0002,0
TX_0008032,2026-03-19 10:49:36,U01994,U01471,0,,0.0002,0
TX_0008033,2026-03-19 10:51:02,U00732,U00179,0,,0.0002,0
TX_0008034,2026-03-19 10:54:02,U00311,U01464,0,,0.0002,0
TX_0008035,2026-03-19 11:02:42,U01549,U01515,0,,0.0002,0
TX_0008036,2026-03-19 11:11:45,U00098,U00753,0,,0.0004,0
TX_0008037,2026-03-19 11:22:50,U01789,U01708,0,,0.0002,0
TX_0008038,2026-03-19 11:47:32,U00806,U00037,0,,0.0002,0
TX_0008039,2026-03-19 11:51:06,U00438,U01997,0,,0.0002,0
TX_0008040,2026-03-19 11:53:14,U01950,U01431,0,,0.0003,0
TX_0008041,2026-03-19 11:54:02,U01338,U01592,0,,0.0002,0
TX_0008042,2026-03-19 11:54:47,U01180,U00896,0,,0.0002,0
TX_0008043,2026-03-19 12:09:07,U01417,U01183,0,,0.0002,0
TX_0008044,2026-03-19 12:14:20,U01322,U00620,0,,0.0002,0
TX_0008045,2026-03-19 12:16:05,U00759,U01506,0,,0.0002,0
TX_0008046,2026-03-19 12:24:00,U01337,U01946,0,,1e-04,0
TX_0008047,2026-03-19 12:27:43,U00564,U01212,0,,0.0002,0
TX_0008048,2026-03-19 12:31:26,U01131,U00634,0,,0.0002,0
TX_0008049,2026-03-19 12:36:41,U00971,U01084,0,,0.0002,0
TX_0008050,2026-03-19 12:48:56,U01471,U00130,0,,0.0002,0
TX_0008051,2026-03-19 12:49:36,U01748,U01722,0,,0.0002,0
TX_0008052,2026-03-19 12:59:20,U01718,U01206,0,,0.0002,0
TX_0008053,2026-03-19 13:00:14,U00303,U01246,0,,0.0002,0
TX_0008054,2026-03-19 13:13:20,U01526,U00222,0,,0.0002,0
TX_0008055,2026-03-19 13:25:23,U01694,U00268,0,,0.0002,0
TX_0008056,2026-03-19 13:32:20,U00971,U01854,0,,0.0002,0
TX_0008057,2026-03-19 13:53:40,U00045,U00083,0,,0.0002,0
TX_0008058,2026-03-19 14:02:09,U00052,U01870,0,,0.0003,0
TX_0008059,2026-03-19 14:09:18,U01704,U01024,0,,0.0003,0
TX_0008060,2026-03-19 14:13:15,U01515,U01704,0,,0.0002,0
TX_0008061,2026-03-19 14:14:28,U00489,U00904,0,,0.0002,0
TX_0008062,2026-03-19 14:52:55,U01991,U01885,0,,0.0002,0
TX_0008063,2026-03-19 14:53:16,U00645,U01949,0,,0.0002,0
TX_0008064,2026-03-19 15:14:57,U00772,U00485,0,,0.0002,0
TX_0008065,2026-03-19 15:34:08,U00479,U01280,0,,0.0002,0
TX_0008066,2026-03-19 15:48:49,U00839,U00022,0,,0.0002,0
TX_0008067,2026-03-19 15:59:50,U00008,U00797,0,,0.0004,0
TX_0008068,2026-03-19 16:00:44,U01448,U00393,0,,0.0003,0
TX_0008069,2026-03-19 16:15:24,U01001,U01030,0,,0.0002,0
TX_0008070,2026-03-19 16:18:03,U00073,U01205,0,,0.0002,0
TX_0008071,2026-03-19 16:24:38,U00350,U00700,0,,0.0002,0
TX_0008072,2026-03-19 16:25:52,U01031,U00232,0,,0.0002,0
TX_0008073,2026-03-19 16:46:08,U00090,U01456,0,,0.0002,0
TX_0008074,2026-03-19 17:10:06,U00305,U01261,0,,0.0003,0
TX_0008075,2026-03-19 17:17:50,U00103,U00012,0,,0.0002,0
TX_0008076,2026-03-19 17:18:02,U01325,U01805,0,,0.0002,0
TX_0008077,2026-03-19 17:28:25,U00028,U01059,0,,0.0002,0
TX_0008078,2026-03-19 17:33:33,U01457,U01838,0,,0.0002,0
TX_0008079,2026-03-19 17:33:35,U00344,U00479,0,,0.0002,0
TX_0008080,2026-03-19 17:40:11,U00299,U00620,0,,0.0002,0
TX_0008081,2026-03-19 17:43:22,U00959,U01246,0,,0.0002,0
TX_0008082,2026-03-19 17:53:53,U01582,U00102,0,,0.0002,0
TX_0008083,2026-03-19 17:54:06,U01625,U00365,0,,0.0002,0
TX_0008084,2026-03-19 18:05:44,U00892,U00344,0,,0.0002,0
TX_0008085,2026-03-19 18:06:08,U00768,U00856,0,,0.0002,0
TX_0008086,2026-03-19 18:09:18,U00019,U00052,0,,0.0002,0
TX_0008087,2026-03-19 18:30:52,U01093,U01158,0,,1e-04,0
TX_0008088,2026-03-19 18:43:37,U01059,U01508,0,,0.0002,0
TX_0008089,2026-03-19 18:45:20,U01904,U01287,0,,0.0002,0
TX_0008090,2026-03-19 18:55:12,U01970,U01443,0,,0.0002,0
TX_0008091,2026-03-19 18:56:53,U01561,U01888,0,,0.0002,0
TX_0008092,2026-03-19 19:03:11,U01129,U01474,0,,0.0002,0
TX_0008093,2026-03-19 19:15:22,U01810,U01667,0,,1e-04,0
TX_0008094,2026-03-19 19:23:20,U00902,U01025,0,,0.0002,0
TX_0008095,2026-03-19 19:42:53,U01148,U01987,0,,0.0002,0
TX_0008096,2026-03-19 19:45:26,U00101,U01324,0,,0.0002,0
TX_0008097,2026-03-19 19:48:52,U00413,U00457,0,,0.0002,0
TX_0008098,2026-03-19 20:08:41,U01531,U01117,0,,0.0002,0
TX_0008099,2026-03-19 20:09:06,U01041,U01939,0,,0.0002,0
TX_0008100,2026-03-19 20:12:17,U01089,U01833,0,,0.0003,0
TX_0008101,2026-03-19 20:25:49,U01689,U01684,0,,1e-04,0
TX_0008102,2026-03-19 20:31:10,U00665,U01600,0,,0.0002,0
TX_0008103,2026-03-19 20:33:03,U00166,U00242,0,,0.0003,0
TX_0008104,2026-03-19 20:37:07,U01955,U00118,0,,1e-04,0
TX_0008105,2026-03-19 20:38:36,U00374,U01219,0,,1e-04,0
TX_0008106,2026-03-19 20:44:27,U00744,U00055,0,,0.0003,0
TX_0008107,2026-03-19 20:53:16,U01070,U00004,0,,0.0002,0
TX_0008108,2026-03-19 20:55:10,U01811,U00090,0,,0.0002,0
TX_0008109,2026-03-19 20:56:47,U00309,U01884,0,,0.0002,0
TX_0008110,2026-03-19 21:07:52,U00937,U01010,0,,0.0002,0
TX_0008111,2026-03-19 21:10:15,U01094,U01559,0,,0.0003,0
TX_0008112,2026-03-19 21:19:12,U01074,U01434,0,,1e-04,0
TX_0008113,2026-03-19 21:37:00,U00731,U01877,0,,0.0002,0
TX_0008114,2026-03-19 21:43:22,U01780,U01688,0,,0.0009,0
TX_0008115,2026-03-19 21:47:01,U01401,U01612,0,,0.0002,0
TX_0008116,2026-03-19 21:47:23,U00469,U00096,0,,0.0002,0
TX_0008117,2026-03-19 21:49:42,U00483,U01613,0,,0.0002,0
TX_0008118,2026-03-19 21:50:11,U00024,U00052,0,,0.0002,0
TX_0008119,2026-03-19 21:59:10,U00678,U01320,0,,0.0002,0
TX_0008120,2026-03-19 22:03:50,U01646,U01391,0,,0.0003,0
TX_0008121,2026-03-19 22:11:18,U00432,U01985,0,,1e-04,0
TX_0008122,2026-03-19 22:13:45,U00004,U00605,0,,0.0002,0
TX_0008123,2026-03-19 22:14:46,U00115,U00877,0,,1e-04,0
TX_0008124,2026-03-19 22:16:35,U01275,U00170,0,,1e-04,0
TX_0008125,2026-03-19 22:39:30,U01276,U01754,0,,0.0005,0
TX_0008126,2026-03-19 22:46:36,U01891,U00179,0,,0.0002,0
TX_0008127,2026-03-19 22:46:37,U00144,U01222,0,,0.0002,0
TX_0008128,2026-03-19 22:50:43,U01923,U00186,0,,0.0002,0
TX_0008129,2026-03-19 22:55:36,U01062,U01273,0,,0.0002,0
TX_0008130,2026-03-19 22:59:51,U01001,U00387,0,,0.0002,0
TX_0008131,2026-03-19 23:07:16,U01648,U01442,0,,0.0003,0
TX_0008132,2026-03-19 23:09:02,U00035,U00453,0,,1e-04,0
TX_0008133,2026-03-19 23:11:27,U01231,U00939,0,,0.0002,0
TX_0008134,2026-03-19 23:29:14,U00903,U00451,0,,1e-04,0
TX_0008135,2026-03-19 23:47:34,U00964,U01984,0,,0.0002,0
TX_0008136,2026-03-19 23:50:48,U01612,U01271,0,,0.0002,0
TX_0008137,2026-03-19 23:52:52,U01230,U00624,0,,0.0002,0
TX_0008138,2026-03-19 23:58:02,U01989,U01416,0,,0.0002,0
TX_0008139,2026-03-19 23:58:56,U01036,U01120,0,,0.0002,0
TX_0008140,2026-03-20 00:04:47,U00893,U00340,0,,0.0003,0
TX_0008141,2026-03-20 00:20:36,U01721,U00052,0,,0.0002,0
TX_0008142,2026-03-20 00:32:29,U00133,U01622,0,,0.0002,0
TX_0008143,2026-03-20 00:40:08,U01425,U01776,0,,0.0002,0
TX_0008144,2026-03-20 00:49:50,U01723,U01440,0,,0.0002,0
TX_0008145,2026-03-20 00:50:52,U01080,U01489,0,,0.0002,0
TX_0008146,2026-03-20 00:55:13,U01168,U01839,0,,0.0002,0
TX_0008147,2026-03-20 00:58:22,U00328,U01199,0,,0.0002,0
TX_0008148,2026-03-20 01:44:42,U00678,U01383,0,,0.0002,0
TX_0008149,2026-03-20 04:34:41,U00167,U01990,0,,0.0003,0
TX_0008150,2026-03-20 04:43:57,U01594,U01651,0,,0.0002,0
TX_0008151,2026-03-20 05:52:45,U01520,U01794,0,,0.0002,0
TX_0008152,2026-03-20 06:50:02,U00405,U01053,0,,0.0002,0
TX_0008153,2026-03-20 07:09:13,U00421,U00001,0,,0.0002,0
TX_0008154,2026-03-20 07:21:39,U01423,U01585,0,,0.0002,0
TX_0008155,2026-03-20 07:22:28,U00293,U00506,0,,0.0002,0
TX_0008156,2026-03-20 07:22:54,U01025,U00238,0,,0.0002,0
TX_0008157,2026-03-20 07:44:16,U01607,U00654,0,,0.0002,0
TX_0008158,2026-03-20 07:49:32,U00110,U01165,0,,0.0002,0
TX_0008159,2026-03-20 07:53:53,U00356,U01093,0,,0.0002,0
TX_0008160,2026-03-20 07:57:34,U00371,U01933,0,,0.0002,0
TX_0008161,2026-03-20 08:06:57,U00140,U01520,0,,0.0002,0
TX_0008162,2026-03-20 08:10:42,U00147,U00185,0,,0.0002,0
TX_0008163,2026-03-20 08:25:26,U00719,U00603,0,,0.0002,0
TX_0008164,2026-03-20 08:32:39,U00059,U00907,0,,0.0002,0
TX_0008165,2026-03-20 08:35:43,U00204,U00611,0,,0.0002,0
TX_0008166,2026-03-20 08:38:46,U00151,U00274,0,,0.0002,0
TX_0008167,2026-03-20 08:56:35,U01886,U01410,0,,0.0002,0
TX_0008168,2026-03-20 09:00:07,U01699,U01442,0,,0.0002,0
TX_0008169,2026-03-20 09:08:33,U00101,U00678,0,,0.0002,0
TX_0008170,2026-03-20 09:08:47,U00197,U00919,0,,0.0003,0
TX_0008171,2026-03-20 09:09:20,U01693,U00762,0,,0.0002,0
TX_0008172,2026-03-20 09:27:48,U01222,U00247,0,,0.0002,0
TX_0008173,2026-03-20 09:28:05,U01798,U01393,0,,0.0002,0
TX_0008174,2026-03-20 09:28:39,U00510,U01941,0,,0.0002,0
TX_0008175,2026-03-20 09:33:18,U01115,U00675,0,,0.0003,0
TX_0008176,2026-03-20 09:35:50,U01922,U00869,0,,0.0004,0
TX_0008177,2026-03-20 09:42:41,U00189,U01333,0,,0.0002,0
TX_0008178,2026-03-20 09:50:25,U00890,U01826,0,,0.0002,0
TX_0008179,2026-03-20 09:57:27,U00845,U01456,0,,0.0002,0
TX_0008180,2026-03-20 10:05:10,U00818,U00718,0,,0.0002,0
TX_0008181,2026-03-20 10:10:18,U00350,U01069,0,,0.0002,0
TX_0008182,2026-03-20 10:17:07,U00135,U01903,0,,0.0002,0
TX_0008183,2026-03-20 10:21:05,U00323,U00678,0,,0.0002,0
TX_0008184,2026-03-20 10:25:45,U01600,U00289,0,,0.0004,0
TX_0008185,2026-03-20 10:26:49,U00712,U00536,0,,0.0002,0
TX_0008186,2026-03-20 10:31:49,U01463,U00842,0,,0.0002,0
TX_0008187,2026-03-20 10:34:50,U01202,U01492,0,,0.0005,0
TX_0008188,2026-03-20 10:45:18,U00179,U01059,0,,0.0002,0
TX_0008189,2026-03-20 10:58:45,U00017,U01403,0,,0.0002,0
TX_0008190,2026-03-20 11:03:56,U01319,U00100,0,,0.0002,0
TX_0008191,2026-03-20 11:25:13,U00909,U00830,0,,0.0002,0
TX_0008192,2026-03-20 11:25:25,U00234,U00074,0,,0.0002,0
TX_0008193,2026-03-20 11:28:23,U00143,U00908,0,,0.0002,0
TX_0008194,2026-03-20 11:37:51,U00794,U00212,0,,0.0004,0
TX_0008195,2026-03-20 11:38:18,U01976,U01176,0,,0.0002,0
TX_0008196,2026-03-20 11:38:28,U00356,U01093,0,,0.0002,0
TX_0008197,2026-03-20 11:44:19,U00037,U00787,0,,0.0002,0
TX_0008198,2026-03-20 11:58:34,U01196,U01392,0,,0.0003,0
TX_0008199,2026-03-20 12:02:51,U00067,U01952,0,,0.0003,0
TX_0008200,2026-03-20 12:03:09,U01527,U01221,0,,0.0002,0
TX_0008201,2026-03-20 12:12:10,U00165,U00313,0,,0.0003,0
TX_0008202,2026-03-20 12:20:16,U00887,U00768,0,,0.0002,0
TX_0008203,2026-03-20 12:25:04,U00311,U00661,0,,0.0002,0
TX_0008204,2026-03-20 12:35:11,U01185,U01137,0,,0.0002,0
TX_0008205,2026-03-20 12:42:56,U00458,U00923,0,,0.0017,0
TX_0008206,2026-03-20 12:50:09,U01175,U01798,0,,0.0002,0
TX_0008207,2026-03-20 12:50:52,U00104,U00756,0,,0.0002,0
TX_0008208,2026-03-20 12:59:32,U01383,U01108,0,,0.0002,0
TX_0008209,2026-03-20 13:02:19,U01559,U01630,0,,0.0002,0
TX_0008210,2026-03-20 13:04:32,U00820,U01466,0,,0.0005,0
TX_0008211,2026-03-20 13:08:34,U00550,U01165,0,,0.0002,0
TX_0008212,2026-03-20 13:09:23,U01613,U00290,0,,0.0005,0
TX_0008213,2026-03-20 13:29:25,U00708,U01283,0,,0.0002,0
TX_0008214,2026-03-20 13:35:55,U01896,U00165,0,,0.0002,0
TX_0008215,2026-03-20 13:36:21,U01285,U01074,0,,0.0002,0
TX_0008216,2026-03-20 13:37:52,U01400,U00425,0,,0.0002,0
TX_0008217,2026-03-20 14:07:37,U00525,U00886,0,,0.0002,0
TX_0008218,2026-03-20 14:33:37,U00991,U01836,0,,1e-04,0
TX_0008219,2026-03-20 14:34:32,U00939,U00753,0,,0.0002,0
TX_0008220,2026-03-20 14:53:57,U00369,U01277,0,,0.0002,0
TX_0008221,2026-03-20 14:54:22,U01377,U00449,0,,0.0002,0
TX_0008222,2026-03-20 14:56:37,U01547,U00864,0,,0.0002,0
TX_0008223,2026-03-20 15:06:19,U01613,U00290,0,,0.0002,0
TX_0008224,2026-03-20 15:16:14,U01183,U01862,0,,0.0008,0
TX_0008225,2026-03-20 15:35:46,U00127,U01478,0,,0.0002,0
TX_0008226,2026-03-20 15:43:59,U00742,U01433,0,,0.0002,0
TX_0008227,2026-03-20 15:47:44,U00138,U01330,0,,0.0002,0
TX_0008228,2026-03-20 15:48:36,U01265,U00659,0,,0.0002,0
TX_0008229,2026-03-20 16:03:12,U00356,U01093,0,,0.0002,0
TX_0008230,2026-03-20 16:03:13,U01953,U00572,0,,0.0003,0
TX_0008231,2026-03-20 16:03:50,U00309,U01865,0,,0.0002,0
TX_0008232,2026-03-20 16:21:47,U00053,U00441,0,,0.0002,0
TX_0008233,2026-03-20 16:35:38,U01530,U01047,0,,0.0002,0
TX_0008234,2026-03-20 16:35:39,U00355,U01496,0,,0.0002,0
TX_0008235,2026-03-20 16:41:58,U01508,U00988,0,,0.0002,0
TX_0008236,2026-03-20 16:52:47,U01059,U00025,0,,0.0003,0
TX_0008237,2026-03-20 16:53:50,U00956,U01173,0,,0.0003,0
TX_0008238,2026-03-20 17:13:37,U01950,U00433,0,,0.0002,0
TX_0008239,2026-03-20 17:16:13,U00389,U00350,0,,0.0002,0
TX_0008240,2026-03-20 17:18:54,U00336,U01572,0,,0.0002,0
TX_0008241,2026-03-20 17:19:54,U00161,U00806,0,,0.0002,0
TX_0008242,2026-03-20 17:19:56,U01309,U00877,0,,0.0003,0
TX_0008243,2026-03-20 17:31:24,U00992,U00720,0,,0.0002,0
TX_0008244,2026-03-20 17:36:24,U01466,U01377,0,,1e-04,0
TX_0008245,2026-03-20 17:43:40,U00329,U00674,0,,0.0004,0
TX_0008246,2026-03-20 17:43:51,U01132,U00961,0,,0.0002,0
TX_0008247,2026-03-20 17:55:15,U01858,U01895,0,,0.0002,0
TX_0008248,2026-03-20 18:01:53,U01442,U01691,0,,0.0002,0
TX_0008249,2026-03-20 18:10:22,U00770,U00630,0,,0.0002,0
TX_0008250,2026-03-20 18:19:13,U01670,U00511,0,,0.0006,0
TX_0008251,2026-03-20 18:21:39,U00245,U00118,0,,0.0003,0
TX_0008252,2026-03-20 18:27:59,U01009,U01078,0,,1e-04,0
TX_0008253,2026-03-20 18:29:06,U00775,U01712,0,,0.0002,0
TX_0008254,2026-03-20 18:42:32,U01541,U00861,0,,0.0002,0
TX_0008255,2026-03-20 18:43:21,U01062,U00602,0,,0.0002,0
TX_0008256,2026-03-20 18:48:09,U01821,U01807,0,,0.0002,0
TX_0008257,2026-03-20 18:52:29,U01840,U01253,0,,1e-04,0
TX_0008258,2026-03-20 18:53:17,U01146,U01740,0,,0.0002,0
TX_0008259,2026-03-20 18:55:28,U01522,U01675,0,,0.0002,0
TX_0008260,2026-03-20 19:00:56,U00427,U00608,0,,1e-04,0
TX_0008261,2026-03-20 19:06:19,U01720,U00523,0,,0.0002,0
TX_0008262,2026-03-20 19:16:51,U01780,U01463,0,,0.0003,0
TX_0008263,2026-03-20 19:25:29,U01656,U01758,0,,0.0002,0
TX_0008264,2026-03-20 19:29:22,U01607,U00175,0,,0.0002,0
TX_0008265,2026-03-20 19:34:06,U00549,U01534,0,,1e-04,0
TX_0008266,2026-03-20 19:36:18,U00427,U00625,0,,1e-04,0
TX_0008267,2026-03-20 19:41:04,U01994,U01808,0,,0.0003,0
TX_0008268,2026-03-20 19:43:33,U00017,U01482,0,,1e-04,0
TX_0008269,2026-03-20 20:10:03,U01895,U00661,0,,0.0002,0
TX_0008270,2026-03-20 20:12:44,U01913,U01865,0,,0.0002,0
TX_0008271,2026-03-20 20:13:30,U01652,U00649,0,,0.0002,0
TX_0008272,2026-03-20 20:21:29,U00218,U00533,0,,1e-04,0
TX_0008273,2026-03-20 20:29:08,U00798,U00863,0,,1e-04,0
TX_0008274,2026-03-20 20:29:16,U00439,U00776,0,,0.0002,0
TX_0008275,2026-03-20 20:31:36,U01906,U01804,0,,0.0002,0
TX_0008276,2026-03-20 20:40:13,U00306,U01045,0,,0.0002,0
TX_0008277,2026-03-20 20:43:02,U01464,U01190,0,,0.0002,0
TX_0008278,2026-03-20 20:50:35,U01253,U00616,0,,0.0002,0
TX_0008279,2026-03-20 20:55:40,U00117,U01312,0,,0.0002,0
TX_0008280,2026-03-20 21:05:10,U00724,U01551,0,,1e-04,0
TX_0008281,2026-03-20 21:06:30,U00465,U01402,0,,0.0002,0
TX_0008282,2026-03-20 21:24:06,U00771,U00837,0,,0.0002,0
TX_0008283,2026-03-20 21:24:38,U01345,U01730,0,,0.0002,0
TX_0008284,2026-03-20 21:30:26,U00594,U01084,0,,0.0002,0
TX_0008285,2026-03-20 21:40:52,U01848,U00228,0,,0.0002,0
TX_0008286,2026-03-20 21:41:26,U01689,U01269,0,,1e-04,0
TX_0008287,2026-03-20 21:45:12,U01163,U01904,0,,0.0009,0
TX_0008288,2026-03-20 22:12:43,U01602,U01826,0,,0.0002,0
TX_0008289,2026-03-20 22:15:06,U00663,U00365,0,,1e-04,0
TX_0008290,2026-03-20 22:31:46,U01157,U00694,0,,0.0002,0
TX_0008291,2026-03-20 23:23:13,U01493,U00736,0,,0.0002,0
TX_0008292,2026-03-20 23:27:57,U00309,U01884,0,,0.0004,0
TX_0008293,2026-03-20 23:36:01,U01778,U01163,0,,0.0002,0
TX_0008294,2026-03-20 23:47:52,U00763,U00384,0,,0.0002,0
TX_0008295,2026-03-21 00:03:19,U01710,U01500,0,,0.0004,0
TX_0008296,2026-03-21 00:04:17,U01724,U01358,0,,0.0002,0
TX_0008297,2026-03-21 00:06:07,U00390,U00585,0,,0.0002,0
TX_0008298,2026-03-21 00:16:40,U00898,U00780,0,,0.0002,0
TX_0008299,2026-03-21 00:46:36,U01831,U01899,0,,0.0007,0
TX_0008300,2026-03-21 00:47:26,U00464,U00550,0,,0.0002,0
TX_0008301,2026-03-21 00:52:50,U00137,U00618,0,,0.0002,0
TX_0008302,2026-03-21 02:01:20,U00183,U00892,0,,0.0002,0
TX_0008303,2026-03-21 02:52:52,U00952,U01052,0,,0.0002,0
TX_0008304,2026-03-21 03:28:09,U00262,U01867,0,,0.0003,0
TX_0008305,2026-03-21 04:36:38,U01342,U00757,0,,0.0002,0
TX_0008306,2026-03-21 05:34:14,U01898,U01038,0,,0.0002,0
TX_0008307,2026-03-21 07:07:21,U00137,U00268,0,,0.0005,0
TX_0008308,2026-03-21 07:07:28,U00472,U01840,0,,0.0002,0
TX_0008309,2026-03-21 07:15:59,U01410,U00960,0,,0.0004,0
TX_0008310,2026-03-21 07:16:53,U00079,U01918,0,,0.0002,0
TX_0008311,2026-03-21 07:27:10,U00270,U00034,0,,0.0002,0
TX_0008312,2026-03-21 07:31:26,U00810,U00246,0,,0.0002,0
TX_0008313,2026-03-21 07:35:07,U01100,U00482,0,,0.0002,0
TX_0008314,2026-03-21 07:35:09,U00126,U01787,0,,0.0002,0
TX_0008315,2026-03-21 07:37:32,U00401,U01175,0,,0.0002,0
TX_0008316,2026-03-21 07:48:05,U01785,U01172,0,,0.0002,0
TX_0008317,2026-03-21 07:48:54,U01572,U00275,0,,0.0002,0
TX_0008318,2026-03-21 08:02:51,U00589,U01815,0,,0.0002,0
TX_0008319,2026-03-21 08:08:37,U00397,U01846,0,,0.0002,0
TX_0008320,2026-03-21 08:15:36,U01109,U01326,0,,0.0002,0
TX_0008321,2026-03-21 08:20:49,U00109,U00840,0,,0.0002,0
TX_0008322,2026-03-21 08:20:54,U01619,U00682,0,,0.0002,0
TX_0008323,2026-03-21 08:39:17,U00951,U01416,0,,0.0002,0
TX_0008324,2026-03-21 08:44:12,U00399,U00782,0,,0.0002,0
TX_0008325,2026-03-21 08:52:39,U01144,U01096,0,,0.0002,0
TX_0008326,2026-03-21 08:56:20,U01085,U00102,0,,0.0002,0
TX_0008327,2026-03-21 08:59:46,U01765,U00057,0,,0.0002,0
TX_0008328,2026-03-21 09:06:21,U00778,U01854,0,,0.0002,0
TX_0008329,2026-03-21 09:06:51,U00010,U00962,0,,0.0004,0
TX_0008330,2026-03-21 09:08:25,U00939,U01709,0,,0.0002,0
TX_0008331,2026-03-21 09:25:55,U00021,U00536,0,,0.0002,0
TX_0008332,2026-03-21 09:36:23,U01165,U00025,0,,0.0002,0
TX_0008333,2026-03-21 09:58:20,U00796,U01594,0,,0.0002,0
TX_0008334,2026-03-21 10:03:00,U00298,U01876,0,,0.0002,0
TX_0008335,2026-03-21 10:14:07,U01036,U00614,0,,0.0002,0
TX_0008336,2026-03-21 10:26:04,U01351,U00319,0,,0.0002,0
TX_0008337,2026-03-21 10:34:30,U01046,U01760,0,,0.0002,0
TX_0008338,2026-03-21 10:52:23,U00018,U01340,0,,0.0002,0
TX_0008339,2026-03-21 11:00:32,U00840,U01015,0,,0.0011,0
TX_0008340,2026-03-21 11:06:34,U01232,U00171,0,,0.0002,0
TX_0008341,2026-03-21 11:06:56,U01224,U01519,0,,0.0002,0
TX_0008342,2026-03-21 11:35:48,U01967,U00030,0,,0.0005,0
TX_0008343,2026-03-21 11:41:08,U00239,U00176,0,,0.0002,0
TX_0008344,2026-03-21 11:44:06,U00362,U00870,0,,0.0002,0
TX_0008345,2026-03-21 11:49:00,U00597,U00022,0,,0.0002,0
TX_0008346,2026-03-21 12:18:25,U00117,U00543,0,,0.0002,0
TX_0008347,2026-03-21 12:29:46,U00546,U00347,0,,0.0005,0
TX_0008348,2026-03-21 12:31:56,U01981,U01624,0,,0.0002,0
TX_0008349,2026-03-21 12:35:08,U00581,U01303,0,,0.0002,0
TX_0008350,2026-03-21 12:35:39,U00798,U00096,0,,1e-04,0
TX_0008351,2026-03-21 12:38:54,U01291,U00166,0,,0.0002,0
TX_0008352,2026-03-21 12:39:25,U00110,U00407,0,,0.0002,0
TX_0008353,2026-03-21 12:39:45,U00351,U00631,0,,0.0011,0
TX_0008354,2026-03-21 12:46:03,U01700,U00466,0,,1e-04,0
TX_0008355,2026-03-21 12:50:44,U01814,U01467,0,,0.0002,0
TX_0008356,2026-03-21 12:54:45,U00382,U01518,0,,0.0007,0
TX_0008357,2026-03-21 13:01:46,U00418,U00032,0,,0.0002,0
TX_0008358,2026-03-21 13:10:21,U00476,U01956,0,,1e-04,0
TX_0008359,2026-03-21 13:12:05,U01629,U00827,0,,0.0002,0
TX_0008360,2026-03-21 13:12:36,U01310,U01397,0,,0.0002,0
TX_0008361,2026-03-21 13:13:57,U00519,U01857,0,,0.0002,0
TX_0008362,2026-03-21 13:15:54,U01345,U00433,0,,0.0002,0
TX_0008363,2026-03-21 13:27:23,U01931,U01277,0,,0.0002,0
TX_0008364,2026-03-21 13:40:34,U00778,U01756,0,,0.0004,0
TX_0008365,2026-03-21 13:42:00,U01839,U00235,0,,0.0002,0
TX_0008366,2026-03-21 13:44:42,U01369,U00001,0,,0.0002,0
TX_0008367,2026-03-21 13:46:55,U00168,U00881,0,,0.0002,0
TX_0008368,2026-03-21 13:50:09,U00537,U00996,0,,0.0002,0
TX_0008369,2026-03-21 13:59:01,U01966,U00331,0,,0.0004,0
TX_0008370,2026-03-21 14:02:24,U01093,U01057,0,,0.0002,0
TX_0008371,2026-03-21 14:12:59,U01005,U00161,0,,0.0002,0
TX_0008372,2026-03-21 14:15:27,U01970,U01041,0,,0.0002,0
TX_0008373,2026-03-21 14:22:11,U01477,U00999,0,,0.0002,0
TX_0008374,2026-03-21 14:26:21,U00026,U00412,0,,0.0002,0
TX_0008375,2026-03-21 14:38:04,U00682,U00627,0,,0.0008,0
TX_0008376,2026-03-21 14:44:06,U00831,U01272,0,,0.0002,0
TX_0008377,2026-03-21 14:46:17,U00086,U01863,0,,0.0002,0
TX_0008378,2026-03-21 14:47:42,U01421,U01741,0,,0.0002,0
TX_0008379,2026-03-21 14:54:29,U01211,U00987,0,,0.0002,0
TX_0008380,2026-03-21 15:00:36,U00184,U00091,0,,0.0002,0
TX_0008381,2026-03-21 15:05:14,U01392,U01538,0,,0.0003,0
TX_0008382,2026-03-21 15:18:30,U00736,U00492,0,,0.0002,0
TX_0008383,2026-03-21 15:32:05,U01452,U00130,0,,0.0002,0
TX_0008384,2026-03-21 15:40:22,U00753,U00979,0,,0.0002,0
TX_0008385,2026-03-21 15:49:11,U00157,U00560,0,,0.0002,0
TX_0008386,2026-03-21 15:55:35,U00173,U00064,0,,0.0002,0
TX_0008387,2026-03-21 16:02:21,U00685,U00847,0,,0.0002,0
TX_0008388,2026-03-21 16:04:01,U00427,U00104,0,,0.0005,0
TX_0008389,2026-03-21 16:06:05,U01576,U00495,0,,0.0005,0
TX_0008390,2026-03-21 16:29:37,U01569,U01169,0,,0.0002,0
TX_0008391,2026-03-21 16:38:34,U00060,U01371,0,,0.0002,0
TX_0008392,2026-03-21 16:40:14,U01337,U00399,0,,1e-04,0
TX_0008393,2026-03-21 16:41:46,U01078,U00647,0,,0.0002,0
TX_0008394,2026-03-21 16:45:38,U00411,U00059,0,,1e-04,0
TX_0008395,2026-03-21 17:00:58,U01425,U01776,0,,1e-04,0
TX_0008396,2026-03-21 17:03:12,U01227,U00200,0,,0.0002,0
TX_0008397,2026-03-21 17:06:06,U00793,U00804,0,,1e-04,0
TX_0008398,2026-03-21 17:06:56,U00815,U01834,0,,0.0002,0
TX_0008399,2026-03-21 17:45:27,U00090,U00887,0,,0.0002,0
TX_0008400,2026-03-21 17:52:47,U01495,U01924,0,,0.0002,0
TX_0008401,2026-03-21 17:53:45,U00318,U00408,0,,0.0002,0
TX_0008402,2026-03-21 17:54:35,U01439,U01913,0,,0.0003,0
TX_0008403,2026-03-21 17:54:35,U00731,U00546,0,,0.0002,0
TX_0008404,2026-03-21 18:02:47,U01791,U00512,0,,0.0002,0
TX_0008405,2026-03-21 18:10:05,U01706,U00220,0,,0.0007,0
TX_0008406,2026-03-21 18:41:49,U00448,U00796,0,,0.0002,0
TX_0008407,2026-03-21 18:59:19,U00140,U01879,0,,0.0002,0
TX_0008408,2026-03-21 19:11:00,U00938,U01359,0,,0.0002,0
TX_0008409,2026-03-21 19:18:14,U01201,U00181,0,,0.0002,0
TX_0008410,2026-03-21 19:30:35,U01042,U00508,0,,0.0002,0
TX_0008411,2026-03-21 19:31:23,U01992,U01237,0,,0.0004,0
TX_0008412,2026-03-21 19:32:39,U00636,U01180,0,,0.0002,0
TX_0008413,2026-03-21 19:32:52,U01368,U01014,0,,0.0002,0
TX_0008414,2026-03-21 19:37:00,U01553,U00582,0,,0.0002,0
TX_0008415,2026-03-21 19:53:14,U00328,U00793,0,,0.0002,0
TX_0008416,2026-03-21 19:53:24,U01071,U01975,0,,0.0002,0
TX_0008417,2026-03-21 19:58:28,U00938,U01403,0,,0.0003,0
TX_0008418,2026-03-21 20:03:19,U00578,U01572,0,,0.0002,0
TX_0008419,2026-03-21 20:03:50,U00293,U00071,0,,1e-04,0
TX_0008420,2026-03-21 20:24:40,U01961,U00621,0,,0.0016,0
TX_0008421,2026-03-21 20:25:01,U00874,U00536,0,,0.0002,0
TX_0008422,2026-03-21 20:26:11,U00017,U01535,0,,0.0002,0
TX_0008423,2026-03-21 20:32:13,U01057,U00031,0,,0.0002,0
TX_0008424,2026-03-21 20:49:42,U00403,U01204,0,,0.0002,0
TX_0008425,2026-03-21 20:50:12,U00328,U01345,0,,0.0002,0
TX_0008426,2026-03-21 20:52:22,U01990,U01251,0,,0.0002,0
TX_0008427,2026-03-21 20:53:15,U01445,U00701,0,,0.0002,0
TX_0008428,2026-03-21 21:01:13,U00762,U01454,0,,0.0003,0
TX_0008429,2026-03-21 21:06:45,U00318,U00791,0,,0.0002,0
TX_0008430,2026-03-21 21:13:43,U00192,U00520,0,,0.0002,0
TX_0008431,2026-03-21 21:15:52,U01746,U01802,0,,0.0002,0
TX_0008432,2026-03-21 21:16:31,U01524,U01836,0,,1e-04,0
TX_0008433,2026-03-21 21:21:24,U00599,U01874,0,,0.0002,0
TX_0008434,2026-03-21 21:25:28,U01085,U01529,0,,1e-04,0
TX_0008435,2026-03-21 21:26:51,U01163,U01929,0,,0.0002,0
TX_0008436,2026-03-21 21:29:47,U00795,U00400,0,,0.0002,0
TX_0008437,2026-03-21 21:38:06,U01526,U01095,0,,0.0002,0
TX_0008438,2026-03-21 21:44:07,U00932,U01215,0,,1e-04,0
TX_0008439,2026-03-21 21:55:10,U00129,U01349,0,,0.0002,0
TX_0008440,2026-03-21 21:56:28,U00099,U01013,0,,0.0002,0
TX_0008441,2026-03-21 22:17:02,U01725,U00094,0,,1e-04,0
TX_0008442,2026-03-21 22:29:05,U00501,U01070,0,,0.0002,0
TX_0008443,2026-03-21 22:32:11,U00799,U00860,0,,0.0002,0
TX_0008444,2026-03-21 22:37:23,U00769,U01286,0,,0.0002,0
TX_0008445,2026-03-21 22:44:43,U00443,U00887,0,,0.0002,0
TX_0008446,2026-03-21 22:54:54,U00301,U00663,0,,0.0005,0
TX_0008447,2026-03-21 23:02:43,U01030,U01338,0,,0.0002,0
TX_0008448,2026-03-21 23:03:09,U01203,U00778,0,,0.0002,0
TX_0008449,2026-03-21 23:04:10,U00983,U00154,0,,0.0002,0
TX_0008450,2026-03-21 23:04:43,U00771,U00837,0,,0.0002,0
TX_0008451,2026-03-21 23:05:09,U01158,U01065,0,,0.0002,0
TX_0008452,2026-03-21 23:22:07,U00361,U00334,0,,0.0002,0
TX_0008453,2026-03-21 23:24:22,U01798,U01947,0,,0.0002,0
TX_0008454,2026-03-21 23:36:21,U01402,U00149,0,,0.0003,0
TX_0008455,2026-03-21 23:37:54,U01300,U01104,0,,0.0002,0
TX_0008456,2026-03-21 23:39:42,U01949,U01088,0,,0.0002,0
TX_0008457,2026-03-21 23:47:20,U01377,U00228,0,,0.0008,0
TX_0008458,2026-03-21 23:49:48,U00390,U01377,0,,0.0002,0
TX_0008459,2026-03-22 00:07:45,U00777,U00385,0,,0.0002,0
TX_0008460,2026-03-22 00:28:34,U00038,U00090,0,,0.0002,0
TX_0008461,2026-03-22 00:31:55,U01356,U01292,0,,0.0002,0
TX_0008462,2026-03-22 00:44:50,U00552,U01489,0,,0.0015,0
TX_0008463,2026-03-22 01:56:20,U01658,U01506,0,,0.0002,0
TX_0008464,2026-03-22 02:47:30,U01531,U01905,0,,0.0002,0
TX_0008465,2026-03-22 03:05:45,U01517,U01090,0,,0.0002,0
TX_0008466,2026-03-22 03:13:23,U00970,U00811,0,,0.0002,0
TX_0008467,2026-03-22 03:59:27,U00022,U01001,0,,0.0002,0
TX_0008468,2026-03-22 04:23:09,U00421,U00001,0,,0.0002,0
TX_0008469,2026-03-22 04:49:46,U00612,U01041,0,,0.0002,0
TX_0008470,2026-03-22 05:55:18,U01195,U00182,0,,0.0002,0
TX_0008471,2026-03-22 06:38:57,U00968,U00873,0,,0.0004,0
TX_0008472,2026-03-22 07:00:09,U00798,U01213,0,,0.0002,0
TX_0008473,2026-03-22 07:13:58,U00032,U01005,0,,0.0002,0
TX_0008474,2026-03-22 07:34:56,U01952,U00056,0,,0.0002,0
TX_0008475,2026-03-22 07:53:35,U01873,U01647,0,,0.0003,0
TX_0008476,2026-03-22 08:00:40,U00990,U01791,0,,0.0002,0
TX_0008477,2026-03-22 08:04:10,U00912,U00616,0,,0.0002,0
TX_0008478,2026-03-22 08:17:04,U00518,U00515,0,,0.0004,0
TX_0008479,2026-03-22 08:25:34,U00535,U01571,0,,0.0002,0
TX_0008480,2026-03-22 08:47:38,U01453,U00737,0,,0.0002,0
TX_0008481,2026-03-22 09:07:43,U00830,U00088,0,,0.0004,0
TX_0008482,2026-03-22 09:14:46,U01354,U00984,0,,0.0002,0
TX_0008483,2026-03-22 09:25:36,U00153,U00494,0,,0.0002,0
TX_0008484,2026-03-22 09:47:47,U00928,U01395,0,,0.0002,0
TX_0008485,2026-03-22 09:52:37,U01465,U01775,0,,0.0002,0
TX_0008486,2026-03-22 09:52:42,U00450,U00994,0,,0.0007,0
TX_0008487,2026-03-22 09:59:28,U00166,U01719,0,,0.0003,0
TX_0008488,2026-03-22 10:02:27,U00997,U01868,0,,0.0002,0
TX_0008489,2026-03-22 10:04:33,U01907,U00648,0,,0.0002,0
TX_0008490,2026-03-22 10:10:05,U00817,U01216,0,,0.0004,0
TX_0008491,2026-03-22 10:13:50,U01366,U00819,0,,0.0004,0
TX_0008492,2026-03-22 10:19:15,U01945,U01072,0,,0.0002,0
TX_0008493,2026-03-22 10:28:25,U01907,U00511,0,,0.0003,0
TX_0008494,2026-03-22 10:31:03,U00712,U00649,0,,0.0002,0
TX_0008495,2026-03-22 10:31:57,U00948,U01802,0,,0.0002,0
TX_0008496,2026-03-22 10:43:02,U01490,U00342,0,,0.0002,0
TX_0008497,2026-03-22 10:53:28,U00372,U00866,0,,0.0004,0
TX_0008498,2026-03-22 10:59:11,U01293,U01343,0,,0.0002,0
TX_0008499,2026-03-22 10:59:12,U01255,U00330,0,,0.0002,0
TX_0008500,2026-03-22 11:22:55,U00912,U00007,0,,0.0002,0
TX_0008501,2026-03-22 11:29:11,U00328,U01086,0,,0.0004,0
TX_0008502,2026-03-22 11:29:28,U01729,U00407,0,,0.0002,0
TX_0008503,2026-03-22 11:29:56,U01527,U00722,0,,0.0002,0
TX_0008504,2026-03-22 11:43:42,U01964,U01491,0,,0.0003,0
TX_0008505,2026-03-22 11:45:54,U01657,U01194,0,,0.0002,0
TX_0008506,2026-03-22 11:47:06,U00728,U00709,0,,0.0002,0
TX_0008507,2026-03-22 11:51:57,U01643,U01411,0,,0.0002,0
TX_0008508,2026-03-22 11:52:02,U01069,U01869,0,,0.0002,0
TX_0008509,2026-03-22 11:54:05,U01464,U00711,0,,0.0003,0
TX_0008510,2026-03-22 11:56:18,U00505,U00599,0,,0.0002,0
TX_0008511,2026-03-22 11:59:31,U01358,U01747,0,,0.0003,0
TX_0008512,2026-03-22 12:09:38,U01195,U01860,0,,0.0002,0
TX_0008513,2026-03-22 12:12:06,U01522,U00933,0,,0.0002,0
TX_0008514,2026-03-22 12:36:07,U01918,U01023,0,,0.0002,0
TX_0008515,2026-03-22 12:41:16,U00163,U00616,0,,0.0002,0
TX_0008516,2026-03-22 13:04:04,U01172,U01213,0,,0.0002,0
TX_0008517,2026-03-22 13:08:12,U01535,U00261,0,,0.0002,0
TX_0008518,2026-03-22 13:12:29,U00487,U00602,0,,0.001,0
TX_0008519,2026-03-22 13:18:54,U01793,U01466,0,,0.0002,0
TX_0008520,2026-03-22 13:26:54,U00405,U00246,0,,0.0002,0
TX_0008521,2026-03-22 13:30:20,U00281,U00014,0,,0.0002,0
TX_0008522,2026-03-22 13:32:59,U01809,U00161,0,,0.0002,0
TX_0008523,2026-03-22 13:58:10,U00503,U00730,0,,0.0002,0
TX_0008524,2026-03-22 14:10:06,U01606,U00703,0,,0.0002,0
TX_0008525,2026-03-22 14:16:29,U01094,U01559,0,,0.0007,0
TX_0008526,2026-03-22 14:17:13,U01159,U00304,0,,0.0002,0
TX_0008527,2026-03-22 14:28:19,U00155,U01551,0,,0.0002,0
TX_0008528,2026-03-22 14:37:22,U00534,U01433,0,,0.0002,0
TX_0008529,2026-03-22 14:51:52,U01782,U00199,0,,0.0002,0
TX_0008530,2026-03-22 15:12:19,U01856,U00163,0,,0.0002,0
TX_0008531,2026-03-22 15:13:22,U01046,U01568,0,,0.0002,0
TX_0008532,2026-03-22 15:22:51,U00926,U01702,0,,0.0002,0
TX_0008533,2026-03-22 15:34:36,U00640,U01717,0,,0.0002,0
TX_0008534,2026-03-22 15:37:03,U00627,U00786,0,,0.0002,0
TX_0008535,2026-03-22 15:45:19,U01269,U00568,0,,0.0002,0
TX_0008536,2026-03-22 15:49:58,U00284,U00098,0,,0.001,0
TX_0008537,2026-03-22 16:03:35,U00155,U01049,0,,0.0002,0
TX_0008538,2026-03-22 16:07:47,U01295,U01821,0,,0.0003,0
TX_0008539,2026-03-22 16:11:13,U00058,U00433,0,,0.0002,0
TX_0008540,2026-03-22 16:13:38,U00899,U01259,0,,0.0002,0
TX_0008541,2026-03-22 16:29:15,U00037,U00089,0,,0.0002,0
TX_0008542,2026-03-22 17:17:09,U00391,U01672,0,,0.0007,0
TX_0008543,2026-03-22 17:26:11,U01784,U01766,0,,0.0002,0
TX_0008544,2026-03-22 17:34:57,U00566,U00401,0,,0.0002,0
TX_0008545,2026-03-22 17:35:02,U01410,U00960,0,,0.0002,0
TX_0008546,2026-03-22 17:36:02,U00292,U01419,0,,0.0002,0
TX_0008547,2026-03-22 17:40:06,U00226,U01040,0,,0.0002,0
TX_0008548,2026-03-22 17:53:29,U01237,U01673,0,,0.0002,0
TX_0008549,2026-03-22 17:58:09,U00724,U01936,0,,1e-04,0
TX_0008550,2026-03-22 18:00:37,U01704,U01229,0,,0.0019,0
TX_0008551,2026-03-22 18:08:24,U01609,U01381,0,,0.0002,0
TX_0008552,2026-03-22 18:19:50,U01492,U00368,0,,0.0002,0
TX_0008553,2026-03-22 18:25:06,U00359,U00706,0,,0.0002,0
TX_0008554,2026-03-22 18:56:37,U00682,U00627,0,,0.0002,0
TX_0008555,2026-03-22 19:04:11,U01674,U01889,0,,0.0002,0
TX_0008556,2026-03-22 19:05:17,U00741,U00813,0,,1e-04,0
TX_0008557,2026-03-22 19:06:41,U00640,U01717,0,,0.0002,0
TX_0008558,2026-03-22 19:15:16,U01176,U00200,0,,1e-04,0
TX_0008559,2026-03-22 19:18:13,U01976,U00262,0,,0.0002,0
TX_0008560,2026-03-22 19:28:57,U00331,U00020,0,,0.0002,0
TX_0008561,2026-03-22 19:35:08,U00677,U00519,0,,0.0002,0
TX_0008562,2026-03-22 19:47:52,U00113,U01910,0,,0.0002,0
TX_0008563,2026-03-22 19:56:47,U01753,U00812,0,,0.0002,0
TX_0008564,2026-03-22 19:57:15,U01762,U00019,0,,0.0002,0
TX_0008565,2026-03-22 19:58:20,U00321,U01812,0,,0.0002,0
TX_0008566,2026-03-22 20:00:54,U00578,U00323,0,,0.0002,0
TX_0008567,2026-03-22 20:20:28,U00576,U01258,0,,0.0002,0
TX_0008568,2026-03-22 20:30:10,U00355,U00894,0,,0.0002,0
TX_0008569,2026-03-22 20:40:35,U00902,U01648,0,,0.0002,0
TX_0008570,2026-03-22 20:50:52,U00048,U01979,0,,0.0002,0
TX_0008571,2026-03-22 21:20:55,U01061,U01295,0,,0.0002,0
TX_0008572,2026-03-22 21:21:41,U00478,U00554,0,,0.0002,0
TX_0008573,2026-03-22 21:45:57,U00394,U01683,0,,1e-04,0
TX_0008574,2026-03-22 21:52:40,U01987,U01367,0,,1e-04,0
TX_0008575,2026-03-22 22:12:20,U01266,U01729,0,,0.0002,0
TX_0008576,2026-03-22 22:21:04,U01037,U00250,0,,0.0002,0
TX_0008577,2026-03-22 22:46:55,U01281,U00764,0,,0.0002,0
TX_0008578,2026-03-22 22:55:27,U01279,U00884,0,,0.0002,0
TX_0008579,2026-03-22 23:14:09,U01321,U01927,0,,1e-04,0
TX_0008580,2026-03-22 23:21:32,U00991,U01058,0,,0.0003,0
TX_0008581,2026-03-22 23:44:15,U00695,U01977,0,,0.0002,0
TX_0008582,2026-03-22 23:50:37,U00295,U01584,0,,0.0002,0
TX_0008583,2026-03-22 23:57:37,U00481,U01446,0,,0.0002,0
TX_0008584,2026-03-22 23:58:58,U00067,U00831,0,,0.0002,0
TX_0008585,2026-03-23 00:14:20,U00072,U01915,0,,0.0002,0
TX_0008586,2026-03-23 00:39:24,U01972,U00937,0,,0.0002,0
TX_0008587,2026-03-23 00:40:16,U00408,U00405,0,,0.001,0
TX_0008588,2026-03-23 01:03:54,U00775,U01535,0,,0.0006,0
TX_0008589,2026-03-23 02:28:05,U00940,U00086,0,,0.0002,0
TX_0008590,2026-03-23 02:34:13,U00864,U00213,0,,0.0002,0
TX_0008591,2026-03-23 04:48:22,U00296,U01562,0,,0.0002,0
TX_0008592,2026-03-23 05:21:41,U01650,U01037,0,,0.0002,0
TX_0008593,2026-03-23 06:48:14,U01437,U00298,0,,0.0002,0
TX_0008594,2026-03-23 07:10:13,U00185,U00470,0,,0.0002,0
TX_0008595,2026-03-23 07:17:23,U01201,U01191,0,,0.0002,0
TX_0008596,2026-03-23 07:18:18,U00126,U00350,0,,0.0002,0
TX_0008597,2026-03-23 07:28:07,U01540,U00904,0,,0.0002,0
TX_0008598,2026-03-23 07:30:33,U00042,U00928,0,,0.0006,0
TX_0008599,2026-03-23 07:30:49,U00389,U00841,0,,0.0002,0
TX_0008600,2026-03-23 07:33:00,U01701,U01739,0,,0.0017,0
TX_0008601,2026-03-23 07:41:42,U00009,U01121,0,,0.0002,0
TX_0008602,2026-03-23 07:43:43,U00016,U00161,0,,0.0002,0
TX_0008603,2026-03-23 08:55:37,U00085,U01127,0,,0.0002,0
TX_0008604,2026-03-23 09:04:00,U00485,U01183,0,,0.0008,0
TX_0008605,2026-03-23 09:09:32,U01804,U01500,0,,0.0002,0
TX_0008606,2026-03-23 09:13:30,U00874,U00523,0,,0.0002,0
TX_0008607,2026-03-23 09:13:57,U00855,U01529,0,,0.0002,0
TX_0008608,2026-03-23 09:42:15,U01707,U01516,0,,0.0002,0
TX_0008609,2026-03-23 09:52:41,U01692,U00102,0,,0.0002,0
TX_0008610,2026-03-23 10:00:01,U00997,U00076,0,,0.0003,0
TX_0008611,2026-03-23 10:04:46,U01055,U01367,0,,0.0002,0
TX_0008612,2026-03-23 10:09:18,U00439,U00776,0,,0.0002,0
TX_0008613,2026-03-23 10:16:09,U01915,U01322,0,,0.0002,0
TX_0008614,2026-03-23 10:17:03,U01130,U00580,0,,0.0002,0
TX_0008615,2026-03-23 10:25:54,U01385,U01105,0,,0.0002,0
TX_0008616,2026-03-23 10:37:33,U00377,U00997,0,,0.0002,0
TX_0008617,2026-03-23 10:40:55,U01653,U00520,0,,0.0002,0
TX_0008618,2026-03-23 10:50:00,U01490,U00918,0,,0.0002,0
TX_0008619,2026-03-23 11:24:16,U00498,U00023,0,,0.0002,0
TX_0008620,2026-03-23 11:26:24,U00872,U01849,0,,0.0002,0
TX_0008621,2026-03-23 11:40:28,U00403,U00606,0,,0.0002,0
TX_0008622,2026-03-23 11:46:03,U00050,U01580,0,,0.0005,0
TX_0008623,2026-03-23 11:49:16,U01186,U00563,0,,0.0002,0
TX_0008624,2026-03-23 11:50:59,U01730,U00895,0,,0.0002,0
TX_0008625,2026-03-23 11:53:58,U00078,U01384,0,,0.0002,0
TX_0008626,2026-03-23 12:07:29,U00085,U01162,0,,0.0002,0
TX_0008627,2026-03-23 12:10:18,U00207,U00988,0,,0.0002,0
TX_0008628,2026-03-23 12:14:54,U01398,U00363,0,,0.0002,0
TX_0008629,2026-03-23 12:24:46,U00412,U01543,0,,0.0002,0
TX_0008630,2026-03-23 12:27:16,U00779,U01676,0,,0.0002,0
TX_0008631,2026-03-23 12:27:37,U01156,U00141,0,,0.0002,0
TX_0008632,2026-03-23 12:27:54,U00065,U00146,0,,0.0002,0
TX_0008633,2026-03-23 12:34:22,U00501,U01150,0,,0.0002,0
TX_0008634,2026-03-23 12:42:26,U00177,U01843,0,,0.0002,0
TX_0008635,2026-03-23 12:45:36,U00669,U00038,0,,0.0006,0
TX_0008636,2026-03-23 12:46:31,U01592,U01451,0,,0.0002,0
TX_0008637,2026-03-23 12:51:33,U01134,U00116,0,,0.0002,0
TX_0008638,2026-03-23 12:59:04,U00973,U01758,0,,0.0002,0
TX_0008639,2026-03-23 13:12:01,U01847,U00583,0,,0.0002,0
TX_0008640,2026-03-23 13:12:37,U01580,U01864,0,,0.0002,0
TX_0008641,2026-03-23 13:13:56,U00748,U00537,0,,0.0002,0
TX_0008642,2026-03-23 13:16:59,U01154,U01961,0,,0.0002,0
TX_0008643,2026-03-23 13:18:05,U00656,U01868,0,,0.0002,0
TX_0008644,2026-03-23 13:29:13,U00061,U00075,0,,0.0002,0
TX_0008645,2026-03-23 13:39:32,U01332,U01851,0,,0.0002,0
TX_0008646,2026-03-23 13:52:04,U00986,U00291,0,,0.0002,0
TX_0008647,2026-03-23 14:00:09,U01300,U01741,0,,0.0002,0
TX_0008648,2026-03-23 14:06:40,U00493,U00640,0,,0.0002,0
TX_0008649,2026-03-23 14:17:14,U01570,U00766,0,,0.0002,0
TX_0008650,2026-03-23 14:21:29,U00097,U00065,0,,0.0002,0
TX_0008651,2026-03-23 14:42:26,U00898,U00766,0,,0.0003,0
TX_0008652,2026-03-23 14:45:40,U00771,U01420,0,,0.0006,0
TX_0008653,2026-03-23 14:47:09,U00018,U00594,0,,0.0002,0
TX_0008654,2026-03-23 14:55:21,U01055,U01251,0,,0.0002,0
TX_0008655,2026-03-23 15:08:15,U01928,U00807,0,,0.0003,0
TX_0008656,2026-03-23 15:10:16,U01952,U00056,0,,0.0002,0
TX_0008657,2026-03-23 15:15:39,U00022,U00870,0,,0.0002,0
TX_0008658,2026-03-23 15:22:40,U01446,U00982,0,,0.0002,0
TX_0008659,2026-03-23 15:36:27,U01810,U00650,0,,0.0002,0
TX_0008660,2026-03-23 15:38:00,U01590,U01623,0,,0.0002,0
TX_0008661,2026-03-23 15:38:12,U00050,U01472,0,,0.0004,0
TX_0008662,2026-03-23 15:40:24,U00181,U01722,0,,0.0002,0
TX_0008663,2026-03-23 15:53:41,U00465,U01402,0,,0.0002,0
TX_0008664,2026-03-23 16:13:17,U00962,U00227,0,,0.0002,0
TX_0008665,2026-03-23 16:20:19,U01510,U01551,0,,0.0002,0
TX_0008666,2026-03-23 16:23:24,U01198,U01613,0,,0.0002,0
TX_0008667,2026-03-23 16:25:03,U00689,U01324,0,,0.0006,0
TX_0008668,2026-03-23 16:31:42,U01899,U00489,0,,0.0002,0
TX_0008669,2026-03-23 16:37:38,U01093,U01782,0,,0.0002,0
TX_0008670,2026-03-23 16:46:37,U01310,U01397,0,,0.0002,0
TX_0008671,2026-03-23 16:59:03,U00651,U01405,0,,0.0002,0
TX_0008672,2026-03-23 17:11:20,U00871,U01953,0,,0.0002,0
TX_0008673,2026-03-23 17:13:11,U01267,U00124,0,,0.0002,0
TX_0008674,2026-03-23 17:18:15,U00273,U00679,0,,0.0002,0
TX_0008675,2026-03-23 17:22:26,U01809,U01598,0,,0.0002,0
TX_0008676,2026-03-23 17:32:48,U00826,U00130,0,,0.0002,0
TX_0008677,2026-03-23 17:50:06,U00950,U01554,0,,0.0002,0
TX_0008678,2026-03-23 17:50:08,U00873,U01181,0,,0.0003,0
TX_0008679,2026-03-23 17:56:56,U01329,U01840,0,,0.0002,0
TX_0008680,2026-03-23 18:02:23,U01978,U00540,0,,0.0003,0
TX_0008681,2026-03-23 18:11:37,U00015,U00187,0,,0.0002,0
TX_0008682,2026-03-23 18:11:43,U00840,U00314,0,,0.0002,0
TX_0008683,2026-03-23 18:14:55,U01899,U00857,0,,0.0002,0
TX_0008684,2026-03-23 18:21:17,U00362,U00870,0,,0.0002,0
TX_0008685,2026-03-23 18:28:43,U00382,U00347,0,,0.0002,0
TX_0008686,2026-03-23 18:43:44,U00698,U00676,0,,0.0002,0
TX_0008687,2026-03-23 18:50:54,U01978,U00029,0,,0.0003,0
TX_0008688,2026-03-23 18:52:52,U01074,U01834,0,,0.0002,0
TX_0008689,2026-03-23 18:56:53,U00926,U00761,0,,0.0002,0
TX_0008690,2026-03-23 19:11:19,U00686,U00317,0,,0.0002,0
TX_0008691,2026-03-23 19:11:27,U00175,U01679,0,,0.0002,0
TX_0008692,2026-03-23 19:15:36,U00396,U01009,0,,0.0002,0
TX_0008693,2026-03-23 19:16:49,U01577,U01220,0,,0.0004,0
TX_0008694,2026-03-23 19:17:45,U01439,U00458,0,,0.0002,0
TX_0008695,2026-03-23 19:21:34,U00520,U00408,0,,0.0002,0
TX_0008696,2026-03-23 19:29:08,U00451,U00624,0,,0.0002,0
TX_0008697,2026-03-23 19:45:39,U00411,U00862,0,,0.0002,0
TX_0008698,2026-03-23 19:45:41,U00959,U00162,0,,0.0006,0
TX_0008699,2026-03-23 19:47:32,U01805,U00481,0,,0.0003,0
TX_0008700,2026-03-23 19:50:38,U00136,U00060,0,,0.0002,0
TX_0008701,2026-03-23 19:56:20,U00142,U00427,0,,0.0002,0
TX_0008702,2026-03-23 19:57:10,U00359,U00706,0,,0.0002,0
TX_0008703,2026-03-23 20:27:07,U01144,U00620,0,,0.0002,0
TX_0008704,2026-03-23 20:31:40,U00221,U01397,0,,0.0007,0
TX_0008705,2026-03-23 20:47:01,U01691,U01776,0,,0.0002,0
TX_0008706,2026-03-23 20:54:35,U01620,U01925,0,,0.0002,0
TX_0008707,2026-03-23 20:58:13,U00408,U01043,0,,0.0002,0
TX_0008708,2026-03-23 20:59:22,U00597,U00022,0,,0.0002,0
TX_0008709,2026-03-23 21:01:46,U00309,U00722,0,,0.0002,0
TX_0008710,2026-03-23 21:20:03,U01674,U00099,0,,0.0002,0
TX_0008711,2026-03-23 21:21:11,U00333,U00255,0,,0.0002,0
TX_0008712,2026-03-23 21:30:58,U00669,U00038,0,,0.0026,0
TX_0008713,2026-03-23 21:31:50,U01214,U01297,0,,0.0002,0
TX_0008714,2026-03-23 21:40:39,U01568,U00043,0,,0.0002,0
TX_0008715,2026-03-23 21:41:59,U00142,U01460,0,,0.0002,0
TX_0008716,2026-03-23 21:45:06,U01285,U01546,0,,0.0002,0
TX_0008717,2026-03-23 22:05:46,U01784,U00396,0,,0.0002,0
TX_0008718,2026-03-23 22:18:39,U01377,U00449,0,,0.0002,0
TX_0008719,2026-03-23 22:21:00,U01114,U01243,0,,0.0002,0
TX_0008720,2026-03-23 22:25:58,U01510,U01815,0,,0.0002,0
TX_0008721,2026-03-23 22:28:15,U00181,U01722,0,,0.0002,0
TX_0008722,2026-03-23 22:39:08,U01524,U00840,0,,0.0005,0
TX_0008723,2026-03-23 22:43:12,U00706,U01676,0,,0.0002,0
TX_0008724,2026-03-23 22:57:25,U01753,U01381,0,,0.0003,0
TX_0008725,2026-03-23 23:12:44,U00469,U01752,0,,0.0002,0
TX_0008726,2026-03-23 23:14:35,U00358,U01644,0,,0.0005,0
TX_0008727,2026-03-23 23:36:48,U00847,U00864,0,,0.0002,0
TX_0008728,2026-03-23 23:39:07,U00713,U00805,0,,0.0002,0
TX_0008729,2026-03-23 23:49:19,U00139,U00698,0,,0.0003,0
TX_0008730,2026-03-24 00:01:15,U01864,U01442,0,,0.0002,0
TX_0008731,2026-03-24 00:09:07,U00533,U01478,0,,0.0002,0
TX_0008732,2026-03-24 00:40:11,U00217,U00665,0,,0.0004,0
TX_0008733,2026-03-24 00:50:05,U01068,U00157,0,,0.0002,0
TX_0008734,2026-03-24 01:20:27,U01477,U00803,0,,0.0002,0
TX_0008735,2026-03-24 02:46:55,U01568,U00761,0,,0.0002,0
TX_0008736,2026-03-24 02:57:25,U01680,U00180,0,,0.0002,0
TX_0008737,2026-03-24 03:17:35,U01533,U00378,0,,0.0002,0
TX_0008738,2026-03-24 03:46:55,U00435,U01089,0,,0.0004,0
TX_0008739,2026-03-24 04:40:12,U01175,U00745,0,,0.0002,0
TX_0008740,2026-03-24 05:38:24,U00325,U01720,0,,0.0003,0
TX_0008741,2026-03-24 05:39:10,U01943,U01281,0,,0.0004,0
TX_0008742,2026-03-24 06:06:42,U00346,U00186,0,,0.0004,0
TX_0008743,2026-03-24 06:24:25,U01690,U00456,0,,0.0002,0
TX_0008744,2026-03-24 06:27:31,U01275,U00478,0,,0.0002,0
TX_0008745,2026-03-24 06:36:14,U01332,U00664,0,,0.0002,0
TX_0008746,2026-03-24 06:38:22,U01680,U00180,0,,0.0004,0
TX_0008747,2026-03-24 07:06:24,U00536,U01221,0,,0.0002,0
TX_0008748,2026-03-24 07:08:07,U01198,U00489,0,,0.0002,0
TX_0008749,2026-03-24 07:09:10,U01395,U00526,0,,0.0007,0
TX_0008750,2026-03-24 07:17:36,U00313,U01801,0,,0.0002,0
TX_0008751,2026-03-24 07:33:35,U00217,U01044,0,,0.0002,0
TX_0008752,2026-03-24 07:47:56,U01560,U01211,0,,0.0002,0
TX_0008753,2026-03-24 07:52:38,U01423,U01585,0,,0.0002,0
TX_0008754,2026-03-24 08:06:19,U01196,U00199,0,,0.0002,0
TX_0008755,2026-03-24 08:17:50,U00605,U01082,0,,0.0002,0
TX_0008756,2026-03-24 08:19:53,U01140,U00695,0,,0.0004,0
TX_0008757,2026-03-24 08:21:32,U01027,U00168,0,,0.0002,0
TX_0008758,2026-03-24 08:22:32,U01055,U01238,0,,0.0002,0
TX_0008759,2026-03-24 08:22:50,U01863,U01923,0,,0.0002,0
TX_0008760,2026-03-24 08:34:30,U01936,U01749,0,,0.0002,0
TX_0008761,2026-03-24 08:41:02,U01030,U00025,0,,0.0002,0
TX_0008762,2026-03-24 08:43:59,U00248,U00845,0,,0.0003,0
TX_0008763,2026-03-24 08:57:52,U00583,U01496,0,,0.0002,0
TX_0008764,2026-03-24 09:17:27,U00133,U01536,0,,0.0002,0
TX_0008765,2026-03-24 09:18:18,U00567,U01530,0,,0.0002,0
TX_0008766,2026-03-24 09:19:24,U01632,U01669,0,,0.0002,0
TX_0008767,2026-03-24 09:29:15,U00033,U01691,0,,0.0002,0
TX_0008768,2026-03-24 09:31:43,U01514,U01033,0,,0.0002,0
TX_0008769,2026-03-24 09:34:47,U00771,U00837,0,,0.0002,0
TX_0008770,2026-03-24 09:35:50,U00917,U01224,0,,0.0002,0
TX_0008771,2026-03-24 09:41:38,U01433,U00231,0,,0.0002,0
TX_0008772,2026-03-24 09:43:52,U01225,U00828,0,,0.0002,0
TX_0008773,2026-03-24 09:45:41,U01640,U01090,0,,0.0002,0
TX_0008774,2026-03-24 09:49:21,U00171,U01997,0,,0.0002,0
TX_0008775,2026-03-24 09:51:33,U01217,U00890,0,,0.0002,0
TX_0008776,2026-03-24 09:59:23,U00616,U01489,0,,0.0002,0
TX_0008777,2026-03-24 10:01:48,U00960,U01671,0,,0.0002,0
TX_0008778,2026-03-24 10:09:14,U01534,U01764,0,,0.0002,0
TX_0008779,2026-03-24 10:11:33,U01913,U00354,0,,0.0002,0
TX_0008780,2026-03-24 10:20:27,U00517,U01940,0,,0.0002,0
TX_0008781,2026-03-24 10:24:25,U01998,U00807,0,,0.0003,0
TX_0008782,2026-03-24 10:35:07,U01000,U01943,0,,0.0004,0
TX_0008783,2026-03-24 10:42:48,U01584,U01572,0,,0.0002,0
TX_0008784,2026-03-24 10:47:34,U01093,U01689,0,,0.0005,0
TX_0008785,2026-03-24 10:55:39,U01279,U00434,0,,0.0002,0
TX_0008786,2026-03-24 10:56:07,U01804,U00377,0,,0.0002,0
TX_0008787,2026-03-24 11:12:06,U00576,U00691,0,,0.0002,0
TX_0008788,2026-03-24 11:20:22,U01523,U00588,0,,0.0002,0
TX_0008789,2026-03-24 11:29:15,U00026,U00497,0,,0.0002,0
TX_0008790,2026-03-24 11:29:18,U00815,U00194,0,,0.0002,0
TX_0008791,2026-03-24 11:36:41,U01389,U00232,0,,0.0002,0
TX_0008792,2026-03-24 11:36:55,U00663,U00365,0,,0.0002,0
TX_0008793,2026-03-24 12:11:15,U01895,U00009,0,,0.0002,0
TX_0008794,2026-03-24 12:14:38,U00188,U00350,0,,0.0002,0
TX_0008795,2026-03-24 12:14:41,U01105,U01107,0,,0.0002,0
TX_0008796,2026-03-24 12:26:07,U01562,U01641,0,,0.0002,0
TX_0008797,2026-03-24 12:26:50,U00403,U01204,0,,0.0002,0
TX_0008798,2026-03-24 12:28:10,U01514,U00014,0,,0.0002,0
TX_0008799,2026-03-24 12:39:54,U00175,U01778,0,,0.0002,0
TX_0008800,2026-03-24 12:44:41,U00198,U00683,0,,0.0002,0
TX_0008801,2026-03-24 12:46:59,U00132,U00790,0,,0.0002,0
TX_0008802,2026-03-24 12:53:01,U01086,U00377,0,,0.0002,0
TX_0008803,2026-03-24 12:57:05,U01923,U01489,0,,0.0002,0
TX_0008804,2026-03-24 13:02:46,U00840,U01194,0,,0.0002,0
TX_0008805,2026-03-24 13:03:39,U01176,U00753,0,,0.0002,0
TX_0008806,2026-03-24 13:03:48,U00897,U00403,0,,0.0002,0
TX_0008807,2026-03-24 13:05:02,U01444,U01055,0,,0.0005,0
TX_0008808,2026-03-24 13:27:58,U00818,U01023,0,,0.0002,0
TX_0008809,2026-03-24 13:36:24,U00960,U00701,0,,0.0002,0
TX_0008810,2026-03-24 13:57:48,U00253,U00506,0,,0.0002,0
TX_0008811,2026-03-24 14:00:51,U00960,U00547,0,,0.0002,0
TX_0008812,2026-03-24 14:03:35,U00179,U00897,0,,0.0002,0
TX_0008813,2026-03-24 14:08:04,U00533,U01478,0,,0.0002,0
TX_0008814,2026-03-24 14:11:45,U00812,U00786,0,,0.0002,0
TX_0008815,2026-03-24 14:19:18,U00968,U00873,0,,0.0002,0
TX_0008816,2026-03-24 14:30:32,U00139,U01845,0,,0.0003,0
TX_0008817,2026-03-24 14:33:19,U01712,U01184,0,,0.0002,0
TX_0008818,2026-03-24 14:35:38,U01670,U01291,0,,0.0002,0
TX_0008819,2026-03-24 14:40:35,U00908,U00417,0,,0.0002,0
TX_0008820,2026-03-24 14:42:29,U01851,U01640,0,,0.0003,0
TX_0008821,2026-03-24 14:46:50,U01495,U01506,0,,0.0002,0
TX_0008822,2026-03-24 14:51:27,U00108,U01352,0,,0.0002,0
TX_0008823,2026-03-24 14:52:15,U00310,U00374,0,,0.0002,0
TX_0008824,2026-03-24 14:54:57,U00511,U00824,0,,0.0002,0
TX_0008825,2026-03-24 15:11:20,U00542,U01573,1,RING_HELDOUT,0.9645,1
TX_0008826,2026-03-24 15:21:10,U01664,U01131,0,,0.0002,0
TX_0008827,2026-03-24 15:21:56,U01203,U00754,0,,0.0002,0
TX_0008828,2026-03-24 15:25:37,U01573,U00684,1,RING_HELDOUT,0.9783,1
TX_0008829,2026-03-24 15:25:50,U00639,U00425,0,,0.0002,0
TX_0008830,2026-03-24 15:27:37,U00370,U00200,0,,0.0002,0
TX_0008831,2026-03-24 15:38:39,U01537,U00850,0,,0.0002,0
TX_0008832,2026-03-24 15:43:19,U00192,U00520,0,,0.0002,0
TX_0008833,2026-03-24 15:46:23,U00684,U00652,1,RING_HELDOUT,0.9875,1
TX_0008834,2026-03-24 15:49:53,U01182,U00612,0,,0.0002,0
TX_0008835,2026-03-24 15:50:10,U01800,U01798,0,,0.0002,0
TX_0008836,2026-03-24 16:04:43,U00375,U00255,0,,0.0002,0
TX_0008837,2026-03-24 16:08:23,U00210,U00204,0,,0.0003,0
TX_0008838,2026-03-24 16:09:19,U01831,U01899,0,,0.0002,0
TX_0008839,2026-03-24 16:12:54,U00177,U01608,0,,0.0002,0
TX_0008840,2026-03-24 16:15:10,U00652,U01820,1,RING_HELDOUT,0.983,1
TX_0008841,2026-03-24 16:17:04,U01676,U00340,0,,0.0002,0
TX_0008842,2026-03-24 16:27:20,U01820,U00542,1,RING_HELDOUT,0.626,1
TX_0008843,2026-03-24 16:29:48,U01992,U01847,0,,0.0002,0
TX_0008844,2026-03-24 16:32:21,U00971,U00932,0,,0.0002,0
TX_0008845,2026-03-24 16:38:41,U00468,U01774,0,,0.0002,0
TX_0008846,2026-03-24 16:43:02,U00528,U01740,0,,1e-04,0
TX_0008847,2026-03-24 16:49:51,U01801,U01437,0,,0.0002,0
TX_0008848,2026-03-24 16:52:14,U00918,U01092,0,,0.0003,0
TX_0008849,2026-03-24 17:02:31,U00548,U01667,0,,0.0002,0
TX_0008850,2026-03-24 17:07:33,U01838,U01333,0,,0.0003,0
TX_0008851,2026-03-24 17:07:39,U00865,U00690,0,,0.0002,0
TX_0008852,2026-03-24 17:09:22,U00575,U00879,0,,0.0002,0
TX_0008853,2026-03-24 17:10:30,U01109,U01615,0,,0.0002,0
TX_0008854,2026-03-24 17:11:54,U01826,U01555,0,,0.0002,0
TX_0008855,2026-03-24 17:13:55,U01368,U01014,0,,0.0003,0
TX_0008856,2026-03-24 17:27:24,U01361,U01146,0,,0.0002,0
TX_0008857,2026-03-24 17:48:19,U01818,U01611,0,,0.0002,0
TX_0008858,2026-03-24 17:50:07,U00132,U01560,0,,0.0002,0
TX_0008859,2026-03-24 17:51:03,U01379,U01944,0,,0.0009,0
TX_0008860,2026-03-24 17:51:24,U01269,U00568,0,,0.0002,0
TX_0008861,2026-03-24 17:55:12,U01049,U01329,0,,0.0002,0
TX_0008862,2026-03-24 18:00:56,U01072,U01664,0,,0.0002,0
TX_0008863,2026-03-24 18:23:04,U01637,U00076,0,,0.0003,0
TX_0008864,2026-03-24 18:23:18,U01532,U00619,0,,0.0002,0
TX_0008865,2026-03-24 18:24:12,U01492,U00351,0,,0.0002,0
TX_0008866,2026-03-24 18:36:36,U01363,U00082,0,,0.0002,0
TX_0008867,2026-03-24 18:40:27,U00237,U00181,0,,0.0002,0
TX_0008868,2026-03-24 18:51:03,U01109,U01936,0,,0.0002,0
TX_0008869,2026-03-24 18:54:46,U00841,U01434,0,,0.0004,0
TX_0008870,2026-03-24 18:56:58,U00022,U01413,0,,0.0002,0
TX_0008871,2026-03-24 18:58:41,U01192,U01661,0,,0.0002,0
TX_0008872,2026-03-24 19:03:02,U01622,U01003,0,,0.0002,0
TX_0008873,2026-03-24 19:27:28,U00331,U01066,0,,0.0002,0
TX_0008874,2026-03-24 19:38:56,U01794,U01860,0,,0.0002,0
TX_0008875,2026-03-24 19:41:50,U01168,U01185,0,,0.0002,0
TX_0008876,2026-03-24 19:57:07,U00936,U01821,0,,0.0003,0
TX_0008877,2026-03-24 19:59:32,U01994,U01798,0,,0.0002,0
TX_0008878,2026-03-24 20:11:47,U01671,U00483,0,,0.0002,0
TX_0008879,2026-03-24 20:21:06,U01082,U00182,0,,0.0002,0
TX_0008880,2026-03-24 20:21:29,U01476,U01379,0,,0.0002,0
TX_0008881,2026-03-24 20:37:14,U00812,U01454,0,,0.0002,0
TX_0008882,2026-03-24 20:42:09,U00819,U01839,0,,0.0002,0
TX_0008883,2026-03-24 20:44:09,U00953,U01707,0,,0.0002,0
TX_0008884,2026-03-24 20:47:27,U00247,U00473,0,,0.0003,0
TX_0008885,2026-03-24 20:48:10,U00541,U01355,0,,0.0002,0
TX_0008886,2026-03-24 20:59:35,U01550,U01890,0,,0.0002,0
TX_0008887,2026-03-24 21:07:53,U00167,U01211,0,,0.0002,0
TX_0008888,2026-03-24 21:16:44,U01205,U00438,0,,0.0002,0
TX_0008889,2026-03-24 21:17:01,U01425,U00831,0,,0.0002,0
TX_0008890,2026-03-24 21:20:00,U01938,U00237,0,,0.0002,0
TX_0008891,2026-03-24 21:26:35,U01595,U00230,0,,0.0002,0
TX_0008892,2026-03-24 21:26:36,U00454,U01563,0,,0.0002,0
TX_0008893,2026-03-24 21:39:55,U01701,U01046,0,,0.0002,0
TX_0008894,2026-03-24 21:56:44,U01179,U00327,0,,0.0002,0
TX_0008895,2026-03-24 22:13:26,U00664,U00043,0,,0.0002,0
TX_0008896,2026-03-24 22:15:48,U01064,U00998,0,,0.0002,0
TX_0008897,2026-03-24 22:19:02,U01664,U01696,0,,0.0002,0
TX_0008898,2026-03-24 22:19:47,U00489,U00189,0,,0.0002,0
TX_0008899,2026-03-24 22:22:59,U00343,U00501,0,,0.0002,0
TX_0008900,2026-03-24 22:26:02,U00902,U01363,0,,0.0002,0
TX_0008901,2026-03-24 22:35:50,U01664,U01221,0,,0.0002,0
TX_0008902,2026-03-24 22:40:05,U01990,U01251,0,,0.0002,0
TX_0008903,2026-03-24 22:41:22,U00095,U00925,0,,0.0002,0
TX_0008904,2026-03-24 22:44:12,U00272,U00765,0,,0.0002,0
TX_0008905,2026-03-24 22:46:23,U01453,U00913,0,,0.0002,0
TX_0008906,2026-03-24 22:56:43,U01724,U00093,0,,0.0002,0
TX_0008907,2026-03-24 23:08:05,U01880,U00863,0,,0.0002,0
TX_0008908,2026-03-24 23:22:17,U01463,U00654,0,,0.0002,0
TX_0008909,2026-03-24 23:30:29,U01660,U00489,0,,0.0002,0
TX_0008910,2026-03-24 23:41:19,U01990,U01251,0,,0.0002,0
TX_0008911,2026-03-24 23:47:56,U00848,U00703,0,,1e-04,0
TX_0008912,2026-03-24 23:49:28,U01180,U01110,0,,0.0002,0
TX_0008913,2026-03-24 23:52:39,U00178,U01351,0,,0.0002,0
TX_0008914,2026-03-24 23:55:28,U00036,U01932,0,,0.0005,0
TX_0008915,2026-03-25 00:08:55,U01612,U01138,0,,0.0002,0
TX_0008916,2026-03-25 00:12:36,U01284,U00276,0,,0.0002,0
TX_0008917,2026-03-25 00:20:53,U01301,U01806,0,,0.0002,0
TX_0008918,2026-03-25 00:25:06,U01123,U01233,0,,0.0002,0
TX_0008919,2026-03-25 00:33:53,U01990,U01251,0,,0.0003,0
TX_0008920,2026-03-25 00:37:45,U01863,U00465,0,,0.0002,0
TX_0008921,2026-03-25 00:46:15,U00742,U01433,0,,0.0002,0
TX_0008922,2026-03-25 00:55:10,U00835,U01413,0,,0.0002,0
TX_0008923,2026-03-25 01:37:37,U01724,U00600,0,,0.0002,0
TX_0008924,2026-03-25 02:01:11,U01673,U00171,0,,0.0002,0
TX_0008925,2026-03-25 06:47:35,U00248,U00582,0,,0.0002,0
TX_0008926,2026-03-25 07:02:21,U01233,U01935,0,,0.0002,0
TX_0008927,2026-03-25 07:04:18,U01236,U01799,0,,0.0002,0
TX_0008928,2026-03-25 07:05:40,U01067,U01638,0,,0.0002,0
TX_0008929,2026-03-25 07:07:41,U01752,U01642,0,,0.0002,0
TX_0008930,2026-03-25 07:13:50,U01397,U01037,0,,0.0002,0
TX_0008931,2026-03-25 07:19:11,U00049,U02000,0,,0.0002,0
TX_0008932,2026-03-25 07:27:05,U00827,U01498,0,,0.0002,0
TX_0008933,2026-03-25 07:32:17,U00326,U00174,0,,0.0002,0
TX_0008934,2026-03-25 07:34:47,U01669,U01728,0,,0.0002,0
TX_0008935,2026-03-25 07:57:19,U00535,U01945,0,,0.0002,0
TX_0008936,2026-03-25 07:58:43,U01564,U01651,0,,0.0002,0
TX_0008937,2026-03-25 07:58:54,U01750,U00405,0,,0.0002,0
TX_0008938,2026-03-25 07:59:47,U01233,U01122,0,,0.0002,0
TX_0008939,2026-03-25 08:10:17,U01579,U00593,0,,0.0002,0
TX_0008940,2026-03-25 08:15:47,U00169,U01651,0,,0.001,0
TX_0008941,2026-03-25 08:16:26,U00060,U01371,0,,0.0005,0
TX_0008942,2026-03-25 08:19:15,U00219,U01757,0,,0.0002,0
TX_0008943,2026-03-25 08:25:49,U01035,U01658,0,,0.0002,0
TX_0008944,2026-03-25 08:26:20,U00135,U00752,0,,0.0002,0
TX_0008945,2026-03-25 08:39:41,U01219,U00405,0,,0.0008,0
TX_0008946,2026-03-25 08:51:23,U00172,U01398,0,,0.0005,0
TX_0008947,2026-03-25 09:01:59,U00150,U00556,0,,0.1973,0
TX_0008948,2026-03-25 09:25:55,U01561,U00518,0,,0.0002,0
TX_0008949,2026-03-25 09:34:47,U00974,U00160,0,,0.0002,0
TX_0008950,2026-03-25 09:58:40,U01151,U01100,0,,0.0002,0
TX_0008951,2026-03-25 10:03:35,U01404,U00170,0,,0.0002,0
TX_0008952,2026-03-25 10:24:04,U00203,U00892,0,,0.0002,0
TX_0008953,2026-03-25 10:27:23,U00925,U00150,0,,0.0002,0
TX_0008954,2026-03-25 10:27:32,U01666,U00214,0,,0.0002,0
TX_0008955,2026-03-25 10:33:34,U01033,U01662,0,,0.0002,0
TX_0008956,2026-03-25 10:39:27,U00938,U00331,0,,0.0003,0
TX_0008957,2026-03-25 10:41:16,U00300,U00248,0,,0.0004,0
TX_0008958,2026-03-25 10:55:14,U01850,U00821,0,,0.0002,0
TX_0008959,2026-03-25 10:55:33,U00642,U00955,0,,0.0002,0
TX_0008960,2026-03-25 11:15:18,U01961,U00783,0,,0.0003,0
TX_0008961,2026-03-25 11:17:15,U00508,U01675,0,,0.0002,0
TX_0008962,2026-03-25 11:27:34,U00867,U00371,0,,0.0002,0
TX_0008963,2026-03-25 11:36:39,U01544,U01404,0,,0.0002,0
TX_0008964,2026-03-25 11:37:47,U01712,U00703,0,,0.0002,0
TX_0008965,2026-03-25 11:44:52,U01903,U01474,0,,0.0004,0
TX_0008966,2026-03-25 11:58:38,U00412,U01263,0,,0.0003,0
TX_0008967,2026-03-25 12:06:12,U00386,U01832,0,,0.0002,0
TX_0008968,2026-03-25 12:08:26,U00948,U01317,0,,0.0002,0
TX_0008969,2026-03-25 12:17:05,U01478,U00416,0,,0.0002,0
TX_0008970,2026-03-25 12:17:39,U01072,U01155,0,,0.0004,0
TX_0008971,2026-03-25 12:24:27,U00982,U00925,0,,0.0002,0
TX_0008972,2026-03-25 12:29:40,U00587,U00449,0,,0.0006,0
TX_0008973,2026-03-25 12:30:40,U01961,U01482,0,,0.0002,0
TX_0008974,2026-03-25 12:31:21,U00085,U00108,0,,0.0002,0
TX_0008975,2026-03-25 12:38:54,U01404,U00170,0,,0.0002,0
TX_0008976,2026-03-25 12:42:28,U01350,U00827,0,,0.0002,0
TX_0008977,2026-03-25 12:48:24,U00167,U00455,0,,0.0005,0
TX_0008978,2026-03-25 12:50:21,U00466,U01492,0,,0.0002,0
TX_0008979,2026-03-25 12:51:04,U01343,U01463,0,,0.0002,0
TX_0008980,2026-03-25 12:59:47,U01625,U00409,0,,0.0004,0
TX_0008981,2026-03-25 13:02:45,U00946,U00535,0,,0.0002,0
TX_0008982,2026-03-25 13:08:13,U01910,U00435,0,,0.0002,0
TX_0008983,2026-03-25 13:23:37,U01601,U01459,0,,0.0003,0
TX_0008984,2026-03-25 13:26:29,U00030,U00750,0,,0.0002,0
TX_0008985,2026-03-25 13:41:24,U01185,U00649,0,,0.0002,0
TX_0008986,2026-03-25 13:43:21,U01483,U01424,0,,0.0002,0
TX_0008987,2026-03-25 13:44:33,U01188,U01010,0,,0.0004,0
TX_0008988,2026-03-25 13:56:15,U00485,U00965,0,,0.0002,0
TX_0008989,2026-03-25 14:03:45,U00559,U01018,0,,0.0002,0
TX_0008990,2026-03-25 14:05:23,U00870,U01258,0,,0.0004,0
TX_0008991,2026-03-25 14:08:11,U00015,U00187,0,,0.0002,0
TX_0008992,2026-03-25 14:21:09,U01424,U00813,0,,0.0004,0
TX_0008993,2026-03-25 14:25:01,U00280,U00668,0,,0.0002,0
TX_0008994,2026-03-25 14:25:49,U01816,U00939,0,,0.0002,0
TX_0008995,2026-03-25 14:26:17,U00388,U01466,0,,0.0002,0
TX_0008996,2026-03-25 14:29:32,U00855,U01529,0,,0.0002,0
TX_0008997,2026-03-25 14:35:46,U01322,U00820,0,,0.0002,0
TX_0008998,2026-03-25 14:43:16,U01657,U01846,0,,0.0002,0
TX_0008999,2026-03-25 14:46:49,U00556,U00512,0,,0.0003,0
TX_0009000,2026-03-25 14:57:14,U01454,U00852,0,,0.0002,0
TX_0009001,2026-03-25 15:10:30,U01171,U01963,0,,0.0002,0
TX_0009002,2026-03-25 15:13:43,U00347,U00583,0,,0.0002,0
TX_0009003,2026-03-25 15:21:48,U01535,U01602,0,,0.0002,0
TX_0009004,2026-03-25 15:25:24,U01398,U01449,0,,0.0002,0
TX_0009005,2026-03-25 15:35:44,U00304,U00267,0,,0.0002,0
TX_0009006,2026-03-25 15:36:02,U01174,U01381,0,,0.0002,0
TX_0009007,2026-03-25 15:41:16,U01997,U00009,0,,0.0002,0
TX_0009008,2026-03-25 15:48:19,U01127,U01803,0,,0.0002,0
TX_0009009,2026-03-25 15:50:39,U01447,U01155,0,,0.0016,0
TX_0009010,2026-03-25 15:59:40,U01468,U01313,0,,0.0002,0
TX_0009011,2026-03-25 16:09:16,U01961,U00285,0,,0.0003,0
TX_0009012,2026-03-25 16:09:57,U01555,U01543,0,,0.0002,0
TX_0009013,2026-03-25 16:15:37,U00391,U01672,0,,0.0002,0
TX_0009014,2026-03-25 16:20:24,U00179,U00968,0,,0.0002,0
TX_0009015,2026-03-25 16:29:52,U01953,U01768,0,,0.0002,0
TX_0009016,2026-03-25 16:34:31,U01762,U00833,0,,0.0002,0
TX_0009017,2026-03-25 16:34:57,U00722,U00334,0,,0.0002,0
TX_0009018,2026-03-25 16:35:39,U00801,U01164,0,,0.0002,0
TX_0009019,2026-03-25 16:36:18,U00289,U01981,0,,0.0002,0
TX_0009020,2026-03-25 16:37:29,U00623,U01444,0,,0.0003,0
TX_0009021,2026-03-25 16:40:36,U00592,U01179,0,,0.0004,0
TX_0009022,2026-03-25 16:41:56,U00521,U00053,0,,0.0002,0
TX_0009023,2026-03-25 16:46:34,U00010,U01246,0,,0.0002,0
TX_0009024,2026-03-25 17:07:36,U00218,U00533,0,,0.0002,0
TX_0009025,2026-03-25 17:14:46,U00656,U00911,0,,0.0002,0
TX_0009026,2026-03-25 17:17:33,U01848,U01932,0,,0.0002,0
TX_0009027,2026-03-25 17:27:39,U01318,U01591,0,,0.0003,0
TX_0009028,2026-03-25 17:29:50,U00300,U01934,0,,0.0002,0
TX_0009029,2026-03-25 17:30:16,U01583,U01494,0,,0.0002,0
TX_0009030,2026-03-25 17:44:08,U00180,U00386,0,,0.0002,0
TX_0009031,2026-03-25 17:56:09,U00050,U01580,0,,0.0002,0
TX_0009032,2026-03-25 18:03:18,U01742,U00622,0,,0.0002,0
TX_0009033,2026-03-25 18:04:22,U00727,U01105,0,,0.0002,0
TX_0009034,2026-03-25 18:11:28,U01704,U01489,0,,0.0002,0
TX_0009035,2026-03-25 18:12:25,U00425,U01420,0,,0.0002,0
TX_0009036,2026-03-25 18:13:31,U01681,U00429,0,,0.0002,0
TX_0009037,2026-03-25 18:30:57,U00930,U01201,0,,1e-04,0
TX_0009038,2026-03-25 18:36:55,U00489,U00779,0,,0.0002,0
TX_0009039,2026-03-25 18:47:37,U00934,U01702,0,,0.0002,0
TX_0009040,2026-03-25 18:55:06,U00656,U00671,0,,0.0002,0
TX_0009041,2026-03-25 18:59:43,U01362,U01144,0,,0.0002,0
TX_0009042,2026-03-25 19:04:26,U00717,U00736,0,,0.0002,0
TX_0009043,2026-03-25 19:11:17,U01335,U00199,0,,0.0002,0
TX_0009044,2026-03-25 19:27:28,U00513,U01205,0,,0.0002,0
TX_0009045,2026-03-25 19:31:09,U01634,U01103,0,,0.0003,0
TX_0009046,2026-03-25 19:37:16,U01233,U00896,0,,0.0002,0
TX_0009047,2026-03-25 19:39:10,U01442,U01691,0,,0.0002,0
TX_0009048,2026-03-25 20:10:17,U01281,U01984,0,,0.0002,0
TX_0009049,2026-03-25 20:12:40,U00577,U01020,0,,0.0002,0
TX_0009050,2026-03-25 20:43:43,U01919,U01402,0,,0.0002,0
TX_0009051,2026-03-25 20:49:00,U00486,U00852,0,,0.0002,0
TX_0009052,2026-03-25 21:03:51,U00514,U01331,0,,0.0002,0
TX_0009053,2026-03-25 21:11:17,U02000,U00536,0,,0.0002,0
TX_0009054,2026-03-25 21:17:35,U01060,U00322,0,,0.0002,0
TX_0009055,2026-03-25 21:23:07,U00552,U01465,0,,0.0009,0
TX_0009056,2026-03-25 21:31:31,U01709,U01481,0,,1e-04,0
TX_0009057,2026-03-25 21:39:21,U01263,U00302,0,,0.0002,0
TX_0009058,2026-03-25 21:41:02,U01593,U01903,0,,0.0002,0
TX_0009059,2026-03-25 21:43:13,U01187,U00005,0,,0.0002,0
TX_0009060,2026-03-25 21:50:09,U00083,U00130,0,,0.0003,0
TX_0009061,2026-03-25 22:12:17,U00369,U01996,0,,0.0006,0
TX_0009062,2026-03-25 22:22:07,U00785,U01169,0,,0.0002,0
TX_0009063,2026-03-25 22:27:56,U00311,U01169,0,,0.0002,0
TX_0009064,2026-03-25 22:34:33,U01786,U00225,0,,0.0002,0
TX_0009065,2026-03-25 22:39:33,U01145,U01450,0,,0.0002,0
TX_0009066,2026-03-25 22:47:14,U00956,U01631,0,,0.0002,0
TX_0009067,2026-03-25 22:58:49,U01245,U01291,0,,0.0002,0
TX_0009068,2026-03-25 23:01:46,U00283,U01016,0,,0.0002,0
TX_0009069,2026-03-25 23:08:13,U01295,U01821,0,,0.0002,0
TX_0009070,2026-03-25 23:22:50,U01680,U00180,0,,0.0002,0
TX_0009071,2026-03-25 23:23:10,U00368,U00303,0,,0.0002,0
TX_0009072,2026-03-25 23:31:46,U00732,U01585,0,,0.0002,0
TX_0009073,2026-03-26 00:14:00,U00022,U00870,0,,0.0002,0
TX_0009074,2026-03-26 00:18:02,U01205,U00647,0,,0.0002,0
TX_0009075,2026-03-26 00:28:35,U00872,U01849,0,,0.0002,0
TX_0009076,2026-03-26 00:35:26,U01261,U01740,0,,0.0002,0
TX_0009077,2026-03-26 00:47:57,U00597,U00833,0,,0.0002,0
TX_0009078,2026-03-26 00:51:05,U01727,U00832,0,,0.0002,0
TX_0009079,2026-03-26 01:41:19,U00983,U01074,0,,0.0003,0
TX_0009080,2026-03-26 02:53:19,U00606,U00929,0,,0.0002,0
TX_0009081,2026-03-26 05:14:38,U00469,U00096,0,,0.0002,0
TX_0009082,2026-03-26 05:23:05,U01632,U00273,0,,0.0002,0
TX_0009083,2026-03-26 05:59:45,U01196,U00316,0,,0.0002,0
TX_0009084,2026-03-26 06:26:55,U00150,U01578,0,,0.0002,0
TX_0009085,2026-03-26 07:03:09,U00832,U00683,0,,0.0002,0
TX_0009086,2026-03-26 07:23:04,U00952,U01118,0,,0.0002,0
TX_0009087,2026-03-26 07:39:49,U01704,U01701,0,,0.0002,0
TX_0009088,2026-03-26 07:51:03,U01950,U00008,0,,0.0002,0
TX_0009089,2026-03-26 08:04:58,U00651,U01525,0,,0.0002,0
TX_0009090,2026-03-26 08:08:28,U00795,U01761,0,,0.0003,0
TX_0009091,2026-03-26 08:12:45,U00645,U01949,0,,0.0002,0
TX_0009092,2026-03-26 08:16:52,U00880,U00857,0,,0.0003,0
TX_0009093,2026-03-26 08:24:21,U00084,U01562,0,,0.0008,0
TX_0009094,2026-03-26 08:42:09,U01938,U01636,0,,0.0002,0
TX_0009095,2026-03-26 09:06:26,U00579,U00714,0,,0.0002,0
TX_0009096,2026-03-26 09:08:39,U01103,U01462,0,,0.0002,0
TX_0009097,2026-03-26 09:10:30,U01673,U00937,0,,0.0004,0
TX_0009098,2026-03-26 09:28:04,U00864,U00213,0,,0.0002,0
TX_0009099,2026-03-26 09:30:18,U01555,U01354,0,,0.0002,0
TX_0009100,2026-03-26 09:36:28,U00987,U01381,0,,0.0003,0
TX_0009101,2026-03-26 09:47:17,U01455,U01770,0,,0.0002,0
TX_0009102,2026-03-26 09:57:55,U01685,U01619,0,,0.0002,0
TX_0009103,2026-03-26 09:58:52,U00105,U01780,0,,0.0002,0
TX_0009104,2026-03-26 09:59:15,U00843,U01484,0,,0.0004,0
TX_0009105,2026-03-26 10:10:36,U00881,U01187,0,,0.0002,0
TX_0009106,2026-03-26 10:14:40,U01590,U00508,0,,0.0002,0
TX_0009107,2026-03-26 10:30:05,U00509,U00169,0,,0.0002,0
TX_0009108,2026-03-26 10:32:46,U00624,U01381,0,,0.0004,0
TX_0009109,2026-03-26 10:40:36,U01731,U01774,0,,0.0005,0
TX_0009110,2026-03-26 10:43:45,U01555,U01783,0,,0.0004,0
TX_0009111,2026-03-26 10:46:43,U00882,U00421,0,,0.0002,0
TX_0009112,2026-03-26 10:49:01,U01248,U00595,0,,0.0002,0
TX_0009113,2026-03-26 10:50:09,U01734,U01436,0,,0.0003,0
TX_0009114,2026-03-26 10:50:33,U00039,U01989,0,,0.0004,0
TX_0009115,2026-03-26 10:54:59,U01150,U00917,0,,0.0002,0
TX_0009116,2026-03-26 11:21:24,U00457,U00801,0,,0.0004,0
TX_0009117,2026-03-26 11:22:03,U00645,U00015,0,,0.0002,0
TX_0009118,2026-03-26 11:24:25,U01785,U00934,0,,0.001,0
TX_0009119,2026-03-26 11:24:31,U00165,U00843,0,,0.0004,0
TX_0009120,2026-03-26 11:29:56,U01724,U01279,0,,0.0002,0
TX_0009121,2026-03-26 11:30:45,U01372,U00328,0,,0.0004,0
TX_0009122,2026-03-26 11:33:55,U00551,U00183,0,,0.0002,0
TX_0009123,2026-03-26 11:35:44,U00589,U01815,0,,0.0002,0
TX_0009124,2026-03-26 11:36:03,U01656,U01733,0,,0.0002,0
TX_0009125,2026-03-26 12:00:26,U00394,U01603,0,,0.0002,0
TX_0009126,2026-03-26 12:01:21,U01791,U01391,0,,0.0002,0
TX_0009127,2026-03-26 12:05:19,U00423,U01802,0,,0.0002,0
TX_0009128,2026-03-26 12:06:30,U01252,U00312,0,,0.0002,0
TX_0009129,2026-03-26 12:07:14,U01953,U00800,0,,0.0003,0
TX_0009130,2026-03-26 12:11:31,U01323,U00818,0,,0.0002,0
TX_0009131,2026-03-26 12:12:49,U00438,U00609,0,,0.0002,0
TX_0009132,2026-03-26 12:13:51,U01992,U00237,0,,0.0003,0
TX_0009133,2026-03-26 12:19:56,U00942,U01028,0,,0.0002,0
TX_0009134,2026-03-26 12:25:14,U00226,U01040,0,,0.0002,0
TX_0009135,2026-03-26 12:37:48,U01018,U01304,0,,0.0002,0
TX_0009136,2026-03-26 12:49:41,U01359,U00183,0,,0.0002,0
TX_0009137,2026-03-26 12:50:12,U01678,U01742,0,,0.0002,0
TX_0009138,2026-03-26 12:51:21,U00890,U00752,0,,0.0002,0
TX_0009139,2026-03-26 13:08:21,U01876,U01968,0,,0.0003,0
TX_0009140,2026-03-26 13:09:41,U01941,U01402,0,,0.0002,0
TX_0009141,2026-03-26 13:13:09,U01564,U01651,0,,0.0002,0
TX_0009142,2026-03-26 13:17:45,U00575,U00316,0,,0.0002,0
TX_0009143,2026-03-26 13:26:49,U01489,U00712,0,,0.0002,0
TX_0009144,2026-03-26 13:27:58,U01753,U01466,0,,0.0006,0
TX_0009145,2026-03-26 13:29:56,U00842,U00829,0,,0.0002,0
TX_0009146,2026-03-26 13:31:21,U01923,U00186,0,,0.0002,0
TX_0009147,2026-03-26 13:32:37,U01173,U00048,0,,0.0002,0
TX_0009148,2026-03-26 13:35:16,U01492,U00351,0,,0.0004,0
TX_0009149,2026-03-26 13:35:26,U00530,U00815,0,,0.0002,0
TX_0009150,2026-03-26 13:50:46,U01699,U01442,0,,0.0002,0
TX_0009151,2026-03-26 13:55:04,U00163,U01866,0,,0.0002,0
TX_0009152,2026-03-26 13:59:19,U00059,U01951,0,,0.0004,0
TX_0009153,2026-03-26 14:00:20,U00817,U01165,0,,0.0002,0
TX_0009154,2026-03-26 14:01:03,U01138,U01985,0,,0.0003,0
TX_0009155,2026-03-26 14:05:49,U00778,U01756,0,,0.0002,0
TX_0009156,2026-03-26 14:16:17,U01671,U00630,0,,0.0002,0
TX_0009157,2026-03-26 14:35:29,U01617,U00368,0,,0.0003,0
TX_0009158,2026-03-26 14:43:01,U01017,U00642,0,,0.0002,0
TX_0009159,2026-03-26 14:48:32,U01442,U00939,0,,0.0002,0
TX_0009160,2026-03-26 14:49:07,U00734,U00704,0,,0.0002,0
TX_0009161,2026-03-26 14:50:45,U01620,U01469,0,,0.0002,0
TX_0009162,2026-03-26 14:56:59,U00412,U01263,0,,0.0002,0
TX_0009163,2026-03-26 14:57:27,U01997,U01207,0,,0.0002,0
TX_0009164,2026-03-26 15:02:18,U01283,U01194,0,,0.0002,0
TX_0009165,2026-03-26 15:20:57,U01677,U01135,0,,0.0002,0
TX_0009166,2026-03-26 15:21:26,U01716,U00664,0,,0.0002,0
TX_0009167,2026-03-26 15:22:33,U01239,U00402,0,,0.0002,0
TX_0009168,2026-03-26 15:23:03,U01144,U00620,0,,0.0002,0
TX_0009169,2026-03-26 15:39:19,U01111,U01910,0,,0.0002,0
TX_0009170,2026-03-26 15:53:07,U00564,U01432,0,,0.0002,0
TX_0009171,2026-03-26 15:55:15,U01687,U01753,0,,0.0005,0
TX_0009172,2026-03-26 15:55:59,U00943,U00563,0,,0.0002,0
TX_0009173,2026-03-26 15:57:32,U00253,U00506,0,,0.0004,0
TX_0009174,2026-03-26 15:59:25,U00715,U01146,0,,0.0002,0
TX_0009175,2026-03-26 16:16:44,U01110,U01780,0,,0.0002,0
TX_0009176,2026-03-26 16:25:01,U00199,U01941,0,,0.0002,0
TX_0009177,2026-03-26 16:27:41,U00194,U00424,0,,0.0002,0
TX_0009178,2026-03-26 16:32:21,U01657,U01631,0,,0.0002,0
TX_0009179,2026-03-26 16:35:56,U01601,U00122,0,,0.0002,0
TX_0009180,2026-03-26 16:38:37,U00872,U01849,0,,0.0002,0
TX_0009181,2026-03-26 16:40:17,U01593,U01873,0,,0.0002,0
TX_0009182,2026-03-26 16:40:38,U00674,U01915,0,,0.0003,0
TX_0009183,2026-03-26 16:47:41,U00421,U00001,0,,0.0002,0
TX_0009184,2026-03-26 16:47:42,U01865,U00953,0,,0.0002,0
TX_0009185,2026-03-26 17:02:13,U00541,U01375,0,,0.0002,0
TX_0009186,2026-03-26 17:12:37,U01435,U01593,0,,0.0003,0
TX_0009187,2026-03-26 17:19:19,U01801,U01437,0,,0.0002,0
TX_0009188,2026-03-26 17:21:47,U00913,U01715,0,,0.0002,0
TX_0009189,2026-03-26 17:25:23,U00245,U00118,0,,0.0002,0
TX_0009190,2026-03-26 17:35:59,U00407,U01031,0,,0.0003,0
TX_0009191,2026-03-26 17:37:41,U01987,U00987,0,,0.0002,0
TX_0009192,2026-03-26 17:49:45,U00270,U00981,0,,0.0003,0
TX_0009193,2026-03-26 17:56:53,U00978,U01661,0,,0.0003,0
TX_0009194,2026-03-26 18:04:48,U00924,U00876,0,,0.0002,0
TX_0009195,2026-03-26 18:18:27,U00786,U01234,0,,0.0002,0
TX_0009196,2026-03-26 18:19:48,U01779,U01903,0,,0.0002,0
TX_0009197,2026-03-26 18:22:34,U00694,U01128,0,,0.0002,0
TX_0009198,2026-03-26 18:30:55,U00650,U01357,0,,0.0003,0
TX_0009199,2026-03-26 18:37:37,U00362,U00706,0,,0.0002,0
TX_0009200,2026-03-26 18:37:53,U01259,U01007,0,,0.0002,0
TX_0009201,2026-03-26 18:38:16,U00502,U00761,0,,0.0002,0
TX_0009202,2026-03-26 18:40:46,U00790,U01126,0,,0.0003,0
TX_0009203,2026-03-26 18:45:05,U00763,U00156,0,,0.0002,0
TX_0009204,2026-03-26 18:46:43,U00715,U01651,0,,0.0002,0
TX_0009205,2026-03-26 18:51:09,U01921,U00253,0,,0.0002,0
TX_0009206,2026-03-26 19:01:56,U00357,U00833,0,,0.0002,0
TX_0009207,2026-03-26 19:04:50,U01834,U01666,0,,0.0002,0
TX_0009208,2026-03-26 19:04:57,U01326,U01450,0,,0.0003,0
TX_0009209,2026-03-26 19:05:38,U01930,U01830,0,,0.0002,0
TX_0009210,2026-03-26 19:08:12,U01082,U00367,0,,0.0002,0
TX_0009211,2026-03-26 19:11:49,U01814,U00639,0,,0.0002,0
TX_0009212,2026-03-26 19:29:39,U01370,U00269,0,,0.0003,0
TX_0009213,2026-03-26 19:33:30,U01294,U00959,0,,0.0002,0
TX_0009214,2026-03-26 19:33:35,U00223,U00787,0,,0.0002,0
TX_0009215,2026-03-26 19:34:13,U01170,U01400,0,,0.0002,0
TX_0009216,2026-03-26 19:40:39,U00260,U01765,0,,0.0002,0
TX_0009217,2026-03-26 19:41:40,U00888,U00935,0,,0.0002,0
TX_0009218,2026-03-26 19:46:02,U01788,U01801,0,,0.0002,0
TX_0009219,2026-03-26 19:49:33,U01500,U01997,0,,0.0002,0
TX_0009220,2026-03-26 19:50:48,U00865,U00690,0,,0.0002,0
TX_0009221,2026-03-26 20:07:43,U00509,U01246,0,,0.0002,0
TX_0009222,2026-03-26 20:08:27,U01027,U00168,0,,0.0002,0
TX_0009223,2026-03-26 20:17:55,U00040,U01878,0,,0.0002,0
TX_0009224,2026-03-26 20:26:30,U01739,U00458,0,,0.0003,0
TX_0009225,2026-03-26 20:29:59,U00813,U00847,0,,0.0002,0
TX_0009226,2026-03-26 20:32:39,U00675,U00207,0,,1e-04,0
TX_0009227,2026-03-26 20:39:35,U00295,U01591,0,,0.0002,0
TX_0009228,2026-03-26 20:45:58,U01932,U01056,0,,0.0002,0
TX_0009229,2026-03-26 20:53:46,U00810,U00246,0,,0.0003,0
TX_0009230,2026-03-26 20:53:48,U00764,U01857,0,,0.0002,0
TX_0009231,2026-03-26 21:02:51,U00116,U00966,0,,0.0003,0
TX_0009232,2026-03-26 21:05:13,U01744,U00964,0,,0.0002,0
TX_0009233,2026-03-26 21:06:17,U01798,U00098,0,,0.0002,0
TX_0009234,2026-03-26 21:10:28,U01347,U01705,0,,0.0002,0
TX_0009235,2026-03-26 21:12:36,U00059,U00232,0,,0.0002,0
TX_0009236,2026-03-26 21:24:56,U00840,U00395,0,,0.0002,0
TX_0009237,2026-03-26 21:32:25,U00361,U00612,0,,0.0002,0
TX_0009238,2026-03-26 21:32:47,U00052,U01864,0,,0.0002,0
TX_0009239,2026-03-26 21:56:20,U01712,U01133,0,,0.0002,0
TX_0009240,2026-03-26 22:12:06,U00171,U00802,0,,0.0003,0
TX_0009241,2026-03-26 22:17:22,U01328,U01192,0,,0.0002,0
TX_0009242,2026-03-26 22:29:35,U00874,U01109,0,,0.0003,0
TX_0009243,2026-03-26 22:30:13,U00710,U00742,0,,0.0002,0
TX_0009244,2026-03-26 22:36:10,U01393,U01729,0,,0.0002,0
TX_0009245,2026-03-26 22:40:33,U00952,U01695,0,,0.0002,0
TX_0009246,2026-03-26 22:46:50,U01432,U00323,0,,0.0002,0
TX_0009247,2026-03-26 22:47:17,U01654,U00378,0,,0.0003,0
TX_0009248,2026-03-26 23:18:18,U00213,U00611,0,,0.0002,0
TX_0009249,2026-03-26 23:29:43,U00376,U01157,0,,0.0002,0
TX_0009250,2026-03-26 23:40:57,U00135,U01560,0,,0.001,0
TX_0009251,2026-03-26 23:55:46,U00307,U01724,0,,0.0003,0
TX_0009252,2026-03-27 00:01:34,U00326,U01989,0,,0.0002,0
TX_0009253,2026-03-27 00:06:32,U00120,U00300,0,,0.0004,0
TX_0009254,2026-03-27 00:11:02,U00149,U01655,0,,0.0002,0
TX_0009255,2026-03-27 00:18:52,U00251,U01048,0,,0.0003,0
TX_0009256,2026-03-27 00:20:16,U01602,U01088,0,,0.0002,0
TX_0009257,2026-03-27 00:26:01,U01402,U00474,0,,0.0002,0
TX_0009258,2026-03-27 00:36:06,U00829,U00616,0,,0.0002,0
TX_0009259,2026-03-27 00:46:42,U01897,U01310,0,,0.0002,0
TX_0009260,2026-03-27 00:48:55,U01406,U00630,0,,0.0002,0
TX_0009261,2026-03-27 00:55:21,U00504,U01052,0,,0.0002,0
TX_0009262,2026-03-27 01:29:39,U01189,U00126,0,,0.0002,0
TX_0009263,2026-03-27 02:07:05,U00322,U00225,0,,0.0002,0
TX_0009264,2026-03-27 03:39:29,U00785,U00766,0,,0.0005,0
TX_0009265,2026-03-27 05:33:07,U00760,U01525,0,,0.0002,0
TX_0009266,2026-03-27 07:16:39,U00821,U00229,0,,0.0002,0
TX_0009267,2026-03-27 07:24:02,U00126,U00338,0,,0.0002,0
TX_0009268,2026-03-27 07:31:04,U01154,U00547,0,,0.0002,0
TX_0009269,2026-03-27 07:58:21,U01215,U00305,0,,0.0002,0
TX_0009270,2026-03-27 08:17:21,U00650,U01357,0,,0.0002,0
TX_0009271,2026-03-27 08:40:06,U01959,U00396,0,,0.0002,0
TX_0009272,2026-03-27 08:42:42,U00089,U01227,0,,0.0002,0
TX_0009273,2026-03-27 08:57:41,U00780,U01490,0,,0.0002,0
TX_0009274,2026-03-27 09:00:45,U01124,U01837,0,,0.0002,0
TX_0009275,2026-03-27 09:03:08,U01626,U01749,0,,0.0002,0
TX_0009276,2026-03-27 09:04:37,U00533,U01478,0,,0.0002,0
TX_0009277,2026-03-27 09:04:56,U01471,U01344,0,,0.0002,0
TX_0009278,2026-03-27 09:05:01,U00794,U00212,0,,0.0002,0
TX_0009279,2026-03-27 09:09:31,U00026,U00412,0,,0.0002,0
TX_0009280,2026-03-27 09:10:12,U00105,U01780,0,,0.0002,0
TX_0009281,2026-03-27 09:13:48,U00153,U00420,0,,0.0002,0
TX_0009282,2026-03-27 09:16:25,U00471,U00381,0,,0.0002,0
TX_0009283,2026-03-27 09:21:04,U00954,U01873,0,,0.0002,0
TX_0009284,2026-03-27 09:23:19,U01303,U00278,0,,0.0002,0
TX_0009285,2026-03-27 09:38:05,U01627,U01118,0,,0.0004,0
TX_0009286,2026-03-27 09:43:39,U01773,U01065,0,,0.0002,0
TX_0009287,2026-03-27 09:45:05,U01189,U01193,0,,0.0002,0
TX_0009288,2026-03-27 09:46:26,U00756,U00523,0,,0.0002,0
TX_0009289,2026-03-27 09:48:07,U01633,U00064,0,,0.0002,0
TX_0009290,2026-03-27 10:00:34,U00431,U01934,0,,0.0002,0
TX_0009291,2026-03-27 10:06:24,U00793,U00804,0,,0.0004,0
TX_0009292,2026-03-27 10:09:40,U00208,U01342,0,,0.0002,0
TX_0009293,2026-03-27 10:15:22,U00432,U01985,0,,0.0002,0
TX_0009294,2026-03-27 10:33:51,U01605,U01807,0,,0.0002,0
TX_0009295,2026-03-27 10:40:03,U01700,U00784,0,,0.0002,0
TX_0009296,2026-03-27 10:46:28,U01032,U00218,0,,0.0003,0
TX_0009297,2026-03-27 10:53:09,U00785,U00135,0,,0.0003,0
TX_0009298,2026-03-27 10:54:23,U00162,U00088,0,,0.0004,0
TX_0009299,2026-03-27 10:56:31,U01818,U01611,0,,0.0004,0
TX_0009300,2026-03-27 10:59:59,U00446,U00021,0,,0.0002,0
TX_0009301,2026-03-27 11:16:18,U01758,U01202,0,,0.0002,0
TX_0009302,2026-03-27 11:33:24,U00732,U00246,0,,0.0002,0
TX_0009303,2026-03-27 11:34:00,U01621,U01216,0,,0.0002,0
TX_0009304,2026-03-27 11:35:14,U01230,U01045,0,,0.0002,0
TX_0009305,2026-03-27 12:10:06,U01452,U01066,0,,0.0002,0
TX_0009306,2026-03-27 12:11:00,U01418,U00115,0,,0.0002,0
TX_0009307,2026-03-27 12:25:04,U00524,U01842,0,,0.0002,0
TX_0009308,2026-03-27 12:30:23,U00783,U01326,0,,0.0002,0
TX_0009309,2026-03-27 12:36:37,U01033,U01640,0,,0.0003,0
TX_0009310,2026-03-27 12:49:32,U00716,U00593,0,,0.0002,0
TX_0009311,2026-03-27 12:55:29,U00712,U00536,0,,0.0002,0
TX_0009312,2026-03-27 13:09:08,U00250,U00366,0,,0.0002,0
TX_0009313,2026-03-27 13:09:53,U01674,U00848,0,,0.0002,0
TX_0009314,2026-03-27 13:15:50,U00937,U01010,0,,0.0002,0
TX_0009315,2026-03-27 13:18:39,U01623,U01548,0,,0.0002,0
TX_0009316,2026-03-27 13:31:44,U01106,U01045,0,,0.0002,0
TX_0009317,2026-03-27 13:45:39,U00892,U01880,0,,0.0002,0
TX_0009318,2026-03-27 13:52:31,U01181,U01798,0,,0.0002,0
TX_0009319,2026-03-27 14:11:56,U00857,U01129,0,,0.0002,0
TX_0009320,2026-03-27 14:23:06,U00389,U01884,0,,0.0002,0
TX_0009321,2026-03-27 14:59:39,U00528,U01317,0,,0.0002,0
TX_0009322,2026-03-27 15:02:29,U00478,U00699,0,,0.0002,0
TX_0009323,2026-03-27 15:02:43,U00093,U00025,0,,0.0002,0
TX_0009324,2026-03-27 15:13:27,U01058,U01655,0,,0.0002,0
TX_0009325,2026-03-27 15:17:56,U01376,U00101,0,,0.0003,0
TX_0009326,2026-03-27 15:24:04,U01539,U00147,0,,0.0002,0
TX_0009327,2026-03-27 15:25:51,U00435,U01089,0,,0.0004,0
TX_0009328,2026-03-27 15:27:30,U00184,U01768,0,,0.0002,0
TX_0009329,2026-03-27 15:35:54,U00205,U01484,0,,0.0002,0
TX_0009330,2026-03-27 15:58:36,U00887,U00334,0,,0.0002,0
TX_0009331,2026-03-27 16:03:45,U01593,U01873,0,,0.0002,0
TX_0009332,2026-03-27 16:06:40,U00526,U00199,0,,0.0002,0
TX_0009333,2026-03-27 16:07:37,U01931,U00746,0,,0.0003,0
TX_0009334,2026-03-27 16:21:53,U01966,U00331,0,,0.0003,0
TX_0009335,2026-03-27 16:27:13,U01226,U01592,0,,0.0002,0
TX_0009336,2026-03-27 16:46:59,U00924,U01001,0,,0.0002,0
TX_0009337,2026-03-27 16:55:27,U00270,U00034,0,,0.0002,0
TX_0009338,2026-03-27 16:59:33,U00410,U00137,0,,0.0002,0
TX_0009339,2026-03-27 17:01:06,U01465,U01554,0,,0.0002,0
TX_0009340,2026-03-27 17:01:14,U00610,U00954,0,,0.0002,0
TX_0009341,2026-03-27 17:07:49,U01111,U00721,0,,0.0002,0
TX_0009342,2026-03-27 17:08:50,U01715,U00357,0,,0.0003,0
TX_0009343,2026-03-27 17:17:19,U00928,U01066,0,,0.0002,0
TX_0009344,2026-03-27 17:19:59,U00955,U00218,0,,0.0004,0
TX_0009345,2026-03-27 17:21:21,U00796,U00082,0,,0.0002,0
TX_0009346,2026-03-27 17:32:38,U01509,U01358,0,,0.0002,0
TX_0009347,2026-03-27 17:36:11,U01095,U00060,0,,0.0002,0
TX_0009348,2026-03-27 17:44:53,U01703,U01595,0,,0.0002,0
TX_0009349,2026-03-27 17:45:39,U00050,U01580,0,,0.0002,0
TX_0009350,2026-03-27 17:46:57,U01127,U00991,0,,0.0002,0
TX_0009351,2026-03-27 17:52:11,U00482,U01471,0,,0.0002,0
TX_0009352,2026-03-27 18:17:12,U01430,U01756,0,,0.0002,0
TX_0009353,2026-03-27 18:27:10,U01193,U01996,0,,0.0003,0
TX_0009354,2026-03-27 18:30:02,U00186,U00634,0,,0.0002,0
TX_0009355,2026-03-27 18:31:53,U01450,U00829,0,,0.0002,0
TX_0009356,2026-03-27 18:34:55,U00016,U01578,0,,0.0002,0
TX_0009357,2026-03-27 18:57:23,U01320,U01000,0,,0.0002,0
TX_0009358,2026-03-27 19:00:45,U01462,U01691,0,,0.0002,0
TX_0009359,2026-03-27 19:11:32,U01211,U00448,0,,0.0003,0
TX_0009360,2026-03-27 19:13:49,U01130,U00006,0,,0.0002,0
TX_0009361,2026-03-27 19:19:18,U00361,U01883,0,,0.0002,0
TX_0009362,2026-03-27 19:20:39,U01412,U00565,0,,0.0002,0
TX_0009363,2026-03-27 19:23:44,U00520,U00573,0,,0.0002,0
TX_0009364,2026-03-27 19:28:24,U01375,U01740,0,,0.0002,0
TX_0009365,2026-03-27 19:29:19,U01893,U01481,0,,0.0003,0
TX_0009366,2026-03-27 19:49:52,U00251,U01048,0,,0.0003,0
TX_0009367,2026-03-27 19:58:12,U01724,U01365,0,,0.0002,0
TX_0009368,2026-03-27 20:00:47,U01940,U00998,0,,0.0005,0
TX_0009369,2026-03-27 20:03:29,U01410,U01477,0,,0.0002,0
TX_0009370,2026-03-27 20:11:16,U01293,U01034,0,,0.0002,0
TX_0009371,2026-03-27 20:11:47,U01996,U01086,0,,0.0002,0
TX_0009372,2026-03-27 20:19:02,U00613,U01751,0,,0.0002,0
TX_0009373,2026-03-27 20:29:47,U00837,U00320,0,,0.0002,0
TX_0009374,2026-03-27 20:47:07,U01504,U00865,0,,0.0002,0
TX_0009375,2026-03-27 21:02:49,U00823,U00610,0,,0.0002,0
TX_0009376,2026-03-27 21:05:59,U00777,U00385,0,,0.0002,0
TX_0009377,2026-03-27 21:06:43,U00299,U01432,0,,0.0003,0
TX_0009378,2026-03-27 21:13:37,U00205,U00876,0,,0.0002,0
TX_0009379,2026-03-27 21:14:48,U00511,U00824,0,,0.0002,0
TX_0009380,2026-03-27 21:32:13,U00006,U00534,0,,0.0002,0
TX_0009381,2026-03-27 21:32:57,U01325,U00394,0,,0.0002,0
TX_0009382,2026-03-27 21:35:59,U00610,U01154,0,,0.0003,0
TX_0009383,2026-03-27 21:52:18,U01136,U00001,0,,0.0002,0
TX_0009384,2026-03-27 22:06:20,U00945,U00062,0,,0.0002,0
TX_0009385,2026-03-27 22:17:16,U00346,U00807,0,,0.0002,0
TX_0009386,2026-03-27 22:20:24,U01784,U01998,0,,0.0002,0
TX_0009387,2026-03-27 22:25:23,U01460,U01478,0,,0.0002,0
TX_0009388,2026-03-27 22:51:14,U01579,U00593,0,,0.0002,0
TX_0009389,2026-03-27 22:54:46,U01979,U00784,0,,0.0002,0
TX_0009390,2026-03-27 23:07:36,U01303,U01718,0,,0.0003,0
TX_0009391,2026-03-27 23:08:36,U00590,U01704,0,,0.0002,0
TX_0009392,2026-03-27 23:09:33,U00494,U01244,0,,0.0002,0
TX_0009393,2026-03-27 23:21:51,U00797,U00775,0,,0.0002,0
TX_0009394,2026-03-27 23:29:41,U00194,U00774,0,,0.0002,0
TX_0009395,2026-03-27 23:32:02,U01885,U00659,0,,0.0002,0
TX_0009396,2026-03-27 23:46:57,U00697,U00921,0,,0.0002,0
TX_0009397,2026-03-27 23:53:24,U01944,U01425,0,,0.0002,0
TX_0009398,2026-03-28 00:05:50,U00831,U01208,0,,0.0002,0
TX_0009399,2026-03-28 00:38:18,U01172,U00588,0,,0.0002,0
TX_0009400,2026-03-28 00:38:58,U00868,U00073,0,,0.0002,0
TX_0009401,2026-03-28 00:39:12,U01442,U00442,0,,0.0002,0
TX_0009402,2026-03-28 00:46:18,U01198,U01613,0,,0.0002,0
TX_0009403,2026-03-28 00:48:33,U00586,U00386,0,,0.0002,0
TX_0009404,2026-03-28 00:49:02,U01638,U01398,0,,0.0006,0
TX_0009405,2026-03-28 00:49:13,U01037,U00250,0,,0.0004,0
TX_0009406,2026-03-28 00:50:25,U00116,U01326,0,,0.0002,0
TX_0009407,2026-03-28 00:57:11,U00446,U00198,0,,0.0002,0
TX_0009408,2026-03-28 04:02:16,U01310,U01288,0,,0.0002,0
TX_0009409,2026-03-28 06:06:03,U00822,U00914,0,,0.0004,0
TX_0009410,2026-03-28 06:06:36,U00789,U00973,0,,0.0002,0
TX_0009411,2026-03-28 06:52:36,U01009,U00042,0,,0.0002,0
TX_0009412,2026-03-28 07:07:38,U01950,U00937,0,,0.0002,0
TX_0009413,2026-03-28 08:08:16,U01012,U01574,0,,0.0002,0
TX_0009414,2026-03-28 08:15:22,U01617,U01418,0,,0.0003,0
TX_0009415,2026-03-28 08:20:11,U00244,U00996,0,,0.0003,0
TX_0009416,2026-03-28 08:26:49,U00973,U01758,0,,0.0002,0
TX_0009417,2026-03-28 08:33:33,U00488,U00229,0,,0.0002,0
TX_0009418,2026-03-28 08:34:18,U01564,U00493,0,,0.0004,0
TX_0009419,2026-03-28 08:36:49,U00481,U01446,0,,0.0002,0
TX_0009420,2026-03-28 08:56:32,U00611,U01226,0,,0.0002,0
TX_0009421,2026-03-28 08:59:01,U00555,U00017,0,,0.0016,0
TX_0009422,2026-03-28 09:07:46,U01850,U01271,0,,0.0002,0
TX_0009423,2026-03-28 09:16:31,U00062,U01854,0,,0.0002,0
TX_0009424,2026-03-28 09:17:57,U01590,U00508,0,,0.0002,0
TX_0009425,2026-03-28 09:21:00,U00968,U00873,0,,0.0002,0
TX_0009426,2026-03-28 09:21:22,U00099,U01886,0,,0.0002,0
TX_0009427,2026-03-28 09:22:23,U00327,U01191,0,,0.0002,0
TX_0009428,2026-03-28 09:35:16,U01299,U00965,0,,0.0002,0
TX_0009429,2026-03-28 09:46:19,U01117,U01502,0,,0.0002,0
TX_0009430,2026-03-28 09:58:02,U00302,U01099,0,,0.0002,0
TX_0009431,2026-03-28 09:59:39,U00179,U00968,0,,0.0002,0
TX_0009432,2026-03-28 10:05:17,U01689,U01480,0,,0.0002,0
TX_0009433,2026-03-28 10:52:06,U00560,U01158,0,,0.0002,0
TX_0009434,2026-03-28 10:57:59,U00402,U01693,0,,0.0002,0
TX_0009435,2026-03-28 11:16:44,U00257,U00333,0,,0.0002,0
TX_0009436,2026-03-28 11:34:06,U00369,U01617,0,,0.0003,0
TX_0009437,2026-03-28 11:36:17,U00894,U01336,0,,0.0002,0
TX_0009438,2026-03-28 11:44:55,U01313,U01660,0,,0.0002,0
TX_0009439,2026-03-28 11:52:46,U01883,U00906,0,,0.0002,0
TX_0009440,2026-03-28 12:04:29,U01465,U01775,0,,0.0002,0
TX_0009441,2026-03-28 12:07:50,U01114,U01802,0,,0.0004,0
TX_0009442,2026-03-28 12:42:40,U01689,U01756,0,,0.0002,0
TX_0009443,2026-03-28 12:42:57,U00116,U01722,0,,0.0002,0
TX_0009444,2026-03-28 12:43:50,U00152,U01200,0,,0.0002,0
TX_0009445,2026-03-28 13:03:45,U00337,U00227,0,,0.0004,0
TX_0009446,2026-03-28 13:16:43,U01370,U01702,0,,0.0002,0
TX_0009447,2026-03-28 13:23:12,U01255,U00539,0,,0.0002,0
TX_0009448,2026-03-28 13:23:17,U01612,U01271,0,,0.0002,0
TX_0009449,2026-03-28 13:25:24,U00151,U01074,0,,0.0002,0
TX_0009450,2026-03-28 13:34:51,U00218,U00490,0,,0.0002,0
TX_0009451,2026-03-28 13:38:26,U00813,U00955,0,,0.0002,0
TX_0009452,2026-03-28 13:40:23,U01630,U00130,0,,0.0002,0
TX_0009453,2026-03-28 13:50:41,U01190,U01242,0,,0.0002,0
TX_0009454,2026-03-28 13:52:18,U00526,U00911,0,,0.0002,0
TX_0009455,2026-03-28 13:59:30,U00685,U00593,0,,0.0002,0
TX_0009456,2026-03-28 14:06:38,U01418,U01280,0,,0.0004,0
TX_0009457,2026-03-28 14:09:39,U00031,U00736,0,,0.0002,0
TX_0009458,2026-03-28 14:16:57,U00600,U00263,0,,0.0002,0
TX_0009459,2026-03-28 14:27:47,U01659,U01411,0,,0.0002,0
TX_0009460,2026-03-28 14:28:11,U01933,U00309,0,,0.0002,0
TX_0009461,2026-03-28 14:32:06,U01000,U01451,0,,0.0002,0
TX_0009462,2026-03-28 14:39:56,U00614,U00332,0,,0.0012,0
TX_0009463,2026-03-28 14:44:09,U01856,U00163,0,,0.0002,0
TX_0009464,2026-03-28 15:05:06,U00885,U00221,0,,0.0004,0
TX_0009465,2026-03-28 15:22:42,U01850,U00550,0,,0.0002,0
TX_0009466,2026-03-28 15:32:41,U00608,U00737,0,,0.0002,0
TX_0009467,2026-03-28 15:38:20,U01444,U01055,0,,0.0002,0
TX_0009468,2026-03-28 15:39:49,U01556,U01551,0,,0.0002,0
TX_0009469,2026-03-28 15:44:15,U00594,U01957,0,,0.0002,0
TX_0009470,2026-03-28 15:46:06,U01340,U00727,0,,0.0002,0
TX_0009471,2026-03-28 15:48:58,U01800,U00608,0,,0.0002,0
TX_0009472,2026-03-28 15:53:32,U00893,U00479,0,,0.0002,0
TX_0009473,2026-03-28 15:53:37,U00717,U00027,0,,0.0002,0
TX_0009474,2026-03-28 15:55:17,U01114,U00804,0,,0.0002,0
TX_0009475,2026-03-28 15:57:06,U01313,U01026,0,,0.0002,0
TX_0009476,2026-03-28 16:07:34,U01203,U00170,0,,0.0002,0
TX_0009477,2026-03-28 16:07:40,U00939,U00205,0,,0.0002,0
TX_0009478,2026-03-28 16:08:31,U00555,U01887,0,,0.0002,0
TX_0009479,2026-03-28 16:11:17,U01065,U00991,0,,0.0002,0
TX_0009480,2026-03-28 16:26:15,U00373,U01332,0,,0.0003,0
TX_0009481,2026-03-28 16:34:50,U01868,U00194,0,,0.0002,0
TX_0009482,2026-03-28 16:36:59,U01312,U01940,0,,0.0002,0
TX_0009483,2026-03-28 16:44:16,U00013,U00974,0,,0.0002,0
TX_0009484,2026-03-28 17:02:12,U00032,U01005,0,,0.0002,0
TX_0009485,2026-03-28 17:08:55,U00555,U00420,0,,0.0006,0
TX_0009486,2026-03-28 17:34:12,U01162,U01771,0,,0.0002,0
TX_0009487,2026-03-28 17:36:18,U00224,U01831,0,,0.0002,0
TX_0009488,2026-03-28 17:39:35,U00476,U00502,0,,0.0002,0
TX_0009489,2026-03-28 17:45:07,U00491,U01384,0,,0.0002,0
TX_0009490,2026-03-28 17:46:00,U00053,U00513,0,,0.0002,0
TX_0009491,2026-03-28 17:46:56,U00397,U01846,0,,0.0002,0
TX_0009492,2026-03-28 17:47:30,U00148,U00366,0,,0.0002,0
TX_0009493,2026-03-28 17:54:26,U01342,U01965,0,,0.0002,0
TX_0009494,2026-03-28 17:55:24,U00173,U01456,0,,0.0004,0
TX_0009495,2026-03-28 18:11:30,U00982,U00849,0,,0.0002,0
TX_0009496,2026-03-28 18:17:41,U01439,U00458,0,,0.0002,0
TX_0009497,2026-03-28 18:22:27,U00266,U01119,0,,0.0003,0
TX_0009498,2026-03-28 18:39:17,U01962,U00201,0,,0.0002,0
TX_0009499,2026-03-28 18:42:22,U00663,U00365,0,,0.0002,0
TX_0009500,2026-03-28 18:43:29,U01320,U01000,0,,0.0002,0
TX_0009501,2026-03-28 18:53:07,U00179,U00994,0,,0.0002,0
TX_0009502,2026-03-28 18:54:39,U01737,U01794,0,,0.0002,0
TX_0009503,2026-03-28 18:55:26,U01902,U00885,0,,0.0002,0
TX_0009504,2026-03-28 19:01:04,U01707,U01605,0,,0.0008,0
TX_0009505,2026-03-28 19:05:47,U01655,U01055,0,,0.0002,0
TX_0009506,2026-03-28 19:16:17,U00806,U01562,0,,0.0002,0
TX_0009507,2026-03-28 19:32:14,U00230,U00388,0,,0.0002,0
TX_0009508,2026-03-28 19:37:48,U00494,U01000,0,,0.0003,0
TX_0009509,2026-03-28 19:52:25,U00626,U01729,0,,0.0002,0
TX_0009510,2026-03-28 19:55:02,U00227,U00617,0,,0.0002,0
TX_0009511,2026-03-28 20:09:14,U00073,U01917,0,,0.0002,0
TX_0009512,2026-03-28 20:12:42,U00767,U01710,0,,0.0002,0
TX_0009513,2026-03-28 20:18:09,U00187,U00125,0,,0.0002,0
TX_0009514,2026-03-28 20:20:52,U01445,U01143,0,,0.0002,0
TX_0009515,2026-03-28 20:26:12,U00524,U01905,0,,0.0002,0
TX_0009516,2026-03-28 20:28:23,U01866,U00670,0,,0.0002,0
TX_0009517,2026-03-28 20:29:12,U00845,U00493,0,,0.0002,0
TX_0009518,2026-03-28 20:31:34,U00932,U00464,0,,0.0002,0
TX_0009519,2026-03-28 20:33:25,U01324,U01598,0,,0.0002,0
TX_0009520,2026-03-28 20:34:08,U01903,U01474,0,,0.0002,0
TX_0009521,2026-03-28 20:34:10,U00455,U01918,0,,0.0002,0
TX_0009522,2026-03-28 20:35:38,U01940,U00492,0,,0.0002,0
TX_0009523,2026-03-28 20:40:51,U01162,U00638,0,,0.0002,0
TX_0009524,2026-03-28 20:42:07,U00745,U01187,0,,0.0002,0
TX_0009525,2026-03-28 20:46:30,U01807,U01679,0,,0.0004,0
TX_0009526,2026-03-28 21:03:13,U01088,U01006,0,,0.0002,0
TX_0009527,2026-03-28 21:08:42,U01535,U01341,0,,0.0002,0
TX_0009528,2026-03-28 21:16:16,U00737,U00746,0,,0.0002,0
TX_0009529,2026-03-28 21:19:00,U00232,U01944,0,,0.0002,0
TX_0009530,2026-03-28 21:26:25,U01893,U01481,0,,0.0002,0
TX_0009531,2026-03-28 21:29:27,U01377,U01889,0,,0.0002,0
TX_0009532,2026-03-28 21:33:30,U00525,U00886,0,,0.0005,0
TX_0009533,2026-03-28 21:42:41,U01571,U00742,0,,0.0002,0
TX_0009534,2026-03-28 21:44:26,U01527,U01193,0,,0.0002,0
TX_0009535,2026-03-28 22:00:39,U00011,U00969,0,,0.0002,0
TX_0009536,2026-03-28 22:05:49,U01015,U00614,0,,0.0002,0
TX_0009537,2026-03-28 22:20:45,U01804,U00377,0,,0.0002,0
TX_0009538,2026-03-28 22:32:54,U00361,U00209,0,,0.0003,0
TX_0009539,2026-03-28 22:38:23,U01219,U00954,0,,0.0002,0
TX_0009540,2026-03-28 22:39:36,U01150,U00908,0,,0.0002,0
TX_0009541,2026-03-28 22:40:01,U00312,U00278,0,,0.0002,0
TX_0009542,2026-03-28 22:47:14,U00347,U01795,0,,0.0004,0
TX_0009543,2026-03-28 23:01:09,U00696,U00496,0,,0.0002,0
TX_0009544,2026-03-28 23:12:31,U01813,U01625,0,,0.0002,0
TX_0009545,2026-03-28 23:14:04,U01224,U00481,0,,0.0002,0
TX_0009546,2026-03-28 23:14:24,U01819,U01214,0,,0.0003,0
TX_0009547,2026-03-28 23:17:19,U01165,U01540,0,,0.0002,0
TX_0009548,2026-03-28 23:23:28,U01303,U00641,0,,0.0008,0
TX_0009549,2026-03-28 23:28:57,U01356,U01901,0,,0.0002,0
TX_0009550,2026-03-28 23:44:01,U01349,U00816,0,,0.0002,0
TX_0009551,2026-03-28 23:53:07,U01058,U01655,0,,0.0002,0
TX_0009552,2026-03-29 00:00:13,U00022,U00870,0,,0.0002,0
TX_0009553,2026-03-29 00:07:45,U00952,U00616,0,,0.0002,0
TX_0009554,2026-03-29 00:07:59,U01243,U01943,0,,0.0002,0
TX_0009555,2026-03-29 00:15:20,U01884,U00637,0,,0.0002,0
TX_0009556,2026-03-29 00:21:38,U01881,U01116,0,,0.0002,0
TX_0009557,2026-03-29 00:25:40,U00841,U01434,0,,0.0002,0
TX_0009558,2026-03-29 00:26:28,U00487,U01237,0,,0.0004,0
TX_0009559,2026-03-29 00:28:47,U01137,U01280,0,,0.0002,0
TX_0009560,2026-03-29 00:30:23,U01529,U00005,0,,0.0002,0
TX_0009561,2026-03-29 00:33:19,U00302,U01870,0,,0.0002,0
TX_0009562,2026-03-29 00:43:49,U01901,U01154,0,,0.0002,0
TX_0009563,2026-03-29 00:48:39,U00819,U01938,0,,0.0002,0
TX_0009564,2026-03-29 00:50:15,U00901,U01348,0,,0.0002,0
TX_0009565,2026-03-29 00:57:57,U01651,U01239,0,,0.0002,0
TX_0009566,2026-03-29 01:02:19,U01814,U00189,0,,0.0002,0
TX_0009567,2026-03-29 03:24:03,U01767,U00373,0,,0.0003,0
TX_0009568,2026-03-29 03:30:04,U01183,U01862,0,,0.0003,0
TX_0009569,2026-03-29 04:38:06,U00996,U01667,0,,0.0002,0
TX_0009570,2026-03-29 05:00:16,U01740,U00990,0,,0.0002,0
TX_0009571,2026-03-29 05:17:20,U01313,U00285,0,,0.0002,0
TX_0009572,2026-03-29 05:53:40,U01131,U00920,0,,0.0002,0
TX_0009573,2026-03-29 06:00:20,U01346,U01569,0,,0.0002,0
TX_0009574,2026-03-29 06:35:02,U01233,U00281,0,,0.0002,0
TX_0009575,2026-03-29 07:04:55,U01678,U01441,0,,0.0002,0
TX_0009576,2026-03-29 07:15:50,U01008,U00628,0,,0.0002,0
TX_0009577,2026-03-29 07:21:02,U01267,U00513,0,,0.0002,0
TX_0009578,2026-03-29 07:23:07,U01467,U01887,0,,0.0002,0
TX_0009579,2026-03-29 07:24:52,U01491,U01329,0,,0.0002,0
TX_0009580,2026-03-29 07:37:08,U01561,U00518,0,,0.0002,0
TX_0009581,2026-03-29 07:49:24,U01858,U00137,0,,0.0003,0
TX_0009582,2026-03-29 07:54:38,U01069,U01183,0,,0.0002,0
TX_0009583,2026-03-29 08:06:42,U01508,U01070,0,,0.0002,0
TX_0009584,2026-03-29 08:07:20,U00727,U00147,0,,0.0002,0
TX_0009585,2026-03-29 08:12:23,U00711,U00398,0,,0.0003,0
TX_0009586,2026-03-29 08:38:12,U01465,U01775,0,,0.0002,0
TX_0009587,2026-03-29 08:39:00,U00115,U00877,0,,0.0002,0
TX_0009588,2026-03-29 08:41:08,U01049,U01394,0,,0.0002,0
TX_0009589,2026-03-29 08:41:19,U01545,U00723,0,,0.0002,0
TX_0009590,2026-03-29 09:03:51,U01726,U00686,0,,0.0003,0
TX_0009591,2026-03-29 09:05:04,U01865,U00529,0,,0.0002,0
TX_0009592,2026-03-29 09:11:38,U01202,U01868,0,,0.0002,0
TX_0009593,2026-03-29 09:16:50,U01932,U01056,0,,0.0002,0
TX_0009594,2026-03-29 09:23:54,U01543,U00017,0,,0.0002,0
TX_0009595,2026-03-29 09:26:38,U00373,U01345,0,,0.0002,0
TX_0009596,2026-03-29 09:35:26,U00384,U00904,0,,0.0002,0
TX_0009597,2026-03-29 09:36:43,U01488,U00001,0,,0.0002,0
TX_0009598,2026-03-29 09:46:41,U01815,U01535,0,,0.0002,0
TX_0009599,2026-03-29 10:01:28,U00508,U01847,0,,0.0002,0
TX_0009600,2026-03-29 10:07:18,U00773,U00943,0,,0.0002,0
TX_0009601,2026-03-29 10:10:44,U01050,U00748,0,,0.0002,0
TX_0009602,2026-03-29 10:11:33,U00884,U00725,0,,0.0002,0
TX_0009603,2026-03-29 10:14:45,U01627,U01118,0,,0.0003,0
TX_0009604,2026-03-29 10:21:48,U01283,U01210,0,,0.0002,0
TX_0009605,2026-03-29 10:33:24,U00256,U00444,0,,0.0002,0
TX_0009606,2026-03-29 10:36:38,U01992,U00222,0,,0.0003,0
TX_0009607,2026-03-29 10:37:58,U00958,U01921,0,,0.0002,0
TX_0009608,2026-03-29 10:46:05,U00432,U01487,0,,0.0002,0
TX_0009609,2026-03-29 10:56:18,U01331,U01190,0,,0.0002,0
TX_0009610,2026-03-29 10:58:40,U01715,U00877,0,,0.0002,0
TX_0009611,2026-03-29 11:47:08,U00594,U01957,0,,0.0002,0
TX_0009612,2026-03-29 11:47:44,U00932,U01271,0,,0.0002,0
TX_0009613,2026-03-29 12:03:57,U01811,U01038,0,,0.0002,0
TX_0009614,2026-03-29 12:08:15,U00388,U00373,0,,0.0002,0
TX_0009615,2026-03-29 12:26:34,U00140,U01879,0,,0.0004,0
TX_0009616,2026-03-29 12:33:46,U01870,U00557,0,,0.0004,0
TX_0009617,2026-03-29 12:34:22,U01118,U01782,0,,0.0002,0
TX_0009618,2026-03-29 12:37:25,U00591,U01239,0,,0.0002,0
TX_0009619,2026-03-29 12:38:01,U01456,U00386,0,,0.0002,0
TX_0009620,2026-03-29 12:59:08,U01650,U00755,0,,0.0002,0
TX_0009621,2026-03-29 13:08:45,U01065,U00991,0,,0.0002,0
TX_0009622,2026-03-29 13:14:10,U01143,U00267,0,,0.0002,0
TX_0009623,2026-03-29 13:18:39,U00228,U00867,0,,0.0002,0
TX_0009624,2026-03-29 13:20:27,U01847,U00373,0,,0.0002,0
TX_0009625,2026-03-29 13:24:18,U00194,U01741,0,,0.0002,0
TX_0009626,2026-03-29 13:30:35,U01001,U01030,0,,0.0002,0
TX_0009627,2026-03-29 13:31:35,U01858,U00137,0,,0.0003,0
TX_0009628,2026-03-29 13:51:14,U01748,U01408,0,,0.0002,0
TX_0009629,2026-03-29 13:54:44,U01770,U00814,0,,0.0002,0
TX_0009630,2026-03-29 13:54:59,U00507,U00864,0,,0.0002,0
TX_0009631,2026-03-29 14:08:03,U01425,U01776,0,,0.0002,0
TX_0009632,2026-03-29 14:15:51,U00772,U00485,0,,0.0002,0
TX_0009633,2026-03-29 14:19:25,U00956,U00918,0,,0.0002,0
TX_0009634,2026-03-29 14:21:12,U01953,U00573,0,,0.0002,0
TX_0009635,2026-03-29 14:28:54,U01897,U01391,0,,0.0002,0
TX_0009636,2026-03-29 14:32:11,U01009,U00630,0,,0.0002,0
TX_0009637,2026-03-29 14:34:00,U01697,U01215,0,,0.0002,0
TX_0009638,2026-03-29 14:52:20,U00860,U00152,0,,0.0002,0
TX_0009639,2026-03-29 14:58:18,U01635,U01201,0,,0.0002,0
TX_0009640,2026-03-29 15:16:21,U00382,U01654,0,,0.0002,0
TX_0009641,2026-03-29 15:20:57,U00999,U01276,0,,0.0002,0
TX_0009642,2026-03-29 15:23:56,U00132,U00411,0,,0.0002,0
TX_0009643,2026-03-29 15:37:38,U00845,U00493,0,,0.0002,0
TX_0009644,2026-03-29 15:41:11,U00276,U00314,0,,0.0002,0
TX_0009645,2026-03-29 15:52:08,U00968,U00873,0,,0.0002,0
TX_0009646,2026-03-29 15:55:05,U00663,U01917,0,,0.0002,0
TX_0009647,2026-03-29 15:55:05,U00625,U00361,0,,0.0002,0
TX_0009648,2026-03-29 15:58:51,U00431,U01533,0,,0.0003,0
TX_0009649,2026-03-29 16:05:02,U01462,U00794,0,,0.0002,0
TX_0009650,2026-03-29 16:06:04,U01674,U01889,0,,0.0002,0
TX_0009651,2026-03-29 16:08:21,U00800,U01875,0,,0.0002,0
TX_0009652,2026-03-29 16:20:18,U00748,U00537,0,,0.0002,0
TX_0009653,2026-03-29 16:21:52,U01765,U00057,0,,0.0002,0
TX_0009654,2026-03-29 16:29:26,U00022,U00870,0,,0.0002,0
TX_0009655,2026-03-29 16:48:01,U00625,U00177,0,,0.0002,0
TX_0009656,2026-03-29 16:50:23,U00313,U01721,0,,0.0002,0
TX_0009657,2026-03-29 16:56:30,U01776,U00429,0,,0.0002,0
TX_0009658,2026-03-29 16:58:44,U00705,U01561,0,,0.0002,0
TX_0009659,2026-03-29 17:07:06,U00349,U01880,0,,0.0008,0
TX_0009660,2026-03-29 17:15:20,U01136,U00941,0,,0.0003,0
TX_0009661,2026-03-29 17:15:23,U00128,U00447,0,,0.0002,0
TX_0009662,2026-03-29 17:17:03,U01903,U01474,0,,0.0002,0
TX_0009663,2026-03-29 17:24:47,U01047,U00074,0,,0.0002,0
TX_0009664,2026-03-29 17:26:26,U00036,U01434,0,,0.0002,0
TX_0009665,2026-03-29 17:30:11,U01688,U01914,0,,0.0002,0
TX_0009666,2026-03-29 17:45:00,U01359,U01798,0,,0.0002,0
TX_0009667,2026-03-29 17:45:20,U00237,U00742,0,,0.0002,0
TX_0009668,2026-03-29 17:46:25,U00071,U00313,0,,0.0002,0
TX_0009669,2026-03-29 17:50:12,U00816,U00365,0,,0.0002,0
TX_0009670,2026-03-29 17:52:32,U01415,U01018,0,,0.0002,0
TX_0009671,2026-03-29 18:01:50,U00990,U00654,0,,0.0002,0
TX_0009672,2026-03-29 18:06:04,U00368,U01530,0,,0.0002,0
TX_0009673,2026-03-29 18:07:22,U00229,U01038,0,,0.002,0
TX_0009674,2026-03-29 18:10:16,U01209,U00459,0,,0.0002,0
TX_0009675,2026-03-29 18:11:27,U00791,U00691,0,,0.0002,0
TX_0009676,2026-03-29 18:12:20,U00117,U00638,0,,0.0002,0
TX_0009677,2026-03-29 18:19:42,U00415,U00986,0,,0.0008,0
TX_0009678,2026-03-29 18:19:56,U00499,U00142,0,,0.0002,0
TX_0009679,2026-03-29 18:20:35,U00109,U00987,0,,0.0002,0
TX_0009680,2026-03-29 18:24:55,U00368,U01406,0,,0.0002,0
TX_0009681,2026-03-29 18:37:22,U00868,U00986,0,,0.0003,0
TX_0009682,2026-03-29 18:42:53,U01717,U01154,0,,0.0002,0
TX_0009683,2026-03-29 18:57:15,U01082,U00093,0,,0.0002,0
TX_0009684,2026-03-29 18:57:36,U01080,U00395,0,,0.0003,0
TX_0009685,2026-03-29 19:11:55,U00300,U00248,0,,0.0002,0
TX_0009686,2026-03-29 19:17:32,U00311,U01169,0,,0.0002,0
TX_0009687,2026-03-29 19:21:15,U00914,U01478,0,,0.0002,0
TX_0009688,2026-03-29 19:22:59,U01814,U01733,0,,0.0002,0
TX_0009689,2026-03-29 19:29:49,U01280,U00044,0,,0.0002,0
TX_0009690,2026-03-29 19:33:41,U01531,U01828,0,,0.0002,0
TX_0009691,2026-03-29 19:55:28,U00707,U01119,0,,0.0002,0
TX_0009692,2026-03-29 19:56:21,U01522,U01354,0,,0.0006,0
TX_0009693,2026-03-29 20:00:18,U01231,U01328,0,,0.0002,0
TX_0009694,2026-03-29 20:07:51,U00305,U00523,0,,0.0002,0
TX_0009695,2026-03-29 20:35:54,U01575,U00417,0,,0.0002,0
TX_0009696,2026-03-29 20:44:36,U00735,U00767,0,,0.0002,0
TX_0009697,2026-03-29 20:58:08,U00531,U01735,0,,0.0002,0
TX_0009698,2026-03-29 21:12:19,U00864,U00213,0,,0.0002,0
TX_0009699,2026-03-29 21:17:45,U00560,U01855,0,,0.0002,0
TX_0009700,2026-03-29 21:22:47,U01390,U00104,0,,0.0002,0
TX_0009701,2026-03-29 21:31:05,U00799,U00969,0,,0.0002,0
TX_0009702,2026-03-29 22:03:01,U01299,U00696,0,,0.0008,0
TX_0009703,2026-03-29 22:03:42,U00999,U00612,0,,0.0002,0
TX_0009704,2026-03-29 22:19:54,U00741,U00813,0,,0.0002,0
TX_0009705,2026-03-29 22:44:46,U00231,U01885,0,,0.0002,0
TX_0009706,2026-03-29 22:45:19,U00618,U00397,0,,0.0002,0
TX_0009707,2026-03-29 23:08:33,U01148,U00917,0,,0.0002,0
TX_0009708,2026-03-29 23:53:20,U01998,U00589,0,,0.0002,0
TX_0009709,2026-03-29 23:55:28,U00587,U01683,0,,0.0002,0
TX_0009710,2026-03-29 23:59:38,U01933,U01903,0,,0.0002,0
TX_0009711,2026-03-30 00:33:23,U00555,U00017,0,,0.0002,0
TX_0009712,2026-03-30 00:33:31,U00852,U00434,0,,0.0002,0
TX_0009713,2026-03-30 00:42:45,U00995,U00631,0,,0.0002,0
TX_0009714,2026-03-30 00:46:31,U01332,U01277,0,,0.0002,0
TX_0009715,2026-03-30 00:51:36,U01998,U00486,0,,0.0006,0
TX_0009716,2026-03-30 00:57:48,U01226,U01127,0,,0.0002,0
TX_0009717,2026-03-30 02:14:08,U00045,U00083,0,,0.0002,0
TX_0009718,2026-03-30 02:23:41,U01002,U00254,0,,0.0007,0
TX_0009719,2026-03-30 02:28:59,U00843,U00943,0,,0.0002,0
TX_0009720,2026-03-30 02:53:15,U00852,U01075,0,,0.0002,0
TX_0009721,2026-03-30 04:25:22,U00060,U01371,0,,0.0006,0
TX_0009722,2026-03-30 04:40:01,U01579,U00593,0,,0.0007,0
TX_0009723,2026-03-30 05:59:46,U01623,U01642,0,,0.0002,0
TX_0009724,2026-03-30 06:53:37,U01656,U00681,0,,0.0002,0
TX_0009725,2026-03-30 07:04:44,U00393,U00561,0,,0.0002,0
TX_0009726,2026-03-30 07:06:24,U00627,U00683,0,,0.0002,0
TX_0009727,2026-03-30 07:21:05,U01796,U00426,0,,0.0002,0
TX_0009728,2026-03-30 07:39:14,U00258,U01390,0,,0.0002,0
TX_0009729,2026-03-30 07:43:25,U01739,U00139,0,,0.0003,0
TX_0009730,2026-03-30 07:46:36,U00300,U01934,0,,0.0002,0
TX_0009731,2026-03-30 07:47:22,U01124,U01421,0,,0.0002,0
TX_0009732,2026-03-30 08:22:49,U00169,U01651,0,,0.0002,0
TX_0009733,2026-03-30 08:25:28,U01480,U01595,0,,0.0011,0
TX_0009734,2026-03-30 08:27:54,U01150,U01490,0,,0.0002,0
TX_0009735,2026-03-30 08:43:10,U01050,U00862,0,,0.0002,0
TX_0009736,2026-03-30 08:44:18,U00409,U01154,0,,0.0002,0
TX_0009737,2026-03-30 08:49:47,U00608,U00909,0,,0.0002,0
TX_0009738,2026-03-30 08:52:24,U01740,U00805,0,,0.0002,0
TX_0009739,2026-03-30 08:52:40,U00101,U01814,0,,0.0002,0
TX_0009740,2026-03-30 09:08:46,U00011,U00345,0,,0.0002,0
TX_0009741,2026-03-30 09:09:46,U00845,U01643,0,,0.0002,0
TX_0009742,2026-03-30 09:24:05,U01149,U00899,0,,0.0002,0
TX_0009743,2026-03-30 09:27:54,U01903,U01474,0,,0.0012,0
TX_0009744,2026-03-30 09:33:29,U00755,U01119,0,,0.0002,0
TX_0009745,2026-03-30 09:34:31,U00347,U00962,0,,0.0002,0
TX_0009746,2026-03-30 09:38:13,U00367,U00168,0,,0.0002,0
TX_0009747,2026-03-30 09:38:55,U00734,U00508,0,,0.0008,0
TX_0009748,2026-03-30 09:48:20,U01022,U01782,0,,0.0002,0
TX_0009749,2026-03-30 09:49:24,U01195,U01713,0,,0.0003,0
TX_0009750,2026-03-30 10:00:30,U01704,U00447,0,,0.0008,0
TX_0009751,2026-03-30 10:02:00,U01723,U00442,0,,0.0002,0
TX_0009752,2026-03-30 10:17:08,U01565,U00291,0,,0.0002,0
TX_0009753,2026-03-30 10:18:16,U00346,U00041,0,,0.0002,0
TX_0009754,2026-03-30 10:21:59,U00746,U01394,0,,0.0002,0
TX_0009755,2026-03-30 10:29:47,U00490,U00238,0,,0.0002,0
TX_0009756,2026-03-30 10:37:29,U00474,U01851,0,,0.0002,0
TX_0009757,2026-03-30 10:38:25,U01695,U00244,0,,0.0003,0
TX_0009758,2026-03-30 10:59:28,U01158,U00959,0,,0.0002,0
TX_0009759,2026-03-30 11:02:46,U00088,U00135,0,,0.0008,0
TX_0009760,2026-03-30 11:09:04,U01443,U01457,0,,0.0002,0
TX_0009761,2026-03-30 11:10:10,U00650,U01357,0,,0.0002,0
TX_0009762,2026-03-30 11:12:32,U01080,U01682,0,,0.0002,0
TX_0009763,2026-03-30 11:13:39,U00251,U01301,0,,0.0002,0
TX_0009764,2026-03-30 11:18:27,U01309,U01367,0,,0.0002,0
TX_0009765,2026-03-30 11:19:46,U00411,U00059,0,,0.0002,0
TX_0009766,2026-03-30 11:33:02,U00948,U00403,0,,0.0002,0
TX_0009767,2026-03-30 11:36:43,U00559,U01042,0,,0.0002,0
TX_0009768,2026-03-30 11:38:53,U00168,U00908,0,,0.0002,0
TX_0009769,2026-03-30 11:57:48,U00367,U00168,0,,0.0002,0
TX_0009770,2026-03-30 12:23:28,U01527,U00722,0,,0.0002,0
TX_0009771,2026-03-30 12:27:23,U00304,U00421,0,,0.0002,0
TX_0009772,2026-03-30 12:27:51,U01847,U00676,0,,0.0002,0
TX_0009773,2026-03-30 12:36:40,U01799,U00018,0,,0.0002,0
TX_0009774,2026-03-30 12:46:26,U01751,U00523,0,,0.0002,0
TX_0009775,2026-03-30 12:58:12,U00510,U00691,0,,0.0002,0
TX_0009776,2026-03-30 13:00:00,U00426,U00124,0,,0.0006,0
TX_0009777,2026-03-30 13:03:51,U00394,U01603,0,,0.0002,0
TX_0009778,2026-03-30 13:04:48,U01729,U01329,0,,0.0002,0
TX_0009779,2026-03-30 13:07:16,U01831,U01899,0,,0.0002,0
TX_0009780,2026-03-30 13:13:39,U00096,U01824,0,,0.0002,0
TX_0009781,2026-03-30 13:24:35,U00900,U00329,0,,0.0002,0
TX_0009782,2026-03-30 13:37:23,U01953,U00142,0,,0.0002,0
TX_0009783,2026-03-30 13:42:44,U01260,U00016,0,,0.0003,0
TX_0009784,2026-03-30 13:46:36,U01610,U01043,0,,0.0002,0
TX_0009785,2026-03-30 13:47:31,U00680,U00321,0,,0.0002,0
TX_0009786,2026-03-30 13:53:16,U00255,U00851,0,,0.0002,0
TX_0009787,2026-03-30 14:07:36,U00735,U00767,0,,0.0002,0
TX_0009788,2026-03-30 14:08:35,U01337,U00666,0,,0.0002,0
TX_0009789,2026-03-30 14:12:00,U00341,U00780,0,,0.0002,0
TX_0009790,2026-03-30 14:12:46,U00348,U00375,0,,0.0031,0
TX_0009791,2026-03-30 14:26:39,U00434,U01883,0,,0.0002,0
TX_0009792,2026-03-30 14:29:22,U01309,U00424,0,,0.0002,0
TX_0009793,2026-03-30 14:34:48,U00152,U00658,0,,0.0002,0
TX_0009794,2026-03-30 14:38:52,U00038,U00090,0,,0.0002,0
TX_0009795,2026-03-30 14:44:35,U00733,U01610,0,,0.0002,0
TX_0009796,2026-03-30 14:46:23,U00903,U01244,0,,0.0002,0
TX_0009797,2026-03-30 14:47:08,U01938,U00296,0,,0.0002,0
TX_0009798,2026-03-30 14:50:59,U01543,U01997,0,,0.0002,0
TX_0009799,2026-03-30 14:55:36,U01681,U00944,0,,0.0006,0
TX_0009800,2026-03-30 14:58:36,U01879,U01840,0,,0.0002,0
TX_0009801,2026-03-30 15:03:00,U01498,U01337,0,,0.0002,0
TX_0009802,2026-03-30 15:04:37,U00965,U00136,0,,0.0002,0
TX_0009803,2026-03-30 15:15:34,U01491,U01675,0,,0.0002,0
TX_0009804,2026-03-30 15:19:57,U00807,U01685,0,,0.0004,0
TX_0009805,2026-03-30 15:20:04,U00878,U01301,0,,0.0002,0
TX_0009806,2026-03-30 15:27:37,U00035,U00453,0,,0.0006,0
TX_0009807,2026-03-30 15:28:02,U01062,U01913,0,,0.0006,0
TX_0009808,2026-03-30 15:28:33,U01773,U01065,0,,0.0002,0
TX_0009809,2026-03-30 15:32:58,U01990,U01251,0,,0.0002,0
TX_0009810,2026-03-30 15:36:25,U01420,U01330,0,,0.0002,0
TX_0009811,2026-03-30 15:37:12,U01086,U00787,0,,0.0002,0
TX_0009812,2026-03-30 15:42:58,U00239,U01202,0,,0.0002,0
TX_0009813,2026-03-30 15:53:51,U01618,U01553,0,,0.0002,0
TX_0009814,2026-03-30 15:58:16,U01062,U01913,0,,0.0003,0
TX_0009815,2026-03-30 16:04:58,U00610,U01579,0,,0.0002,0
TX_0009816,2026-03-30 16:27:42,U01360,U01871,0,,0.0003,0
TX_0009817,2026-03-30 16:35:54,U00512,U00434,0,,0.0011,0
TX_0009818,2026-03-30 16:39:53,U00419,U01609,0,,0.0002,0
TX_0009819,2026-03-30 16:40:02,U01931,U00053,0,,0.0002,0
TX_0009820,2026-03-30 16:40:08,U01709,U01481,0,,0.0002,0
TX_0009821,2026-03-30 16:43:21,U01125,U01895,0,,0.0002,0
TX_0009822,2026-03-30 16:44:59,U00278,U01280,0,,0.0002,0
TX_0009823,2026-03-30 16:55:25,U01171,U00573,0,,0.0002,0
TX_0009824,2026-03-30 17:10:41,U00668,U00726,0,,0.0002,0
TX_0009825,2026-03-30 17:12:50,U01927,U01355,0,,0.0002,0
TX_0009826,2026-03-30 17:18:19,U00145,U01120,0,,0.0002,0
TX_0009827,2026-03-30 17:26:49,U01004,U01484,0,,0.0002,0
TX_0009828,2026-03-30 17:33:23,U00044,U01466,0,,0.0002,0
TX_0009829,2026-03-30 17:35:59,U01035,U00011,0,,0.0002,0
TX_0009830,2026-03-30 17:36:00,U00786,U01814,0,,0.0002,0
TX_0009831,2026-03-30 17:39:02,U00917,U01224,0,,0.0002,0
TX_0009832,2026-03-30 17:45:06,U01254,U00207,0,,0.0002,0
TX_0009833,2026-03-30 18:08:51,U01256,U01946,0,,0.0002,0
TX_0009834,2026-03-30 18:19:09,U00877,U00493,0,,0.0002,0
TX_0009835,2026-03-30 18:30:37,U01150,U01490,0,,0.0002,0
TX_0009836,2026-03-30 18:36:52,U01014,U00623,0,,0.0003,0
TX_0009837,2026-03-30 18:47:02,U01368,U01014,0,,0.0002,0
TX_0009838,2026-03-30 18:57:47,U00011,U00345,0,,0.0002,0
TX_0009839,2026-03-30 19:14:54,U00330,U01389,0,,0.0002,0
TX_0009840,2026-03-30 19:17:16,U00951,U01574,0,,0.0002,0
TX_0009841,2026-03-30 19:27:55,U00532,U00938,0,,0.0002,0
TX_0009842,2026-03-30 19:31:22,U00257,U01001,0,,0.0002,0
TX_0009843,2026-03-30 19:31:24,U01611,U00798,0,,0.0002,0
TX_0009844,2026-03-30 19:35:43,U00040,U01878,0,,0.0002,0
TX_0009845,2026-03-30 19:37:16,U00826,U00598,0,,0.0002,0
TX_0009846,2026-03-30 19:44:13,U00920,U00625,0,,0.0002,0
TX_0009847,2026-03-30 19:45:09,U01304,U00771,0,,0.0002,0
TX_0009848,2026-03-30 19:46:52,U01025,U01119,0,,0.0002,0
TX_0009849,2026-03-30 19:47:30,U01907,U01622,0,,0.0002,0
TX_0009850,2026-03-30 19:50:06,U00606,U00828,0,,0.0002,0
TX_0009851,2026-03-30 19:58:31,U00575,U00078,0,,0.0004,0
TX_0009852,2026-03-30 20:11:50,U01599,U00955,0,,0.0002,0
TX_0009853,2026-03-30 20:12:53,U00286,U01475,0,,0.0002,0
TX_0009854,2026-03-30 20:23:29,U00891,U00844,0,,0.0002,0
TX_0009855,2026-03-30 20:25:45,U00795,U01761,0,,0.0003,0
TX_0009856,2026-03-30 20:33:29,U01253,U00586,0,,0.0002,0
TX_0009857,2026-03-30 20:38:57,U00949,U01917,0,,0.0002,0
TX_0009858,2026-03-30 20:52:57,U01345,U00695,0,,0.0002,0
TX_0009859,2026-03-30 20:55:23,U00039,U00862,0,,0.0002,0
TX_0009860,2026-03-30 21:17:57,U00990,U01399,0,,0.0002,0
TX_0009861,2026-03-30 21:20:36,U00394,U01004,0,,0.0005,0
TX_0009862,2026-03-30 21:22:48,U00340,U00029,0,,0.0003,0
TX_0009863,2026-03-30 21:25:46,U00298,U01979,0,,0.0002,0
TX_0009864,2026-03-30 21:31:24,U01464,U00798,0,,0.0002,0
TX_0009865,2026-03-30 21:51:38,U00775,U01378,0,,0.0002,0
TX_0009866,2026-03-30 21:59:11,U01617,U00017,0,,0.0002,0
TX_0009867,2026-03-30 22:01:33,U01188,U01826,0,,0.0002,0
TX_0009868,2026-03-30 22:04:02,U00494,U01244,0,,0.0002,0
TX_0009869,2026-03-30 22:05:17,U01687,U01753,0,,0.0008,0
TX_0009870,2026-03-30 22:18:30,U01531,U01281,0,,0.0002,0
TX_0009871,2026-03-30 22:27:43,U01696,U00778,0,,0.0002,0
TX_0009872,2026-03-30 22:31:21,U01969,U01795,0,,0.0002,0
TX_0009873,2026-03-30 22:38:16,U01857,U00539,0,,0.0002,0
TX_0009874,2026-03-30 22:40:51,U00783,U00541,0,,0.0002,0
TX_0009875,2026-03-30 22:43:29,U00832,U01294,0,,0.0002,0
TX_0009876,2026-03-30 22:58:23,U01700,U01562,0,,0.0007,0
TX_0009877,2026-03-30 23:09:11,U00158,U00697,0,,0.0002,0
TX_0009878,2026-03-30 23:21:10,U00296,U00414,0,,0.0002,0
TX_0009879,2026-03-30 23:21:59,U00046,U01863,0,,0.0002,0
TX_0009880,2026-03-30 23:23:16,U00551,U00800,0,,0.0003,0
TX_0009881,2026-03-30 23:25:11,U00986,U00587,0,,0.0002,0
TX_0009882,2026-03-30 23:26:16,U00201,U00492,0,,0.0002,0
TX_0009883,2026-03-30 23:27:48,U01273,U01640,0,,0.0002,0
TX_0009884,2026-03-30 23:39:28,U01407,U00957,0,,0.0002,0
TX_0009885,2026-03-30 23:54:07,U01803,U01424,0,,0.0006,0
TX_0009886,2026-03-31 00:49:23,U00614,U01609,0,,0.0002,0
TX_0009887,2026-03-31 00:51:31,U00099,U01013,0,,0.0002,0
TX_0009888,2026-03-31 00:57:35,U01142,U00913,0,,0.0002,0
TX_0009889,2026-03-31 01:10:40,U01451,U00583,0,,0.0002,0
TX_0009890,2026-03-31 01:30:39,U01968,U00998,0,,0.0002,0
TX_0009891,2026-03-31 05:13:59,U01423,U01585,0,,0.0006,0
TX_0009892,2026-03-31 05:40:07,U00673,U00082,0,,0.0002,0
TX_0009893,2026-03-31 06:50:40,U00042,U01321,0,,0.0002,0
TX_0009894,2026-03-31 07:00:23,U00765,U00338,0,,0.0002,0
TX_0009895,2026-03-31 07:04:40,U01731,U01774,0,,0.0002,0
TX_0009896,2026-03-31 07:10:18,U00252,U01923,0,,0.0002,0
TX_0009897,2026-03-31 07:19:45,U00414,U01549,0,,0.0002,0
TX_0009898,2026-03-31 07:30:04,U00455,U01195,0,,0.0002,0
TX_0009899,2026-03-31 07:32:11,U01176,U01962,0,,0.0002,0
TX_0009900,2026-03-31 07:45:07,U00317,U01412,0,,0.0002,0
TX_0009901,2026-03-31 08:03:11,U01836,U01691,0,,0.0002,0
TX_0009902,2026-03-31 08:19:50,U01138,U01682,0,,0.0002,0
TX_0009903,2026-03-31 08:30:06,U00832,U00683,0,,0.0002,0
TX_0009904,2026-03-31 08:34:13,U01050,U01933,0,,0.0002,0
TX_0009905,2026-03-31 08:48:32,U00796,U01185,0,,0.0005,0
TX_0009906,2026-03-31 08:53:59,U01837,U00569,0,,0.0002,0
TX_0009907,2026-03-31 09:04:05,U00556,U00512,0,,0.0002,0
TX_0009908,2026-03-31 09:05:37,U01315,U01435,0,,0.0006,0
TX_0009909,2026-03-31 09:09:20,U00971,U00030,0,,0.0002,0
TX_0009910,2026-03-31 09:10:02,U01934,U01840,0,,0.0002,0
TX_0009911,2026-03-31 09:12:33,U01129,U01474,0,,0.0002,0
TX_0009912,2026-03-31 09:18:10,U01850,U01139,0,,0.0004,0
TX_0009913,2026-03-31 09:24:07,U00454,U01936,0,,0.0002,0
TX_0009914,2026-03-31 09:34:27,U01046,U00020,0,,0.0002,0
TX_0009915,2026-03-31 09:39:17,U01747,U01625,0,,0.0002,0
TX_0009916,2026-03-31 10:00:58,U00604,U01652,0,,0.0002,0
TX_0009917,2026-03-31 10:18:33,U01275,U01955,0,,0.0002,0
TX_0009918,2026-03-31 10:22:21,U01263,U01132,0,,0.0002,0
TX_0009919,2026-03-31 10:22:28,U00424,U01255,0,,0.0002,0
TX_0009920,2026-03-31 10:29:37,U01621,U01586,0,,0.0006,0
TX_0009921,2026-03-31 10:42:29,U01152,U00330,0,,0.0005,0
TX_0009922,2026-03-31 10:43:36,U00292,U01084,0,,0.0002,0
TX_0009923,2026-03-31 10:50:31,U01952,U00056,0,,0.0002,0
TX_0009924,2026-03-31 11:04:07,U01525,U01268,0,,0.0003,0
TX_0009925,2026-03-31 11:10:06,U01346,U01356,0,,0.0003,0
TX_0009926,2026-03-31 11:10:11,U01485,U00076,0,,0.0004,0
TX_0009927,2026-03-31 11:20:53,U01669,U01971,0,,0.0011,0
TX_0009928,2026-03-31 11:25:01,U01843,U00132,0,,0.0003,0
TX_0009929,2026-03-31 11:30:45,U00792,U01225,0,,0.0004,0
TX_0009930,2026-03-31 11:42:50,U00121,U00638,0,,0.0011,0
TX_0009931,2026-03-31 11:46:09,U00235,U01832,0,,0.0003,0
TX_0009932,2026-03-31 11:46:12,U00682,U00627,0,,0.0003,0
TX_0009933,2026-03-31 11:46:59,U01706,U00363,0,,0.0003,0
TX_0009934,2026-03-31 12:04:26,U01342,U00757,0,,0.0002,0
TX_0009935,2026-03-31 12:17:19,U01102,U00409,0,,0.0002,0
TX_0009936,2026-03-31 12:25:11,U01367,U01534,0,,0.0002,0
TX_0009937,2026-03-31 12:31:26,U01576,U01195,0,,0.0006,0
TX_0009938,2026-03-31 12:34:27,U00578,U00380,0,,0.0002,0
TX_0009939,2026-03-31 12:36:29,U01934,U00780,0,,0.0008,0
TX_0009940,2026-03-31 13:00:55,U00733,U01610,0,,0.0002,0
TX_0009941,2026-03-31 13:15:27,U01411,U01661,0,,0.0002,0
TX_0009942,2026-03-31 13:32:46,U00390,U01651,0,,0.0002,0
TX_0009943,2026-03-31 13:46:27,U00148,U00366,0,,0.0002,0
TX_0009944,2026-03-31 13:46:58,U00912,U00007,0,,0.0003,0
TX_0009945,2026-03-31 13:49:11,U00296,U01895,0,,0.0002,0
TX_0009946,2026-03-31 13:56:45,U00526,U01137,0,,0.0005,0
TX_0009947,2026-03-31 13:57:16,U00837,U00829,0,,0.0002,0
TX_0009948,2026-03-31 14:22:19,U00650,U01417,0,,0.0002,0
TX_0009949,2026-03-31 14:38:46,U00716,U01095,0,,0.0002,0
TX_0009950,2026-03-31 14:46:03,U01713,U01918,0,,0.0002,0
TX_0009951,2026-03-31 14:54:12,U01196,U00978,0,,0.0002,0
TX_0009952,2026-03-31 14:58:26,U01892,U01600,0,,0.0002,0
TX_0009953,2026-03-31 15:10:09,U01238,U01036,0,,0.0002,0
TX_0009954,2026-03-31 15:11:47,U01244,U00236,0,,0.0007,0
TX_0009955,2026-03-31 15:13:28,U01085,U01438,0,,0.0002,0
TX_0009956,2026-03-31 15:19:05,U01017,U01508,0,,0.0002,0
TX_0009957,2026-03-31 15:20:52,U00744,U00055,0,,0.0002,0
TX_0009958,2026-03-31 15:22:15,U00133,U01324,0,,0.0002,0
TX_0009959,2026-03-31 15:25:52,U01244,U00619,0,,0.0002,0
TX_0009960,2026-03-31 15:43:32,U01342,U01965,0,,0.0002,0
TX_0009961,2026-03-31 15:52:13,U00621,U01874,0,,0.0002,0
TX_0009962,2026-03-31 16:01:25,U00448,U00796,0,,0.0002,0
TX_0009963,2026-03-31 16:05:34,U01126,U01039,0,,0.0002,0
TX_0009964,2026-03-31 16:07:18,U01017,U01660,0,,0.0002,0
TX_0009965,2026-03-31 16:07:41,U01427,U00369,0,,0.0003,0
TX_0009966,2026-03-31 16:13:30,U01476,U01446,0,,0.0003,0
TX_0009967,2026-03-31 16:27:01,U00810,U00246,0,,0.0004,0
TX_0009968,2026-03-31 16:30:43,U00925,U01527,0,,0.0002,0
TX_0009969,2026-03-31 16:45:39,U00201,U00060,0,,0.0002,0
TX_0009970,2026-03-31 16:57:42,U00609,U00487,0,,0.0002,0
TX_0009971,2026-03-31 17:03:38,U01841,U01842,0,,0.0002,0
TX_0009972,2026-03-31 17:07:17,U01106,U00970,0,,0.0002,0
TX_0009973,2026-03-31 17:22:10,U01868,U00144,0,,0.0002,0
TX_0009974,2026-03-31 17:35:03,U00464,U01463,0,,0.0015,0
TX_0009975,2026-03-31 17:40:04,U00797,U01200,0,,0.0002,0
TX_0009976,2026-03-31 17:45:52,U00554,U01589,0,,0.0002,0
TX_0009977,2026-03-31 17:53:20,U00621,U01874,0,,0.0002,0
TX_0009978,2026-03-31 18:15:51,U00051,U00009,0,,0.0002,0
TX_0009979,2026-03-31 18:29:16,U01245,U00068,0,,0.0002,0
TX_0009980,2026-03-31 18:36:24,U00537,U00996,0,,0.0002,0
TX_0009981,2026-03-31 18:37:56,U01129,U01474,0,,0.0004,0
TX_0009982,2026-03-31 18:41:35,U01062,U01338,0,,0.0002,0
TX_0009983,2026-03-31 18:42:35,U01549,U00753,0,,0.0002,0
TX_0009984,2026-03-31 18:43:09,U00461,U01226,0,,0.0002,0
TX_0009985,2026-03-31 18:53:49,U00232,U01403,0,,0.0002,0
TX_0009986,2026-03-31 19:05:19,U01693,U00756,0,,0.0004,0
TX_0009987,2026-03-31 19:05:33,U01976,U01176,0,,0.0002,0
TX_0009988,2026-03-31 19:12:47,U01876,U01434,0,,0.0002,0
TX_0009989,2026-03-31 19:19:20,U00404,U01509,0,,0.0004,0
TX_0009990,2026-03-31 19:21:38,U00910,U00520,0,,0.0002,0
TX_0009991,2026-03-31 19:28:13,U01378,U01658,0,,0.0002,0
TX_0009992,2026-03-31 19:31:14,U01562,U01641,0,,0.0002,0
TX_0009993,2026-03-31 19:33:10,U01512,U01146,0,,0.0002,0
TX_0009994,2026-03-31 19:37:28,U00481,U00452,0,,0.0002,0
TX_0009995,2026-03-31 19:54:38,U01962,U01627,0,,0.0002,0
TX_0009996,2026-03-31 20:03:30,U00582,U00794,0,,0.0002,0
TX_0009997,2026-03-31 20:18:35,U00179,U00994,0,,0.0002,0
TX_0009998,2026-03-31 20:19:16,U00449,U01702,0,,0.0002,0
TX_0009999,2026-03-31 20:28:13,U00105,U00776,0,,0.0002,0
TX_0010000,2026-03-31 20:30:11,U00675,U00497,0,,0.0002,0
TX_0010001,2026-03-31 20:32:15,U01586,U01613,0,,0.0002,0
TX_0010002,2026-03-31 20:45:13,U00122,U01123,0,,0.0002,0
TX_0010003,2026-03-31 20:56:10,U00764,U01857,0,,0.0002,0
TX_0010004,2026-03-31 20:59:23,U01788,U00428,0,,0.0002,0
TX_0010005,2026-03-31 21:00:05,U00570,U01615,0,,0.0002,0
TX_0010006,2026-03-31 21:14:22,U01198,U01613,0,,0.0004,0
TX_0010007,2026-03-31 21:14:44,U00686,U00317,0,,0.0002,0
TX_0010008,2026-03-31 21:20:37,U00969,U00926,0,,0.0002,0
TX_0010009,2026-03-31 21:23:02,U01699,U01442,0,,0.0002,0
TX_0010010,2026-03-31 21:26:00,U01989,U01868,0,,0.0002,0
TX_0010011,2026-03-31 21:35:41,U01267,U00169,0,,0.0005,0
TX_0010012,2026-03-31 21:51:21,U00199,U01396,0,,0.0007,0
TX_0010013,2026-03-31 21:52:23,U01358,U01297,0,,0.0002,0
TX_0010014,2026-03-31 21:59:25,U00897,U01848,0,,0.0002,0
TX_0010015,2026-03-31 22:11:50,U01063,U00922,0,,0.0002,0
TX_0010016,2026-03-31 22:28:17,U00468,U01774,0,,0.0003,0
TX_0010017,2026-03-31 22:28:34,U01743,U01919,0,,0.0002,0
TX_0010018,2026-03-31 22:40:59,U01967,U00030,0,,0.0002,0
TX_0010019,2026-03-31 22:49:58,U01274,U01417,0,,0.0002,0
TX_0010020,2026-03-31 23:00:51,U00061,U00433,0,,0.0002,0
TX_0010021,2026-03-31 23:02:38,U01694,U01020,0,,0.0003,0
TX_0010022,2026-03-31 23:09:58,U00836,U01765,0,,0.0002,0
TX_0010023,2026-03-31 23:14:33,U00012,U01281,0,,0.0002,0
TX_0010024,2026-03-31 23:36:09,U00706,U01643,0,,0.0002,0
TX_0010025,2026-03-31 23:40:57,U00658,U00753,0,,0.0002,0
TX_0010026,2026-03-31 23:52:27,U00149,U00941,0,,0.0004,0
